{
  "type": "Feature",
  "geometry": {
    "type": "LineString",
    "coordinates": [
      [
        -104.598541,
        38.2628839
      ],
      [
        -104.59844886915937,
        38.26283046960185
      ],
      [
        -104.59835673831873,
        38.26277703920371
      ],
      [
        -104.5982646074781,
        38.262723608805565
      ],
      [
        -104.59817247663746,
        38.262670178407426
      ],
      [
        -104.59808034579683,
        38.26261674800928
      ],
      [
        -104.59798673374776,
        38.26256496340311
      ],
      [
        -104.59789183401482,
        38.26251460956098
      ],
      [
        -104.59779365516648,
        38.26246839868485
      ],
      [
        -104.59769413606357,
        38.26242388114014
      ],
      [
        -104.59759277454947,
        38.26238203030867
      ],
      [
        -104.59749079641638,
        38.26234113932464
      ],
      [
        -104.59738301265756,
        38.26231071691916
      ],
      [
        -104.59727490514672,
        38.26228107297246
      ],
      [
        -104.5971650282322,
        38.26225568354062
      ],
      [
        -104.59705515131768,
        38.26223029410878
      ],
      [
        -104.59694527440315,
        38.26220490467694
      ],
      [
        -104.59683539748862,
        38.262179515245094
      ],
      [
        -104.59680850000451,
        38.262173300001045
      ],
      [
        -104.5967233223821,
        38.26216147835236
      ],
      [
        -104.59661053425977,
        38.26214582690035
      ],
      [
        -104.59649773549806,
        38.26213022294226
      ],
      [
        -104.59638366078056,
        38.26212445071595
      ],
      [
        -104.59626917201511,
        38.2621218688888
      ],
      [
        -104.59615468324967,
        38.262119287061644
      ],
      [
        -104.59604023154145,
        38.26211807718876
      ],
      [
        -104.595925985136,
        38.262124468153566
      ],
      [
        -104.59581173873056,
        38.262130859118365
      ],
      [
        -104.59569749232512,
        38.26213725008317
      ],
      [
        -104.59558553463044,
        38.26215619125578
      ],
      [
        -104.59547359495254,
        38.26217523122383
      ],
      [
        -104.59536165527463,
        38.26219427119187
      ],
      [
        -104.59524979951323,
        38.26221361295484
      ],
      [
        -104.59513795719394,
        38.26223300306058
      ],
      [
        -104.59502611487464,
        38.262252393166314
      ],
      [
        -104.59491427255534,
        38.262271783272055
      ],
      [
        -104.59480243023604,
        38.26229117337779
      ],
      [
        -104.59469058791674,
        38.26231056348353
      ],
      [
        -104.59457874559745,
        38.262329953589266
      ],
      [
        -104.59446690327816,
        38.26234934369501
      ],
      [
        -104.59440140000544,
        38.26236069999906
      ],
      [
        -104.59435503539852,
        38.26236864259101
      ],
      [
        -104.59424313138767,
        38.26238781255605
      ],
      [
        -104.59418950000287,
        38.26239699999951
      ],
      [
        -104.59413082381286,
        38.26240539984867
      ],
      [
        -104.5940181448167,
        38.26242153052385
      ],
      [
        -104.59390546582054,
        38.26243766119903
      ],
      [
        -104.59379278682438,
        38.262453791874215
      ],
      [
        -104.5936801078282,
        38.26246992254939
      ],
      [
        -104.59356742883205,
        38.26248605322458
      ],
      [
        -104.59345535780335,
        38.262504503540036
      ],
      [
        -104.59334377056814,
        38.2625247799866
      ],
      [
        -104.59323224950643,
        38.262545280935136
      ],
      [
        -104.5931207284447,
        38.26256578188367
      ],
      [
        -104.59300920738299,
        38.26258628283221
      ],
      [
        -104.59289768632127,
        38.26260678378075
      ],
      [
        -104.59278616525955,
        38.262627284729284
      ],
      [
        -104.59267464419783,
        38.26264778567783
      ],
      [
        -104.59256312313612,
        38.262668286626365
      ],
      [
        -104.59245160207439,
        38.2626887875749
      ],
      [
        -104.59234008101268,
        38.26270928852344
      ],
      [
        -104.59222855995097,
        38.262729789471976
      ],
      [
        -104.59211634304702,
        38.26274770605017
      ],
      [
        -104.59200381231736,
        38.262764464618215
      ],
      [
        -104.59189129714578,
        38.262781287742264
      ],
      [
        -104.5917787819742,
        38.26279811086631
      ],
      [
        -104.59166626680262,
        38.26281493399037
      ],
      [
        -104.59159559999516,
        38.26282550000082
      ],
      [
        -104.59155396553044,
        38.26283258284775
      ],
      [
        -104.59144202545717,
        38.26285162607092
      ],
      [
        -104.59133008538392,
        38.262870669294095
      ],
      [
        -104.59121814531065,
        38.26288971251727
      ],
      [
        -104.5911062052374,
        38.26290875574045
      ],
      [
        -104.59099426516413,
        38.262927798963624
      ],
      [
        -104.59088232509087,
        38.26294684218679
      ],
      [
        -104.59077038501762,
        38.26296588540997
      ],
      [
        -104.59065844494435,
        38.262984928633145
      ],
      [
        -104.5905465048711,
        38.26300397185632
      ],
      [
        -104.59043456479783,
        38.2630230150795
      ],
      [
        -104.59032262472458,
        38.263042058302666
      ],
      [
        -104.59021068465131,
        38.26306110152584
      ],
      [
        -104.59009874457806,
        38.26308014474902
      ],
      [
        -104.58998680450479,
        38.263099187972195
      ],
      [
        -104.58987486443154,
        38.26311823119537
      ],
      [
        -104.58976292435828,
        38.26313727441854
      ],
      [
        -104.58965098428502,
        38.263156317641716
      ],
      [
        -104.58953904421176,
        38.26317536086489
      ],
      [
        -104.58946710000205,
        38.263187599999654
      ],
      [
        -104.58942719510031,
        38.26319472637943
      ],
      [
        -104.58931550961017,
        38.26321467162891
      ],
      [
        -104.58920382412005,
        38.263234616878385
      ],
      [
        -104.58909213862992,
        38.26325456212786
      ],
      [
        -104.58898045313978,
        38.26327450737734
      ],
      [
        -104.58886876764966,
        38.263294452626816
      ],
      [
        -104.58875708215953,
        38.26331439787629
      ],
      [
        -104.5886453966694,
        38.26333434312576
      ],
      [
        -104.58853371117927,
        38.26335428837524
      ],
      [
        -104.58842202568914,
        38.26337423362472
      ],
      [
        -104.58831034019902,
        38.263394178874194
      ],
      [
        -104.58819865470888,
        38.26341412412367
      ],
      [
        -104.58808696921875,
        38.26343406937315
      ],
      [
        -104.58797528372862,
        38.263454014622624
      ],
      [
        -104.5878635982385,
        38.2634739598721
      ],
      [
        -104.58775185289001,
        38.263493692650954
      ],
      [
        -104.58763983623498,
        38.26351246241177
      ],
      [
        -104.58752781957996,
        38.26353123217259
      ],
      [
        -104.58741580292492,
        38.2635500019334
      ],
      [
        -104.5873037862699,
        38.26356877169422
      ],
      [
        -104.58719176961486,
        38.26358754145504
      ],
      [
        -104.58707975295984,
        38.26360631121585
      ],
      [
        -104.5869677363048,
        38.263625080976674
      ],
      [
        -104.58685571964978,
        38.26364385073749
      ],
      [
        -104.58674370299474,
        38.2636626204983
      ],
      [
        -104.58663168633971,
        38.26368139025912
      ],
      [
        -104.58651966968469,
        38.26370016001994
      ],
      [
        -104.58640765302965,
        38.26371892978075
      ],
      [
        -104.58629563637463,
        38.26373769954157
      ],
      [
        -104.58618361971959,
        38.263756469302386
      ],
      [
        -104.58607160306457,
        38.2637752390632
      ],
      [
        -104.58595958640953,
        38.26379400882402
      ],
      [
        -104.5858475697545,
        38.263812778584835
      ],
      [
        -104.58573555309948,
        38.26383154834565
      ],
      [
        -104.58562353644444,
        38.26385031810647
      ],
      [
        -104.58551151978942,
        38.263869087867285
      ],
      [
        -104.58539950313438,
        38.2638878576281
      ],
      [
        -104.58528748647936,
        38.26390662738892
      ],
      [
        -104.58517546982432,
        38.263925397149734
      ],
      [
        -104.5850634531693,
        38.26394416691055
      ],
      [
        -104.58495143651426,
        38.26396293667137
      ],
      [
        -104.58483941985924,
        38.26398170643218
      ],
      [
        -104.58472740320421,
        38.264000476193
      ],
      [
        -104.58461538654917,
        38.26401924595382
      ],
      [
        -104.58450336989415,
        38.26403801571463
      ],
      [
        -104.58439135323911,
        38.26405678547545
      ],
      [
        -104.58427933658409,
        38.26407555523627
      ],
      [
        -104.58416731992905,
        38.26409432499708
      ],
      [
        -104.58405530327403,
        38.264113094757896
      ],
      [
        -104.583943286619,
        38.26413186451872
      ],
      [
        -104.58383126996397,
        38.26415063427953
      ],
      [
        -104.58371925330894,
        38.264169404040345
      ],
      [
        -104.5836072366539,
        38.264188173801166
      ],
      [
        -104.58349521999888,
        38.26420694356198
      ],
      [
        -104.58338320334384,
        38.264225713322794
      ],
      [
        -104.58327118668882,
        38.264244483083615
      ],
      [
        -104.58315917003378,
        38.26426325284443
      ],
      [
        -104.58304715337876,
        38.264282022605244
      ],
      [
        -104.58293513672373,
        38.264300792366065
      ],
      [
        -104.5828231200687,
        38.26431956212688
      ],
      [
        -104.58271110341367,
        38.26433833188769
      ],
      [
        -104.58259908675863,
        38.264357101648514
      ],
      [
        -104.58248707010361,
        38.26437587140933
      ],
      [
        -104.58237505344857,
        38.26439464117014
      ],
      [
        -104.58226303679355,
        38.26441341093096
      ],
      [
        -104.58215102013853,
        38.26443218069178
      ],
      [
        -104.58203900348349,
        38.26445095045259
      ],
      [
        -104.58192698682846,
        38.26446972021341
      ],
      [
        -104.58181497017343,
        38.26448848997423
      ],
      [
        -104.5817029535184,
        38.26450725973504
      ],
      [
        -104.58159093686336,
        38.26452602949586
      ],
      [
        -104.58147892020834,
        38.264544799256676
      ],
      [
        -104.5813669035533,
        38.26456356901749
      ],
      [
        -104.58125488689828,
        38.26458233877831
      ],
      [
        -104.58114287024326,
        38.264601108539125
      ],
      [
        -104.58103085358822,
        38.26461987829994
      ],
      [
        -104.5809188369332,
        38.26463864806076
      ],
      [
        -104.58080682027816,
        38.264657417821574
      ],
      [
        -104.58069480362313,
        38.26467618758239
      ],
      [
        -104.5805827869681,
        38.26469495734321
      ],
      [
        -104.58047079768292,
        38.264713823268664
      ],
      [
        -104.58035928119689,
        38.26473435038531
      ],
      [
        -104.58026720000477,
        38.26475129999912
      ],
      [
        -104.5802476874812,
        38.264754608576965
      ],
      [
        -104.58013572786416,
        38.264773592646314
      ],
      [
        -104.58002376824712,
        38.26479257671566
      ],
      [
        -104.57991180863009,
        38.264811560785006
      ],
      [
        -104.57979984901304,
        38.264830544854355
      ],
      [
        -104.579687889396,
        38.2648495289237
      ],
      [
        -104.57957592977895,
        38.26486851299305
      ],
      [
        -104.57946397016192,
        38.2648874970624
      ],
      [
        -104.57935201054488,
        38.26490648113174
      ],
      [
        -104.57924005092784,
        38.26492546520109
      ],
      [
        -104.57912809131079,
        38.26494444927044
      ],
      [
        -104.57901613169376,
        38.26496343333978
      ],
      [
        -104.57890417207672,
        38.26498241740913
      ],
      [
        -104.57879221245967,
        38.26500140147848
      ],
      [
        -104.57868025284263,
        38.26502038554782
      ],
      [
        -104.5785682932256,
        38.26503936961717
      ],
      [
        -104.57845633360856,
        38.26505835368652
      ],
      [
        -104.57834437399151,
        38.26507733775586
      ],
      [
        -104.57823241437447,
        38.26509632182521
      ],
      [
        -104.57812045475744,
        38.26511530589456
      ],
      [
        -104.5780084951404,
        38.2651342899639
      ],
      [
        -104.57789653552335,
        38.26515327403325
      ],
      [
        -104.5777845759063,
        38.2651722581026
      ],
      [
        -104.57767261628928,
        38.265191242171944
      ],
      [
        -104.57756065667223,
        38.265210226241294
      ],
      [
        -104.57744869705519,
        38.265229210310636
      ],
      [
        -104.57733673743816,
        38.265248194379986
      ],
      [
        -104.57722477782112,
        38.265267178449335
      ],
      [
        -104.57711281820407,
        38.26528616251868
      ],
      [
        -104.57700085858703,
        38.26530514658803
      ],
      [
        -104.57688889897,
        38.265324130657376
      ],
      [
        -104.57677693935295,
        38.26534311472672
      ],
      [
        -104.57666497973591,
        38.26536209879607
      ],
      [
        -104.57655302011887,
        38.26538108286542
      ],
      [
        -104.57644106050184,
        38.26540006693476
      ],
      [
        -104.57632910088479,
        38.26541905100411
      ],
      [
        -104.57621714126775,
        38.26543803507346
      ],
      [
        -104.5761051816507,
        38.2654570191428
      ],
      [
        -104.57599559999996,
        38.26547560000001
      ],
      [
        -104.57599322139617,
        38.26547600095708
      ],
      [
        -104.57588123176448,
        38.26549487885281
      ],
      [
        -104.5757692421328,
        38.26551375674855
      ],
      [
        -104.5756572525011,
        38.26553263464428
      ],
      [
        -104.5755452628694,
        38.265551512540014
      ],
      [
        -104.5754332732377,
        38.26557039043575
      ],
      [
        -104.57532128360602,
        38.26558926833148
      ],
      [
        -104.57520929397432,
        38.265608146227216
      ],
      [
        -104.57509730434263,
        38.26562702412295
      ],
      [
        -104.57498531471094,
        38.26564590201868
      ],
      [
        -104.57487332507925,
        38.26566477991442
      ],
      [
        -104.57476133544756,
        38.26568365781015
      ],
      [
        -104.57464934581587,
        38.26570253570589
      ],
      [
        -104.57453735618418,
        38.265721413601625
      ],
      [
        -104.57442536655249,
        38.26574029149736
      ],
      [
        -104.5743133769208,
        38.26575916939309
      ],
      [
        -104.57420138728911,
        38.265778047288826
      ],
      [
        -104.57408939765742,
        38.26579692518456
      ],
      [
        -104.57397740802571,
        38.265815803080294
      ],
      [
        -104.57386541839402,
        38.26583468097603
      ],
      [
        -104.57375342876233,
        38.26585355887176
      ],
      [
        -104.57364143913064,
        38.265872436767495
      ],
      [
        -104.57352944949895,
        38.26589131466323
      ],
      [
        -104.57341745986726,
        38.26591019255897
      ],
      [
        -104.57330623105632,
        38.2659316203079
      ],
      [
        -104.57319522044641,
        38.26595377934685
      ],
      [
        -104.57308420983651,
        38.26597593838581
      ],
      [
        -104.5729731992266,
        38.265998097424756
      ],
      [
        -104.5728621886167,
        38.266020256463705
      ],
      [
        -104.57275117800678,
        38.26604241550265
      ],
      [
        -104.57264016739688,
        38.2660645745416
      ],
      [
        -104.57261949999662,
        38.26606870000077
      ],
      [
        -104.5725299970137,
        38.266089154317584
      ],
      [
        -104.57242001884528,
        38.266114287874316
      ],
      [
        -104.57231004067685,
        38.26613942143105
      ],
      [
        -104.57220095757464,
        38.266166756804
      ],
      [
        -104.57209277121977,
        38.26619629812868
      ],
      [
        -104.57198458486491,
        38.26622583945337
      ],
      [
        -104.5718767121683,
        38.266256048646156
      ],
      [
        -104.57177000108935,
        38.26628873125495
      ],
      [
        -104.57166329001038,
        38.26632141386375
      ],
      [
        -104.57155657893142,
        38.266354096472554
      ],
      [
        -104.57144986785246,
        38.26638677908135
      ],
      [
        -104.5713431567735,
        38.266419461690155
      ],
      [
        -104.57123647210042,
        38.26645219683046
      ],
      [
        -104.57113012915424,
        38.2664856117975
      ],
      [
        -104.57102378620807,
        38.266519026764534
      ],
      [
        -104.57091744326189,
        38.26655244173158
      ],
      [
        -104.57081110031572,
        38.26658585669861
      ],
      [
        -104.57070475736954,
        38.26661927166565
      ],
      [
        -104.57059841442337,
        38.26665268663269
      ],
      [
        -104.57049207147719,
        38.266686101599724
      ],
      [
        -104.57038572853101,
        38.266719516566766
      ],
      [
        -104.57027938558484,
        38.2667529315338
      ],
      [
        -104.57017304263866,
        38.26678634650084
      ],
      [
        -104.57006669969249,
        38.26681976146788
      ],
      [
        -104.56996059999517,
        38.266853100001526
      ],
      [
        -104.56996035686498,
        38.266853176669414
      ],
      [
        -104.56985406579764,
        38.26688669415167
      ],
      [
        -104.56974777473032,
        38.26692021163394
      ],
      [
        -104.56964148366298,
        38.2669537291162
      ],
      [
        -104.56953519259564,
        38.26698724659846
      ],
      [
        -104.56942890152831,
        38.267020764080726
      ],
      [
        -104.56932261046097,
        38.267054281562984
      ],
      [
        -104.56921631939365,
        38.26708779904525
      ],
      [
        -104.5691100339208,
        38.26712132829172
      ],
      [
        -104.56900374912134,
        38.26715485895422
      ],
      [
        -104.56889746432188,
        38.26718838961672
      ],
      [
        -104.56879117952242,
        38.26722192027921
      ],
      [
        -104.56868489472296,
        38.26725545094171
      ],
      [
        -104.5685786099235,
        38.2672889816042
      ],
      [
        -104.56847232512405,
        38.2673225122667
      ],
      [
        -104.56836604032459,
        38.2673560429292
      ],
      [
        -104.56825975552513,
        38.26738957359169
      ],
      [
        -104.56815347072568,
        38.26742310425419
      ],
      [
        -104.56804718592622,
        38.267456634916684
      ],
      [
        -104.56794090112676,
        38.26749016557918
      ],
      [
        -104.56783465456246,
        38.26752377147051
      ],
      [
        -104.56772843387756,
        38.267557428280334
      ],
      [
        -104.56762221319265,
        38.26759108509016
      ],
      [
        -104.56751599250775,
        38.267624741899986
      ],
      [
        -104.56740977182284,
        38.26765839870981
      ],
      [
        -104.56730355113794,
        38.26769205551964
      ],
      [
        -104.56719733045303,
        38.267725712329465
      ],
      [
        -104.56709110976813,
        38.26775936913929
      ],
      [
        -104.56698488908322,
        38.26779302594912
      ],
      [
        -104.56687866839832,
        38.267826682758944
      ],
      [
        -104.5667724477134,
        38.26786033956877
      ],
      [
        -104.5666662270285,
        38.2678939963786
      ],
      [
        -104.56655876774926,
        38.267925135745536
      ],
      [
        -104.5664513046449,
        38.26795626733792
      ],
      [
        -104.56634441268328,
        38.267988560150776
      ],
      [
        -104.56623819306934,
        38.268022219949216
      ],
      [
        -104.5661319734554,
        38.268055879747656
      ],
      [
        -104.56611550000419,
        38.26806109999867
      ],
      [
        -104.5660257530338,
        38.2680895396585
      ],
      [
        -104.56591953246392,
        38.26812319958997
      ],
      [
        -104.56581331189406,
        38.26815685952145
      ],
      [
        -104.5657070913242,
        38.26819051945292
      ],
      [
        -104.56560087075434,
        38.2682241793844
      ],
      [
        -104.56549465018446,
        38.26825783931588
      ],
      [
        -104.5653884296146,
        38.268291499247354
      ],
      [
        -104.56528220904474,
        38.26832515917883
      ],
      [
        -104.56517598847488,
        38.268358819110304
      ],
      [
        -104.56506976790502,
        38.26839247904178
      ],
      [
        -104.56496354733514,
        38.268426138973254
      ],
      [
        -104.56485732676528,
        38.26845979890473
      ],
      [
        -104.56475110619542,
        38.26849345883621
      ],
      [
        -104.56464488562555,
        38.268527118767686
      ],
      [
        -104.56453866505568,
        38.26856077869916
      ],
      [
        -104.56443244448582,
        38.268594438630636
      ],
      [
        -104.56432622391596,
        38.26862809856211
      ],
      [
        -104.5642200033461,
        38.268661758493586
      ],
      [
        -104.56411378277623,
        38.26869541842506
      ],
      [
        -104.56400756220636,
        38.26872907835654
      ],
      [
        -104.5639013416365,
        38.26876273828802
      ],
      [
        -104.56379512106663,
        38.26879639821949
      ],
      [
        -104.56368890049677,
        38.26883005815097
      ],
      [
        -104.5635826799269,
        38.26886371808244
      ],
      [
        -104.56347645935703,
        38.26889737801392
      ],
      [
        -104.56337023878717,
        38.26893103794539
      ],
      [
        -104.56326401821731,
        38.268964697876875
      ],
      [
        -104.56315779764745,
        38.26899835780835
      ],
      [
        -104.56305157707757,
        38.269032017739825
      ],
      [
        -104.56294535650771,
        38.2690656776713
      ],
      [
        -104.56283913593785,
        38.269099337602775
      ],
      [
        -104.56273291536799,
        38.26913299753425
      ],
      [
        -104.56262669479811,
        38.269166657465725
      ],
      [
        -104.56252047422825,
        38.26920031739721
      ],
      [
        -104.56241425365839,
        38.26923397732868
      ],
      [
        -104.56230803308853,
        38.26926763726016
      ],
      [
        -104.56220181251865,
        38.26930129719163
      ],
      [
        -104.56209559194879,
        38.26933495712311
      ],
      [
        -104.56198937137893,
        38.26936861705458
      ],
      [
        -104.56197269999674,
        38.269373900001014
      ],
      [
        -104.56188299749014,
        38.269401979198804
      ],
      [
        -104.56177659505795,
        38.269435285903945
      ],
      [
        -104.56167019262577,
        38.26946859260909
      ],
      [
        -104.56156379019359,
        38.26950189931423
      ],
      [
        -104.56145738776141,
        38.26953520601937
      ],
      [
        -104.56135098532921,
        38.26956851272451
      ],
      [
        -104.56124458289703,
        38.26960181942965
      ],
      [
        -104.56113818046485,
        38.2696351261348
      ],
      [
        -104.56103177803267,
        38.26966843283994
      ],
      [
        -104.56092537560048,
        38.269701739545084
      ],
      [
        -104.5608189731683,
        38.269735046250226
      ],
      [
        -104.56071257073611,
        38.26976835295537
      ],
      [
        -104.56060616830392,
        38.26980165966051
      ],
      [
        -104.56049976587174,
        38.26983496636566
      ],
      [
        -104.56039336343956,
        38.2698682730708
      ],
      [
        -104.56028696100738,
        38.26990157977594
      ],
      [
        -104.56018055857518,
        38.26993488648108
      ],
      [
        -104.56007422791059,
        38.26996833567368
      ],
      [
        -104.55996792111813,
        38.27000183226208
      ],
      [
        -104.55986161432568,
        38.27003532885049
      ],
      [
        -104.55975530753322,
        38.27006882543889
      ],
      [
        -104.55964900074078,
        38.27010232202729
      ],
      [
        -104.55954269394832,
        38.2701358186157
      ],
      [
        -104.55943638715587,
        38.2701693152041
      ],
      [
        -104.55933008036341,
        38.27020281179251
      ],
      [
        -104.55922377357096,
        38.27023630838091
      ],
      [
        -104.5591174667785,
        38.27026980496931
      ],
      [
        -104.55901115998606,
        38.27030330155772
      ],
      [
        -104.5589048531936,
        38.27033679814612
      ],
      [
        -104.55879854640115,
        38.27037029473452
      ],
      [
        -104.55869223960869,
        38.27040379132293
      ],
      [
        -104.55858593281624,
        38.27043728791133
      ],
      [
        -104.55847962602378,
        38.270470784499736
      ],
      [
        -104.55837331923134,
        38.27050428108814
      ],
      [
        -104.55826701243888,
        38.27053777767654
      ],
      [
        -104.55816070564642,
        38.270571274264945
      ],
      [
        -104.55805439885397,
        38.270604770853346
      ],
      [
        -104.55794809206151,
        38.27063826744175
      ],
      [
        -104.55784178526906,
        38.270671764030155
      ],
      [
        -104.5577354784766,
        38.270705260618556
      ],
      [
        -104.55762917168416,
        38.270738757206956
      ],
      [
        -104.5575228648917,
        38.270772253795364
      ],
      [
        -104.55741655809925,
        38.270805750383765
      ],
      [
        -104.55731025130679,
        38.27083924697217
      ],
      [
        -104.55720394451434,
        38.270872743560574
      ],
      [
        -104.55709763772747,
        38.27090624126103
      ],
      [
        -104.55699133094603,
        38.27093974004836
      ],
      [
        -104.5568850241646,
        38.270973238835694
      ],
      [
        -104.55677871738318,
        38.27100673762302
      ],
      [
        -104.55667241060175,
        38.27104023641035
      ],
      [
        -104.55656610382032,
        38.271073735197675
      ],
      [
        -104.55645979703888,
        38.271107233985006
      ],
      [
        -104.55635349025746,
        38.27114073277233
      ],
      [
        -104.55624718347603,
        38.27117423155966
      ],
      [
        -104.5561408766946,
        38.27120773034699
      ],
      [
        -104.55603456991318,
        38.27124122913432
      ],
      [
        -104.55592826313175,
        38.27127472792165
      ],
      [
        -104.55582195635031,
        38.271308226708975
      ],
      [
        -104.55571564956888,
        38.271341725496306
      ],
      [
        -104.55560934278746,
        38.27137522428363
      ],
      [
        -104.55550303600603,
        38.27140872307096
      ],
      [
        -104.5553967292246,
        38.27144222185829
      ],
      [
        -104.55528978475009,
        38.27147438638378
      ],
      [
        -104.55518163969346,
        38.271504038900005
      ],
      [
        -104.55507349463682,
        38.271533691416224
      ],
      [
        -104.55496534958017,
        38.27156334393244
      ],
      [
        -104.55485720452353,
        38.27159299644867
      ],
      [
        -104.55474905946689,
        38.271622648964886
      ],
      [
        -104.55464091441024,
        38.27165230148111
      ],
      [
        -104.5545327693536,
        38.27168195399733
      ],
      [
        -104.55442462429697,
        38.27171160651355
      ],
      [
        -104.55431647924033,
        38.271741259029774
      ],
      [
        -104.5542078127792,
        38.27176964088898
      ],
      [
        -104.5540979520397,
        38.27179511230487
      ],
      [
        -104.5539880913002,
        38.27182058372077
      ],
      [
        -104.5538782305607,
        38.27184605513667
      ],
      [
        -104.55376836982121,
        38.271871526552566
      ],
      [
        -104.55365850908171,
        38.27189699796846
      ],
      [
        -104.55354864834221,
        38.271922469384364
      ],
      [
        -104.55343878760272,
        38.27194794080026
      ],
      [
        -104.55332892686322,
        38.27197341221616
      ],
      [
        -104.55321906612372,
        38.27199888363206
      ],
      [
        -104.55310919934189,
        38.272024339248276
      ],
      [
        -104.55299932583542,
        38.27204977728062
      ],
      [
        -104.55288781741869,
        38.272070358884534
      ],
      [
        -104.55277628137458,
        38.27209085842245
      ],
      [
        -104.55266474533045,
        38.27211135796037
      ],
      [
        -104.55255320928632,
        38.272131857498294
      ],
      [
        -104.55244167324219,
        38.27215235703621
      ],
      [
        -104.5523483999984,
        38.27216950000029
      ],
      [
        -104.55233013608155,
        38.27217285291763
      ],
      [
        -104.55221859321854,
        38.27219333012426
      ],
      [
        -104.55210705035554,
        38.272213807330886
      ],
      [
        -104.55199550749253,
        38.27223428453752
      ],
      [
        -104.55188396462954,
        38.27225476174414
      ],
      [
        -104.55183800000194,
        38.27226319999964
      ],
      [
        -104.55177220942078,
        38.2722745030524
      ],
      [
        -104.55166030537613,
        38.272293728559994
      ],
      [
        -104.55154840133149,
        38.27231295406759
      ],
      [
        -104.55143649728684,
        38.27233217957518
      ],
      [
        -104.5513245932422,
        38.27235140508278
      ],
      [
        -104.55121268919756,
        38.27237063059037
      ],
      [
        -104.55110078515291,
        38.272389856097966
      ],
      [
        -104.55098888110828,
        38.27240908160556
      ],
      [
        -104.55087697706364,
        38.27242830711315
      ],
      [
        -104.550765073019,
        38.27244753262075
      ],
      [
        -104.55065316897435,
        38.272466758128346
      ],
      [
        -104.5505412649297,
        38.27248598363594
      ],
      [
        -104.55042936088506,
        38.27250520914353
      ],
      [
        -104.55031745684042,
        38.272524434651125
      ],
      [
        -104.55020555279577,
        38.272543660158725
      ],
      [
        -104.55009364875113,
        38.27256288566632
      ],
      [
        -104.54998174470649,
        38.27258211117391
      ],
      [
        -104.54986984066184,
        38.272601336681504
      ],
      [
        -104.5497578907283,
        38.2726203982605
      ],
      [
        -104.54964593035453,
        38.27263942254395
      ],
      [
        -104.54953396998077,
        38.272658446827414
      ],
      [
        -104.549422009607,
        38.27267747111087
      ],
      [
        -104.54931004923324,
        38.27269649539432
      ],
      [
        -104.54919808885947,
        38.27271551967778
      ],
      [
        -104.5490861284857,
        38.272734543961235
      ],
      [
        -104.54897416811194,
        38.27275356824469
      ],
      [
        -104.54886220773817,
        38.27277259252815
      ],
      [
        -104.54875024736441,
        38.2727916168116
      ],
      [
        -104.54863828699064,
        38.272810641095056
      ],
      [
        -104.54852632661687,
        38.27282966537852
      ],
      [
        -104.54841436624311,
        38.27284868966197
      ],
      [
        -104.54830240586934,
        38.27286771394542
      ],
      [
        -104.54819044549558,
        38.272886738228884
      ],
      [
        -104.5480784851218,
        38.27290576251234
      ],
      [
        -104.54796652474805,
        38.27292478679579
      ],
      [
        -104.54785456437428,
        38.27294381107925
      ],
      [
        -104.5477426040005,
        38.272962835362705
      ],
      [
        -104.5476307282726,
        38.27298216310646
      ],
      [
        -104.54751892185494,
        38.2730017393316
      ],
      [
        -104.5474071154373,
        38.27302131555674
      ],
      [
        -104.54729530901965,
        38.27304089178188
      ],
      [
        -104.54718350260201,
        38.273060468007024
      ],
      [
        -104.54707169618436,
        38.27308004423217
      ],
      [
        -104.54695988976671,
        38.27309962045731
      ],
      [
        -104.54684808334908,
        38.273119196682444
      ],
      [
        -104.54673627693143,
        38.273138772907586
      ],
      [
        -104.54662447051378,
        38.27315834913273
      ],
      [
        -104.54651266409613,
        38.27317792535787
      ],
      [
        -104.54640085767849,
        38.27319750158301
      ],
      [
        -104.54628905126084,
        38.273217077808155
      ],
      [
        -104.5461772448432,
        38.2732366540333
      ],
      [
        -104.54606543842556,
        38.27325623025843
      ],
      [
        -104.54595363200791,
        38.273275806483575
      ],
      [
        -104.54584179269781,
        38.27329526690947
      ],
      [
        -104.54572991538612,
        38.27331459354915
      ],
      [
        -104.54561803807442,
        38.27333392018883
      ],
      [
        -104.54550616076274,
        38.27335324682851
      ],
      [
        -104.54539428345105,
        38.273372573468194
      ],
      [
        -104.54528240613935,
        38.273391900107875
      ],
      [
        -104.54517052882765,
        38.27341122674755
      ],
      [
        -104.54505865151597,
        38.27343055338723
      ],
      [
        -104.54494677420428,
        38.27344988002691
      ],
      [
        -104.54483489689258,
        38.27346920666659
      ],
      [
        -104.54472301958089,
        38.27348853330627
      ],
      [
        -104.5446111422692,
        38.27350785994595
      ],
      [
        -104.54449926495751,
        38.273527186585625
      ],
      [
        -104.54438738764581,
        38.273546513225305
      ],
      [
        -104.54427551033412,
        38.273565839864986
      ],
      [
        -104.54416364060724,
        38.273585194693986
      ],
      [
        -104.54405177716853,
        38.27360457289328
      ],
      [
        -104.54393991372982,
        38.27362395109257
      ],
      [
        -104.54382805029111,
        38.27364332929186
      ],
      [
        -104.54371618685241,
        38.27366270749114
      ],
      [
        -104.54360432341369,
        38.27368208569043
      ],
      [
        -104.54349245997498,
        38.27370146388972
      ],
      [
        -104.54338059653627,
        38.27372084208901
      ],
      [
        -104.54326873309756,
        38.2737402202883
      ],
      [
        -104.54315686965886,
        38.27375959848759
      ],
      [
        -104.54304500622014,
        38.27377897668688
      ],
      [
        -104.54293314278144,
        38.27379835488617
      ],
      [
        -104.54282127934272,
        38.27381773308546
      ],
      [
        -104.54270941590401,
        38.27383711128474
      ],
      [
        -104.5425975524653,
        38.27385648948403
      ],
      [
        -104.54248568902659,
        38.27387586768332
      ],
      [
        -104.54237382558789,
        38.27389524588261
      ],
      [
        -104.54226196214917,
        38.273914624081904
      ],
      [
        -104.54215009871047,
        38.27393400228119
      ],
      [
        -104.54203823527175,
        38.27395338048048
      ],
      [
        -104.54192637183304,
        38.27397275867977
      ],
      [
        -104.54181450839432,
        38.27399213687906
      ],
      [
        -104.54170264495562,
        38.27401151507835
      ],
      [
        -104.54159078151692,
        38.27403089327763
      ],
      [
        -104.5414789180782,
        38.27405027147692
      ],
      [
        -104.5413670292016,
        38.274069559094464
      ],
      [
        -104.5412550829112,
        38.2740886422674
      ],
      [
        -104.54114313662082,
        38.27410772544034
      ],
      [
        -104.54103119033043,
        38.274126808613275
      ],
      [
        -104.54091924404004,
        38.27414589178621
      ],
      [
        -104.54080729774965,
        38.27416497495915
      ],
      [
        -104.54069535145926,
        38.274184058132086
      ],
      [
        -104.54058340516887,
        38.27420314130502
      ],
      [
        -104.54047145887849,
        38.27422222447796
      ],
      [
        -104.5403595125881,
        38.2742413076509
      ],
      [
        -104.54024756629771,
        38.274260390823834
      ],
      [
        -104.54013562000732,
        38.27427947399677
      ],
      [
        -104.54002367371693,
        38.27429855716971
      ],
      [
        -104.53991172742653,
        38.274317640342645
      ],
      [
        -104.53979978113614,
        38.27433672351558
      ],
      [
        -104.53968769510742,
        38.27435529489098
      ],
      [
        -104.53957559201689,
        38.27437380377686
      ],
      [
        -104.53946348892637,
        38.27439231266275
      ],
      [
        -104.53935138583586,
        38.274410821548635
      ],
      [
        -104.53923928274533,
        38.274429330434515
      ],
      [
        -104.53912717965481,
        38.2744478393204
      ],
      [
        -104.5390150765643,
        38.27446634820628
      ],
      [
        -104.53890297347377,
        38.27448485709217
      ],
      [
        -104.53879087038325,
        38.274503365978056
      ],
      [
        -104.53867876729274,
        38.274521874863936
      ],
      [
        -104.53856666420221,
        38.27454038374982
      ],
      [
        -104.53845456111169,
        38.27455889263571
      ],
      [
        -104.53834245802118,
        38.27457740152159
      ],
      [
        -104.53823035493065,
        38.27459591040748
      ],
      [
        -104.53811825184013,
        38.274614419293364
      ],
      [
        -104.53800614874962,
        38.274632928179244
      ],
      [
        -104.53789404565909,
        38.27465143706513
      ],
      [
        -104.5377809842287,
        38.274665798273936
      ],
      [
        -104.53766774014633,
        38.27467936896841
      ],
      [
        -104.53755449606398,
        38.27469293966288
      ],
      [
        -104.5374412519816,
        38.27470651035735
      ],
      [
        -104.53732800789923,
        38.27472008105182
      ],
      [
        -104.53721476381688,
        38.27473365174629
      ],
      [
        -104.5371015197345,
        38.27474722244076
      ],
      [
        -104.53698827565215,
        38.27476079313523
      ],
      [
        -104.53687503156978,
        38.27477436382971
      ],
      [
        -104.5367617874874,
        38.27478793452418
      ],
      [
        -104.53664800885963,
        38.27479819454396
      ],
      [
        -104.53653403242065,
        38.274807229431985
      ],
      [
        -104.53642005598165,
        38.27481626432001
      ],
      [
        -104.53630607954267,
        38.274825299208025
      ],
      [
        -104.53619210310367,
        38.27483433409605
      ],
      [
        -104.53607812666469,
        38.27484336898407
      ],
      [
        -104.5359641502257,
        38.27485240387209
      ],
      [
        -104.53584998915987,
        38.274859711314484
      ],
      [
        -104.53573568811284,
        38.2748657090345
      ],
      [
        -104.53562138706582,
        38.27487170675452
      ],
      [
        -104.5355070860188,
        38.27487770447454
      ],
      [
        -104.53539278497176,
        38.27488370219456
      ],
      [
        -104.53527848392474,
        38.274889699914574
      ],
      [
        -104.53516418287771,
        38.27489569763459
      ],
      [
        -104.5350497357644,
        38.27489886110747
      ],
      [
        -104.53493519105163,
        38.27490013077624
      ],
      [
        -104.53482064633887,
        38.27490140044502
      ],
      [
        -104.53470610162611,
        38.274902670113796
      ],
      [
        -104.53459155691336,
        38.27490393978257
      ],
      [
        -104.5344770122006,
        38.27490520945135
      ],
      [
        -104.53436248346031,
        38.27490714264899
      ],
      [
        -104.53426800000318,
        38.27490889999994
      ],
      [
        -104.53424795675333,
        38.27490916863143
      ],
      [
        -104.5341334172865,
        38.27491070375703
      ],
      [
        -104.53401887781966,
        38.27491223888263
      ],
      [
        -104.53390433835283,
        38.274913774008226
      ],
      [
        -104.53378979888598,
        38.274915309133824
      ],
      [
        -104.53367525941914,
        38.27491684425942
      ],
      [
        -104.5335607199523,
        38.27491837938502
      ],
      [
        -104.53344618048547,
        38.27491991451062
      ],
      [
        -104.53333164101863,
        38.27492144963622
      ],
      [
        -104.5332171015518,
        38.274922984761815
      ],
      [
        -104.53310256208496,
        38.27492451988741
      ],
      [
        -104.53298802261813,
        38.274926055013005
      ],
      [
        -104.53287348315128,
        38.2749275901386
      ],
      [
        -104.53275894368444,
        38.2749291252642
      ],
      [
        -104.53270860000369,
        38.27492979999995
      ],
      [
        -104.5326444030759,
        38.27493060745474
      ],
      [
        -104.53252986157203,
        38.27493204813249
      ],
      [
        -104.53241532006815,
        38.27493348881025
      ],
      [
        -104.53230077856426,
        38.274934929488
      ],
      [
        -104.53218623706039,
        38.27493637016575
      ],
      [
        -104.5320716955565,
        38.2749378108435
      ],
      [
        -104.53195715405262,
        38.27493925152125
      ],
      [
        -104.53184261254874,
        38.274940692199
      ],
      [
        -104.53172807104485,
        38.27494213287675
      ],
      [
        -104.53161352954098,
        38.2749435735545
      ],
      [
        -104.5314989880371,
        38.27494501423226
      ],
      [
        -104.53138444653321,
        38.27494645491001
      ],
      [
        -104.53126990502933,
        38.27494789558776
      ],
      [
        -104.53115536352546,
        38.27494933626551
      ],
      [
        -104.53104082202157,
        38.274950776943264
      ],
      [
        -104.53092628051769,
        38.27495221762101
      ],
      [
        -104.5308117390138,
        38.27495365829876
      ],
      [
        -104.53069719750992,
        38.27495509897651
      ],
      [
        -104.53058265600605,
        38.27495653965427
      ],
      [
        -104.53046811450216,
        38.27495798033202
      ],
      [
        -104.53035357299828,
        38.27495942100977
      ],
      [
        -104.5302390314944,
        38.27496086168752
      ],
      [
        -104.53012448999051,
        38.274962302365275
      ],
      [
        -104.53000994848664,
        38.274963743043024
      ],
      [
        -104.52989540698276,
        38.274965183720774
      ],
      [
        -104.52978086547887,
        38.27496662439852
      ],
      [
        -104.52966632343747,
        38.27496803879079
      ],
      [
        -104.52955178026846,
        38.27496939804337
      ],
      [
        -104.52943723709947,
        38.27497075729594
      ],
      [
        -104.52932269393047,
        38.27497211654852
      ],
      [
        -104.52920815076148,
        38.2749734758011
      ],
      [
        -104.52909360759247,
        38.27497483505367
      ],
      [
        -104.52897906442348,
        38.27497619430625
      ],
      [
        -104.52886452125448,
        38.27497755355882
      ],
      [
        -104.52874997808549,
        38.2749789128114
      ],
      [
        -104.52863543491648,
        38.27498027206398
      ],
      [
        -104.52852089174749,
        38.27498163131655
      ],
      [
        -104.52840634857849,
        38.27498299056913
      ],
      [
        -104.5282918054095,
        38.2749843498217
      ],
      [
        -104.52817726224049,
        38.27498570907428
      ],
      [
        -104.5280627190715,
        38.27498706832686
      ],
      [
        -104.5279481759025,
        38.27498842757943
      ],
      [
        -104.5278336327335,
        38.27498978683201
      ],
      [
        -104.5277190895645,
        38.27499114608459
      ],
      [
        -104.52760454639551,
        38.27499250533716
      ],
      [
        -104.52749000218166,
        38.27499380359263
      ],
      [
        -104.5273754536451,
        38.27499484949034
      ],
      [
        -104.52726090510853,
        38.27499589538805
      ],
      [
        -104.52714635657196,
        38.27499694128577
      ],
      [
        -104.5270318080354,
        38.27499798718348
      ],
      [
        -104.52691725949883,
        38.274999033081194
      ],
      [
        -104.52680271096226,
        38.275000078978906
      ],
      [
        -104.5266881624257,
        38.275001124876624
      ],
      [
        -104.52657361388913,
        38.275002170774336
      ],
      [
        -104.52645906535255,
        38.27500321667205
      ],
      [
        -104.526344516816,
        38.275004262569766
      ],
      [
        -104.52622997793175,
        38.275005661342185
      ],
      [
        -104.52612269999628,
        38.27500830000004
      ],
      [
        -104.52611547475286,
        38.27500836515274
      ],
      [
        -104.52600092598976,
        38.275009398081515
      ],
      [
        -104.52588637722667,
        38.275010431010294
      ],
      [
        -104.52577182846358,
        38.275011463939066
      ],
      [
        -104.5256572797005,
        38.27501249686784
      ],
      [
        -104.5255427309374,
        38.27501352979662
      ],
      [
        -104.52542818217431,
        38.27501456272539
      ],
      [
        -104.52531363341122,
        38.27501559565417
      ],
      [
        -104.52519908464812,
        38.27501662858294
      ],
      [
        -104.52508453588503,
        38.27501766151171
      ],
      [
        -104.52496998712195,
        38.27501869444049
      ],
      [
        -104.52485543835886,
        38.27501972736926
      ],
      [
        -104.52474088959576,
        38.27502076029804
      ],
      [
        -104.52462634083267,
        38.27502179322681
      ],
      [
        -104.52451179206957,
        38.275022826155585
      ],
      [
        -104.52439724330648,
        38.275023859084364
      ],
      [
        -104.5242826945434,
        38.275024892013136
      ],
      [
        -104.52416814578031,
        38.275025924941914
      ],
      [
        -104.52405359701721,
        38.275026957870686
      ],
      [
        -104.52393904825412,
        38.27502799079946
      ],
      [
        -104.52382449949103,
        38.27502902372824
      ],
      [
        -104.52370995072793,
        38.27503005665701
      ],
      [
        -104.52359540196485,
        38.27503108958579
      ],
      [
        -104.52348085320176,
        38.27503212251456
      ],
      [
        -104.52336630443867,
        38.27503315544333
      ],
      [
        -104.52325175567557,
        38.27503418837211
      ],
      [
        -104.52313720691248,
        38.27503522130088
      ],
      [
        -104.52310629999525,
        38.27503550000006
      ],
      [
        -104.52302266239953,
        38.27503650555748
      ],
      [
        -104.52290811945706,
        38.27503788268345
      ],
      [
        -104.52279357651457,
        38.275039259809425
      ],
      [
        -104.5226790335721,
        38.2750406369354
      ],
      [
        -104.52256449062963,
        38.27504201406138
      ],
      [
        -104.52244994768716,
        38.27504339118735
      ],
      [
        -104.52233540474468,
        38.27504476831333
      ],
      [
        -104.52222086180221,
        38.275046145439305
      ],
      [
        -104.52210631885974,
        38.27504752256527
      ],
      [
        -104.52199177591727,
        38.27504889969125
      ],
      [
        -104.52187723297479,
        38.275050276817225
      ],
      [
        -104.52176269003232,
        38.2750516539432
      ],
      [
        -104.52164814708985,
        38.27505303106918
      ],
      [
        -104.52153360414738,
        38.27505440819515
      ],
      [
        -104.5214190612049,
        38.27505578532113
      ],
      [
        -104.52130451826243,
        38.2750571624471
      ],
      [
        -104.52118997531996,
        38.275058539573074
      ],
      [
        -104.52107543237749,
        38.27505991669905
      ],
      [
        -104.52096088943502,
        38.275061293825026
      ],
      [
        -104.52084634649253,
        38.275062670951
      ],
      [
        -104.52073180355006,
        38.27506404807698
      ],
      [
        -104.5206172606076,
        38.275065425202946
      ],
      [
        -104.52050271766512,
        38.27506680232892
      ],
      [
        -104.52038817472264,
        38.2750681794549
      ],
      [
        -104.52027363178017,
        38.275069556580874
      ],
      [
        -104.5201590888377,
        38.27507093370685
      ],
      [
        -104.52004454589523,
        38.275072310832826
      ],
      [
        -104.51993000295275,
        38.2750736879588
      ],
      [
        -104.51981546001028,
        38.27507506508477
      ],
      [
        -104.51970091706781,
        38.27507644221075
      ],
      [
        -104.51958637399477,
        38.27507781268021
      ],
      [
        -104.51947182954567,
        38.275079112991115
      ],
      [
        -104.51935728509656,
        38.275080413302014
      ],
      [
        -104.51924274064746,
        38.27508171361292
      ],
      [
        -104.51912819619834,
        38.275083013923826
      ],
      [
        -104.51901365174923,
        38.275084314234725
      ],
      [
        -104.51889910730013,
        38.27508561454563
      ],
      [
        -104.51878456285102,
        38.27508691485654
      ],
      [
        -104.5186700184019,
        38.275088215167436
      ],
      [
        -104.5185554739528,
        38.27508951547834
      ],
      [
        -104.5184409295037,
        38.27509081578925
      ],
      [
        -104.51832638505459,
        38.27509211610015
      ],
      [
        -104.51821184060547,
        38.27509341641105
      ],
      [
        -104.51809729615637,
        38.27509471672196
      ],
      [
        -104.51798275170727,
        38.27509601703286
      ],
      [
        -104.51786820725816,
        38.275097317343764
      ],
      [
        -104.51775366280904,
        38.27509861765467
      ],
      [
        -104.51763913746171,
        38.27510068985571
      ],
      [
        -104.51752461522997,
        38.27510288795559
      ],
      [
        -104.51741009299823,
        38.27510508605547
      ],
      [
        -104.51729557076648,
        38.275107284155354
      ],
      [
        -104.51718104853474,
        38.27510948225523
      ],
      [
        -104.517066526303,
        38.27511168035511
      ],
      [
        -104.51695200407126,
        38.27511387845499
      ],
      [
        -104.5168374818395,
        38.275116076554866
      ],
      [
        -104.51672300211285,
        38.275119304345786
      ],
      [
        -104.51660853921503,
        38.275122939817095
      ],
      [
        -104.5164940763172,
        38.2751265752884
      ],
      [
        -104.51637961341939,
        38.275130210759706
      ],
      [
        -104.51626515052156,
        38.27513384623101
      ],
      [
        -104.51615068762374,
        38.275137481702316
      ],
      [
        -104.51603622472591,
        38.27514111717362
      ],
      [
        -104.51592176182808,
        38.27514475264493
      ],
      [
        -104.51580729893027,
        38.275148388116236
      ],
      [
        -104.51569283603244,
        38.27515202358754
      ],
      [
        -104.51557837313462,
        38.275155659058846
      ],
      [
        -104.51546391023679,
        38.27515929453015
      ],
      [
        -104.51534944733898,
        38.27516293000146
      ],
      [
        -104.51523498444115,
        38.27516656547276
      ],
      [
        -104.51512052154332,
        38.27517020094407
      ],
      [
        -104.5150060586455,
        38.27517383641538
      ],
      [
        -104.51489159574767,
        38.27517747188668
      ],
      [
        -104.51477713284986,
        38.27518110735799
      ],
      [
        -104.51466266995203,
        38.27518474282929
      ],
      [
        -104.5145482070542,
        38.2751883783006
      ],
      [
        -104.51443374415638,
        38.2751920137719
      ],
      [
        -104.51431928125855,
        38.27519564924321
      ],
      [
        -104.51420481836074,
        38.27519928471452
      ],
      [
        -104.51409035546291,
        38.27520292018582
      ],
      [
        -104.5139758853962,
        38.27520641576782
      ],
      [
        -104.51386141396921,
        38.27520988480567
      ],
      [
        -104.5137469425422,
        38.27521335384352
      ],
      [
        -104.5136324711152,
        38.27521682288137
      ],
      [
        -104.51351799968819,
        38.275220291919226
      ],
      [
        -104.5134035282612,
        38.275223760957076
      ],
      [
        -104.51328905683418,
        38.275227229994925
      ],
      [
        -104.51317458540719,
        38.275230699032775
      ],
      [
        -104.51306011398019,
        38.275234168070625
      ],
      [
        -104.51294564255318,
        38.27523763710848
      ],
      [
        -104.51283117112618,
        38.27524110614633
      ],
      [
        -104.51271669969917,
        38.27524457518418
      ],
      [
        -104.51260222827217,
        38.27524804422203
      ],
      [
        -104.51248775684516,
        38.27525151325989
      ],
      [
        -104.51237328541816,
        38.27525498229774
      ],
      [
        -104.51225881399115,
        38.27525845133559
      ],
      [
        -104.51214434256416,
        38.27526192037344
      ],
      [
        -104.51202987113716,
        38.27526538941129
      ],
      [
        -104.51191539971015,
        38.275268858449145
      ],
      [
        -104.51180092828315,
        38.275272327486995
      ],
      [
        -104.51168645685614,
        38.275275796524845
      ],
      [
        -104.51157198542914,
        38.275279265562695
      ],
      [
        -104.51145751400213,
        38.27528273460055
      ],
      [
        -104.51134304257513,
        38.2752862036384
      ],
      [
        -104.51122857114814,
        38.27528967267625
      ],
      [
        -104.51111409972113,
        38.2752931417141
      ],
      [
        -104.51099962829413,
        38.27529661075195
      ],
      [
        -104.51088515686712,
        38.27530007978981
      ],
      [
        -104.51077068544012,
        38.27530354882766
      ],
      [
        -104.51065622421943,
        38.27530721557951
      ],
      [
        -104.51054177226918,
        38.275311061915545
      ],
      [
        -104.51047219999593,
        38.275313400000115
      ],
      [
        -104.51042730645014,
        38.27531462824715
      ],
      [
        -104.51031281913178,
        38.27531776051721
      ],
      [
        -104.51019833181343,
        38.27532089278728
      ],
      [
        -104.51008384449507,
        38.275324025057344
      ],
      [
        -104.50996935717671,
        38.2753271573274
      ],
      [
        -104.50985486985836,
        38.27533028959747
      ],
      [
        -104.50974038254,
        38.27533342186753
      ],
      [
        -104.50962589522165,
        38.275336554137596
      ],
      [
        -104.50951140790329,
        38.27533968640766
      ],
      [
        -104.50939692058492,
        38.27534281867772
      ],
      [
        -104.50928243326656,
        38.27534595094779
      ],
      [
        -104.5091679459482,
        38.275349083217854
      ],
      [
        -104.50905345862985,
        38.275352215487914
      ],
      [
        -104.5089389713115,
        38.27535534775798
      ],
      [
        -104.50882448399314,
        38.27535848002804
      ],
      [
        -104.50870999667478,
        38.275361612298106
      ],
      [
        -104.50859550935643,
        38.27536474456817
      ],
      [
        -104.50848102203807,
        38.27536787683823
      ],
      [
        -104.5084618999998,
        38.275368400000005
      ],
      [
        -104.5083665608682,
        38.27537154486719
      ],
      [
        -104.50825210494145,
        38.27537532032311
      ],
      [
        -104.5081376490147,
        38.27537909577903
      ],
      [
        -104.50802319308795,
        38.275382871234946
      ],
      [
        -104.5079087371612,
        38.27538664669086
      ],
      [
        -104.50779428123445,
        38.27539042214678
      ],
      [
        -104.5076798253077,
        38.275394197602694
      ],
      [
        -104.50756536938096,
        38.27539797305862
      ],
      [
        -104.50745091345422,
        38.27540174851453
      ],
      [
        -104.50733645752747,
        38.27540552397045
      ],
      [
        -104.50722200160072,
        38.275409299426364
      ],
      [
        -104.50710754567397,
        38.27541307488228
      ],
      [
        -104.50699308974723,
        38.275416850338196
      ],
      [
        -104.50687863382048,
        38.27542062579412
      ],
      [
        -104.50676417789373,
        38.275424401250035
      ],
      [
        -104.50664972196698,
        38.27542817670595
      ],
      [
        -104.50653526604023,
        38.27543195216187
      ],
      [
        -104.5064208101135,
        38.27543572761778
      ],
      [
        -104.50630636032172,
        38.27543961623146
      ],
      [
        -104.50619191296386,
        38.27544354973787
      ],
      [
        -104.506077465606,
        38.275447483244285
      ],
      [
        -104.50596301824814,
        38.27545141675069
      ],
      [
        -104.50587039999564,
        38.27545460000015
      ],
      [
        -104.50584857089241,
        38.27545535076207
      ],
      [
        -104.50573412354575,
        38.27545928691595
      ],
      [
        -104.50561967619907,
        38.27546322306982
      ],
      [
        -104.50550522885241,
        38.275467159223695
      ],
      [
        -104.50539078150574,
        38.275471095377576
      ],
      [
        -104.50527633415908,
        38.27547503153145
      ],
      [
        -104.5051618868124,
        38.27547896768532
      ],
      [
        -104.50504743946573,
        38.2754829038392
      ],
      [
        -104.50493299211907,
        38.27548683999308
      ],
      [
        -104.50481854477239,
        38.27549077614695
      ],
      [
        -104.50470409742573,
        38.27549471230083
      ],
      [
        -104.50458965007905,
        38.2754986484547
      ],
      [
        -104.5044752027324,
        38.275502584608574
      ],
      [
        -104.50436075538572,
        38.275506520762455
      ],
      [
        -104.50424630803906,
        38.27551045691633
      ],
      [
        -104.50413186069238,
        38.2755143930702
      ],
      [
        -104.50401741334571,
        38.27551832922408
      ],
      [
        -104.50390296599905,
        38.27552226537796
      ],
      [
        -104.50378851865237,
        38.27552620153183
      ],
      [
        -104.50367407130571,
        38.275530137685706
      ],
      [
        -104.50355962395903,
        38.27553407383958
      ],
      [
        -104.50344517661237,
        38.27553800999346
      ],
      [
        -104.5033307292657,
        38.275541946147335
      ],
      [
        -104.50321628191904,
        38.27554588230121
      ],
      [
        -104.50310183457236,
        38.27554981845508
      ],
      [
        -104.50298738722569,
        38.275553754608964
      ],
      [
        -104.50287293987903,
        38.27555769076284
      ],
      [
        -104.50275849253235,
        38.27556162691671
      ],
      [
        -104.50264404518569,
        38.275565563070586
      ],
      [
        -104.50252959783901,
        38.27556949922447
      ],
      [
        -104.50241515049235,
        38.27557343537834
      ],
      [
        -104.50230070314568,
        38.275577371532215
      ],
      [
        -104.50218625579902,
        38.27558130768609
      ],
      [
        -104.50207180845234,
        38.27558524383997
      ],
      [
        -104.50195736110567,
        38.275589179993844
      ],
      [
        -104.501842913759,
        38.27559311614772
      ],
      [
        -104.50172846641233,
        38.27559705230159
      ],
      [
        -104.50161401906567,
        38.27560098845547
      ],
      [
        -104.501499571719,
        38.27560492460935
      ],
      [
        -104.50138512437233,
        38.27560886076322
      ],
      [
        -104.50135200000267,
        38.27560999999991
      ],
      [
        -104.5012706015522,
        38.27561051287039
      ],
      [
        -104.50115604799035,
        38.27561123464249
      ],
      [
        -104.50104149442848,
        38.2756119564146
      ],
      [
        -104.5009269408666,
        38.27561267818671
      ],
      [
        -104.50081238730473,
        38.27561339995882
      ],
      [
        -104.50069783374288,
        38.275614121730925
      ],
      [
        -104.500583280181,
        38.275614843503035
      ],
      [
        -104.50046876626772,
        38.275616923250396
      ],
      [
        -104.50035429105017,
        38.27562032833852
      ],
      [
        -104.50023981583263,
        38.27562373342665
      ],
      [
        -104.50012534061507,
        38.27562713851477
      ],
      [
        -104.50001086539753,
        38.2756305436029
      ],
      [
        -104.49989639017998,
        38.27563394869102
      ],
      [
        -104.49978191496244,
        38.27563735377915
      ],
      [
        -104.4996674397449,
        38.275640758867276
      ],
      [
        -104.49955296452735,
        38.275644163955405
      ],
      [
        -104.49943848930981,
        38.275647569043535
      ],
      [
        -104.49932401409227,
        38.27565097413166
      ],
      [
        -104.49920953887472,
        38.27565437921979
      ],
      [
        -104.49909506365718,
        38.27565778430791
      ],
      [
        -104.49898058843964,
        38.27566118939604
      ],
      [
        -104.49886611322209,
        38.27566459448416
      ],
      [
        -104.49875163800455,
        38.27566799957229
      ],
      [
        -104.498637162787,
        38.27567140466042
      ],
      [
        -104.49852268756946,
        38.275674809748544
      ],
      [
        -104.49840821235192,
        38.275678214836674
      ],
      [
        -104.49829373713438,
        38.2756816199248
      ],
      [
        -104.49817926191683,
        38.275685025012926
      ],
      [
        -104.49806478669929,
        38.27568843010105
      ],
      [
        -104.49795031148174,
        38.27569183518918
      ],
      [
        -104.4978358362642,
        38.27569524027731
      ],
      [
        -104.49772136104666,
        38.27569864536543
      ],
      [
        -104.49760688582911,
        38.27570205045356
      ],
      [
        -104.49749241061157,
        38.27570545554168
      ],
      [
        -104.49737793539403,
        38.27570886062981
      ],
      [
        -104.49726346017648,
        38.275712265717935
      ],
      [
        -104.49714898495894,
        38.275715670806065
      ],
      [
        -104.4970345097414,
        38.275719075894195
      ],
      [
        -104.49692003452385,
        38.27572248098232
      ],
      [
        -104.49680555930631,
        38.27572588607045
      ],
      [
        -104.49669108408877,
        38.27572929115857
      ],
      [
        -104.49657660887122,
        38.2757326962467
      ],
      [
        -104.49646213365368,
        38.27573610133482
      ],
      [
        -104.49634765843614,
        38.27573950642295
      ],
      [
        -104.49623318321859,
        38.275742911511074
      ],
      [
        -104.49611870800105,
        38.275746316599204
      ],
      [
        -104.4960042327835,
        38.27574972168733
      ],
      [
        -104.49588976066077,
        38.2757532011942
      ],
      [
        -104.4957752886109,
        38.275756682452894
      ],
      [
        -104.49566081656101,
        38.27576016371159
      ],
      [
        -104.49554634451114,
        38.27576364497029
      ],
      [
        -104.49543187246127,
        38.275767126228985
      ],
      [
        -104.49531740041138,
        38.27577060748768
      ],
      [
        -104.49520292836151,
        38.275774088746374
      ],
      [
        -104.49508845631163,
        38.27577757000507
      ],
      [
        -104.49497398426175,
        38.27578105126376
      ],
      [
        -104.49485951221187,
        38.27578453252246
      ],
      [
        -104.49474504016199,
        38.27578801378115
      ],
      [
        -104.49463056811211,
        38.275791495039854
      ],
      [
        -104.49451609606224,
        38.27579497629855
      ],
      [
        -104.49440162401235,
        38.275798457557244
      ],
      [
        -104.49428715196248,
        38.27580193881594
      ],
      [
        -104.4941726799126,
        38.27580542007463
      ],
      [
        -104.49405820786272,
        38.27580890133333
      ],
      [
        -104.49394373581285,
        38.27581238259202
      ],
      [
        -104.49382926376296,
        38.27581586385072
      ],
      [
        -104.49371479171309,
        38.27581934510942
      ],
      [
        -104.49360031966322,
        38.27582282636811
      ],
      [
        -104.49348584761333,
        38.27582630762681
      ],
      [
        -104.49337137556346,
        38.2758297888855
      ],
      [
        -104.49325690351357,
        38.2758332701442
      ],
      [
        -104.4931424314637,
        38.27583675140289
      ],
      [
        -104.49302795941382,
        38.27584023266159
      ],
      [
        -104.49291348736394,
        38.27584371392028
      ],
      [
        -104.49279901531406,
        38.27584719517898
      ],
      [
        -104.49268454326419,
        38.27585067643768
      ],
      [
        -104.4925700712143,
        38.27585415769637
      ],
      [
        -104.49245559916443,
        38.27585763895507
      ],
      [
        -104.49234112711454,
        38.27586112021376
      ],
      [
        -104.49222665506467,
        38.275864601472456
      ],
      [
        -104.4921121830148,
        38.27586808273115
      ],
      [
        -104.49199771096491,
        38.275871563989845
      ],
      [
        -104.49188323891504,
        38.27587504524855
      ],
      [
        -104.49176876686515,
        38.27587852650724
      ],
      [
        -104.49165429481528,
        38.27588200776594
      ],
      [
        -104.4915398227654,
        38.27588548902463
      ],
      [
        -104.49142535071552,
        38.275888970283326
      ],
      [
        -104.49131087866564,
        38.27589245154202
      ],
      [
        -104.49119640661577,
        38.275895932800715
      ],
      [
        -104.49108193456588,
        38.27589941405941
      ],
      [
        -104.49096746251601,
        38.27590289531811
      ],
      [
        -104.49085299046612,
        38.275906376576806
      ],
      [
        -104.49073851841625,
        38.2759098578355
      ],
      [
        -104.49062404636638,
        38.275913339094195
      ],
      [
        -104.49050957431649,
        38.27591682035289
      ],
      [
        -104.49039510226662,
        38.275920301611585
      ],
      [
        -104.49028063021673,
        38.27592378287028
      ],
      [
        -104.49016615816686,
        38.275927264128974
      ],
      [
        -104.49005168611698,
        38.275930745387676
      ],
      [
        -104.4899372140671,
        38.27593422664637
      ],
      [
        -104.48982274201722,
        38.275937707905065
      ],
      [
        -104.48970826996735,
        38.27594118916376
      ],
      [
        -104.48959379791746,
        38.275944670422454
      ],
      [
        -104.48947932586759,
        38.27594815168115
      ],
      [
        -104.4893648538177,
        38.275951632939844
      ],
      [
        -104.48925038176783,
        38.27595511419854
      ],
      [
        -104.48913590971796,
        38.27595859545724
      ],
      [
        -104.48902143766807,
        38.275962076715935
      ],
      [
        -104.4889069656182,
        38.27596555797463
      ],
      [
        -104.48879249356833,
        38.275969039233324
      ],
      [
        -104.48867802151844,
        38.27597252049202
      ],
      [
        -104.48856354946857,
        38.27597600175071
      ],
      [
        -104.48844907741868,
        38.27597948300941
      ],
      [
        -104.4883346053688,
        38.2759829642681
      ],
      [
        -104.48822013331893,
        38.275986445526804
      ],
      [
        -104.48810566126905,
        38.2759899267855
      ],
      [
        -104.48799118921917,
        38.275993408044194
      ],
      [
        -104.48787671716929,
        38.27599688930289
      ],
      [
        -104.48776224511941,
        38.27600037056158
      ],
      [
        -104.48764777306954,
        38.27600385182028
      ],
      [
        -104.48753330101965,
        38.27600733307897
      ],
      [
        -104.48741882896978,
        38.27601081433767
      ],
      [
        -104.4873043569199,
        38.27601429559636
      ],
      [
        -104.48718988487002,
        38.27601777685506
      ],
      [
        -104.48707541282015,
        38.27602125811376
      ],
      [
        -104.48696094077026,
        38.27602473937245
      ],
      [
        -104.48684646872039,
        38.27602822063115
      ],
      [
        -104.48673199667051,
        38.27603170188984
      ],
      [
        -104.48661752462063,
        38.27603518314854
      ],
      [
        -104.48650305257075,
        38.27603866440723
      ],
      [
        -104.48638858052087,
        38.276042145665926
      ],
      [
        -104.486274108471,
        38.27604562692463
      ],
      [
        -104.48615963642112,
        38.27604910818332
      ],
      [
        -104.48604516437123,
        38.27605258944202
      ],
      [
        -104.48593069232136,
        38.27605607070071
      ],
      [
        -104.48581622027149,
        38.276059551959406
      ],
      [
        -104.4857017482216,
        38.2760630332181
      ],
      [
        -104.48558727617173,
        38.276066514476796
      ],
      [
        -104.48547280412184,
        38.27606999573549
      ],
      [
        -104.48535833207197,
        38.27607347699419
      ],
      [
        -104.4852438600221,
        38.27607695825289
      ],
      [
        -104.48512938797221,
        38.27608043951158
      ],
      [
        -104.48501491592233,
        38.276083920770276
      ],
      [
        -104.48490044387246,
        38.27608740202897
      ],
      [
        -104.48478597182257,
        38.276090883287665
      ],
      [
        -104.4846714997727,
        38.27609436454636
      ],
      [
        -104.48455702772281,
        38.276097845805054
      ],
      [
        -104.48444255567294,
        38.276101327063756
      ],
      [
        -104.48432808362307,
        38.27610480832245
      ],
      [
        -104.48421361157318,
        38.276108289581146
      ],
      [
        -104.48409913952331,
        38.27611177083984
      ],
      [
        -104.48398466747342,
        38.276115252098535
      ],
      [
        -104.48387019542355,
        38.27611873335723
      ],
      [
        -104.48375572337368,
        38.276122214615924
      ],
      [
        -104.48364125132379,
        38.27612569587462
      ],
      [
        -104.48352677927392,
        38.27612917713332
      ],
      [
        -104.48341230722404,
        38.276132658392015
      ],
      [
        -104.48329783517416,
        38.27613613965071
      ],
      [
        -104.48318336312428,
        38.276139620909404
      ],
      [
        -104.4830688910744,
        38.2761431021681
      ],
      [
        -104.48295441902452,
        38.276146583426794
      ],
      [
        -104.48283994697465,
        38.27615006468549
      ],
      [
        -104.48272547492476,
        38.27615354594418
      ],
      [
        -104.48261100287489,
        38.276157027202885
      ],
      [
        -104.482496530825,
        38.27616050846158
      ],
      [
        -104.48238205877513,
        38.276163989720274
      ],
      [
        -104.48226758672526,
        38.27616747097897
      ],
      [
        -104.48215311467537,
        38.27617095223766
      ],
      [
        -104.4820386426255,
        38.27617443349636
      ],
      [
        -104.48192417057562,
        38.27617791475505
      ],
      [
        -104.48180969852574,
        38.27618139601375
      ],
      [
        -104.48169522647586,
        38.27618487727245
      ],
      [
        -104.48158075442598,
        38.276188358531144
      ],
      [
        -104.4814662823761,
        38.27619183978984
      ],
      [
        -104.48135181032623,
        38.27619532104853
      ],
      [
        -104.48123733827634,
        38.27619880230723
      ],
      [
        -104.48112286622647,
        38.27620228356592
      ],
      [
        -104.4810083941766,
        38.27620576482462
      ],
      [
        -104.48089392212671,
        38.27620924608331
      ],
      [
        -104.48077945007684,
        38.27621272734201
      ],
      [
        -104.48066497802695,
        38.27621620860071
      ],
      [
        -104.48055050597708,
        38.2762196898594
      ],
      [
        -104.4804360339272,
        38.2762231711181
      ],
      [
        -104.48032156187732,
        38.27622665237679
      ],
      [
        -104.48020708982745,
        38.27623013363549
      ],
      [
        -104.48009261777756,
        38.27623361489418
      ],
      [
        -104.47997814572769,
        38.276237096152876
      ],
      [
        -104.47986367367781,
        38.27624057741158
      ],
      [
        -104.47974920162793,
        38.27624405867027
      ],
      [
        -104.47963472957805,
        38.27624753992897
      ],
      [
        -104.47952025752818,
        38.27625102118766
      ],
      [
        -104.47940578547829,
        38.276254502446356
      ],
      [
        -104.47929131342842,
        38.27625798370505
      ],
      [
        -104.47917684137853,
        38.276261464963746
      ],
      [
        -104.47906236932866,
        38.27626494622244
      ],
      [
        -104.47894789727879,
        38.27626842748114
      ],
      [
        -104.4788334252289,
        38.27627190873984
      ],
      [
        -104.47871895317903,
        38.27627538999853
      ],
      [
        -104.47860448112914,
        38.276278871257226
      ],
      [
        -104.47849000907927,
        38.27628235251592
      ],
      [
        -104.4783755370294,
        38.276285833774615
      ],
      [
        -104.4782610649795,
        38.27628931503331
      ],
      [
        -104.47814659292963,
        38.276292796292005
      ],
      [
        -104.47803212087976,
        38.276296277550706
      ],
      [
        -104.47791764882987,
        38.2762997588094
      ],
      [
        -104.47780317678,
        38.276303240068096
      ],
      [
        -104.47768870473011,
        38.27630672132679
      ],
      [
        -104.47757423268024,
        38.276310202585485
      ],
      [
        -104.47745975890159,
        38.27631365143427
      ],
      [
        -104.47734528129894,
        38.276317028593795
      ],
      [
        -104.4772308036963,
        38.27632040575332
      ],
      [
        -104.47711632609365,
        38.27632378291284
      ],
      [
        -104.47700184849101,
        38.27632716007236
      ],
      [
        -104.47688737088838,
        38.276330537231885
      ],
      [
        -104.47677289328573,
        38.27633391439141
      ],
      [
        -104.47665841568309,
        38.27633729155093
      ],
      [
        -104.47654393808044,
        38.27634066871045
      ],
      [
        -104.4764294604778,
        38.276344045869976
      ],
      [
        -104.47631498287517,
        38.2763474230295
      ],
      [
        -104.47620050527252,
        38.27635080018903
      ],
      [
        -104.47608602766988,
        38.27635417734855
      ],
      [
        -104.47597155006723,
        38.276357554508074
      ],
      [
        -104.47585707246459,
        38.2763609316676
      ],
      [
        -104.47574259486196,
        38.27636430882712
      ],
      [
        -104.4756281172593,
        38.27636768598664
      ],
      [
        -104.47551363965667,
        38.276371063146165
      ],
      [
        -104.47539916205402,
        38.27637444030569
      ],
      [
        -104.47528468697259,
        38.276377871137534
      ],
      [
        -104.47517021250322,
        38.27638131499892
      ],
      [
        -104.47505573803383,
        38.2763847588603
      ],
      [
        -104.47494126356445,
        38.27638820272169
      ],
      [
        -104.47482678909506,
        38.27639164658308
      ],
      [
        -104.47471231462568,
        38.27639509044446
      ],
      [
        -104.47459784015629,
        38.27639853430585
      ],
      [
        -104.47448336568692,
        38.276401978167236
      ],
      [
        -104.47436889121754,
        38.276405422028624
      ],
      [
        -104.47425441674815,
        38.276408865890005
      ],
      [
        -104.47413994227877,
        38.27641230975139
      ],
      [
        -104.47402546780938,
        38.27641575361278
      ],
      [
        -104.47391099334001,
        38.27641919747416
      ],
      [
        -104.47379651887063,
        38.27642264133555
      ],
      [
        -104.47368204440124,
        38.27642608519694
      ],
      [
        -104.47356754429326,
        38.276428698507516
      ],
      [
        -104.47345299162085,
        38.276429609017185
      ],
      [
        -104.47333843894843,
        38.27643051952685
      ],
      [
        -104.47322388627602,
        38.27643143003651
      ],
      [
        -104.4731093336036,
        38.27643234054618
      ],
      [
        -104.47299478093117,
        38.27643325105584
      ],
      [
        -104.47288022825876,
        38.276434161565504
      ],
      [
        -104.47276567558634,
        38.276435072075174
      ],
      [
        -104.47265117259914,
        38.27643290782386
      ],
      [
        -104.47253668620255,
        38.27642971686591
      ],
      [
        -104.47242219980595,
        38.276426525907965
      ],
      [
        -104.47230771340935,
        38.27642333495002
      ],
      [
        -104.47219322701275,
        38.27642014399207
      ],
      [
        -104.47207874061614,
        38.27641695303412
      ],
      [
        -104.47196425421954,
        38.276413762076174
      ],
      [
        -104.47184992928771,
        38.276408157032144
      ],
      [
        -104.4717356466283,
        38.27640191996613
      ],
      [
        -104.47162136396891,
        38.276395682900116
      ],
      [
        -104.47150710220657,
        38.27638923857762
      ],
      [
        -104.47139299236915,
        38.27638128746918
      ],
      [
        -104.47127888253172,
        38.276373336360734
      ],
      [
        -104.47116477269428,
        38.2763653852523
      ],
      [
        -104.47105070860292,
        38.276357074405354
      ],
      [
        -104.4709368469016,
        38.2763471720005
      ],
      [
        -104.47082298520029,
        38.27633726959565
      ],
      [
        -104.47070912349896,
        38.2763273671908
      ],
      [
        -104.47059526179765,
        38.27631746478595
      ],
      [
        -104.47048140009635,
        38.2763075623811
      ],
      [
        -104.47036753839502,
        38.27629765997625
      ],
      [
        -104.47025367669372,
        38.276287757571396
      ],
      [
        -104.4701398149924,
        38.27627785516655
      ],
      [
        -104.47002595329108,
        38.2762679527617
      ],
      [
        -104.46991209158978,
        38.276258050356844
      ],
      [
        -104.46979822988845,
        38.276248147951996
      ],
      [
        -104.46968436818715,
        38.27623824554715
      ],
      [
        -104.46957050648582,
        38.27622834314229
      ],
      [
        -104.46945664478451,
        38.276218440737445
      ],
      [
        -104.46934278308319,
        38.2762085383326
      ],
      [
        -104.46922892138188,
        38.27619863592774
      ],
      [
        -104.46911505968058,
        38.27618873352289
      ],
      [
        -104.46900119797925,
        38.276178831118045
      ],
      [
        -104.46888731625239,
        38.27616907407578
      ],
      [
        -104.46877340196929,
        38.27615955335476
      ],
      [
        -104.46865948768617,
        38.27615003263374
      ],
      [
        -104.46854557340306,
        38.27614051191272
      ],
      [
        -104.46843165911994,
        38.2761309911917
      ],
      [
        -104.46831774483682,
        38.27612147047068
      ],
      [
        -104.46820383055372,
        38.276111949749655
      ],
      [
        -104.4680899162706,
        38.27610242902864
      ],
      [
        -104.46797600198748,
        38.27609290830762
      ],
      [
        -104.46786208770438,
        38.276083387586596
      ],
      [
        -104.46774817342126,
        38.27607386686557
      ],
      [
        -104.46763426093877,
        38.27606433342241
      ],
      [
        -104.46752045807959,
        38.276054025443074
      ],
      [
        -104.46740665522042,
        38.27604371746373
      ],
      [
        -104.46729285236124,
        38.27603340948439
      ],
      [
        -104.46717904950205,
        38.27602310150505
      ],
      [
        -104.46706524664287,
        38.27601279352571
      ],
      [
        -104.4669514437837,
        38.276002485546364
      ],
      [
        -104.46683764092452,
        38.27599217756702
      ],
      [
        -104.46672383806535,
        38.27598186958768
      ],
      [
        -104.46661003520617,
        38.27597156160834
      ],
      [
        -104.466496232347,
        38.275961253629
      ],
      [
        -104.46638242948782,
        38.275950945649654
      ],
      [
        -104.46626862662865,
        38.27594063767032
      ],
      [
        -104.46615482338366,
        38.27593033237847
      ],
      [
        -104.46604096396156,
        38.27592041841252
      ],
      [
        -104.46592710453946,
        38.275910504446564
      ],
      [
        -104.46581324511736,
        38.27590059048061
      ],
      [
        -104.46569938569526,
        38.275890676514656
      ],
      [
        -104.46558552627314,
        38.2758807625487
      ],
      [
        -104.46547166685104,
        38.27587084858275
      ],
      [
        -104.46535780742894,
        38.275860934616794
      ],
      [
        -104.46524394800684,
        38.27585102065084
      ],
      [
        -104.46513008858474,
        38.27584110668489
      ],
      [
        -104.46501622916264,
        38.275831192718925
      ],
      [
        -104.46490236974054,
        38.27582127875297
      ],
      [
        -104.46478851031844,
        38.27581136478702
      ],
      [
        -104.46467465089634,
        38.275801450821064
      ],
      [
        -104.46456079147424,
        38.27579153685511
      ],
      [
        -104.46444693205214,
        38.275781622889156
      ],
      [
        -104.46433313294199,
        38.27577130085412
      ],
      [
        -104.46423619999993,
        38.275762099999994
      ],
      [
        -104.46421938283133,
        38.275760648488564
      ],
      [
        -104.46410551195373,
        38.275750820146776
      ],
      [
        -104.46399164107612,
        38.275740991804994
      ],
      [
        -104.46387777019852,
        38.27573116346321
      ],
      [
        -104.46376389932091,
        38.27572133512143
      ],
      [
        -104.46365002844331,
        38.27571150677965
      ],
      [
        -104.4635361575657,
        38.27570167843786
      ],
      [
        -104.4634222866881,
        38.27569185009608
      ],
      [
        -104.46330841581049,
        38.2756820217543
      ],
      [
        -104.46319454493289,
        38.27567219341252
      ],
      [
        -104.46308067405528,
        38.27566236507074
      ],
      [
        -104.46296680317768,
        38.27565253672895
      ],
      [
        -104.46285293230007,
        38.27564270838717
      ],
      [
        -104.46273906142247,
        38.275632880045386
      ],
      [
        -104.46262519054486,
        38.275623051703604
      ],
      [
        -104.46251131966724,
        38.27561322336182
      ],
      [
        -104.46239744878964,
        38.275603395020035
      ],
      [
        -104.46228357791203,
        38.27559356667825
      ],
      [
        -104.46216970703443,
        38.27558373833647
      ],
      [
        -104.46205583615682,
        38.27557390999469
      ],
      [
        -104.46194196527922,
        38.27556408165291
      ],
      [
        -104.46182809440161,
        38.27555425331112
      ],
      [
        -104.46171422352401,
        38.27554442496934
      ],
      [
        -104.4616003526464,
        38.27553459662756
      ],
      [
        -104.4614864817688,
        38.27552476828578
      ],
      [
        -104.46137261089119,
        38.275514939943996
      ],
      [
        -104.46125874001359,
        38.27550511160221
      ],
      [
        -104.46114486913598,
        38.275495283260426
      ],
      [
        -104.46103099825838,
        38.275485454918645
      ],
      [
        -104.46091712738077,
        38.27547562657686
      ],
      [
        -104.46080325650317,
        38.27546579823508
      ],
      [
        -104.46068938562556,
        38.275455969893294
      ],
      [
        -104.46057551474796,
        38.27544614155151
      ],
      [
        -104.46046164387035,
        38.27543631320973
      ],
      [
        -104.46034777299275,
        38.27542648486795
      ],
      [
        -104.46023390211514,
        38.27541665652617
      ],
      [
        -104.46012003123754,
        38.27540682818438
      ],
      [
        -104.46000616035992,
        38.2753969998426
      ],
      [
        -104.45989228948233,
        38.27538717150082
      ],
      [
        -104.45977841860471,
        38.275377343159036
      ],
      [
        -104.4596645477271,
        38.275367514817255
      ],
      [
        -104.4595506768495,
        38.275357686475466
      ],
      [
        -104.45943680597189,
        38.275347858133685
      ],
      [
        -104.45932293509429,
        38.275338029791904
      ],
      [
        -104.45920906421668,
        38.27532820145012
      ],
      [
        -104.45909519333908,
        38.27531837310834
      ],
      [
        -104.45898132246147,
        38.27530854476655
      ],
      [
        -104.45886745158387,
        38.27529871642477
      ],
      [
        -104.45875358070626,
        38.27528888808299
      ],
      [
        -104.45863970982866,
        38.27527905974121
      ],
      [
        -104.45852583895105,
        38.27526923139943
      ],
      [
        -104.45841196807345,
        38.27525940305764
      ],
      [
        -104.45829809719584,
        38.27524957471586
      ],
      [
        -104.45818422631824,
        38.275239746374076
      ],
      [
        -104.45807035544063,
        38.275229918032295
      ],
      [
        -104.45795648456303,
        38.275220089690514
      ],
      [
        -104.45784261368541,
        38.275210261348725
      ],
      [
        -104.45772874280782,
        38.275200433006944
      ],
      [
        -104.45764610000494,
        38.275193300000424
      ],
      [
        -104.45761487889969,
        38.27519055782928
      ],
      [
        -104.45750103343582,
        38.27518055870389
      ],
      [
        -104.45738718797195,
        38.275170559578484
      ],
      [
        -104.45727334250806,
        38.27516056045309
      ],
      [
        -104.45715949704419,
        38.275150561327685
      ],
      [
        -104.45704565158032,
        38.27514056220229
      ],
      [
        -104.45693180611643,
        38.27513056307689
      ],
      [
        -104.45681796065256,
        38.27512056395149
      ],
      [
        -104.45670411518869,
        38.27511056482609
      ],
      [
        -104.4565902697248,
        38.2751005657007
      ],
      [
        -104.45647642426093,
        38.275090566575294
      ],
      [
        -104.45636257879706,
        38.2750805674499
      ],
      [
        -104.45624873333317,
        38.2750705683245
      ],
      [
        -104.4561348878693,
        38.2750605691991
      ],
      [
        -104.45602104240542,
        38.2750505700737
      ],
      [
        -104.45590719694154,
        38.2750405709483
      ],
      [
        -104.45579335147767,
        38.2750305718229
      ],
      [
        -104.4556795060138,
        38.27502057269751
      ],
      [
        -104.45556566054991,
        38.275010573572104
      ],
      [
        -104.45545181508604,
        38.27500057444671
      ],
      [
        -104.45533796962216,
        38.27499057532131
      ],
      [
        -104.45522412415828,
        38.27498057619591
      ],
      [
        -104.4551102786944,
        38.27497057707051
      ],
      [
        -104.45499643323053,
        38.274960577945116
      ],
      [
        -104.45488258776665,
        38.27495057881971
      ],
      [
        -104.45476874230278,
        38.27494057969432
      ],
      [
        -104.4546548968389,
        38.27493058056892
      ],
      [
        -104.45454105137502,
        38.27492058144352
      ],
      [
        -104.45442720591114,
        38.27491058231812
      ],
      [
        -104.45431336044727,
        38.27490058319272
      ],
      [
        -104.45419951498339,
        38.27489058406732
      ],
      [
        -104.45408566951951,
        38.274880584941926
      ],
      [
        -104.45397182405564,
        38.27487058581652
      ],
      [
        -104.45385797859177,
        38.274860586691126
      ],
      [
        -104.45374413312788,
        38.27485058756573
      ],
      [
        -104.45363028766401,
        38.27484058844033
      ],
      [
        -104.45351644220014,
        38.27483058931493
      ],
      [
        -104.45340259673625,
        38.274820590189535
      ],
      [
        -104.45328875127238,
        38.27481059106413
      ],
      [
        -104.45317490580851,
        38.274800591938735
      ],
      [
        -104.45306106034462,
        38.27479059281333
      ],
      [
        -104.45294721488075,
        38.274780593687936
      ],
      [
        -104.45283336941688,
        38.27477059456254
      ],
      [
        -104.452719523953,
        38.27476059543714
      ],
      [
        -104.45260567848912,
        38.27475059631174
      ],
      [
        -104.45249183302525,
        38.274740597186344
      ],
      [
        -104.45237798756136,
        38.27473059806094
      ],
      [
        -104.45226414209749,
        38.274720598935545
      ],
      [
        -104.45215029663362,
        38.27471059981015
      ],
      [
        -104.45203645116973,
        38.274700600684746
      ],
      [
        -104.45192260570586,
        38.27469060155935
      ],
      [
        -104.45180876024199,
        38.274680602433946
      ],
      [
        -104.4516949147781,
        38.27467060330855
      ],
      [
        -104.45158106931423,
        38.274660604183154
      ],
      [
        -104.45146722385036,
        38.27465060505775
      ],
      [
        -104.45135337838647,
        38.274640605932355
      ],
      [
        -104.4512395329226,
        38.27463060680696
      ],
      [
        -104.45112568745873,
        38.274620607681555
      ],
      [
        -104.45101184199484,
        38.27461060855616
      ],
      [
        -104.45089799653097,
        38.27460060943076
      ],
      [
        -104.4507841510671,
        38.27459061030536
      ],
      [
        -104.45067030560321,
        38.274580611179964
      ],
      [
        -104.45055646013934,
        38.27457061205457
      ],
      [
        -104.45044261467547,
        38.274560612929164
      ],
      [
        -104.45032876921158,
        38.27455061380377
      ],
      [
        -104.45021492374771,
        38.274540614678365
      ],
      [
        -104.45010107828384,
        38.27453061555297
      ],
      [
        -104.44998723281995,
        38.27452061642757
      ],
      [
        -104.44987338735608,
        38.27451061730217
      ],
      [
        -104.4497595418922,
        38.27450061817677
      ],
      [
        -104.44964569642832,
        38.27449061905138
      ],
      [
        -104.44953185096445,
        38.274480619925974
      ],
      [
        -104.44941800550058,
        38.27447062080058
      ],
      [
        -104.4493041600367,
        38.27446062167518
      ],
      [
        -104.44919031457282,
        38.27445062254978
      ],
      [
        -104.44907646910895,
        38.27444062342438
      ],
      [
        -104.44896262364507,
        38.27443062429898
      ],
      [
        -104.44884877818119,
        38.27442062517358
      ],
      [
        -104.44873493271731,
        38.27441062604819
      ],
      [
        -104.44862108725344,
        38.274400626922784
      ],
      [
        -104.44850724178956,
        38.27439062779739
      ],
      [
        -104.44839339632568,
        38.27438062867199
      ],
      [
        -104.44827955086181,
        38.27437062954659
      ],
      [
        -104.44816570539793,
        38.27436063042119
      ],
      [
        -104.44805185993405,
        38.274350631295796
      ],
      [
        -104.44793801447018,
        38.27434063217039
      ],
      [
        -104.4478241690063,
        38.274330633045
      ],
      [
        -104.44771032354242,
        38.274320633919594
      ],
      [
        -104.44759647807855,
        38.2743106347942
      ],
      [
        -104.44748263261467,
        38.2743006356688
      ],
      [
        -104.4473687871508,
        38.2742906365434
      ],
      [
        -104.44725494168692,
        38.274280637418
      ],
      [
        -104.44714109622304,
        38.274270638292606
      ],
      [
        -104.44702725075916,
        38.2742606391672
      ],
      [
        -104.44691340529529,
        38.27425064004181
      ],
      [
        -104.4467995598314,
        38.27424064091641
      ],
      [
        -104.44668571436753,
        38.27423064179101
      ],
      [
        -104.44657186890366,
        38.27422064266561
      ],
      [
        -104.44645802343977,
        38.274210643540215
      ],
      [
        -104.4463441779759,
        38.27420064441481
      ],
      [
        -104.44623033251203,
        38.274190645289416
      ],
      [
        -104.44611648704814,
        38.27418064616401
      ],
      [
        -104.44600264158427,
        38.274170647038616
      ],
      [
        -104.4458887961204,
        38.27416064791322
      ],
      [
        -104.44577495065651,
        38.27415064878782
      ],
      [
        -104.44566110519264,
        38.27414064966242
      ],
      [
        -104.44554725972877,
        38.274130650537025
      ],
      [
        -104.44543341288049,
        38.27412066554512
      ],
      [
        -104.44531956031261,
        38.27411073894537
      ],
      [
        -104.44520570774475,
        38.274100812345615
      ],
      [
        -104.44509185517687,
        38.27409088574586
      ],
      [
        -104.44497800260899,
        38.27408095914611
      ],
      [
        -104.44486415004111,
        38.27407103254635
      ],
      [
        -104.44475029747325,
        38.2740611059466
      ],
      [
        -104.44463644490537,
        38.27405117934685
      ],
      [
        -104.44452259233749,
        38.2740412527471
      ],
      [
        -104.44440873976963,
        38.27403132614734
      ],
      [
        -104.44429488720175,
        38.274021399547586
      ],
      [
        -104.44418103463387,
        38.274011472947834
      ],
      [
        -104.444067182066,
        38.27400154634808
      ],
      [
        -104.44395332949813,
        38.27399161974832
      ],
      [
        -104.44383947693025,
        38.27398169314857
      ],
      [
        -104.44372562436237,
        38.27397176654882
      ],
      [
        -104.4436117717945,
        38.27396183994907
      ],
      [
        -104.44349791922663,
        38.273951913349315
      ],
      [
        -104.44338406665875,
        38.273941986749556
      ],
      [
        -104.44327021409087,
        38.273932060149804
      ],
      [
        -104.443156361523,
        38.27392213355005
      ],
      [
        -104.44304250895513,
        38.2739122069503
      ],
      [
        -104.44292865638725,
        38.27390228035054
      ],
      [
        -104.44281480381937,
        38.27389235375079
      ],
      [
        -104.44270095125151,
        38.27388242715104
      ],
      [
        -104.44258709868363,
        38.273872500551285
      ],
      [
        -104.44247324611575,
        38.27386257395153
      ],
      [
        -104.44235939354787,
        38.273852647351774
      ],
      [
        -104.44224554098001,
        38.27384272075202
      ],
      [
        -104.44213168841213,
        38.27383279415227
      ],
      [
        -104.44201783584425,
        38.27382286755252
      ],
      [
        -104.44190398327638,
        38.27381294095276
      ],
      [
        -104.44179013070851,
        38.27380301435301
      ],
      [
        -104.44167627814063,
        38.273793087753255
      ],
      [
        -104.44156242557276,
        38.2737831611535
      ],
      [
        -104.44144857300488,
        38.27377323455375
      ],
      [
        -104.44133472043701,
        38.27376330795399
      ],
      [
        -104.44122086786913,
        38.27375338135424
      ],
      [
        -104.44110701530126,
        38.27374345475449
      ],
      [
        -104.44099316273339,
        38.273733528154736
      ],
      [
        -104.44087931016551,
        38.27372360155498
      ],
      [
        -104.44076545759764,
        38.273713674955225
      ],
      [
        -104.44065160502976,
        38.27370374835547
      ],
      [
        -104.44053775246189,
        38.27369382175572
      ],
      [
        -104.44042389989401,
        38.27368389515597
      ],
      [
        -104.44031004732614,
        38.27367396855621
      ],
      [
        -104.44019619475826,
        38.27366404195646
      ],
      [
        -104.4400823421904,
        38.273654115356706
      ],
      [
        -104.43996848962252,
        38.273644188756954
      ],
      [
        -104.43985463705464,
        38.273634262157195
      ],
      [
        -104.43974078448676,
        38.27362433555744
      ],
      [
        -104.4396269319189,
        38.27361440895769
      ],
      [
        -104.43951307935102,
        38.27360448235794
      ],
      [
        -104.43939922678314,
        38.27359455575819
      ],
      [
        -104.43928537421527,
        38.27358462915843
      ],
      [
        -104.4391715216474,
        38.273574702558676
      ],
      [
        -104.43905766907952,
        38.273564775958924
      ],
      [
        -104.43894381651164,
        38.27355484935917
      ],
      [
        -104.43882996394377,
        38.27354492275941
      ],
      [
        -104.4387161113759,
        38.27353499615966
      ],
      [
        -104.43860225880802,
        38.27352506955991
      ],
      [
        -104.43848840624014,
        38.27351514296016
      ],
      [
        -104.43837455367228,
        38.2735052163604
      ],
      [
        -104.4382607011044,
        38.273495289760646
      ],
      [
        -104.43814684853652,
        38.273485363160894
      ],
      [
        -104.43803299596865,
        38.27347543656114
      ],
      [
        -104.43791914340078,
        38.27346550996139
      ],
      [
        -104.4378052908329,
        38.27345558336163
      ],
      [
        -104.43769143826502,
        38.27344565676188
      ],
      [
        -104.43757758569716,
        38.27343573016213
      ],
      [
        -104.43746373312928,
        38.273425803562375
      ],
      [
        -104.4373498805614,
        38.273415876962616
      ],
      [
        -104.43723602799352,
        38.273405950362864
      ],
      [
        -104.43712217542566,
        38.27339602376311
      ],
      [
        -104.43700832285778,
        38.27338609716336
      ],
      [
        -104.4368944702899,
        38.27337617056361
      ],
      [
        -104.43678061772202,
        38.27336624396385
      ],
      [
        -104.43666676515416,
        38.2733563173641
      ],
      [
        -104.43655291258628,
        38.273346390764345
      ],
      [
        -104.4364390600184,
        38.27333646416459
      ],
      [
        -104.43632520745054,
        38.273326537564834
      ],
      [
        -104.43621135488266,
        38.27331661096508
      ],
      [
        -104.43609750231478,
        38.27330668436533
      ],
      [
        -104.4359836497469,
        38.27329675776558
      ],
      [
        -104.43586979717904,
        38.27328683116583
      ],
      [
        -104.43575594461116,
        38.27327690456607
      ],
      [
        -104.43564209204328,
        38.273266977966315
      ],
      [
        -104.4355282394754,
        38.27325705136656
      ],
      [
        -104.43541438690754,
        38.27324712476681
      ],
      [
        -104.43530053433966,
        38.27323719816705
      ],
      [
        -104.43518668177178,
        38.2732272715673
      ],
      [
        -104.4350728292039,
        38.27321734496755
      ],
      [
        -104.43495897663604,
        38.2732074183678
      ],
      [
        -104.43484512406816,
        38.273197491768045
      ],
      [
        -104.43473127150028,
        38.273187565168286
      ],
      [
        -104.43461741893242,
        38.273177638568534
      ],
      [
        -104.43450356636454,
        38.27316771196878
      ],
      [
        -104.43438971379666,
        38.27315778536903
      ],
      [
        -104.43427586122878,
        38.27314785876927
      ],
      [
        -104.43416200866092,
        38.27313793216952
      ],
      [
        -104.43404815609304,
        38.27312800556977
      ],
      [
        -104.43393430352516,
        38.273118078970015
      ],
      [
        -104.43382045095728,
        38.27310815237026
      ],
      [
        -104.43370659838942,
        38.273098225770504
      ],
      [
        -104.43359274582154,
        38.27308829917075
      ],
      [
        -104.43347889325366,
        38.273078372571
      ],
      [
        -104.43336504068579,
        38.27306844597125
      ],
      [
        -104.43325118811792,
        38.27305851937149
      ],
      [
        -104.43313733555004,
        38.27304859277174
      ],
      [
        -104.43302348298216,
        38.273038666171985
      ],
      [
        -104.4329096304143,
        38.27302873957223
      ],
      [
        -104.43279577784642,
        38.273018812972474
      ],
      [
        -104.43268192527854,
        38.27300888637272
      ],
      [
        -104.43256807271067,
        38.27299895977297
      ],
      [
        -104.4324542201428,
        38.27298903317322
      ],
      [
        -104.43234036757492,
        38.272979106573466
      ],
      [
        -104.43222651500705,
        38.27296917997371
      ],
      [
        -104.43211266243917,
        38.272959253373955
      ],
      [
        -104.4319988098713,
        38.2729493267742
      ],
      [
        -104.43188495730342,
        38.27293940017445
      ],
      [
        -104.43177110473555,
        38.27292947357469
      ],
      [
        -104.43165725216767,
        38.27291954697494
      ],
      [
        -104.4315433995998,
        38.27290962037519
      ],
      [
        -104.43142954703193,
        38.272899693775436
      ],
      [
        -104.43131569446405,
        38.272889767175684
      ],
      [
        -104.43120184189618,
        38.272879840575925
      ],
      [
        -104.4310879893283,
        38.27286991397617
      ],
      [
        -104.43097413676043,
        38.27285998737642
      ],
      [
        -104.43086028419255,
        38.27285006077667
      ],
      [
        -104.43074643162468,
        38.27284013417691
      ],
      [
        -104.4306325790568,
        38.27283020757716
      ],
      [
        -104.43051872648893,
        38.272820280977406
      ],
      [
        -104.43040487392105,
        38.272810354377654
      ],
      [
        -104.43029102135318,
        38.2728004277779
      ],
      [
        -104.4301771687853,
        38.27279050117814
      ],
      [
        -104.43006331621743,
        38.27278057457839
      ],
      [
        -104.42994946364955,
        38.27277064797864
      ],
      [
        -104.42983561108169,
        38.27276072137889
      ],
      [
        -104.42972175851381,
        38.27275079477913
      ],
      [
        -104.42960790594593,
        38.272740868179376
      ],
      [
        -104.42949405337806,
        38.272730941579624
      ],
      [
        -104.42938020081019,
        38.27272101497987
      ],
      [
        -104.42926634824231,
        38.27271108838012
      ],
      [
        -104.42915249567443,
        38.27270116178036
      ],
      [
        -104.42903864310657,
        38.27269123518061
      ],
      [
        -104.42892479053869,
        38.27268130858086
      ],
      [
        -104.42881093797081,
        38.272671381981105
      ],
      [
        -104.42869708540293,
        38.272661455381346
      ],
      [
        -104.42858323283507,
        38.272651528781594
      ],
      [
        -104.42846938026719,
        38.27264160218184
      ],
      [
        -104.42835552769931,
        38.27263167558209
      ],
      [
        -104.42824167513145,
        38.27262174898233
      ],
      [
        -104.42812782256357,
        38.27261182238258
      ],
      [
        -104.42801396999569,
        38.27260189578283
      ],
      [
        -104.42790011742781,
        38.272591969183075
      ],
      [
        -104.42778626485995,
        38.27258204258332
      ],
      [
        -104.42767241229207,
        38.272572115983564
      ],
      [
        -104.42755855972419,
        38.27256218938381
      ],
      [
        -104.42744470715631,
        38.27255226278406
      ],
      [
        -104.42733085458845,
        38.27254233618431
      ],
      [
        -104.42721700202057,
        38.27253240958455
      ],
      [
        -104.42710314945269,
        38.2725224829848
      ],
      [
        -104.42698929688481,
        38.272512556385045
      ],
      [
        -104.42687544431695,
        38.27250262978529
      ],
      [
        -104.42676159174907,
        38.27249270318554
      ],
      [
        -104.42664773918119,
        38.27248277658578
      ],
      [
        -104.42653388661333,
        38.27247284998603
      ],
      [
        -104.42642003404545,
        38.27246292338628
      ],
      [
        -104.42630618147757,
        38.27245299678653
      ],
      [
        -104.42619232890969,
        38.27244307018677
      ],
      [
        -104.42607847634183,
        38.272433143587016
      ],
      [
        -104.42596462377395,
        38.272423216987264
      ],
      [
        -104.42585077120607,
        38.27241329038751
      ],
      [
        -104.4257369186382,
        38.27240336378776
      ],
      [
        -104.42562306607033,
        38.272393437188
      ],
      [
        -104.42550921350245,
        38.27238351058825
      ],
      [
        -104.42539536093457,
        38.2723735839885
      ],
      [
        -104.4252815083667,
        38.272363657388745
      ],
      [
        -104.42516765579883,
        38.272353730788986
      ],
      [
        -104.42505380323095,
        38.272343804189234
      ],
      [
        -104.42493995066307,
        38.27233387758948
      ],
      [
        -104.42482609809521,
        38.27232395098973
      ],
      [
        -104.42471224552733,
        38.27231402438998
      ],
      [
        -104.42459839295945,
        38.27230409779022
      ],
      [
        -104.42448454039157,
        38.27229417119047
      ],
      [
        -104.42437068782371,
        38.272284244590715
      ],
      [
        -104.42425683525583,
        38.27227431799096
      ],
      [
        -104.42414298268795,
        38.272264391391204
      ],
      [
        -104.42402913012008,
        38.27225446479145
      ],
      [
        -104.42391527755221,
        38.2722445381917
      ],
      [
        -104.42380142498433,
        38.27223461159195
      ],
      [
        -104.42368757241645,
        38.272224684992196
      ],
      [
        -104.42357371984858,
        38.27221475839244
      ],
      [
        -104.42345986728071,
        38.272204831792685
      ],
      [
        -104.42334601471283,
        38.27219490519293
      ],
      [
        -104.42323216214496,
        38.27218497859318
      ],
      [
        -104.42311830957709,
        38.27217505199342
      ],
      [
        -104.42300445700921,
        38.27216512539367
      ],
      [
        -104.42289060444133,
        38.27215519879392
      ],
      [
        -104.42277675187346,
        38.272145272194166
      ],
      [
        -104.42266289930559,
        38.27213534559441
      ],
      [
        -104.42254904673771,
        38.272125418994655
      ],
      [
        -104.42243519416984,
        38.2721154923949
      ],
      [
        -104.42232134160196,
        38.27210556579515
      ],
      [
        -104.4222074890341,
        38.2720956391954
      ],
      [
        -104.42209363646622,
        38.27208571259564
      ],
      [
        -104.42197978389834,
        38.27207578599589
      ],
      [
        -104.42186593133046,
        38.272065859396136
      ],
      [
        -104.4217520787626,
        38.272055932796384
      ],
      [
        -104.42163822619472,
        38.272046006196625
      ],
      [
        -104.42152437362684,
        38.27203607959687
      ],
      [
        -104.42141052105897,
        38.27202615299712
      ],
      [
        -104.4212966684911,
        38.27201622639737
      ],
      [
        -104.42118281592322,
        38.27200629979762
      ],
      [
        -104.42106896335534,
        38.27199637319786
      ],
      [
        -104.42095511078747,
        38.271986446598106
      ],
      [
        -104.4208412582196,
        38.271976519998354
      ],
      [
        -104.42072740565172,
        38.2719665933986
      ],
      [
        -104.42061355308384,
        38.27195666679884
      ],
      [
        -104.42049970051598,
        38.27194674019909
      ],
      [
        -104.4203858479481,
        38.27193681359934
      ],
      [
        -104.42027199538022,
        38.27192688699959
      ],
      [
        -104.42015814281235,
        38.271916960399835
      ],
      [
        -104.42004429024448,
        38.271907033800076
      ],
      [
        -104.4199304376766,
        38.271897107200324
      ],
      [
        -104.41981658510872,
        38.27188718060057
      ],
      [
        -104.41970273254086,
        38.27187725400082
      ],
      [
        -104.41958887997298,
        38.27186732740106
      ],
      [
        -104.4194750274051,
        38.27185740080131
      ],
      [
        -104.41936117483722,
        38.27184747420156
      ],
      [
        -104.41924732226936,
        38.271837547601805
      ],
      [
        -104.41913346970148,
        38.27182762100205
      ],
      [
        -104.4190196171336,
        38.271817694402294
      ],
      [
        -104.41890576456572,
        38.27180776780254
      ],
      [
        -104.41879191199786,
        38.27179784120279
      ],
      [
        -104.41867805942998,
        38.27178791460304
      ],
      [
        -104.4185642068621,
        38.27177798800328
      ],
      [
        -104.41845035429424,
        38.27176806140353
      ],
      [
        -104.41833650172636,
        38.271758134803775
      ],
      [
        -104.41822264915848,
        38.27174820820402
      ],
      [
        -104.4181087965906,
        38.27173828160427
      ],
      [
        -104.41799494402274,
        38.27172835500451
      ],
      [
        -104.41788109145486,
        38.27171842840476
      ],
      [
        -104.41776723888698,
        38.27170850180501
      ],
      [
        -104.4176533863191,
        38.27169857520526
      ],
      [
        -104.41753953375124,
        38.2716886486055
      ],
      [
        -104.41742568118336,
        38.271678722005745
      ],
      [
        -104.41731182861548,
        38.27166879540599
      ],
      [
        -104.4171979760476,
        38.27165886880624
      ],
      [
        -104.41708412347974,
        38.27164894220648
      ],
      [
        -104.41697027091186,
        38.27163901560673
      ],
      [
        -104.41685641834398,
        38.27162908900698
      ],
      [
        -104.41674256577612,
        38.27161916240723
      ],
      [
        -104.41662871320824,
        38.271609235807475
      ],
      [
        -104.41651486064036,
        38.271599309207716
      ],
      [
        -104.41640100807248,
        38.271589382607964
      ],
      [
        -104.41628715550462,
        38.27157945600821
      ],
      [
        -104.41617330293674,
        38.27156952940846
      ],
      [
        -104.41605945036886,
        38.2715596028087
      ],
      [
        -104.41594559780098,
        38.27154967620895
      ],
      [
        -104.41583174523312,
        38.2715397496092
      ],
      [
        -104.41571789266524,
        38.271529823009445
      ],
      [
        -104.41560404009736,
        38.27151989640969
      ],
      [
        -104.41549018752949,
        38.271509969809934
      ],
      [
        -104.41537633496162,
        38.27150004321018
      ],
      [
        -104.41526248239374,
        38.27149011661043
      ],
      [
        -104.41514862982586,
        38.27148019001068
      ],
      [
        -104.415034777258,
        38.27147026341092
      ],
      [
        -104.41492092469012,
        38.27146033681117
      ],
      [
        -104.41480707212224,
        38.271450410211415
      ],
      [
        -104.41469321955437,
        38.27144048361166
      ],
      [
        -104.4145793669865,
        38.27143055701191
      ],
      [
        -104.41446551441862,
        38.27142063041215
      ],
      [
        -104.41435166185074,
        38.2714107038124
      ],
      [
        -104.41423780928287,
        38.27140077721265
      ],
      [
        -104.414123956715,
        38.271390850612896
      ],
      [
        -104.41401010414712,
        38.27138092401314
      ],
      [
        -104.41389625157925,
        38.271370997413385
      ],
      [
        -104.41378239901137,
        38.27136107081363
      ],
      [
        -104.4136685464435,
        38.27135114421388
      ],
      [
        -104.41355469387562,
        38.27134121761413
      ],
      [
        -104.41344084130775,
        38.27133129101437
      ],
      [
        -104.41332698873988,
        38.27132136441462
      ],
      [
        -104.413213136172,
        38.271311437814866
      ],
      [
        -104.41309928360413,
        38.271301511215114
      ],
      [
        -104.41298543103625,
        38.271291584615355
      ],
      [
        -104.41287157846838,
        38.2712816580156
      ],
      [
        -104.4127577259005,
        38.27127173141585
      ],
      [
        -104.41264387333263,
        38.2712618048161
      ],
      [
        -104.41253002076475,
        38.27125187821634
      ],
      [
        -104.41241616819688,
        38.27124195161659
      ],
      [
        -104.412302315629,
        38.271232025016836
      ],
      [
        -104.41218846306113,
        38.271222098417084
      ],
      [
        -104.41207461049325,
        38.27121217181733
      ],
      [
        -104.41196075792539,
        38.27120224521757
      ],
      [
        -104.4118469053575,
        38.27119231861782
      ],
      [
        -104.41173305278963,
        38.27118239201807
      ],
      [
        -104.41161920022176,
        38.27117246541832
      ],
      [
        -104.41150534765389,
        38.27116253881856
      ],
      [
        -104.41139149508601,
        38.271152612218806
      ],
      [
        -104.41127764251813,
        38.271142685619054
      ],
      [
        -104.41116378995027,
        38.2711327590193
      ],
      [
        -104.41104993738239,
        38.27112283241955
      ],
      [
        -104.41093606943888,
        38.271113025645654
      ],
      [
        -104.41082218909109,
        38.271103315541055
      ],
      [
        -104.41070830874331,
        38.27109360543645
      ],
      [
        -104.41059442839553,
        38.27108389533185
      ],
      [
        -104.41048054804774,
        38.27107418522724
      ],
      [
        -104.41036666769996,
        38.27106447512264
      ],
      [
        -104.41025278735219,
        38.271054765018036
      ],
      [
        -104.41013890700441,
        38.271045054913436
      ],
      [
        -104.41002502665663,
        38.27103534480883
      ],
      [
        -104.40991114630884,
        38.27102563470423
      ],
      [
        -104.40979726596106,
        38.271015924599624
      ],
      [
        -104.40968338561328,
        38.27100621449502
      ],
      [
        -104.4095695052655,
        38.27099650439042
      ],
      [
        -104.40945562491771,
        38.27098679428581
      ],
      [
        -104.40934174456994,
        38.27097708418121
      ],
      [
        -104.40922786422216,
        38.270967374076605
      ],
      [
        -104.40911398387438,
        38.270957663972005
      ],
      [
        -104.4090001035266,
        38.2709479538674
      ],
      [
        -104.40888622317881,
        38.2709382437628
      ],
      [
        -104.40877234283103,
        38.27092853365819
      ],
      [
        -104.40865848870882,
        38.270918638099786
      ],
      [
        -104.40854464959075,
        38.270908636439856
      ],
      [
        -104.40843081047267,
        38.270898634779925
      ],
      [
        -104.4083169713546,
        38.270888633119995
      ],
      [
        -104.40820313223652,
        38.270878631460064
      ],
      [
        -104.40808929311844,
        38.27086862980014
      ],
      [
        -104.40797545400036,
        38.27085862814021
      ],
      [
        -104.4078616148823,
        38.27084862648028
      ],
      [
        -104.40774777576422,
        38.27083862482035
      ],
      [
        -104.40763393664614,
        38.27082862316042
      ],
      [
        -104.40752009752806,
        38.27081862150049
      ],
      [
        -104.40740625840999,
        38.27080861984056
      ],
      [
        -104.4072924192919,
        38.27079861818063
      ],
      [
        -104.40717858017383,
        38.2707886165207
      ],
      [
        -104.40706474105576,
        38.27077861486077
      ],
      [
        -104.40695090193769,
        38.27076861320084
      ],
      [
        -104.4068370628196,
        38.27075861154091
      ],
      [
        -104.40672322892335,
        38.27074857468814
      ],
      [
        -104.40660939696933,
        38.27073852474549
      ],
      [
        -104.4064955650153,
        38.27072847480283
      ],
      [
        -104.4063817330613,
        38.27071842486018
      ],
      [
        -104.40626790110727,
        38.270708374917525
      ],
      [
        -104.40615406915325,
        38.270698324974866
      ],
      [
        -104.40604023719924,
        38.270688275032214
      ],
      [
        -104.40592640524521,
        38.27067822508956
      ],
      [
        -104.40581257329119,
        38.2706681751469
      ],
      [
        -104.40569874133718,
        38.27065812520425
      ],
      [
        -104.40558490938315,
        38.2706480752616
      ],
      [
        -104.40547107742913,
        38.270638025318945
      ],
      [
        -104.40535724547512,
        38.270627975376286
      ],
      [
        -104.40524341352109,
        38.27061792543363
      ],
      [
        -104.40512958156707,
        38.27060787549098
      ],
      [
        -104.40501574961306,
        38.27059782554832
      ],
      [
        -104.40490191765903,
        38.27058777560567
      ],
      [
        -104.40478812344926,
        38.27057746785529
      ],
      [
        -104.40467433284182,
        38.270567135499554
      ],
      [
        -104.40456054223439,
        38.27055680314381
      ],
      [
        -104.40444675162696,
        38.27054647078807
      ],
      [
        -104.40433296101952,
        38.270536138432334
      ],
      [
        -104.40421917041209,
        38.27052580607659
      ],
      [
        -104.40410537980466,
        38.27051547372085
      ],
      [
        -104.40399158919722,
        38.27050514136511
      ],
      [
        -104.40387779858979,
        38.27049480900937
      ],
      [
        -104.40376400798236,
        38.270484476653635
      ],
      [
        -104.40365021737492,
        38.27047414429789
      ],
      [
        -104.40353642676749,
        38.27046381194215
      ],
      [
        -104.40342263616006,
        38.270453479586415
      ],
      [
        -104.40330884555262,
        38.27044314723067
      ],
      [
        -104.40319505494519,
        38.27043281487493
      ],
      [
        -104.40308126433776,
        38.270422482519194
      ],
      [
        -104.40296747373031,
        38.27041215016345
      ],
      [
        -104.40285368312288,
        38.27040181780771
      ],
      [
        -104.40273989251546,
        38.270391485451974
      ],
      [
        -104.40262610190801,
        38.27038115309623
      ],
      [
        -104.40251231130058,
        38.27037082074049
      ],
      [
        -104.40239852069315,
        38.27036048838475
      ],
      [
        -104.40228473008571,
        38.27035015602901
      ],
      [
        -104.40217090065133,
        38.2703400936471
      ],
      [
        -104.40205706679684,
        38.27033006199935
      ],
      [
        -104.40194323294236,
        38.27032003035161
      ],
      [
        -104.40182939908787,
        38.270309998703866
      ],
      [
        -104.40171556523337,
        38.270299967056125
      ],
      [
        -104.40160173137889,
        38.270289935408385
      ],
      [
        -104.4014878975244,
        38.27027990376064
      ],
      [
        -104.4013740636699,
        38.2702698721129
      ],
      [
        -104.40126022981542,
        38.27025984046515
      ],
      [
        -104.40114639596094,
        38.27024980881741
      ],
      [
        -104.40103256210644,
        38.27023977716967
      ],
      [
        -104.40091872825195,
        38.270229745521924
      ],
      [
        -104.40080489439747,
        38.270219713874184
      ],
      [
        -104.40069106054297,
        38.27020968222644
      ],
      [
        -104.40057722668848,
        38.2701996505787
      ],
      [
        -104.400463392834,
        38.27018961893095
      ],
      [
        -104.4003495589795,
        38.27017958728321
      ],
      [
        -104.40023572512501,
        38.27016955563547
      ],
      [
        -104.40012189127053,
        38.27015952398772
      ],
      [
        -104.40000805741603,
        38.27014949233998
      ],
      [
        -104.39989422356155,
        38.270139460692235
      ],
      [
        -104.39978038970706,
        38.270129429044495
      ],
      [
        -104.39966655585258,
        38.27011939739675
      ],
      [
        -104.39955272199808,
        38.27010936574901
      ],
      [
        -104.39943888814359,
        38.27009933410127
      ],
      [
        -104.39932505428911,
        38.27008930245352
      ],
      [
        -104.39921122043461,
        38.27007927080578
      ],
      [
        -104.39909739436021,
        38.2700691884759
      ],
      [
        -104.39898356941436,
        38.27005909879431
      ],
      [
        -104.3988697444685,
        38.270049009112725
      ],
      [
        -104.39875591952264,
        38.27003891943114
      ],
      [
        -104.39864209457679,
        38.27002882974955
      ],
      [
        -104.39852826963093,
        38.27001874006796
      ],
      [
        -104.39841444468506,
        38.27000865038637
      ],
      [
        -104.3983006197392,
        38.269998560704785
      ],
      [
        -104.39818679479335,
        38.26998847102319
      ],
      [
        -104.39807296984749,
        38.2699783813416
      ],
      [
        -104.39795914490163,
        38.269968291660014
      ],
      [
        -104.39784531995578,
        38.269958201978426
      ],
      [
        -104.39773149500992,
        38.26994811229684
      ],
      [
        -104.39761767006407,
        38.26993802261525
      ],
      [
        -104.39750384511821,
        38.26992793293366
      ],
      [
        -104.39739002017235,
        38.269917843252074
      ],
      [
        -104.39727619522648,
        38.269907753570486
      ],
      [
        -104.39716237028063,
        38.2698976638889
      ],
      [
        -104.39704854533477,
        38.26988757420731
      ],
      [
        -104.39693472038891,
        38.26987748452572
      ],
      [
        -104.39682089544306,
        38.269867394844134
      ],
      [
        -104.3967070704972,
        38.269857305162546
      ],
      [
        -104.39659324555134,
        38.26984721548096
      ],
      [
        -104.39647942060549,
        38.26983712579937
      ],
      [
        -104.39636559565963,
        38.26982703611778
      ],
      [
        -104.39625177071377,
        38.269816946436194
      ],
      [
        -104.3961379457679,
        38.269806856754606
      ],
      [
        -104.39602412082205,
        38.26979676707302
      ],
      [
        -104.39591029587619,
        38.26978667739143
      ],
      [
        -104.39579647093034,
        38.26977658770984
      ],
      [
        -104.39568264598448,
        38.269766498028254
      ],
      [
        -104.39556882103862,
        38.269756408346666
      ],
      [
        -104.39545499609277,
        38.26974631866508
      ],
      [
        -104.39534117114691,
        38.26973622898349
      ],
      [
        -104.39522734620105,
        38.2697261393019
      ],
      [
        -104.3951135212552,
        38.269716049620314
      ],
      [
        -104.39499969630933,
        38.269705959938726
      ],
      [
        -104.39488587136347,
        38.26969587025714
      ],
      [
        -104.39477204641761,
        38.26968578057555
      ],
      [
        -104.39465822147176,
        38.26967569089396
      ],
      [
        -104.3945443965259,
        38.269665601212374
      ],
      [
        -104.39443057158005,
        38.269655511530786
      ],
      [
        -104.39431674663419,
        38.2696454218492
      ],
      [
        -104.39420292168833,
        38.26963533216761
      ],
      [
        -104.39408909674248,
        38.26962524248602
      ],
      [
        -104.39397527179662,
        38.269615152804434
      ],
      [
        -104.39386144685076,
        38.269605063122846
      ],
      [
        -104.39374761455336,
        38.269595026817086
      ],
      [
        -104.39363377455143,
        38.26958504645016
      ],
      [
        -104.39351993454949,
        38.269575066083235
      ],
      [
        -104.39340609454756,
        38.26956508571631
      ],
      [
        -104.39329225454561,
        38.26955510534938
      ],
      [
        -104.39317841454368,
        38.26954512498246
      ],
      [
        -104.39306457454174,
        38.26953514461553
      ],
      [
        -104.39295073453981,
        38.269525164248606
      ],
      [
        -104.39283689453787,
        38.26951518388168
      ],
      [
        -104.39272305453594,
        38.269505203514754
      ],
      [
        -104.39260921453399,
        38.26949522314783
      ],
      [
        -104.39249537453206,
        38.2694852427809
      ],
      [
        -104.39238153453012,
        38.26947526241398
      ],
      [
        -104.39226769452819,
        38.26946528204705
      ],
      [
        -104.39215385452624,
        38.269455301680125
      ],
      [
        -104.39204001452431,
        38.2694453213132
      ],
      [
        -104.39192617452237,
        38.26943534094627
      ],
      [
        -104.39181233452044,
        38.26942536057935
      ],
      [
        -104.3916984945185,
        38.26941538021242
      ],
      [
        -104.39158465451656,
        38.2694053998455
      ],
      [
        -104.39147081451462,
        38.26939541947858
      ],
      [
        -104.39135697451269,
        38.26938543911165
      ],
      [
        -104.39124313451076,
        38.269375458744726
      ],
      [
        -104.39112929450881,
        38.2693654783778
      ],
      [
        -104.39101545450688,
        38.269355498010874
      ],
      [
        -104.39090161450494,
        38.26934551764395
      ],
      [
        -104.39078778381918,
        38.26933547372202
      ],
      [
        -104.39067396333945,
        38.26932536017452
      ],
      [
        -104.39056014285973,
        38.269315246627016
      ],
      [
        -104.39044632237999,
        38.26930513307951
      ],
      [
        -104.39033250190026,
        38.26929501953201
      ],
      [
        -104.39021868142054,
        38.269284905984506
      ],
      [
        -104.39010486094081,
        38.269274792437
      ],
      [
        -104.38999104046107,
        38.2692646788895
      ],
      [
        -104.38987721998134,
        38.269254565341996
      ],
      [
        -104.38976339950162,
        38.26924445179449
      ],
      [
        -104.38964957902188,
        38.26923433824699
      ],
      [
        -104.38953575854215,
        38.26922422469948
      ],
      [
        -104.38942193806243,
        38.269214111151975
      ],
      [
        -104.3893081175827,
        38.26920399760447
      ],
      [
        -104.38919429710296,
        38.26919388405697
      ],
      [
        -104.38908047662323,
        38.269183770509464
      ],
      [
        -104.38896665614351,
        38.26917365696196
      ],
      [
        -104.38885283566377,
        38.26916354341446
      ],
      [
        -104.38873901518404,
        38.269153429866954
      ],
      [
        -104.38862519470432,
        38.26914331631945
      ],
      [
        -104.38851137422459,
        38.26913320277195
      ],
      [
        -104.38839755374485,
        38.26912308922444
      ],
      [
        -104.38828373326513,
        38.26911297567694
      ],
      [
        -104.3881699127854,
        38.26910286212944
      ],
      [
        -104.38805609230566,
        38.26909274858193
      ],
      [
        -104.38794227182593,
        38.26908263503443
      ],
      [
        -104.38782845134621,
        38.269072521486926
      ],
      [
        -104.38771463086648,
        38.26906240793942
      ],
      [
        -104.38760081038674,
        38.26905229439192
      ],
      [
        -104.38748698990702,
        38.269042180844416
      ],
      [
        -104.38737316942729,
        38.26903206729691
      ],
      [
        -104.38725934139639,
        38.2690220075308
      ],
      [
        -104.38714546418942,
        38.26901229800962
      ],
      [
        -104.38703158698245,
        38.26900258848845
      ],
      [
        -104.38691770977549,
        38.26899287896727
      ],
      [
        -104.38680383256852,
        38.26898316944609
      ],
      [
        -104.38668995536155,
        38.268973459924915
      ],
      [
        -104.38657607815458,
        38.268963750403735
      ],
      [
        -104.3864622009476,
        38.26895404088256
      ],
      [
        -104.38634832374063,
        38.26894433136138
      ],
      [
        -104.38623444653366,
        38.2689346218402
      ],
      [
        -104.38612056932669,
        38.26892491231903
      ],
      [
        -104.38600669211972,
        38.26891520279785
      ],
      [
        -104.38589286610414,
        38.26890513616889
      ],
      [
        -104.38577907915844,
        38.26889479699094
      ],
      [
        -104.38566529221274,
        38.268884457813
      ],
      [
        -104.38555150526703,
        38.26887411863506
      ],
      [
        -104.38543771832131,
        38.268863779457114
      ],
      [
        -104.38532393137561,
        38.26885344027917
      ],
      [
        -104.3852101444299,
        38.268843101101226
      ],
      [
        -104.3850963574842,
        38.268832761923285
      ],
      [
        -104.3849825705385,
        38.26882242274534
      ],
      [
        -104.3848687835928,
        38.2688120835674
      ],
      [
        -104.38475499664709,
        38.26880174438946
      ],
      [
        -104.38464120970139,
        38.26879140521151
      ],
      [
        -104.38452742275568,
        38.26878106603357
      ],
      [
        -104.38441363580998,
        38.26877072685562
      ],
      [
        -104.38429984886427,
        38.26876038767768
      ],
      [
        -104.38418606191857,
        38.26875004849973
      ],
      [
        -104.38407227497287,
        38.26873970932179
      ],
      [
        -104.38395848802716,
        38.26872937014385
      ],
      [
        -104.38384470108146,
        38.268719030965904
      ],
      [
        -104.38373091413575,
        38.268708691787964
      ],
      [
        -104.38361712719004,
        38.268698352610016
      ],
      [
        -104.38350334024433,
        38.268688013432076
      ],
      [
        -104.38338955329863,
        38.26867767425413
      ],
      [
        -104.38327576635292,
        38.26866733507619
      ],
      [
        -104.38316197940722,
        38.26865699589825
      ],
      [
        -104.38304819246152,
        38.2686466567203
      ],
      [
        -104.38293440551581,
        38.26863631754236
      ],
      [
        -104.38282059364589,
        38.26862615185839
      ],
      [
        -104.38270677457507,
        38.26861603629882
      ],
      [
        -104.38259295550425,
        38.26860592073925
      ],
      [
        -104.38247913643343,
        38.26859580517968
      ],
      [
        -104.38236531736261,
        38.26858568962011
      ],
      [
        -104.3822514982918,
        38.26857557406054
      ],
      [
        -104.38213767922097,
        38.26856545850097
      ],
      [
        -104.38202386015016,
        38.2685553429414
      ],
      [
        -104.38191004107934,
        38.26854522738183
      ],
      [
        -104.38179622200852,
        38.26853511182226
      ],
      [
        -104.3816824029377,
        38.26852499626269
      ],
      [
        -104.38156858386688,
        38.26851488070312
      ],
      [
        -104.38145476479608,
        38.26850476514355
      ],
      [
        -104.38134094572526,
        38.26849464958398
      ],
      [
        -104.38122712665444,
        38.26848453402441
      ],
      [
        -104.38111330758362,
        38.26847441846484
      ],
      [
        -104.3809994885128,
        38.26846430290527
      ],
      [
        -104.38088566944198,
        38.2684541873457
      ],
      [
        -104.38077185037116,
        38.26844407178613
      ],
      [
        -104.38065803130034,
        38.26843395622656
      ],
      [
        -104.38054421222952,
        38.26842384066699
      ],
      [
        -104.3804303931587,
        38.26841372510742
      ],
      [
        -104.38031657408789,
        38.268403609547846
      ],
      [
        -104.38020275501707,
        38.26839349398828
      ],
      [
        -104.38008893594625,
        38.26838337842871
      ],
      [
        -104.37997511687543,
        38.26837326286914
      ],
      [
        -104.37986129780461,
        38.26836314730957
      ],
      [
        -104.37974747873379,
        38.268353031749996
      ],
      [
        -104.37963365966297,
        38.26834291619043
      ],
      [
        -104.37951984059215,
        38.26833280063086
      ],
      [
        -104.37940602152133,
        38.26832268507129
      ],
      [
        -104.37929220245051,
        38.26831256951172
      ],
      [
        -104.37917838337971,
        38.268302453952145
      ],
      [
        -104.37906534974015,
        38.26828794445258
      ],
      [
        -104.37895237935656,
        38.26827308107997
      ],
      [
        -104.378839408973,
        38.268258217707356
      ],
      [
        -104.37872643858941,
        38.26824335433474
      ],
      [
        -104.37861346820583,
        38.26822849096214
      ],
      [
        -104.37850049782224,
        38.268213627589525
      ],
      [
        -104.37839539999452,
        38.26819979999914
      ],
      [
        -104.37838757343663,
        38.26819856798658
      ],
      [
        -104.37827526311871,
        38.26818088873049
      ],
      [
        -104.3781629528008,
        38.268163209474395
      ],
      [
        -104.37805064248289,
        38.2681455302183
      ],
      [
        -104.37793833216497,
        38.2681278509622
      ],
      [
        -104.37782602184706,
        38.268110171706105
      ],
      [
        -104.37771371152914,
        38.26809249245001
      ],
      [
        -104.37760140121124,
        38.26807481319391
      ],
      [
        -104.37749019193652,
        38.26805328699155
      ],
      [
        -104.37737904263211,
        38.268031551258304
      ],
      [
        -104.37726789332771,
        38.26800981552505
      ],
      [
        -104.37715674402331,
        38.2679880797918
      ],
      [
        -104.3770455947189,
        38.26796634405855
      ],
      [
        -104.37693444541449,
        38.2679446083253
      ],
      [
        -104.37682329611009,
        38.26792287259205
      ],
      [
        -104.37671214680569,
        38.2679011368588
      ],
      [
        -104.37660099750128,
        38.26787940112555
      ],
      [
        -104.37648984819688,
        38.2678576653923
      ],
      [
        -104.37637911670781,
        38.26783466602089
      ],
      [
        -104.37626852556767,
        38.26781124217908
      ],
      [
        -104.37615793442752,
        38.26778781833727
      ],
      [
        -104.37604734328738,
        38.26776439449545
      ],
      [
        -104.37593675214724,
        38.26774097065364
      ],
      [
        -104.3758261610071,
        38.267717546811824
      ],
      [
        -104.37571556986695,
        38.26769412297001
      ],
      [
        -104.3756049787268,
        38.267670699128196
      ],
      [
        -104.37549438758666,
        38.267647275286386
      ],
      [
        -104.37538379644651,
        38.267623851444576
      ],
      [
        -104.37527320530637,
        38.26760042760276
      ],
      [
        -104.37516261416623,
        38.26757700376095
      ],
      [
        -104.37505202302609,
        38.26755357991913
      ],
      [
        -104.37494143188594,
        38.26753015607732
      ],
      [
        -104.37483084081302,
        38.267506732275336
      ],
      [
        -104.37472024995067,
        38.267483308598116
      ],
      [
        -104.37460965908834,
        38.2674598849209
      ],
      [
        -104.374499068226,
        38.26743646124369
      ],
      [
        -104.37438847736367,
        38.26741303756648
      ],
      [
        -104.37427776811032,
        38.26738996201158
      ],
      [
        -104.37416705866679,
        38.26736688701589
      ],
      [
        -104.37405634922327,
        38.26734381202021
      ],
      [
        -104.37394563977975,
        38.26732073702452
      ],
      [
        -104.37383493033622,
        38.26729766202883
      ],
      [
        -104.3737242208927,
        38.26727458703314
      ],
      [
        -104.37361351144916,
        38.267251512037454
      ],
      [
        -104.37350280200565,
        38.26722843704177
      ],
      [
        -104.37339209256213,
        38.267205362046084
      ],
      [
        -104.3732813831186,
        38.267182287050396
      ],
      [
        -104.37317067367508,
        38.26715921205471
      ],
      [
        -104.37316150000274,
        38.26715730000058
      ],
      [
        -104.37305979783805,
        38.267136636522324
      ],
      [
        -104.37294890696751,
        38.26711410611604
      ],
      [
        -104.37283801609696,
        38.26709157570976
      ],
      [
        -104.37272712522642,
        38.26706904530348
      ],
      [
        -104.37261623435587,
        38.2670465148972
      ],
      [
        -104.37250534348533,
        38.26702398449092
      ],
      [
        -104.37239445261478,
        38.26700145408464
      ],
      [
        -104.37228356174424,
        38.26697892367836
      ],
      [
        -104.3721726708737,
        38.26695639327208
      ],
      [
        -104.37206178000315,
        38.2669338628658
      ],
      [
        -104.3719508891326,
        38.26691133245952
      ],
      [
        -104.3719147999982,
        38.26690399999961
      ],
      [
        -104.37184023446962,
        38.2668881035219
      ],
      [
        -104.37172969376823,
        38.26686453756817
      ],
      [
        -104.37161915306685,
        38.26684097161444
      ],
      [
        -104.37150861236546,
        38.26681740566072
      ],
      [
        -104.37139807166407,
        38.26679383970699
      ],
      [
        -104.3712875309627,
        38.26677027375327
      ],
      [
        -104.37117699026132,
        38.26674670779954
      ],
      [
        -104.37106644955993,
        38.26672314184581
      ],
      [
        -104.37095590885855,
        38.26669957589208
      ],
      [
        -104.37084536815716,
        38.26667600993836
      ],
      [
        -104.37073482745578,
        38.26665244398463
      ],
      [
        -104.37062428675439,
        38.26662887803091
      ],
      [
        -104.37051374605302,
        38.26660531207718
      ],
      [
        -104.37040320535164,
        38.26658174612345
      ],
      [
        -104.37029266465025,
        38.266558180169724
      ],
      [
        -104.3702814999952,
        38.26655579999896
      ],
      [
        -104.37018219414297,
        38.266534413377485
      ],
      [
        -104.37007173152182,
        38.266510624021535
      ],
      [
        -104.36996126890068,
        38.266486834665585
      ],
      [
        -104.36985080627953,
        38.26646304530964
      ],
      [
        -104.36974034365839,
        38.26643925595369
      ],
      [
        -104.36962988103724,
        38.26641546659774
      ],
      [
        -104.36951941841609,
        38.2663916772418
      ],
      [
        -104.36940895579495,
        38.26636788788585
      ],
      [
        -104.36929849316007,
        38.26634409857026
      ],
      [
        -104.36918780838836,
        38.26632096225121
      ],
      [
        -104.36907712361663,
        38.26629782593216
      ],
      [
        -104.36896643884491,
        38.26627468961311
      ],
      [
        -104.3688557540732,
        38.26625155329406
      ],
      [
        -104.36874506930147,
        38.26622841697502
      ],
      [
        -104.36863438452976,
        38.26620528065597
      ],
      [
        -104.36852369975803,
        38.26618214433692
      ],
      [
        -104.36841301498632,
        38.26615900801787
      ],
      [
        -104.36830233021459,
        38.26613587169883
      ],
      [
        -104.36819164544288,
        38.26611273537978
      ],
      [
        -104.36808096067115,
        38.266089599060734
      ],
      [
        -104.36797027589944,
        38.26606646274168
      ],
      [
        -104.36785959112771,
        38.26604332642264
      ],
      [
        -104.367748906356,
        38.26602019010359
      ],
      [
        -104.36763822158427,
        38.26599705378454
      ],
      [
        -104.36752753681256,
        38.265973917465494
      ],
      [
        -104.36741685204083,
        38.265950781146444
      ],
      [
        -104.36730616726912,
        38.2659276448274
      ],
      [
        -104.3671954824974,
        38.26590450850835
      ],
      [
        -104.36708479772568,
        38.265881372189305
      ],
      [
        -104.36697411295395,
        38.265858235870255
      ],
      [
        -104.36686342818224,
        38.26583509955121
      ],
      [
        -104.36675274341052,
        38.26581196323216
      ],
      [
        -104.36664205863879,
        38.265788826913116
      ],
      [
        -104.36653137386708,
        38.265765690594066
      ],
      [
        -104.36642068909535,
        38.265742554275015
      ],
      [
        -104.36631000432364,
        38.26571941795597
      ],
      [
        -104.36619931955191,
        38.26569628163692
      ],
      [
        -104.3660886347802,
        38.265673145317876
      ],
      [
        -104.36597795000847,
        38.265650008998826
      ],
      [
        -104.36586726523676,
        38.26562687267978
      ],
      [
        -104.36575658046503,
        38.26560373636073
      ],
      [
        -104.36564589569332,
        38.26558060004169
      ],
      [
        -104.36553521092159,
        38.26555746372264
      ],
      [
        -104.36542452614988,
        38.26553432740359
      ],
      [
        -104.36531384137815,
        38.26551119108454
      ],
      [
        -104.36520315660644,
        38.26548805476549
      ],
      [
        -104.36509247183471,
        38.26546491844645
      ],
      [
        -104.364981787063,
        38.2654417821274
      ],
      [
        -104.36487110229127,
        38.26541864580835
      ],
      [
        -104.36476041751956,
        38.2653955094893
      ],
      [
        -104.36464973274784,
        38.26537237317026
      ],
      [
        -104.36453904797611,
        38.26534923685121
      ],
      [
        -104.3644283632044,
        38.265326100532164
      ],
      [
        -104.36431767843267,
        38.26530296421311
      ],
      [
        -104.36420699366096,
        38.26527982789407
      ],
      [
        -104.36409630888923,
        38.26525669157502
      ],
      [
        -104.36398562411752,
        38.26523355525597
      ],
      [
        -104.36387493934579,
        38.265210418936924
      ],
      [
        -104.36376425457408,
        38.26518728261787
      ],
      [
        -104.36365356980235,
        38.26516414629883
      ],
      [
        -104.36354288503064,
        38.26514100997978
      ],
      [
        -104.36343220025891,
        38.265117873660735
      ],
      [
        -104.3633215154872,
        38.265094737341684
      ],
      [
        -104.36321083071547,
        38.26507160102264
      ],
      [
        -104.36310014594376,
        38.26504846470359
      ],
      [
        -104.36298946117203,
        38.265025328384546
      ],
      [
        -104.36287877640032,
        38.265002192065495
      ],
      [
        -104.3627680916286,
        38.264979055746444
      ],
      [
        -104.36265740685688,
        38.2649559194274
      ],
      [
        -104.36254672208516,
        38.26493278310835
      ],
      [
        -104.36243603731343,
        38.264909646789306
      ],
      [
        -104.36232535254172,
        38.264886510470255
      ],
      [
        -104.36221466776999,
        38.26486337415121
      ],
      [
        -104.36210398299828,
        38.26484023783216
      ],
      [
        -104.36199329822655,
        38.26481710151312
      ],
      [
        -104.36188261345484,
        38.264793965194066
      ],
      [
        -104.36177192868311,
        38.26477082887502
      ],
      [
        -104.3616612439114,
        38.26474769255597
      ],
      [
        -104.36155055913967,
        38.26472455623692
      ],
      [
        -104.36143987436796,
        38.26470141991788
      ],
      [
        -104.36132918959623,
        38.264678283598826
      ],
      [
        -104.36121850482452,
        38.26465514727978
      ],
      [
        -104.3611078200528,
        38.26463201096073
      ],
      [
        -104.36099713528108,
        38.26460887464169
      ],
      [
        -104.36088645050935,
        38.26458573832264
      ],
      [
        -104.36077576573764,
        38.26456260200359
      ],
      [
        -104.36066508096592,
        38.26453946568454
      ],
      [
        -104.3605543961942,
        38.2645163293655
      ],
      [
        -104.36044371142248,
        38.26449319304645
      ],
      [
        -104.36033302665075,
        38.2644700567274
      ],
      [
        -104.36022234187904,
        38.26444692040835
      ],
      [
        -104.36011165710731,
        38.2644237840893
      ],
      [
        -104.3600009723356,
        38.26440064777026
      ],
      [
        -104.35989028756387,
        38.26437751145121
      ],
      [
        -104.35977960279216,
        38.264354375132164
      ],
      [
        -104.35966891802043,
        38.264331238813114
      ],
      [
        -104.35955823324872,
        38.26430810249407
      ],
      [
        -104.359447548477,
        38.26428496617502
      ],
      [
        -104.35933686370528,
        38.264261829855975
      ],
      [
        -104.35922617893355,
        38.264238693536925
      ],
      [
        -104.35911549416184,
        38.264215557217874
      ],
      [
        -104.35900480939011,
        38.26419242089883
      ],
      [
        -104.3588941246184,
        38.26416928457978
      ],
      [
        -104.35878343984668,
        38.264146148260735
      ],
      [
        -104.35867275507496,
        38.264123011941685
      ],
      [
        -104.35856207030324,
        38.26409987562264
      ],
      [
        -104.35845138553152,
        38.26407673930359
      ],
      [
        -104.3583407007598,
        38.264053602984546
      ],
      [
        -104.35823001598808,
        38.264030466665496
      ],
      [
        -104.35811933121636,
        38.26400733034645
      ],
      [
        -104.35800864644463,
        38.2639841940274
      ],
      [
        -104.35789796167292,
        38.26396105770835
      ],
      [
        -104.35778727690119,
        38.26393792138931
      ],
      [
        -104.35767659212948,
        38.263914785070256
      ],
      [
        -104.35756590735775,
        38.26389164875121
      ],
      [
        -104.35745522258604,
        38.26386851243216
      ],
      [
        -104.35734453781431,
        38.26384537611312
      ],
      [
        -104.3572338530426,
        38.26382223979407
      ],
      [
        -104.35712316827087,
        38.26379910347502
      ],
      [
        -104.35701248349916,
        38.26377596715597
      ],
      [
        -104.35690179872743,
        38.26375283083693
      ],
      [
        -104.35679111395572,
        38.26372969451788
      ],
      [
        -104.356680429184,
        38.26370655819883
      ],
      [
        -104.35656974441228,
        38.26368342187978
      ],
      [
        -104.35645905964056,
        38.26366028556073
      ],
      [
        -104.35634837486884,
        38.26363714924169
      ],
      [
        -104.35623769009712,
        38.26361401292264
      ],
      [
        -104.3561270053254,
        38.263590876603594
      ],
      [
        -104.35601632055368,
        38.26356774028454
      ],
      [
        -104.35590563578195,
        38.2635446039655
      ],
      [
        -104.35579495101024,
        38.26352146764645
      ],
      [
        -104.35568426623851,
        38.263498331327405
      ],
      [
        -104.3555735814668,
        38.263475195008354
      ],
      [
        -104.35546289669507,
        38.2634520586893
      ],
      [
        -104.35535221192336,
        38.26342892237026
      ],
      [
        -104.35524152715163,
        38.26340578605121
      ],
      [
        -104.35513084237992,
        38.263382649732165
      ],
      [
        -104.3550201576082,
        38.263359513413114
      ],
      [
        -104.35490947283648,
        38.26333637709407
      ],
      [
        -104.35479878806476,
        38.26331324077502
      ],
      [
        -104.35468810329304,
        38.263290104455976
      ],
      [
        -104.35457741852132,
        38.263266968136925
      ],
      [
        -104.3544667337496,
        38.26324383181788
      ],
      [
        -104.35435604897788,
        38.26322069549883
      ],
      [
        -104.35424536420616,
        38.26319755917978
      ],
      [
        -104.35413467943444,
        38.263174422860736
      ],
      [
        -104.35402399466273,
        38.263151286541685
      ],
      [
        -104.353913309891,
        38.26312815022264
      ],
      [
        -104.35380262511927,
        38.26310501390359
      ],
      [
        -104.35369198826852,
        38.263081742934204
      ],
      [
        -104.35358137492348,
        38.26305840591745
      ],
      [
        -104.35347076157845,
        38.2630350689007
      ],
      [
        -104.3533601482334,
        38.26301173188394
      ],
      [
        -104.35324953488838,
        38.262988394867186
      ],
      [
        -104.35313892154333,
        38.26296505785043
      ],
      [
        -104.35302830819829,
        38.26294172083367
      ],
      [
        -104.35291769485326,
        38.26291838381692
      ],
      [
        -104.35280708150822,
        38.26289504680017
      ],
      [
        -104.35269646816319,
        38.26287170978341
      ],
      [
        -104.35258585481814,
        38.262848372766655
      ],
      [
        -104.35247524147312,
        38.2628250357499
      ],
      [
        -104.35236462812807,
        38.26280169873314
      ],
      [
        -104.35225401478303,
        38.262778361716386
      ],
      [
        -104.352143401438,
        38.262755024699636
      ],
      [
        -104.35203278809296,
        38.26273168768288
      ],
      [
        -104.35192217474793,
        38.262708350666124
      ],
      [
        -104.35181156140288,
        38.26268501364937
      ],
      [
        -104.35170094805785,
        38.26266167663261
      ],
      [
        -104.35159033471281,
        38.26263833961586
      ],
      [
        -104.35147972136777,
        38.262615002599105
      ],
      [
        -104.35136910802274,
        38.26259166558235
      ],
      [
        -104.3512584946777,
        38.26256832856559
      ],
      [
        -104.35114788133266,
        38.262544991548836
      ],
      [
        -104.35103726798762,
        38.26252165453208
      ],
      [
        -104.35092665464258,
        38.26249831751533
      ],
      [
        -104.35081604129755,
        38.262474980498574
      ],
      [
        -104.3507054279525,
        38.26245164348182
      ],
      [
        -104.35059481460748,
        38.26242830646506
      ],
      [
        -104.35048420126243,
        38.262404969448305
      ],
      [
        -104.3503735879174,
        38.26238163243155
      ],
      [
        -104.35026297457236,
        38.2623582954148
      ],
      [
        -104.35015236122732,
        38.26233495839804
      ],
      [
        -104.35004167009892,
        38.2623118524265
      ],
      [
        -104.34993093050866,
        38.262288890404456
      ],
      [
        -104.34982019091841,
        38.26226592838241
      ],
      [
        -104.34970945132817,
        38.26224296636037
      ],
      [
        -104.34959871173791,
        38.262220004338324
      ],
      [
        -104.34948797214766,
        38.26219704231629
      ],
      [
        -104.3493772325574,
        38.262174080294244
      ],
      [
        -104.34926649296715,
        38.2621511182722
      ],
      [
        -104.3491557533769,
        38.26212815625016
      ],
      [
        -104.34904501378665,
        38.26210519422811
      ],
      [
        -104.3489342741964,
        38.26208223220607
      ],
      [
        -104.34882353460614,
        38.262059270184025
      ],
      [
        -104.3487127950159,
        38.26203630816199
      ],
      [
        -104.34860205542564,
        38.262013346139945
      ],
      [
        -104.34849131583539,
        38.2619903841179
      ],
      [
        -104.34838057624513,
        38.26196742209586
      ],
      [
        -104.34826983665488,
        38.26194446007381
      ],
      [
        -104.34815909706464,
        38.26192149805177
      ],
      [
        -104.34804835747438,
        38.26189853602973
      ],
      [
        -104.34793761788413,
        38.26187557400769
      ],
      [
        -104.34782687829387,
        38.261852611985645
      ],
      [
        -104.34771613870362,
        38.2618296499636
      ],
      [
        -104.34760541967735,
        38.26180662789115
      ],
      [
        -104.34749476733494,
        38.2617834110901
      ],
      [
        -104.34738411499252,
        38.26176019428905
      ],
      [
        -104.34727346265011,
        38.261736977488
      ],
      [
        -104.34716281030771,
        38.26171376068695
      ],
      [
        -104.3470521579653,
        38.261690543885905
      ],
      [
        -104.34694150562288,
        38.26166732708485
      ],
      [
        -104.34683085328047,
        38.261644110283804
      ],
      [
        -104.34672020093807,
        38.26162089348276
      ],
      [
        -104.34660954859565,
        38.26159767668171
      ],
      [
        -104.34649889625324,
        38.261574459880656
      ],
      [
        -104.34638824391082,
        38.26155124307961
      ],
      [
        -104.34627759156841,
        38.26152802627856
      ],
      [
        -104.34616693922601,
        38.261504809477515
      ],
      [
        -104.3460562868836,
        38.26148159267646
      ],
      [
        -104.34594563454118,
        38.261458375875414
      ],
      [
        -104.34583498219877,
        38.26143515907437
      ],
      [
        -104.34572432985637,
        38.26141194227331
      ],
      [
        -104.34561367751395,
        38.261388725472266
      ],
      [
        -104.34550302517154,
        38.26136550867122
      ],
      [
        -104.34539237282912,
        38.26134229187017
      ],
      [
        -104.34528172048672,
        38.26131907506912
      ],
      [
        -104.34517106814431,
        38.26129585826807
      ],
      [
        -104.3450604158019,
        38.26127264146702
      ],
      [
        -104.34494976345948,
        38.26124942466598
      ],
      [
        -104.34483911111707,
        38.26122620786492
      ],
      [
        -104.34472845877467,
        38.261202991063875
      ],
      [
        -104.34461780643225,
        38.26117977426283
      ],
      [
        -104.34450715408984,
        38.26115655746178
      ],
      [
        -104.34439650174743,
        38.26113334066073
      ],
      [
        -104.34428584940503,
        38.26111012385968
      ],
      [
        -104.34417519706261,
        38.26108690705863
      ],
      [
        -104.3440645447202,
        38.26106369025758
      ],
      [
        -104.34395389237778,
        38.26104047345653
      ],
      [
        -104.34384324003538,
        38.261017256655485
      ],
      [
        -104.34373258769297,
        38.26099403985444
      ],
      [
        -104.34362193535055,
        38.260970823053384
      ],
      [
        -104.34351128300814,
        38.26094760625234
      ],
      [
        -104.3434006375072,
        38.26092437170487
      ],
      [
        -104.34328999206757,
        38.26090113699833
      ],
      [
        -104.34317934662793,
        38.26087790229178
      ],
      [
        -104.34306870118832,
        38.26085466758524
      ],
      [
        -104.34295805574868,
        38.2608314328787
      ],
      [
        -104.34284741030906,
        38.260808198172164
      ],
      [
        -104.34273676486943,
        38.26078496346562
      ],
      [
        -104.34262611942981,
        38.26076172875908
      ],
      [
        -104.34251547114197,
        38.26073850324913
      ],
      [
        -104.34240482107647,
        38.26071528347904
      ],
      [
        -104.34229417101099,
        38.260692063708944
      ],
      [
        -104.3421835209455,
        38.26066884393886
      ],
      [
        -104.34207287088,
        38.26064562416877
      ],
      [
        -104.34196222081451,
        38.260622404398674
      ],
      [
        -104.34185157074901,
        38.26059918462858
      ],
      [
        -104.34174092068353,
        38.26057596485849
      ],
      [
        -104.34163027061804,
        38.260552745088404
      ],
      [
        -104.34151962055255,
        38.26052952531831
      ],
      [
        -104.34140897048705,
        38.26050630554822
      ],
      [
        -104.34129832042157,
        38.26048308577813
      ],
      [
        -104.34118767035608,
        38.260459866008034
      ],
      [
        -104.34107702029058,
        38.26043664623795
      ],
      [
        -104.34096637022509,
        38.260413426467856
      ],
      [
        -104.3408557201596,
        38.260390206697764
      ],
      [
        -104.34074507009412,
        38.26036698692767
      ],
      [
        -104.34063442002862,
        38.26034376715758
      ],
      [
        -104.34052355640716,
        38.2603211857899
      ],
      [
        -104.34041269216625,
        38.260298606274
      ],
      [
        -104.34030182792534,
        38.26027602675809
      ],
      [
        -104.34019096368444,
        38.26025344724219
      ],
      [
        -104.34008009944353,
        38.260230867726285
      ],
      [
        -104.33996923520262,
        38.260208288210386
      ],
      [
        -104.33985837096171,
        38.260185708694486
      ],
      [
        -104.3397475067208,
        38.26016312917858
      ],
      [
        -104.33963664247989,
        38.26014054966268
      ],
      [
        -104.339525778239,
        38.26011797014677
      ],
      [
        -104.33941491399808,
        38.26009539063087
      ],
      [
        -104.33930404975717,
        38.260072811114966
      ],
      [
        -104.33919321950377,
        38.26005012995974
      ],
      [
        -104.33908246539167,
        38.26002722110474
      ],
      [
        -104.33897171127956,
        38.26000431224974
      ],
      [
        -104.33886095716744,
        38.25998140339475
      ],
      [
        -104.33875020305534,
        38.25995849453975
      ],
      [
        -104.33863944894323,
        38.25993558568475
      ],
      [
        -104.33852869483111,
        38.25991267682976
      ],
      [
        -104.33841794071901,
        38.25988976797476
      ],
      [
        -104.3383071866069,
        38.25986685911976
      ],
      [
        -104.33819643249478,
        38.25984395026477
      ],
      [
        -104.33808567838268,
        38.25982104140977
      ],
      [
        -104.33797492427057,
        38.25979813255477
      ],
      [
        -104.33786417015845,
        38.259775223699776
      ],
      [
        -104.33775341604635,
        38.259752314844775
      ],
      [
        -104.33764266193424,
        38.25972940598978
      ],
      [
        -104.33753190782213,
        38.259706497134786
      ],
      [
        -104.33742003827224,
        38.25968730086755
      ],
      [
        -104.33730792578342,
        38.2596689131905
      ],
      [
        -104.33719581329461,
        38.25965052551346
      ],
      [
        -104.33708370080579,
        38.25963213783641
      ],
      [
        -104.33697158831698,
        38.25961375015937
      ],
      [
        -104.33685947582818,
        38.25959536248232
      ],
      [
        -104.33674736333936,
        38.259576974805285
      ],
      [
        -104.33663525085055,
        38.25955858712824
      ],
      [
        -104.33652312147093,
        38.259540266946225
      ],
      [
        -104.3364104918173,
        38.2595239458404
      ],
      [
        -104.33629786216368,
        38.259507624734574
      ],
      [
        -104.33618523251006,
        38.25949130362875
      ],
      [
        -104.33607260285643,
        38.25947498252292
      ],
      [
        -104.3359599732028,
        38.25945866141709
      ],
      [
        -104.33584734354918,
        38.25944234031127
      ],
      [
        -104.33573471389556,
        38.25942601920544
      ],
      [
        -104.33562208424193,
        38.25940969809962
      ],
      [
        -104.3355094545883,
        38.259393376993785
      ],
      [
        -104.33539682493469,
        38.25937705588796
      ],
      [
        -104.33528419528106,
        38.259360734782135
      ],
      [
        -104.33517156562743,
        38.25934441367631
      ],
      [
        -104.3350589359738,
        38.259328092570485
      ],
      [
        -104.33494630632019,
        38.25931177146465
      ],
      [
        -104.33483367666656,
        38.25929545035883
      ],
      [
        -104.33472104701293,
        38.259279129253
      ],
      [
        -104.3346084173593,
        38.25926280814718
      ],
      [
        -104.33449578770569,
        38.259246487041345
      ],
      [
        -104.33438315805206,
        38.25923016593552
      ],
      [
        -104.33427052839843,
        38.259213844829695
      ],
      [
        -104.33415789874482,
        38.25919752372387
      ],
      [
        -104.33404526909119,
        38.259181202618045
      ],
      [
        -104.33393263943756,
        38.25916488151221
      ],
      [
        -104.33382000978393,
        38.25914856040639
      ],
      [
        -104.33370738013032,
        38.25913223930056
      ],
      [
        -104.33359475047669,
        38.25911591819474
      ],
      [
        -104.33348212082306,
        38.25909959708891
      ],
      [
        -104.3333695250248,
        38.25908313533013
      ],
      [
        -104.33325704784205,
        38.25906618078031
      ],
      [
        -104.33314457065931,
        38.259049226230495
      ],
      [
        -104.33303209347656,
        38.25903227168068
      ],
      [
        -104.33291961629381,
        38.25901531713086
      ],
      [
        -104.33280713911105,
        38.258998362581046
      ],
      [
        -104.33269466192831,
        38.258981408031225
      ],
      [
        -104.33258218474556,
        38.25896445348141
      ],
      [
        -104.33246970756281,
        38.25894749893159
      ],
      [
        -104.33235723038005,
        38.258930544381776
      ],
      [
        -104.33224475319732,
        38.258913589831955
      ],
      [
        -104.33213227601456,
        38.25889663528214
      ],
      [
        -104.33201979883181,
        38.25887968073232
      ],
      [
        -104.33190732164906,
        38.25886272618251
      ],
      [
        -104.33179484446632,
        38.25884577163269
      ],
      [
        -104.33168236728356,
        38.25882881708287
      ],
      [
        -104.33156989010081,
        38.25881186253306
      ],
      [
        -104.33145741291806,
        38.25879490798324
      ],
      [
        -104.33134493573532,
        38.25877795343342
      ],
      [
        -104.3312324496175,
        38.25876103629101
      ],
      [
        -104.33111982111363,
        38.25874471525971
      ],
      [
        -104.33100719260977,
        38.258728394228406
      ],
      [
        -104.33089456410592,
        38.2587120731971
      ],
      [
        -104.33078193560205,
        38.2586957521658
      ],
      [
        -104.33066930709819,
        38.258679431134496
      ],
      [
        -104.33055667859432,
        38.25866311010319
      ],
      [
        -104.33044405009046,
        38.25864678907189
      ],
      [
        -104.3303314215866,
        38.258630468040586
      ],
      [
        -104.33021879308274,
        38.25861414700928
      ],
      [
        -104.33010616457888,
        38.258597825977986
      ],
      [
        -104.32999353607502,
        38.25858150494668
      ],
      [
        -104.32988090757115,
        38.25856518391538
      ],
      [
        -104.3297682790673,
        38.258548862884076
      ],
      [
        -104.32965565056344,
        38.25853254185277
      ],
      [
        -104.32954302205957,
        38.25851622082147
      ],
      [
        -104.32943039355571,
        38.258499899790166
      ],
      [
        -104.32931776505185,
        38.25848357875886
      ],
      [
        -104.32920513654798,
        38.25846725772756
      ],
      [
        -104.32909250804413,
        38.258450936696256
      ],
      [
        -104.32897987954027,
        38.25843461566495
      ],
      [
        -104.3288672510364,
        38.25841829463365
      ],
      [
        -104.32875462253254,
        38.258401973602346
      ],
      [
        -104.32864199402869,
        38.25838565257104
      ],
      [
        -104.32852936552482,
        38.25836933153974
      ],
      [
        -104.32841673602343,
        38.25835301594566
      ],
      [
        -104.3283041050858,
        38.25833670818009
      ],
      [
        -104.32819147414818,
        38.25832040041452
      ],
      [
        -104.32807884321056,
        38.25830409264895
      ],
      [
        -104.32796621227294,
        38.25828778488338
      ],
      [
        -104.32785358133532,
        38.258271477117816
      ],
      [
        -104.3277409503977,
        38.258255169352246
      ],
      [
        -104.32762831946008,
        38.258238861586676
      ],
      [
        -104.32751568852245,
        38.258222553821106
      ],
      [
        -104.32740305758483,
        38.258206246055536
      ],
      [
        -104.32729042664721,
        38.258189938289966
      ],
      [
        -104.32717779570959,
        38.2581736305244
      ],
      [
        -104.32706516477197,
        38.258157322758834
      ],
      [
        -104.32695253383434,
        38.258141014993264
      ],
      [
        -104.32683990289672,
        38.258124707227694
      ],
      [
        -104.3267272719591,
        38.258108399462124
      ],
      [
        -104.32661464102146,
        38.258092091696554
      ],
      [
        -104.32650201008384,
        38.258075783930984
      ],
      [
        -104.32638937914622,
        38.258059476165414
      ],
      [
        -104.3262767482086,
        38.25804316839985
      ],
      [
        -104.32616411727098,
        38.25802686063428
      ],
      [
        -104.32605148633336,
        38.25801055286871
      ],
      [
        -104.32593885539573,
        38.25799424510314
      ],
      [
        -104.32582622445811,
        38.25797793733757
      ],
      [
        -104.32571359352049,
        38.257961629572
      ],
      [
        -104.32560096258287,
        38.25794532180643
      ],
      [
        -104.32548833164525,
        38.25792901404086
      ],
      [
        -104.32537570070762,
        38.2579127062753
      ],
      [
        -104.32526306977,
        38.25789639850973
      ],
      [
        -104.32515044601189,
        38.25788006078059
      ],
      [
        -104.32503792062413,
        38.257863312504554
      ],
      [
        -104.32492539523636,
        38.257846564228515
      ],
      [
        -104.3248128698486,
        38.25782981595248
      ],
      [
        -104.32470034446084,
        38.257813067676445
      ],
      [
        -104.32458781907307,
        38.257796319400406
      ],
      [
        -104.32447529368531,
        38.25777957112437
      ],
      [
        -104.32436276829755,
        38.257762822848335
      ],
      [
        -104.32425024290978,
        38.257746074572296
      ],
      [
        -104.32413771752202,
        38.25772932629626
      ],
      [
        -104.32402519213426,
        38.25771257802022
      ],
      [
        -104.3239126667465,
        38.257695829744186
      ],
      [
        -104.32380014135873,
        38.25767908146815
      ],
      [
        -104.32368761597097,
        38.25766233319211
      ],
      [
        -104.3235750905832,
        38.25764558491607
      ],
      [
        -104.32346256519544,
        38.25762883664004
      ],
      [
        -104.32335003980768,
        38.257612088364
      ],
      [
        -104.32323751441992,
        38.25759534008796
      ],
      [
        -104.32312498903215,
        38.25757859181192
      ],
      [
        -104.32301246364439,
        38.25756184353589
      ],
      [
        -104.32289993825663,
        38.25754509525985
      ],
      [
        -104.32278741286886,
        38.25752834698381
      ],
      [
        -104.3226748874811,
        38.25751159870777
      ],
      [
        -104.32256229275728,
        38.257495143584656
      ],
      [
        -104.32244966227405,
        38.257478839652315
      ],
      [
        -104.32233703179082,
        38.257462535719974
      ],
      [
        -104.3222244013076,
        38.257446231787625
      ],
      [
        -104.32211177082436,
        38.257429927855284
      ],
      [
        -104.32199914034113,
        38.25741362392294
      ],
      [
        -104.32188650985792,
        38.2573973199906
      ],
      [
        -104.32177387937469,
        38.25738101605826
      ],
      [
        -104.32166124889146,
        38.25736471212591
      ],
      [
        -104.32154861840823,
        38.25734840819357
      ],
      [
        -104.321435987925,
        38.25733210426123
      ],
      [
        -104.32132335744177,
        38.25731580032889
      ],
      [
        -104.32121072695855,
        38.25729949639655
      ],
      [
        -104.32109809647532,
        38.2572831924642
      ],
      [
        -104.3209854659921,
        38.25726688853186
      ],
      [
        -104.32087283550887,
        38.25725058459952
      ],
      [
        -104.32076020502564,
        38.25723428066718
      ],
      [
        -104.3206475745424,
        38.257217976734836
      ],
      [
        -104.32053494405918,
        38.257201672802495
      ],
      [
        -104.32042231357596,
        38.25718536887015
      ],
      [
        -104.32030968309273,
        38.257169064937806
      ],
      [
        -104.3201970526095,
        38.257152761005464
      ],
      [
        -104.32008442212627,
        38.25713645707312
      ],
      [
        -104.31997179164304,
        38.25712015314078
      ],
      [
        -104.31985916115981,
        38.257103849208434
      ],
      [
        -104.3197465306766,
        38.25708754527609
      ],
      [
        -104.31963390019337,
        38.25707124134375
      ],
      [
        -104.31952126971014,
        38.25705493741141
      ],
      [
        -104.3194086392269,
        38.25703863347907
      ],
      [
        -104.31929600874368,
        38.25702232954672
      ],
      [
        -104.31918337826045,
        38.25700602561438
      ],
      [
        -104.31907074777723,
        38.25698972168204
      ],
      [
        -104.3189581731353,
        38.2569731852193
      ],
      [
        -104.31884560730316,
        38.25695661207148
      ],
      [
        -104.31873304147103,
        38.25694003892365
      ],
      [
        -104.3186204756389,
        38.25692346577582
      ],
      [
        -104.31850790980675,
        38.256906892627995
      ],
      [
        -104.31839534397461,
        38.25689031948017
      ],
      [
        -104.31828277814249,
        38.256873746332346
      ],
      [
        -104.31817021231035,
        38.25685717318452
      ],
      [
        -104.31805764647821,
        38.25684060003669
      ],
      [
        -104.31794508064607,
        38.256824026888864
      ],
      [
        -104.31783251481394,
        38.25680745374104
      ],
      [
        -104.3177199489818,
        38.256790880593215
      ],
      [
        -104.31760738314966,
        38.25677430744538
      ],
      [
        -104.31749481731752,
        38.25675773429756
      ],
      [
        -104.3173822514854,
        38.25674116114973
      ],
      [
        -104.31726968565326,
        38.25672458800191
      ],
      [
        -104.31715711982112,
        38.256708014854084
      ],
      [
        -104.31704455398898,
        38.25669144170625
      ],
      [
        -104.31693198815685,
        38.25667486855843
      ],
      [
        -104.31681942232471,
        38.2566582954106
      ],
      [
        -104.31670685649257,
        38.25664172226278
      ],
      [
        -104.31659429066043,
        38.25662514911495
      ],
      [
        -104.31648172482831,
        38.25660857596712
      ],
      [
        -104.31636915899617,
        38.256592002819296
      ],
      [
        -104.31625659316403,
        38.25657542967147
      ],
      [
        -104.3161440273319,
        38.25655885652365
      ],
      [
        -104.31603146149976,
        38.256542283375815
      ],
      [
        -104.31591889566762,
        38.25652571022799
      ],
      [
        -104.31580632983548,
        38.256509137080165
      ],
      [
        -104.31569376400336,
        38.25649256393234
      ],
      [
        -104.31558119817122,
        38.256475990784516
      ],
      [
        -104.31546863233908,
        38.256459417636684
      ],
      [
        -104.31535606650694,
        38.25644284448886
      ],
      [
        -104.31524350067481,
        38.256426271341034
      ],
      [
        -104.31513093484267,
        38.25640969819321
      ],
      [
        -104.31501836901053,
        38.256393125045385
      ],
      [
        -104.31490580317839,
        38.25637655189755
      ],
      [
        -104.31479323734627,
        38.25635997874973
      ],
      [
        -104.31468067151413,
        38.2563434056019
      ],
      [
        -104.31456809374683,
        38.25632688390846
      ],
      [
        -104.3144554930137,
        38.25631046122454
      ],
      [
        -104.31434289228056,
        38.25629403854061
      ],
      [
        -104.31423029154743,
        38.25627761585669
      ],
      [
        -104.3141176908143,
        38.25626119317276
      ],
      [
        -104.31400509008115,
        38.25624477048884
      ],
      [
        -104.31389248934802,
        38.25622834780492
      ],
      [
        -104.31377988861489,
        38.256211925120994
      ],
      [
        -104.31366728788176,
        38.25619550243707
      ],
      [
        -104.31355468714861,
        38.256179079753146
      ],
      [
        -104.31344208641548,
        38.256162657069225
      ],
      [
        -104.31332948568235,
        38.2561462343853
      ],
      [
        -104.31321688494921,
        38.25612981170138
      ],
      [
        -104.31310428421608,
        38.25611338901745
      ],
      [
        -104.31299168348293,
        38.25609696633353
      ],
      [
        -104.3128790827498,
        38.25608054364961
      ],
      [
        -104.31276648201667,
        38.25606412096568
      ],
      [
        -104.31265388128354,
        38.25604769828176
      ],
      [
        -104.31254128055039,
        38.256031275597834
      ],
      [
        -104.31242867981726,
        38.256014852913914
      ],
      [
        -104.31231607908413,
        38.25599843022999
      ],
      [
        -104.312203478351,
        38.255982007546066
      ],
      [
        -104.31209087761785,
        38.255965584862146
      ],
      [
        -104.31197827688472,
        38.25594916217822
      ],
      [
        -104.31186567615158,
        38.2559327394943
      ],
      [
        -104.31175307541845,
        38.25591631681037
      ],
      [
        -104.31164047468532,
        38.25589989412645
      ],
      [
        -104.31152787395217,
        38.25588347144252
      ],
      [
        -104.31141530823702,
        38.25586690387791
      ],
      [
        -104.31130274814265,
        38.25585031305821
      ],
      [
        -104.3111901880483,
        38.25583372223852
      ],
      [
        -104.31107762795394,
        38.25581713141883
      ],
      [
        -104.31096506785958,
        38.25580054059913
      ],
      [
        -104.31085250776522,
        38.25578394977944
      ],
      [
        -104.31073994767087,
        38.255767358959744
      ],
      [
        -104.3106273875765,
        38.255750768140054
      ],
      [
        -104.31051482748214,
        38.25573417732036
      ],
      [
        -104.31040226738779,
        38.255717586500666
      ],
      [
        -104.31028970729342,
        38.255700995680975
      ],
      [
        -104.31017714719907,
        38.255684404861285
      ],
      [
        -104.3100645871047,
        38.25566781404159
      ],
      [
        -104.30995202701035,
        38.255651223221896
      ],
      [
        -104.30983946691599,
        38.2556346324022
      ],
      [
        -104.30972690682162,
        38.25561804158251
      ],
      [
        -104.30961434672727,
        38.25560145076282
      ],
      [
        -104.30950178663291,
        38.25558485994312
      ],
      [
        -104.30938922653856,
        38.25556826912343
      ],
      [
        -104.30927666644419,
        38.25555167830374
      ],
      [
        -104.30916410634983,
        38.25553508748404
      ],
      [
        -104.30905154625547,
        38.25551849666435
      ],
      [
        -104.30893898616111,
        38.25550190584465
      ],
      [
        -104.30882642606676,
        38.25548531502496
      ],
      [
        -104.30871386087344,
        38.25546874926022
      ],
      [
        -104.30860129425956,
        38.25545219047572
      ],
      [
        -104.30848872764568,
        38.25543563169123
      ],
      [
        -104.3083761610318,
        38.25541907290673
      ],
      [
        -104.30826359441792,
        38.25540251412224
      ],
      [
        -104.30815102780406,
        38.255385955337744
      ],
      [
        -104.30803846119018,
        38.25536939655325
      ],
      [
        -104.3079258945763,
        38.25535283776875
      ],
      [
        -104.30781332796242,
        38.25533627898425
      ],
      [
        -104.30770076134854,
        38.25531972019976
      ],
      [
        -104.30758819473466,
        38.25530316141526
      ],
      [
        -104.30747562812078,
        38.25528660263077
      ],
      [
        -104.30736306150692,
        38.255270043846274
      ],
      [
        -104.30725049489304,
        38.25525348506178
      ],
      [
        -104.30713792827916,
        38.255236926277284
      ],
      [
        -104.30702536166528,
        38.25522036749278
      ],
      [
        -104.3069127950514,
        38.25520380870829
      ],
      [
        -104.30680022843752,
        38.25518724992379
      ],
      [
        -104.30668766182364,
        38.2551706911393
      ],
      [
        -104.30657509520978,
        38.255154132354804
      ],
      [
        -104.3064625285959,
        38.25513757357031
      ],
      [
        -104.30634996198202,
        38.255121014785814
      ],
      [
        -104.30623739536814,
        38.25510445600132
      ],
      [
        -104.30612482875426,
        38.25508789721682
      ],
      [
        -104.30601226214038,
        38.25507133843232
      ],
      [
        -104.30589969552652,
        38.25505477964783
      ],
      [
        -104.30578712891264,
        38.255038220863334
      ],
      [
        -104.30567456229876,
        38.25502166207884
      ],
      [
        -104.30556199568488,
        38.255005103294344
      ],
      [
        -104.305449429071,
        38.25498854450985
      ],
      [
        -104.30533686245712,
        38.254971985725355
      ],
      [
        -104.30522429584325,
        38.25495542694085
      ],
      [
        -104.30511172922938,
        38.25493886815636
      ],
      [
        -104.3049991626155,
        38.254922309371864
      ],
      [
        -104.30488659600162,
        38.25490575058737
      ],
      [
        -104.30477402938774,
        38.254889191802874
      ],
      [
        -104.30466146277386,
        38.25487263301838
      ],
      [
        -104.30454889615999,
        38.254856074233885
      ],
      [
        -104.3044363295461,
        38.25483951544939
      ],
      [
        -104.30432376293224,
        38.25482295666489
      ],
      [
        -104.30421119631836,
        38.254806397880394
      ],
      [
        -104.30409862970448,
        38.2547898390959
      ],
      [
        -104.3039860630906,
        38.254773280311404
      ],
      [
        -104.30387349647673,
        38.25475672152691
      ],
      [
        -104.30376092986285,
        38.254740162742415
      ],
      [
        -104.30364836324898,
        38.25472360395792
      ],
      [
        -104.3035357966351,
        38.254707045173426
      ],
      [
        -104.30342323002122,
        38.254690486388924
      ],
      [
        -104.30331066340734,
        38.25467392760443
      ],
      [
        -104.30319809679347,
        38.254657368819935
      ],
      [
        -104.30308553017959,
        38.25464081003544
      ],
      [
        -104.30297296356571,
        38.254624251250945
      ],
      [
        -104.30286039695184,
        38.25460769246645
      ],
      [
        -104.30274783033796,
        38.254591133681956
      ],
      [
        -104.30263526372408,
        38.25457457489746
      ],
      [
        -104.3025226971102,
        38.25455801611296
      ],
      [
        -104.30241013049633,
        38.254541457328465
      ],
      [
        -104.30229756388245,
        38.25452489854397
      ],
      [
        -104.30218499726857,
        38.254508339759475
      ],
      [
        -104.3020724306547,
        38.25449178097498
      ],
      [
        -104.30195986404082,
        38.254475222190486
      ],
      [
        -104.30184729742695,
        38.25445866340599
      ],
      [
        -104.30173473081307,
        38.254442104621496
      ],
      [
        -104.30162216419919,
        38.254425545836995
      ],
      [
        -104.30150939328777,
        38.25440987892243
      ],
      [
        -104.30139656265041,
        38.25439447274407
      ],
      [
        -104.30128373201305,
        38.254379066565704
      ],
      [
        -104.30117090137568,
        38.25436366038735
      ],
      [
        -104.30105807073832,
        38.254348254208985
      ],
      [
        -104.30094524010096,
        38.25433284803062
      ],
      [
        -104.3008324094636,
        38.254317441852265
      ],
      [
        -104.30071957882623,
        38.2543020356739
      ],
      [
        -104.30060674818887,
        38.254286629495546
      ],
      [
        -104.3004939175515,
        38.25427122331718
      ],
      [
        -104.30038108691414,
        38.25425581713882
      ],
      [
        -104.30026825627678,
        38.25424041096046
      ],
      [
        -104.30015542563942,
        38.2542250047821
      ],
      [
        -104.30004259500207,
        38.25420959860374
      ],
      [
        -104.2999297643647,
        38.25419419242538
      ],
      [
        -104.29981693372734,
        38.25417878624702
      ],
      [
        -104.29970410308998,
        38.254163380068654
      ],
      [
        -104.29959127245262,
        38.2541479738903
      ],
      [
        -104.29947844181525,
        38.254132567711935
      ],
      [
        -104.29936548935365,
        38.25411773980048
      ],
      [
        -104.29925235786574,
        38.25410376167869
      ],
      [
        -104.29913922637783,
        38.25408978355691
      ],
      [
        -104.29902609488992,
        38.25407580543512
      ],
      [
        -104.298912963402,
        38.254061827313336
      ],
      [
        -104.2987998319141,
        38.25404784919156
      ],
      [
        -104.29868669508227,
        38.254033898303724
      ],
      [
        -104.29857346111811,
        38.254020442426125
      ],
      [
        -104.29846022715395,
        38.254006986548525
      ],
      [
        -104.2983469931898,
        38.25399353067092
      ],
      [
        -104.29823375922564,
        38.25398007479332
      ],
      [
        -104.29812052526148,
        38.25396661891571
      ],
      [
        -104.29800729129732,
        38.25395316303811
      ],
      [
        -104.29789405733317,
        38.253939707160505
      ],
      [
        -104.29778082336901,
        38.253926251282905
      ],
      [
        -104.29768530000081,
        38.2539149000001
      ]
    ]
  },
  "properties": {
    "relation_id": -1,
    "relation_tags": {
      "line_group": "4"
    },
    "length_m": 26728.435929072148,
    "num_vertices": 2701,
    "maxspeed_coverage": 1.0,
    "is_service": false,
    "service_kind": null,
    "line_group": 4,
    "group_order": null,
    "used_way_ids": [
      99197606,
      99279331,
      170684337,
      170684338,
      170684390,
      170685235,
      172470002,
      172470003,
      242782679,
      242782680,
      242782681,
      242782684,
      251422074,
      251422078,
      251422079,
      251422081,
      251422083,
      251424957,
      251424958,
      251424959,
      251424960,
      306417090,
      306417095,
      420330034,
      420330035,
      1064010245,
      1064010246,
      1064010247
    ],
    "n_gaps": 0,
    "n_branches": 0,
    "dropped_way_ids": [],
    "order": [],
    "s_m": [
      0.0,
      10.0,
      20.0,
      30.0,
      40.0,
      50.0,
      60.0,
      70.0,
      80.0,
      90.0,
      100.0,
      110.0,
      120.0,
      130.0,
      140.0,
      150.0,
      160.0,
      170.0,
      172.447965,
      180.0,
      190.0,
      200.0,
      210.0,
      220.0,
      230.0,
      240.0,
      250.0,
      260.0,
      270.0,
      280.0,
      290.0,
      300.0,
      310.0,
      320.0,
      330.0,
      340.0,
      350.0,
      360.0,
      370.0,
      380.0,
      385.856752,
      390.0,
      400.0,
      404.792624,
      410.0,
      420.0,
      430.0,
      440.0,
      450.0,
      460.0,
      470.0,
      480.0,
      490.0,
      500.0,
      510.0,
      520.0,
      530.0,
      540.0,
      550.0,
      560.0,
      570.0,
      580.0,
      590.0,
      600.0,
      610.0,
      620.0,
      630.0,
      636.280647,
      640.0,
      650.0,
      660.0,
      670.0,
      680.0,
      690.0,
      700.0,
      710.0,
      720.0,
      730.0,
      740.0,
      750.0,
      760.0,
      770.0,
      780.0,
      790.0,
      800.0,
      810.0,
      820.0,
      826.427029,
      830.0,
      840.0,
      850.0,
      860.0,
      870.0,
      880.0,
      890.0,
      900.0,
      910.0,
      920.0,
      930.0,
      940.0,
      950.0,
      960.0,
      970.0,
      980.0,
      990.0,
      1000.0,
      1010.0,
      1020.0,
      1030.0,
      1040.0,
      1050.0,
      1060.0,
      1070.0,
      1080.0,
      1090.0,
      1100.0,
      1110.0,
      1120.0,
      1130.0,
      1140.0,
      1150.0,
      1160.0,
      1170.0,
      1180.0,
      1190.0,
      1200.0,
      1210.0,
      1220.0,
      1230.0,
      1240.0,
      1250.0,
      1260.0,
      1270.0,
      1280.0,
      1290.0,
      1300.0,
      1310.0,
      1320.0,
      1330.0,
      1340.0,
      1350.0,
      1360.0,
      1370.0,
      1380.0,
      1390.0,
      1400.0,
      1410.0,
      1420.0,
      1430.0,
      1440.0,
      1450.0,
      1460.0,
      1470.0,
      1480.0,
      1490.0,
      1500.0,
      1510.0,
      1520.0,
      1530.0,
      1540.0,
      1550.0,
      1560.0,
      1570.0,
      1580.0,
      1590.0,
      1600.0,
      1610.0,
      1620.0,
      1630.0,
      1640.0,
      1648.257182,
      1650.0,
      1660.0,
      1670.0,
      1680.0,
      1690.0,
      1700.0,
      1710.0,
      1720.0,
      1730.0,
      1740.0,
      1750.0,
      1760.0,
      1770.0,
      1780.0,
      1790.0,
      1800.0,
      1810.0,
      1820.0,
      1830.0,
      1840.0,
      1850.0,
      1860.0,
      1870.0,
      1880.0,
      1890.0,
      1900.0,
      1910.0,
      1920.0,
      1930.0,
      1940.0,
      1950.0,
      1960.0,
      1970.0,
      1980.0,
      1990.0,
      2000.0,
      2010.0,
      2020.0,
      2029.787605,
      2030.0,
      2040.0,
      2050.0,
      2060.0,
      2070.0,
      2080.0,
      2090.0,
      2100.0,
      2110.0,
      2120.0,
      2130.0,
      2140.0,
      2150.0,
      2160.0,
      2170.0,
      2180.0,
      2190.0,
      2200.0,
      2210.0,
      2220.0,
      2230.0,
      2240.0,
      2250.0,
      2260.0,
      2270.0,
      2280.0,
      2290.0,
      2300.0,
      2310.0,
      2320.0,
      2330.0,
      2331.86175,
      2340.0,
      2350.0,
      2360.0,
      2370.0,
      2380.0,
      2390.0,
      2400.0,
      2410.0,
      2420.0,
      2430.0,
      2440.0,
      2450.0,
      2460.0,
      2470.0,
      2480.0,
      2490.0,
      2500.0,
      2510.0,
      2520.0,
      2530.0,
      2540.0,
      2550.0,
      2560.0,
      2570.0,
      2579.977126,
      2580.0,
      2590.0,
      2600.0,
      2610.0,
      2620.0,
      2630.0,
      2640.0,
      2650.0,
      2660.0,
      2670.0,
      2680.0,
      2690.0,
      2700.0,
      2710.0,
      2720.0,
      2730.0,
      2740.0,
      2750.0,
      2760.0,
      2770.0,
      2780.0,
      2790.0,
      2800.0,
      2810.0,
      2820.0,
      2830.0,
      2840.0,
      2850.0,
      2860.0,
      2870.0,
      2880.0,
      2890.0,
      2900.0,
      2910.0,
      2920.0,
      2930.0,
      2940.0,
      2941.550886,
      2950.0,
      2960.0,
      2970.0,
      2980.0,
      2990.0,
      3000.0,
      3010.0,
      3020.0,
      3030.0,
      3040.0,
      3050.0,
      3060.0,
      3070.0,
      3080.0,
      3090.0,
      3100.0,
      3110.0,
      3120.0,
      3130.0,
      3140.0,
      3150.0,
      3160.0,
      3170.0,
      3180.0,
      3190.0,
      3200.0,
      3210.0,
      3220.0,
      3230.0,
      3240.0,
      3250.0,
      3260.0,
      3270.0,
      3280.0,
      3290.0,
      3300.0,
      3310.0,
      3320.0,
      3330.0,
      3331.569506,
      3340.0,
      3350.0,
      3360.0,
      3370.0,
      3380.0,
      3390.0,
      3400.0,
      3410.0,
      3420.0,
      3430.0,
      3440.0,
      3450.0,
      3460.0,
      3470.0,
      3480.0,
      3490.0,
      3500.0,
      3510.0,
      3520.0,
      3530.0,
      3540.0,
      3550.0,
      3560.0,
      3570.0,
      3580.0,
      3590.0,
      3600.0,
      3610.0,
      3620.0,
      3630.0,
      3640.0,
      3650.0,
      3660.0,
      3670.0,
      3680.0,
      3690.0,
      3700.0,
      3710.0,
      3720.0,
      3730.0,
      3740.0,
      3750.0,
      3760.0,
      3770.0,
      3780.0,
      3790.0,
      3800.0,
      3810.0,
      3820.0,
      3830.0,
      3840.0,
      3850.0,
      3860.0,
      3870.0,
      3880.0,
      3890.0,
      3900.0,
      3910.0,
      3920.0,
      3930.0,
      3940.0,
      3950.0,
      3960.0,
      3970.0,
      3980.0,
      3990.0,
      4000.0,
      4010.0,
      4020.0,
      4030.0,
      4040.0,
      4050.0,
      4060.0,
      4070.0,
      4080.0,
      4090.0,
      4100.0,
      4110.0,
      4120.0,
      4130.0,
      4140.0,
      4150.0,
      4160.0,
      4170.0,
      4180.0,
      4190.0,
      4200.0,
      4210.0,
      4220.0,
      4228.36261,
      4230.0,
      4240.0,
      4250.0,
      4260.0,
      4270.0,
      4274.120804,
      4280.0,
      4290.0,
      4300.0,
      4310.0,
      4320.0,
      4330.0,
      4340.0,
      4350.0,
      4360.0,
      4370.0,
      4380.0,
      4390.0,
      4400.0,
      4410.0,
      4420.0,
      4430.0,
      4440.0,
      4450.0,
      4460.0,
      4470.0,
      4480.0,
      4490.0,
      4500.0,
      4510.0,
      4520.0,
      4530.0,
      4540.0,
      4550.0,
      4560.0,
      4570.0,
      4580.0,
      4590.0,
      4600.0,
      4610.0,
      4620.0,
      4630.0,
      4640.0,
      4650.0,
      4660.0,
      4670.0,
      4680.0,
      4690.0,
      4700.0,
      4710.0,
      4720.0,
      4730.0,
      4740.0,
      4750.0,
      4760.0,
      4770.0,
      4780.0,
      4790.0,
      4800.0,
      4810.0,
      4820.0,
      4830.0,
      4840.0,
      4850.0,
      4860.0,
      4870.0,
      4880.0,
      4890.0,
      4900.0,
      4910.0,
      4920.0,
      4930.0,
      4940.0,
      4950.0,
      4960.0,
      4970.0,
      4980.0,
      4990.0,
      5000.0,
      5010.0,
      5020.0,
      5030.0,
      5040.0,
      5050.0,
      5060.0,
      5070.0,
      5080.0,
      5090.0,
      5100.0,
      5110.0,
      5120.0,
      5130.0,
      5140.0,
      5150.0,
      5160.0,
      5170.0,
      5180.0,
      5190.0,
      5200.0,
      5210.0,
      5220.0,
      5230.0,
      5240.0,
      5250.0,
      5260.0,
      5270.0,
      5280.0,
      5290.0,
      5300.0,
      5310.0,
      5320.0,
      5330.0,
      5340.0,
      5350.0,
      5360.0,
      5370.0,
      5380.0,
      5390.0,
      5400.0,
      5410.0,
      5420.0,
      5430.0,
      5440.0,
      5450.0,
      5460.0,
      5470.0,
      5480.0,
      5490.0,
      5500.0,
      5510.0,
      5520.0,
      5530.0,
      5540.0,
      5550.0,
      5560.0,
      5570.0,
      5580.0,
      5590.0,
      5600.0,
      5610.0,
      5620.0,
      5630.0,
      5640.0,
      5650.0,
      5660.0,
      5670.0,
      5680.0,
      5690.0,
      5700.0,
      5710.0,
      5720.0,
      5730.0,
      5740.0,
      5750.0,
      5760.0,
      5770.0,
      5780.0,
      5790.0,
      5800.0,
      5810.0,
      5820.0,
      5830.0,
      5838.250101,
      5840.0,
      5850.0,
      5860.0,
      5870.0,
      5880.0,
      5890.0,
      5900.0,
      5910.0,
      5920.0,
      5930.0,
      5940.0,
      5950.0,
      5960.0,
      5970.0,
      5974.395313,
      5980.0,
      5990.0,
      6000.0,
      6010.0,
      6020.0,
      6030.0,
      6040.0,
      6050.0,
      6060.0,
      6070.0,
      6080.0,
      6090.0,
      6100.0,
      6110.0,
      6120.0,
      6130.0,
      6140.0,
      6150.0,
      6160.0,
      6170.0,
      6180.0,
      6190.0,
      6200.0,
      6210.0,
      6220.0,
      6230.0,
      6240.0,
      6250.0,
      6260.0,
      6270.0,
      6280.0,
      6290.0,
      6300.0,
      6310.0,
      6320.0,
      6330.0,
      6340.0,
      6350.0,
      6360.0,
      6370.0,
      6380.0,
      6390.0,
      6400.0,
      6410.0,
      6420.0,
      6430.0,
      6440.0,
      6450.0,
      6460.0,
      6470.0,
      6480.0,
      6490.0,
      6500.0,
      6510.0,
      6520.0,
      6530.0,
      6540.0,
      6549.369243,
      6550.0,
      6560.0,
      6570.0,
      6580.0,
      6590.0,
      6600.0,
      6610.0,
      6620.0,
      6630.0,
      6640.0,
      6650.0,
      6660.0,
      6670.0,
      6680.0,
      6690.0,
      6700.0,
      6710.0,
      6720.0,
      6730.0,
      6740.0,
      6750.0,
      6760.0,
      6770.0,
      6780.0,
      6790.0,
      6800.0,
      6810.0,
      6812.698145,
      6820.0,
      6830.0,
      6840.0,
      6850.0,
      6860.0,
      6870.0,
      6880.0,
      6890.0,
      6900.0,
      6910.0,
      6920.0,
      6930.0,
      6940.0,
      6950.0,
      6960.0,
      6970.0,
      6980.0,
      6990.0,
      7000.0,
      7010.0,
      7020.0,
      7030.0,
      7040.0,
      7050.0,
      7060.0,
      7070.0,
      7080.0,
      7090.0,
      7100.0,
      7110.0,
      7120.0,
      7130.0,
      7140.0,
      7150.0,
      7160.0,
      7170.0,
      7180.0,
      7190.0,
      7200.0,
      7210.0,
      7220.0,
      7230.0,
      7240.0,
      7250.0,
      7260.0,
      7270.0,
      7280.0,
      7290.0,
      7300.0,
      7310.0,
      7320.0,
      7330.0,
      7340.0,
      7350.0,
      7360.0,
      7370.0,
      7380.0,
      7390.0,
      7400.0,
      7410.0,
      7420.0,
      7430.0,
      7440.0,
      7450.0,
      7460.0,
      7470.0,
      7480.0,
      7490.0,
      7500.0,
      7510.0,
      7520.0,
      7530.0,
      7540.0,
      7550.0,
      7560.0,
      7570.0,
      7580.0,
      7590.0,
      7600.0,
      7610.0,
      7620.0,
      7630.0,
      7640.0,
      7650.0,
      7660.0,
      7670.0,
      7680.0,
      7690.0,
      7700.0,
      7710.0,
      7720.0,
      7730.0,
      7740.0,
      7750.0,
      7760.0,
      7770.0,
      7780.0,
      7790.0,
      7800.0,
      7810.0,
      7820.0,
      7830.0,
      7840.0,
      7850.0,
      7860.0,
      7870.0,
      7880.0,
      7890.0,
      7900.0,
      7910.0,
      7916.078732,
      7920.0,
      7930.0,
      7940.0,
      7950.0,
      7960.0,
      7970.0,
      7980.0,
      7990.0,
      8000.0,
      8010.0,
      8020.0,
      8030.0,
      8040.0,
      8050.0,
      8060.0,
      8070.0,
      8080.0,
      8090.0,
      8091.670232,
      8100.0,
      8110.0,
      8120.0,
      8130.0,
      8140.0,
      8150.0,
      8160.0,
      8170.0,
      8180.0,
      8190.0,
      8200.0,
      8210.0,
      8220.0,
      8230.0,
      8240.0,
      8250.0,
      8260.0,
      8270.0,
      8280.0,
      8290.0,
      8300.0,
      8310.0,
      8318.092651,
      8320.0,
      8330.0,
      8340.0,
      8350.0,
      8360.0,
      8370.0,
      8380.0,
      8390.0,
      8400.0,
      8410.0,
      8420.0,
      8430.0,
      8440.0,
      8450.0,
      8460.0,
      8470.0,
      8480.0,
      8490.0,
      8500.0,
      8510.0,
      8520.0,
      8530.0,
      8540.0,
      8550.0,
      8560.0,
      8570.0,
      8580.0,
      8590.0,
      8600.0,
      8610.0,
      8620.0,
      8630.0,
      8640.0,
      8650.0,
      8660.0,
      8670.0,
      8680.0,
      8690.0,
      8700.0,
      8710.0,
      8712.894289,
      8720.0,
      8730.0,
      8740.0,
      8750.0,
      8760.0,
      8770.0,
      8780.0,
      8790.0,
      8800.0,
      8810.0,
      8820.0,
      8830.0,
      8840.0,
      8850.0,
      8860.0,
      8870.0,
      8880.0,
      8890.0,
      8900.0,
      8910.0,
      8920.0,
      8930.0,
      8940.0,
      8950.0,
      8960.0,
      8970.0,
      8980.0,
      8990.0,
      9000.0,
      9010.0,
      9020.0,
      9030.0,
      9040.0,
      9050.0,
      9060.0,
      9070.0,
      9080.0,
      9090.0,
      9100.0,
      9110.0,
      9120.0,
      9130.0,
      9140.0,
      9150.0,
      9160.0,
      9170.0,
      9180.0,
      9190.0,
      9200.0,
      9210.0,
      9220.0,
      9230.0,
      9240.0,
      9250.0,
      9260.0,
      9270.0,
      9280.0,
      9290.0,
      9300.0,
      9310.0,
      9320.0,
      9330.0,
      9340.0,
      9350.0,
      9360.0,
      9370.0,
      9380.0,
      9390.0,
      9400.0,
      9410.0,
      9420.0,
      9430.0,
      9440.0,
      9450.0,
      9460.0,
      9470.0,
      9480.0,
      9490.0,
      9500.0,
      9510.0,
      9520.0,
      9530.0,
      9540.0,
      9550.0,
      9560.0,
      9570.0,
      9580.0,
      9590.0,
      9600.0,
      9610.0,
      9620.0,
      9630.0,
      9640.0,
      9650.0,
      9660.0,
      9670.0,
      9680.0,
      9690.0,
      9700.0,
      9710.0,
      9720.0,
      9730.0,
      9740.0,
      9750.0,
      9760.0,
      9770.0,
      9780.0,
      9790.0,
      9800.0,
      9810.0,
      9820.0,
      9830.0,
      9840.0,
      9850.0,
      9860.0,
      9870.0,
      9880.0,
      9890.0,
      9900.0,
      9910.0,
      9920.0,
      9930.0,
      9940.0,
      9950.0,
      9960.0,
      9970.0,
      9980.0,
      9990.0,
      10000.0,
      10010.0,
      10020.0,
      10030.0,
      10040.0,
      10050.0,
      10060.0,
      10070.0,
      10080.0,
      10090.0,
      10100.0,
      10110.0,
      10120.0,
      10130.0,
      10140.0,
      10150.0,
      10160.0,
      10170.0,
      10180.0,
      10190.0,
      10200.0,
      10210.0,
      10220.0,
      10230.0,
      10240.0,
      10250.0,
      10260.0,
      10270.0,
      10280.0,
      10290.0,
      10300.0,
      10310.0,
      10320.0,
      10330.0,
      10340.0,
      10350.0,
      10360.0,
      10370.0,
      10380.0,
      10390.0,
      10400.0,
      10410.0,
      10420.0,
      10430.0,
      10440.0,
      10450.0,
      10460.0,
      10470.0,
      10480.0,
      10490.0,
      10500.0,
      10510.0,
      10520.0,
      10530.0,
      10540.0,
      10550.0,
      10560.0,
      10570.0,
      10580.0,
      10590.0,
      10600.0,
      10610.0,
      10620.0,
      10630.0,
      10640.0,
      10650.0,
      10660.0,
      10670.0,
      10680.0,
      10690.0,
      10700.0,
      10710.0,
      10720.0,
      10730.0,
      10740.0,
      10750.0,
      10760.0,
      10770.0,
      10780.0,
      10790.0,
      10800.0,
      10810.0,
      10820.0,
      10830.0,
      10840.0,
      10850.0,
      10860.0,
      10870.0,
      10880.0,
      10890.0,
      10900.0,
      10910.0,
      10920.0,
      10930.0,
      10940.0,
      10950.0,
      10960.0,
      10970.0,
      10980.0,
      10990.0,
      11000.0,
      11010.0,
      11020.0,
      11030.0,
      11040.0,
      11050.0,
      11060.0,
      11070.0,
      11080.0,
      11090.0,
      11100.0,
      11110.0,
      11120.0,
      11130.0,
      11140.0,
      11150.0,
      11160.0,
      11170.0,
      11180.0,
      11190.0,
      11200.0,
      11210.0,
      11220.0,
      11230.0,
      11240.0,
      11250.0,
      11260.0,
      11270.0,
      11280.0,
      11290.0,
      11300.0,
      11310.0,
      11320.0,
      11330.0,
      11340.0,
      11350.0,
      11360.0,
      11370.0,
      11380.0,
      11390.0,
      11400.0,
      11410.0,
      11420.0,
      11430.0,
      11440.0,
      11450.0,
      11460.0,
      11470.0,
      11480.0,
      11490.0,
      11500.0,
      11510.0,
      11520.0,
      11530.0,
      11540.0,
      11550.0,
      11560.0,
      11570.0,
      11580.0,
      11590.0,
      11600.0,
      11610.0,
      11620.0,
      11630.0,
      11640.0,
      11650.0,
      11660.0,
      11670.0,
      11680.0,
      11690.0,
      11700.0,
      11710.0,
      11720.0,
      11730.0,
      11740.0,
      11750.0,
      11760.0,
      11770.0,
      11780.0,
      11790.0,
      11800.0,
      11810.0,
      11820.0,
      11830.0,
      11840.0,
      11850.0,
      11860.0,
      11870.0,
      11880.0,
      11890.0,
      11900.0,
      11910.0,
      11920.0,
      11930.0,
      11940.0,
      11950.0,
      11958.523137,
      11960.0,
      11970.0,
      11980.0,
      11990.0,
      12000.0,
      12010.0,
      12020.0,
      12030.0,
      12040.0,
      12050.0,
      12060.0,
      12070.0,
      12080.0,
      12090.0,
      12100.0,
      12110.0,
      12120.0,
      12130.0,
      12140.0,
      12150.0,
      12160.0,
      12170.0,
      12180.0,
      12190.0,
      12200.0,
      12210.0,
      12220.0,
      12230.0,
      12240.0,
      12250.0,
      12260.0,
      12270.0,
      12280.0,
      12290.0,
      12300.0,
      12310.0,
      12320.0,
      12330.0,
      12340.0,
      12350.0,
      12360.0,
      12370.0,
      12380.0,
      12390.0,
      12400.0,
      12410.0,
      12420.0,
      12430.0,
      12440.0,
      12450.0,
      12460.0,
      12470.0,
      12480.0,
      12490.0,
      12500.0,
      12510.0,
      12520.0,
      12530.0,
      12537.257589,
      12540.0,
      12550.0,
      12560.0,
      12570.0,
      12580.0,
      12590.0,
      12600.0,
      12610.0,
      12620.0,
      12630.0,
      12640.0,
      12650.0,
      12660.0,
      12670.0,
      12680.0,
      12690.0,
      12700.0,
      12710.0,
      12720.0,
      12730.0,
      12740.0,
      12750.0,
      12760.0,
      12770.0,
      12780.0,
      12790.0,
      12800.0,
      12810.0,
      12820.0,
      12830.0,
      12840.0,
      12850.0,
      12860.0,
      12870.0,
      12880.0,
      12890.0,
      12900.0,
      12910.0,
      12920.0,
      12930.0,
      12940.0,
      12950.0,
      12960.0,
      12970.0,
      12980.0,
      12990.0,
      13000.0,
      13010.0,
      13020.0,
      13030.0,
      13040.0,
      13050.0,
      13060.0,
      13070.0,
      13080.0,
      13090.0,
      13100.0,
      13110.0,
      13120.0,
      13130.0,
      13140.0,
      13150.0,
      13160.0,
      13170.0,
      13180.0,
      13190.0,
      13200.0,
      13210.0,
      13220.0,
      13230.0,
      13240.0,
      13250.0,
      13260.0,
      13270.0,
      13280.0,
      13290.0,
      13300.0,
      13310.0,
      13320.0,
      13330.0,
      13340.0,
      13350.0,
      13360.0,
      13370.0,
      13380.0,
      13390.0,
      13400.0,
      13410.0,
      13420.0,
      13430.0,
      13440.0,
      13450.0,
      13460.0,
      13470.0,
      13480.0,
      13490.0,
      13500.0,
      13510.0,
      13520.0,
      13530.0,
      13540.0,
      13550.0,
      13560.0,
      13570.0,
      13580.0,
      13590.0,
      13600.0,
      13610.0,
      13620.0,
      13630.0,
      13640.0,
      13650.0,
      13660.0,
      13670.0,
      13680.0,
      13690.0,
      13700.0,
      13710.0,
      13720.0,
      13730.0,
      13740.0,
      13750.0,
      13760.0,
      13770.0,
      13780.0,
      13790.0,
      13800.0,
      13810.0,
      13820.0,
      13830.0,
      13840.0,
      13850.0,
      13860.0,
      13870.0,
      13880.0,
      13890.0,
      13900.0,
      13910.0,
      13920.0,
      13930.0,
      13940.0,
      13950.0,
      13960.0,
      13970.0,
      13980.0,
      13990.0,
      14000.0,
      14010.0,
      14020.0,
      14030.0,
      14040.0,
      14050.0,
      14060.0,
      14070.0,
      14080.0,
      14090.0,
      14100.0,
      14110.0,
      14120.0,
      14130.0,
      14140.0,
      14150.0,
      14160.0,
      14170.0,
      14180.0,
      14190.0,
      14200.0,
      14210.0,
      14220.0,
      14230.0,
      14240.0,
      14250.0,
      14260.0,
      14270.0,
      14280.0,
      14290.0,
      14300.0,
      14310.0,
      14320.0,
      14330.0,
      14340.0,
      14350.0,
      14360.0,
      14370.0,
      14380.0,
      14390.0,
      14400.0,
      14410.0,
      14420.0,
      14430.0,
      14440.0,
      14450.0,
      14460.0,
      14470.0,
      14480.0,
      14490.0,
      14500.0,
      14510.0,
      14520.0,
      14530.0,
      14540.0,
      14550.0,
      14560.0,
      14570.0,
      14580.0,
      14590.0,
      14600.0,
      14610.0,
      14620.0,
      14630.0,
      14640.0,
      14650.0,
      14660.0,
      14670.0,
      14680.0,
      14690.0,
      14700.0,
      14710.0,
      14720.0,
      14730.0,
      14740.0,
      14750.0,
      14760.0,
      14770.0,
      14780.0,
      14790.0,
      14800.0,
      14810.0,
      14820.0,
      14830.0,
      14840.0,
      14850.0,
      14860.0,
      14870.0,
      14880.0,
      14890.0,
      14900.0,
      14910.0,
      14920.0,
      14930.0,
      14940.0,
      14950.0,
      14960.0,
      14970.0,
      14980.0,
      14990.0,
      15000.0,
      15010.0,
      15020.0,
      15030.0,
      15040.0,
      15050.0,
      15060.0,
      15070.0,
      15080.0,
      15090.0,
      15100.0,
      15110.0,
      15120.0,
      15130.0,
      15140.0,
      15150.0,
      15160.0,
      15170.0,
      15180.0,
      15190.0,
      15200.0,
      15210.0,
      15220.0,
      15230.0,
      15240.0,
      15250.0,
      15260.0,
      15270.0,
      15280.0,
      15290.0,
      15300.0,
      15310.0,
      15320.0,
      15330.0,
      15340.0,
      15350.0,
      15360.0,
      15370.0,
      15380.0,
      15390.0,
      15400.0,
      15410.0,
      15420.0,
      15430.0,
      15440.0,
      15450.0,
      15460.0,
      15470.0,
      15480.0,
      15490.0,
      15500.0,
      15510.0,
      15520.0,
      15530.0,
      15540.0,
      15550.0,
      15560.0,
      15570.0,
      15580.0,
      15590.0,
      15600.0,
      15610.0,
      15620.0,
      15630.0,
      15640.0,
      15650.0,
      15660.0,
      15670.0,
      15680.0,
      15690.0,
      15700.0,
      15710.0,
      15720.0,
      15730.0,
      15740.0,
      15750.0,
      15760.0,
      15770.0,
      15780.0,
      15790.0,
      15800.0,
      15810.0,
      15820.0,
      15830.0,
      15840.0,
      15850.0,
      15860.0,
      15870.0,
      15880.0,
      15890.0,
      15900.0,
      15910.0,
      15920.0,
      15930.0,
      15940.0,
      15950.0,
      15960.0,
      15970.0,
      15980.0,
      15990.0,
      16000.0,
      16010.0,
      16020.0,
      16030.0,
      16040.0,
      16050.0,
      16060.0,
      16070.0,
      16080.0,
      16090.0,
      16100.0,
      16110.0,
      16120.0,
      16130.0,
      16140.0,
      16150.0,
      16160.0,
      16170.0,
      16180.0,
      16190.0,
      16200.0,
      16210.0,
      16220.0,
      16230.0,
      16240.0,
      16250.0,
      16260.0,
      16270.0,
      16280.0,
      16290.0,
      16300.0,
      16310.0,
      16320.0,
      16330.0,
      16340.0,
      16350.0,
      16360.0,
      16370.0,
      16380.0,
      16390.0,
      16400.0,
      16410.0,
      16420.0,
      16430.0,
      16440.0,
      16450.0,
      16460.0,
      16470.0,
      16480.0,
      16490.0,
      16500.0,
      16510.0,
      16520.0,
      16530.0,
      16540.0,
      16550.0,
      16560.0,
      16570.0,
      16580.0,
      16590.0,
      16600.0,
      16610.0,
      16620.0,
      16630.0,
      16640.0,
      16650.0,
      16660.0,
      16670.0,
      16680.0,
      16690.0,
      16700.0,
      16710.0,
      16720.0,
      16730.0,
      16740.0,
      16750.0,
      16760.0,
      16770.0,
      16780.0,
      16790.0,
      16800.0,
      16810.0,
      16820.0,
      16830.0,
      16840.0,
      16850.0,
      16860.0,
      16870.0,
      16880.0,
      16890.0,
      16900.0,
      16910.0,
      16920.0,
      16930.0,
      16940.0,
      16950.0,
      16960.0,
      16970.0,
      16980.0,
      16990.0,
      17000.0,
      17010.0,
      17020.0,
      17030.0,
      17040.0,
      17050.0,
      17060.0,
      17070.0,
      17080.0,
      17090.0,
      17100.0,
      17110.0,
      17120.0,
      17130.0,
      17140.0,
      17150.0,
      17160.0,
      17170.0,
      17180.0,
      17190.0,
      17200.0,
      17210.0,
      17220.0,
      17230.0,
      17240.0,
      17250.0,
      17260.0,
      17270.0,
      17280.0,
      17290.0,
      17300.0,
      17310.0,
      17320.0,
      17330.0,
      17340.0,
      17350.0,
      17360.0,
      17370.0,
      17380.0,
      17390.0,
      17400.0,
      17410.0,
      17420.0,
      17430.0,
      17440.0,
      17450.0,
      17460.0,
      17470.0,
      17480.0,
      17490.0,
      17500.0,
      17510.0,
      17520.0,
      17530.0,
      17540.0,
      17550.0,
      17560.0,
      17570.0,
      17580.0,
      17590.0,
      17600.0,
      17610.0,
      17620.0,
      17630.0,
      17640.0,
      17650.0,
      17660.0,
      17670.0,
      17680.0,
      17690.0,
      17700.0,
      17710.0,
      17720.0,
      17730.0,
      17740.0,
      17750.0,
      17760.0,
      17770.0,
      17780.0,
      17790.0,
      17800.0,
      17810.0,
      17820.0,
      17830.0,
      17840.0,
      17850.0,
      17860.0,
      17870.0,
      17880.0,
      17890.0,
      17900.0,
      17910.0,
      17920.0,
      17930.0,
      17940.0,
      17950.0,
      17960.0,
      17970.0,
      17980.0,
      17990.0,
      18000.0,
      18010.0,
      18020.0,
      18030.0,
      18040.0,
      18050.0,
      18060.0,
      18070.0,
      18080.0,
      18090.0,
      18100.0,
      18110.0,
      18120.0,
      18130.0,
      18140.0,
      18150.0,
      18160.0,
      18170.0,
      18180.0,
      18190.0,
      18200.0,
      18210.0,
      18220.0,
      18230.0,
      18240.0,
      18250.0,
      18260.0,
      18270.0,
      18280.0,
      18290.0,
      18300.0,
      18310.0,
      18320.0,
      18330.0,
      18340.0,
      18350.0,
      18360.0,
      18370.0,
      18380.0,
      18390.0,
      18400.0,
      18410.0,
      18420.0,
      18430.0,
      18440.0,
      18450.0,
      18460.0,
      18470.0,
      18480.0,
      18490.0,
      18500.0,
      18510.0,
      18520.0,
      18530.0,
      18540.0,
      18550.0,
      18560.0,
      18570.0,
      18580.0,
      18590.0,
      18600.0,
      18610.0,
      18620.0,
      18630.0,
      18640.0,
      18650.0,
      18660.0,
      18670.0,
      18680.0,
      18690.0,
      18700.0,
      18710.0,
      18720.0,
      18730.0,
      18740.0,
      18750.0,
      18760.0,
      18770.0,
      18780.0,
      18790.0,
      18800.0,
      18810.0,
      18820.0,
      18830.0,
      18840.0,
      18850.0,
      18860.0,
      18870.0,
      18880.0,
      18890.0,
      18900.0,
      18910.0,
      18920.0,
      18930.0,
      18940.0,
      18950.0,
      18960.0,
      18970.0,
      18980.0,
      18990.0,
      19000.0,
      19010.0,
      19020.0,
      19030.0,
      19040.0,
      19050.0,
      19060.0,
      19070.0,
      19080.0,
      19090.0,
      19100.0,
      19110.0,
      19120.0,
      19130.0,
      19140.0,
      19150.0,
      19160.0,
      19170.0,
      19180.0,
      19190.0,
      19200.0,
      19210.0,
      19220.0,
      19230.0,
      19240.0,
      19250.0,
      19260.0,
      19270.0,
      19280.0,
      19290.0,
      19300.0,
      19310.0,
      19320.0,
      19330.0,
      19340.0,
      19350.0,
      19360.0,
      19370.0,
      19380.0,
      19390.0,
      19400.0,
      19410.0,
      19420.0,
      19430.0,
      19440.0,
      19450.0,
      19460.0,
      19470.0,
      19480.0,
      19490.0,
      19499.303131,
      19500.0,
      19510.0,
      19520.0,
      19530.0,
      19540.0,
      19550.0,
      19560.0,
      19570.0,
      19580.0,
      19590.0,
      19600.0,
      19610.0,
      19620.0,
      19630.0,
      19640.0,
      19650.0,
      19660.0,
      19670.0,
      19680.0,
      19690.0,
      19700.0,
      19710.0,
      19720.0,
      19730.0,
      19740.0,
      19750.0,
      19760.0,
      19770.0,
      19780.0,
      19790.0,
      19800.0,
      19810.0,
      19820.0,
      19830.0,
      19840.0,
      19850.0,
      19860.0,
      19870.0,
      19880.0,
      19890.0,
      19900.0,
      19910.0,
      19920.0,
      19930.0,
      19940.0,
      19950.0,
      19960.0,
      19970.0,
      19970.828626,
      19980.0,
      19990.0,
      20000.0,
      20010.0,
      20020.0,
      20030.0,
      20040.0,
      20050.0,
      20060.0,
      20070.0,
      20080.0,
      20083.254473,
      20090.0,
      20100.0,
      20110.0,
      20120.0,
      20130.0,
      20140.0,
      20150.0,
      20160.0,
      20170.0,
      20180.0,
      20190.0,
      20200.0,
      20210.0,
      20220.0,
      20230.0,
      20231.010004,
      20240.0,
      20250.0,
      20260.0,
      20270.0,
      20280.0,
      20290.0,
      20300.0,
      20310.0,
      20320.0,
      20330.0,
      20340.0,
      20350.0,
      20360.0,
      20370.0,
      20380.0,
      20390.0,
      20400.0,
      20410.0,
      20420.0,
      20430.0,
      20440.0,
      20450.0,
      20460.0,
      20470.0,
      20480.0,
      20490.0,
      20500.0,
      20510.0,
      20520.0,
      20530.0,
      20540.0,
      20550.0,
      20560.0,
      20570.0,
      20580.0,
      20590.0,
      20600.0,
      20610.0,
      20620.0,
      20630.0,
      20640.0,
      20650.0,
      20660.0,
      20670.0,
      20680.0,
      20690.0,
      20700.0,
      20710.0,
      20720.0,
      20730.0,
      20740.0,
      20750.0,
      20760.0,
      20770.0,
      20780.0,
      20790.0,
      20800.0,
      20810.0,
      20820.0,
      20830.0,
      20840.0,
      20850.0,
      20860.0,
      20870.0,
      20880.0,
      20890.0,
      20900.0,
      20910.0,
      20920.0,
      20930.0,
      20940.0,
      20950.0,
      20960.0,
      20970.0,
      20980.0,
      20990.0,
      21000.0,
      21010.0,
      21020.0,
      21030.0,
      21040.0,
      21050.0,
      21060.0,
      21070.0,
      21080.0,
      21090.0,
      21100.0,
      21110.0,
      21120.0,
      21130.0,
      21140.0,
      21150.0,
      21160.0,
      21170.0,
      21180.0,
      21190.0,
      21200.0,
      21210.0,
      21220.0,
      21230.0,
      21240.0,
      21250.0,
      21260.0,
      21270.0,
      21280.0,
      21290.0,
      21300.0,
      21310.0,
      21320.0,
      21330.0,
      21340.0,
      21350.0,
      21360.0,
      21370.0,
      21380.0,
      21390.0,
      21400.0,
      21410.0,
      21420.0,
      21430.0,
      21440.0,
      21450.0,
      21460.0,
      21470.0,
      21480.0,
      21490.0,
      21500.0,
      21510.0,
      21520.0,
      21530.0,
      21540.0,
      21550.0,
      21560.0,
      21570.0,
      21580.0,
      21590.0,
      21600.0,
      21610.0,
      21620.0,
      21630.0,
      21640.0,
      21650.0,
      21660.0,
      21670.0,
      21680.0,
      21690.0,
      21700.0,
      21710.0,
      21720.0,
      21730.0,
      21740.0,
      21750.0,
      21760.0,
      21770.0,
      21780.0,
      21790.0,
      21800.0,
      21810.0,
      21820.0,
      21830.0,
      21840.0,
      21850.0,
      21860.0,
      21870.0,
      21880.0,
      21890.0,
      21900.0,
      21910.0,
      21920.0,
      21930.0,
      21940.0,
      21950.0,
      21960.0,
      21970.0,
      21980.0,
      21990.0,
      22000.0,
      22010.0,
      22020.0,
      22030.0,
      22040.0,
      22050.0,
      22060.0,
      22070.0,
      22080.0,
      22090.0,
      22100.0,
      22110.0,
      22120.0,
      22130.0,
      22140.0,
      22150.0,
      22160.0,
      22170.0,
      22180.0,
      22190.0,
      22200.0,
      22210.0,
      22220.0,
      22230.0,
      22240.0,
      22250.0,
      22260.0,
      22270.0,
      22280.0,
      22290.0,
      22300.0,
      22310.0,
      22320.0,
      22330.0,
      22340.0,
      22350.0,
      22360.0,
      22370.0,
      22380.0,
      22390.0,
      22400.0,
      22410.0,
      22420.0,
      22430.0,
      22440.0,
      22450.0,
      22460.0,
      22470.0,
      22480.0,
      22490.0,
      22500.0,
      22510.0,
      22520.0,
      22530.0,
      22540.0,
      22550.0,
      22560.0,
      22570.0,
      22580.0,
      22590.0,
      22600.0,
      22610.0,
      22620.0,
      22630.0,
      22640.0,
      22650.0,
      22660.0,
      22670.0,
      22680.0,
      22690.0,
      22700.0,
      22710.0,
      22720.0,
      22730.0,
      22740.0,
      22750.0,
      22760.0,
      22770.0,
      22780.0,
      22790.0,
      22800.0,
      22810.0,
      22820.0,
      22830.0,
      22840.0,
      22850.0,
      22860.0,
      22870.0,
      22880.0,
      22890.0,
      22900.0,
      22910.0,
      22920.0,
      22930.0,
      22940.0,
      22950.0,
      22960.0,
      22970.0,
      22980.0,
      22990.0,
      23000.0,
      23010.0,
      23020.0,
      23030.0,
      23040.0,
      23050.0,
      23060.0,
      23070.0,
      23080.0,
      23090.0,
      23100.0,
      23110.0,
      23120.0,
      23130.0,
      23140.0,
      23150.0,
      23160.0,
      23170.0,
      23180.0,
      23190.0,
      23200.0,
      23210.0,
      23220.0,
      23230.0,
      23240.0,
      23250.0,
      23260.0,
      23270.0,
      23280.0,
      23290.0,
      23300.0,
      23310.0,
      23320.0,
      23330.0,
      23340.0,
      23350.0,
      23360.0,
      23370.0,
      23380.0,
      23390.0,
      23400.0,
      23410.0,
      23420.0,
      23430.0,
      23440.0,
      23450.0,
      23460.0,
      23470.0,
      23480.0,
      23490.0,
      23500.0,
      23510.0,
      23520.0,
      23530.0,
      23540.0,
      23550.0,
      23560.0,
      23570.0,
      23580.0,
      23590.0,
      23600.0,
      23610.0,
      23620.0,
      23630.0,
      23640.0,
      23650.0,
      23660.0,
      23670.0,
      23680.0,
      23690.0,
      23700.0,
      23710.0,
      23720.0,
      23730.0,
      23740.0,
      23750.0,
      23760.0,
      23770.0,
      23780.0,
      23790.0,
      23800.0,
      23810.0,
      23820.0,
      23830.0,
      23840.0,
      23850.0,
      23860.0,
      23870.0,
      23880.0,
      23890.0,
      23900.0,
      23910.0,
      23920.0,
      23930.0,
      23940.0,
      23950.0,
      23960.0,
      23970.0,
      23980.0,
      23990.0,
      24000.0,
      24010.0,
      24020.0,
      24030.0,
      24040.0,
      24050.0,
      24060.0,
      24070.0,
      24080.0,
      24090.0,
      24100.0,
      24110.0,
      24120.0,
      24130.0,
      24140.0,
      24150.0,
      24160.0,
      24170.0,
      24180.0,
      24190.0,
      24200.0,
      24210.0,
      24220.0,
      24230.0,
      24240.0,
      24250.0,
      24260.0,
      24270.0,
      24280.0,
      24290.0,
      24300.0,
      24310.0,
      24320.0,
      24330.0,
      24340.0,
      24350.0,
      24360.0,
      24370.0,
      24380.0,
      24390.0,
      24400.0,
      24410.0,
      24420.0,
      24430.0,
      24440.0,
      24450.0,
      24460.0,
      24470.0,
      24480.0,
      24490.0,
      24500.0,
      24510.0,
      24520.0,
      24530.0,
      24540.0,
      24550.0,
      24560.0,
      24570.0,
      24580.0,
      24590.0,
      24600.0,
      24610.0,
      24620.0,
      24630.0,
      24640.0,
      24650.0,
      24660.0,
      24670.0,
      24680.0,
      24690.0,
      24700.0,
      24710.0,
      24720.0,
      24730.0,
      24740.0,
      24750.0,
      24760.0,
      24770.0,
      24780.0,
      24790.0,
      24800.0,
      24810.0,
      24820.0,
      24830.0,
      24840.0,
      24850.0,
      24860.0,
      24870.0,
      24880.0,
      24890.0,
      24900.0,
      24910.0,
      24920.0,
      24930.0,
      24940.0,
      24950.0,
      24960.0,
      24970.0,
      24980.0,
      24990.0,
      25000.0,
      25010.0,
      25020.0,
      25030.0,
      25040.0,
      25050.0,
      25060.0,
      25070.0,
      25080.0,
      25090.0,
      25100.0,
      25110.0,
      25120.0,
      25130.0,
      25140.0,
      25150.0,
      25160.0,
      25170.0,
      25180.0,
      25190.0,
      25200.0,
      25210.0,
      25220.0,
      25230.0,
      25240.0,
      25250.0,
      25260.0,
      25270.0,
      25280.0,
      25290.0,
      25300.0,
      25310.0,
      25320.0,
      25330.0,
      25340.0,
      25350.0,
      25360.0,
      25370.0,
      25380.0,
      25390.0,
      25400.0,
      25410.0,
      25420.0,
      25430.0,
      25440.0,
      25450.0,
      25460.0,
      25470.0,
      25480.0,
      25490.0,
      25500.0,
      25510.0,
      25520.0,
      25530.0,
      25540.0,
      25550.0,
      25560.0,
      25570.0,
      25580.0,
      25590.0,
      25600.0,
      25610.0,
      25620.0,
      25630.0,
      25640.0,
      25650.0,
      25660.0,
      25670.0,
      25680.0,
      25690.0,
      25700.0,
      25710.0,
      25720.0,
      25730.0,
      25740.0,
      25750.0,
      25760.0,
      25770.0,
      25780.0,
      25790.0,
      25800.0,
      25810.0,
      25820.0,
      25830.0,
      25840.0,
      25850.0,
      25860.0,
      25870.0,
      25880.0,
      25890.0,
      25900.0,
      25910.0,
      25920.0,
      25930.0,
      25940.0,
      25950.0,
      25960.0,
      25970.0,
      25980.0,
      25990.0,
      26000.0,
      26010.0,
      26020.0,
      26030.0,
      26040.0,
      26050.0,
      26060.0,
      26070.0,
      26080.0,
      26090.0,
      26100.0,
      26110.0,
      26120.0,
      26130.0,
      26140.0,
      26150.0,
      26160.0,
      26170.0,
      26180.0,
      26190.0,
      26200.0,
      26210.0,
      26220.0,
      26230.0,
      26240.0,
      26250.0,
      26260.0,
      26270.0,
      26280.0,
      26290.0,
      26300.0,
      26310.0,
      26320.0,
      26330.0,
      26340.0,
      26350.0,
      26360.0,
      26370.0,
      26380.0,
      26390.0,
      26400.0,
      26410.0,
      26420.0,
      26430.0,
      26440.0,
      26450.0,
      26460.0,
      26470.0,
      26480.0,
      26490.0,
      26500.0,
      26510.0,
      26520.0,
      26530.0,
      26540.0,
      26550.0,
      26560.0,
      26570.0,
      26580.0,
      26590.0,
      26600.0,
      26610.0,
      26620.0,
      26630.0,
      26640.0,
      26650.0,
      26660.0,
      26670.0,
      26680.0,
      26690.0,
      26700.0,
      26710.0,
      26720.0,
      26728.435929
    ],
    "way_id": [
      99197606,
      99197606,
      99197606,
      99197606,
      99197606,
      99197606,
      99197606,
      99197606,
      99197606,
      99197606,
      99197606,
      99197606,
      99197606,
      99197606,
      99197606,
      99197606,
      99197606,
      99197606,
      99197606,
      170685235,
      170685235,
      170685235,
      170685235,
      170685235,
      170685235,
      170685235,
      170685235,
      170685235,
      170685235,
      170685235,
      170685235,
      170685235,
      170685235,
      170685235,
      170685235,
      170685235,
      170685235,
      170685235,
      170685235,
      170685235,
      170685235,
      1064010245,
      1064010245,
      1064010245,
      170684390,
      170684390,
      170684390,
      170684390,
      170684390,
      170684390,
      170684390,
      170684390,
      170684390,
      170684390,
      170684390,
      170684390,
      170684390,
      170684390,
      170684390,
      170684390,
      170684390,
      170684390,
      170684390,
      170684390,
      170684390,
      170684390,
      170684390,
      170684337,
      170684337,
      170684337,
      170684337,
      170684337,
      170684337,
      170684337,
      170684337,
      170684337,
      170684337,
      170684337,
      170684337,
      170684337,
      170684337,
      170684337,
      170684337,
      170684337,
      170684337,
      170684337,
      170684337,
      170684337,
      170684338,
      170684338,
      170684338,
      170684338,
      170684338,
      170684338,
      170684338,
      170684338,
      170684338,
      170684338,
      170684338,
      170684338,
      170684338,
      170684338,
      170684338,
      170684338,
      170684338,
      170684338,
      170684338,
      170684338,
      170684338,
      170684338,
      170684338,
      170684338,
      170684338,
      170684338,
      170684338,
      170684338,
      170684338,
      170684338,
      170684338,
      170684338,
      170684338,
      170684338,
      170684338,
      170684338,
      170684338,
      170684338,
      170684338,
      170684338,
      170684338,
      170684338,
      170684338,
      170684338,
      170684338,
      170684338,
      170684338,
      170684338,
      170684338,
      170684338,
      170684338,
      170684338,
      170684338,
      170684338,
      170684338,
      170684338,
      170684338,
      170684338,
      170684338,
      170684338,
      170684338,
      170684338,
      170684338,
      170684338,
      170684338,
      170684338,
      170684338,
      170684338,
      170684338,
      170684338,
      170684338,
      170684338,
      170684338,
      170684338,
      170684338,
      170684338,
      170684338,
      170684338,
      170684338,
      170684338,
      170684338,
      170684338,
      170684338,
      172470002,
      172470002,
      172470002,
      172470002,
      172470002,
      172470002,
      172470002,
      172470002,
      172470002,
      172470002,
      172470002,
      172470002,
      172470002,
      172470002,
      172470002,
      172470002,
      172470002,
      172470002,
      172470002,
      172470002,
      172470002,
      172470002,
      172470002,
      172470002,
      172470002,
      172470002,
      172470002,
      172470002,
      172470002,
      172470002,
      172470002,
      172470002,
      172470002,
      172470002,
      172470002,
      172470002,
      172470002,
      172470002,
      1064010247,
      1064010247,
      1064010247,
      1064010247,
      1064010247,
      1064010247,
      1064010247,
      1064010247,
      1064010247,
      1064010247,
      1064010247,
      1064010247,
      1064010247,
      1064010247,
      1064010247,
      1064010247,
      1064010247,
      1064010247,
      1064010247,
      1064010247,
      1064010247,
      1064010247,
      1064010247,
      1064010247,
      1064010247,
      1064010247,
      1064010247,
      1064010247,
      1064010247,
      1064010247,
      1064010247,
      1064010247,
      1064010246,
      1064010246,
      1064010246,
      1064010246,
      1064010246,
      1064010246,
      1064010246,
      1064010246,
      1064010246,
      1064010246,
      1064010246,
      1064010246,
      1064010246,
      1064010246,
      1064010246,
      1064010246,
      1064010246,
      1064010246,
      1064010246,
      1064010246,
      1064010246,
      1064010246,
      1064010246,
      1064010246,
      1064010246,
      172470003,
      172470003,
      172470003,
      172470003,
      172470003,
      172470003,
      172470003,
      172470003,
      172470003,
      172470003,
      172470003,
      172470003,
      172470003,
      172470003,
      172470003,
      172470003,
      172470003,
      172470003,
      172470003,
      172470003,
      172470003,
      172470003,
      172470003,
      172470003,
      172470003,
      172470003,
      172470003,
      172470003,
      172470003,
      172470003,
      172470003,
      172470003,
      172470003,
      172470003,
      172470003,
      172470003,
      172470003,
      172470003,
      172470003,
      420330034,
      420330034,
      420330034,
      420330034,
      420330034,
      420330034,
      420330034,
      420330034,
      420330034,
      420330034,
      420330034,
      420330034,
      420330034,
      420330034,
      420330034,
      420330034,
      420330034,
      420330034,
      420330034,
      420330034,
      420330034,
      420330034,
      420330034,
      420330034,
      420330034,
      420330034,
      420330034,
      420330034,
      420330034,
      420330034,
      420330034,
      420330034,
      420330034,
      420330034,
      420330034,
      420330034,
      420330034,
      420330034,
      420330034,
      420330035,
      420330035,
      420330035,
      420330035,
      420330035,
      420330035,
      420330035,
      420330035,
      420330035,
      420330035,
      420330035,
      420330035,
      420330035,
      420330035,
      420330035,
      420330035,
      420330035,
      420330035,
      420330035,
      420330035,
      420330035,
      420330035,
      420330035,
      420330035,
      420330035,
      420330035,
      420330035,
      420330035,
      420330035,
      420330035,
      420330035,
      420330035,
      420330035,
      420330035,
      420330035,
      420330035,
      420330035,
      420330035,
      420330035,
      420330035,
      420330035,
      420330035,
      420330035,
      420330035,
      420330035,
      420330035,
      420330035,
      420330035,
      420330035,
      420330035,
      420330035,
      420330035,
      420330035,
      420330035,
      420330035,
      420330035,
      420330035,
      420330035,
      420330035,
      420330035,
      420330035,
      420330035,
      420330035,
      420330035,
      420330035,
      420330035,
      420330035,
      420330035,
      420330035,
      420330035,
      420330035,
      420330035,
      420330035,
      420330035,
      420330035,
      420330035,
      420330035,
      420330035,
      420330035,
      420330035,
      420330035,
      420330035,
      420330035,
      420330035,
      420330035,
      420330035,
      420330035,
      420330035,
      420330035,
      420330035,
      306417090,
      306417090,
      306417090,
      306417090,
      306417090,
      306417090,
      306417090,
      306417095,
      306417095,
      306417095,
      306417095,
      306417095,
      306417095,
      306417095,
      306417095,
      306417095,
      306417095,
      306417095,
      306417095,
      306417095,
      306417095,
      306417095,
      306417095,
      306417095,
      306417095,
      306417095,
      306417095,
      306417095,
      306417095,
      306417095,
      306417095,
      306417095,
      306417095,
      306417095,
      306417095,
      306417095,
      306417095,
      306417095,
      306417095,
      306417095,
      306417095,
      306417095,
      306417095,
      306417095,
      306417095,
      306417095,
      306417095,
      306417095,
      306417095,
      306417095,
      306417095,
      306417095,
      306417095,
      306417095,
      306417095,
      306417095,
      306417095,
      306417095,
      306417095,
      306417095,
      306417095,
      306417095,
      306417095,
      306417095,
      306417095,
      306417095,
      306417095,
      306417095,
      306417095,
      306417095,
      306417095,
      306417095,
      306417095,
      306417095,
      306417095,
      306417095,
      306417095,
      306417095,
      306417095,
      306417095,
      306417095,
      306417095,
      306417095,
      306417095,
      306417095,
      306417095,
      306417095,
      306417095,
      306417095,
      306417095,
      306417095,
      306417095,
      306417095,
      306417095,
      306417095,
      306417095,
      306417095,
      306417095,
      306417095,
      306417095,
      306417095,
      306417095,
      306417095,
      306417095,
      306417095,
      306417095,
      306417095,
      306417095,
      306417095,
      306417095,
      306417095,
      306417095,
      306417095,
      306417095,
      306417095,
      306417095,
      306417095,
      306417095,
      306417095,
      306417095,
      306417095,
      306417095,
      306417095,
      306417095,
      306417095,
      306417095,
      306417095,
      306417095,
      306417095,
      306417095,
      306417095,
      306417095,
      306417095,
      306417095,
      306417095,
      306417095,
      306417095,
      306417095,
      306417095,
      306417095,
      306417095,
      306417095,
      306417095,
      306417095,
      306417095,
      306417095,
      306417095,
      306417095,
      306417095,
      306417095,
      306417095,
      306417095,
      306417095,
      306417095,
      306417095,
      306417095,
      306417095,
      306417095,
      306417095,
      306417095,
      306417095,
      306417095,
      306417095,
      306417095,
      242782680,
      242782680,
      242782680,
      242782680,
      242782680,
      242782680,
      242782680,
      242782680,
      242782680,
      242782680,
      242782680,
      242782680,
      242782680,
      242782680,
      242782680,
      242782679,
      242782679,
      242782679,
      242782679,
      242782679,
      242782679,
      242782679,
      242782679,
      242782679,
      242782679,
      242782679,
      242782679,
      242782679,
      242782679,
      242782679,
      242782679,
      242782679,
      242782679,
      242782679,
      242782679,
      242782679,
      242782679,
      242782679,
      242782679,
      242782679,
      242782679,
      242782679,
      242782679,
      242782679,
      242782679,
      242782679,
      242782679,
      242782679,
      242782679,
      242782679,
      242782679,
      242782679,
      242782679,
      242782679,
      242782679,
      242782679,
      242782679,
      242782679,
      242782679,
      242782679,
      242782679,
      242782679,
      242782679,
      242782679,
      242782679,
      242782679,
      242782679,
      242782679,
      242782679,
      242782679,
      242782679,
      242782679,
      242782684,
      242782684,
      242782684,
      242782684,
      242782684,
      242782684,
      242782684,
      242782684,
      242782684,
      242782684,
      242782684,
      242782684,
      242782684,
      242782684,
      242782684,
      242782684,
      242782684,
      242782684,
      242782684,
      242782684,
      242782684,
      242782684,
      242782684,
      242782684,
      242782684,
      242782684,
      242782684,
      242782684,
      242782681,
      242782681,
      242782681,
      242782681,
      242782681,
      242782681,
      242782681,
      242782681,
      242782681,
      242782681,
      242782681,
      242782681,
      242782681,
      242782681,
      242782681,
      242782681,
      242782681,
      242782681,
      242782681,
      242782681,
      242782681,
      242782681,
      242782681,
      242782681,
      242782681,
      242782681,
      242782681,
      242782681,
      242782681,
      242782681,
      242782681,
      242782681,
      242782681,
      242782681,
      242782681,
      242782681,
      242782681,
      242782681,
      242782681,
      242782681,
      242782681,
      242782681,
      242782681,
      242782681,
      242782681,
      242782681,
      242782681,
      242782681,
      242782681,
      242782681,
      242782681,
      242782681,
      242782681,
      242782681,
      242782681,
      242782681,
      242782681,
      242782681,
      242782681,
      242782681,
      242782681,
      242782681,
      242782681,
      242782681,
      242782681,
      242782681,
      242782681,
      242782681,
      242782681,
      242782681,
      242782681,
      242782681,
      242782681,
      242782681,
      242782681,
      242782681,
      242782681,
      242782681,
      242782681,
      242782681,
      242782681,
      242782681,
      242782681,
      242782681,
      242782681,
      242782681,
      242782681,
      242782681,
      242782681,
      242782681,
      242782681,
      242782681,
      242782681,
      242782681,
      242782681,
      242782681,
      242782681,
      242782681,
      242782681,
      242782681,
      242782681,
      242782681,
      242782681,
      242782681,
      242782681,
      242782681,
      242782681,
      242782681,
      242782681,
      242782681,
      242782681,
      251424958,
      251424958,
      251424958,
      251424958,
      251424958,
      251424958,
      251424958,
      251424958,
      251424958,
      251424958,
      251424958,
      251424958,
      251424958,
      251424958,
      251424958,
      251424958,
      251424958,
      251424958,
      251424958,
      251424960,
      251424960,
      251424960,
      251424960,
      251424960,
      251424960,
      251424960,
      251424960,
      251424960,
      251424960,
      251424960,
      251424960,
      251424960,
      251424960,
      251424960,
      251424960,
      251424960,
      251424960,
      251424960,
      251424960,
      251424960,
      251424960,
      251424960,
      251424959,
      251424959,
      251424959,
      251424959,
      251424959,
      251424959,
      251424959,
      251424959,
      251424959,
      251424959,
      251424959,
      251424959,
      251424959,
      251424959,
      251424959,
      251424959,
      251424959,
      251424959,
      251424959,
      251424959,
      251424959,
      251424959,
      251424959,
      251424959,
      251424959,
      251424959,
      251424959,
      251424959,
      251424959,
      251424959,
      251424959,
      251424959,
      251424959,
      251424959,
      251424959,
      251424959,
      251424959,
      251424959,
      251424959,
      251424959,
      251424959,
      251424959,
      251424957,
      251424957,
      251424957,
      251424957,
      251424957,
      251424957,
      251424957,
      251424957,
      251424957,
      251424957,
      251424957,
      251424957,
      251424957,
      251424957,
      251424957,
      251424957,
      251424957,
      251424957,
      251424957,
      251424957,
      251424957,
      251424957,
      251424957,
      251424957,
      251424957,
      251424957,
      251424957,
      251424957,
      251424957,
      251424957,
      251424957,
      251424957,
      251424957,
      251424957,
      251424957,
      251424957,
      251424957,
      251424957,
      251424957,
      251424957,
      251424957,
      251424957,
      251424957,
      251424957,
      251424957,
      251424957,
      251424957,
      251424957,
      251424957,
      251424957,
      251424957,
      251424957,
      251424957,
      251424957,
      251424957,
      251424957,
      251424957,
      251424957,
      251424957,
      251424957,
      251424957,
      251424957,
      251424957,
      251424957,
      251424957,
      251424957,
      251424957,
      251424957,
      251424957,
      251424957,
      251424957,
      251424957,
      251424957,
      251424957,
      251424957,
      251424957,
      251424957,
      251424957,
      251424957,
      251424957,
      251424957,
      251424957,
      251424957,
      251424957,
      251424957,
      251424957,
      251424957,
      251424957,
      251424957,
      251424957,
      251424957,
      251424957,
      251424957,
      251424957,
      251424957,
      251424957,
      251424957,
      251424957,
      251424957,
      251424957,
      251424957,
      251424957,
      251424957,
      251424957,
      251424957,
      251424957,
      251424957,
      251424957,
      251424957,
      251424957,
      251424957,
      251424957,
      251424957,
      251424957,
      251424957,
      251424957,
      251424957,
      251424957,
      251424957,
      251424957,
      251424957,
      251424957,
      251424957,
      251424957,
      251424957,
      251424957,
      251424957,
      251424957,
      251424957,
      251424957,
      251424957,
      251424957,
      251424957,
      251424957,
      251424957,
      251424957,
      251424957,
      251424957,
      251424957,
      251424957,
      251424957,
      251424957,
      251424957,
      251424957,
      251424957,
      251424957,
      251424957,
      251424957,
      251424957,
      251424957,
      251424957,
      251424957,
      251424957,
      251424957,
      251424957,
      251424957,
      251424957,
      251424957,
      251424957,
      251424957,
      251424957,
      251424957,
      251424957,
      251424957,
      251424957,
      251424957,
      251424957,
      251424957,
      251424957,
      251424957,
      251424957,
      251424957,
      251424957,
      251424957,
      251424957,
      251424957,
      251424957,
      251424957,
      251424957,
      251424957,
      251424957,
      251424957,
      251424957,
      251424957,
      251424957,
      251424957,
      251424957,
      251424957,
      251424957,
      251424957,
      251424957,
      251424957,
      251424957,
      251424957,
      251424957,
      251424957,
      251424957,
      251424957,
      251424957,
      251424957,
      251424957,
      251424957,
      251424957,
      251424957,
      251424957,
      251424957,
      251424957,
      251424957,
      251424957,
      251424957,
      251424957,
      251424957,
      251424957,
      251424957,
      251424957,
      251424957,
      251424957,
      251424957,
      251424957,
      251424957,
      251424957,
      251424957,
      251424957,
      251424957,
      251424957,
      251424957,
      251424957,
      251424957,
      251424957,
      251424957,
      251424957,
      251424957,
      251424957,
      251424957,
      251424957,
      251424957,
      251424957,
      251424957,
      251424957,
      251424957,
      251424957,
      251424957,
      251424957,
      251424957,
      251424957,
      251424957,
      251424957,
      251424957,
      251424957,
      251424957,
      251424957,
      251424957,
      251424957,
      251424957,
      251424957,
      251424957,
      251424957,
      251424957,
      251424957,
      251424957,
      251424957,
      251424957,
      251424957,
      251424957,
      251424957,
      251424957,
      251424957,
      251424957,
      251424957,
      251424957,
      251424957,
      251424957,
      251424957,
      251424957,
      251424957,
      251424957,
      251424957,
      251424957,
      251424957,
      251424957,
      251424957,
      251424957,
      251424957,
      251424957,
      251424957,
      251424957,
      251424957,
      251424957,
      251424957,
      251424957,
      251424957,
      251424957,
      251424957,
      251424957,
      251424957,
      251424957,
      251424957,
      251424957,
      251424957,
      251424957,
      251424957,
      251424957,
      251424957,
      251424957,
      251424957,
      251424957,
      251424957,
      251424957,
      251424957,
      251424957,
      251424957,
      251424957,
      251424957,
      251424957,
      251424957,
      251424957,
      251424957,
      251424957,
      251424957,
      251424957,
      251424957,
      251424957,
      251424957,
      251424957,
      251422078,
      251422078,
      251422078,
      251422078,
      251422078,
      251422078,
      251422078,
      251422078,
      251422078,
      251422078,
      251422078,
      251422078,
      251422078,
      251422078,
      251422078,
      251422078,
      251422078,
      251422078,
      251422078,
      251422078,
      251422078,
      251422078,
      251422078,
      251422078,
      251422078,
      251422078,
      251422078,
      251422078,
      251422078,
      251422078,
      251422078,
      251422078,
      251422078,
      251422078,
      251422078,
      251422078,
      251422078,
      251422078,
      251422078,
      251422078,
      251422078,
      251422078,
      251422078,
      251422078,
      251422078,
      251422078,
      251422078,
      251422078,
      251422078,
      251422078,
      251422078,
      251422078,
      251422078,
      251422078,
      251422078,
      251422078,
      251422078,
      251422078,
      251422078,
      251422078,
      251422074,
      251422074,
      251422074,
      251422074,
      251422074,
      251422074,
      251422074,
      251422074,
      251422074,
      251422074,
      251422074,
      251422074,
      251422074,
      251422074,
      251422074,
      251422074,
      251422074,
      251422074,
      251422074,
      251422074,
      251422074,
      251422074,
      251422074,
      251422074,
      251422074,
      251422074,
      251422074,
      251422074,
      251422074,
      251422074,
      251422074,
      251422074,
      251422074,
      251422074,
      251422074,
      251422074,
      251422074,
      251422074,
      251422074,
      251422074,
      251422074,
      251422074,
      251422074,
      251422074,
      251422074,
      251422074,
      251422074,
      251422074,
      251422074,
      251422074,
      251422074,
      251422074,
      251422074,
      251422074,
      251422074,
      251422074,
      251422074,
      251422074,
      251422074,
      251422074,
      251422074,
      251422074,
      251422074,
      251422074,
      251422074,
      251422074,
      251422074,
      251422074,
      251422074,
      251422074,
      251422074,
      251422074,
      251422074,
      251422074,
      251422074,
      251422074,
      251422074,
      251422074,
      251422074,
      251422074,
      251422074,
      251422074,
      251422074,
      251422074,
      251422074,
      251422074,
      251422074,
      251422074,
      251422074,
      251422074,
      251422074,
      251422074,
      251422074,
      251422074,
      251422074,
      251422074,
      251422074,
      251422074,
      251422074,
      251422074,
      251422074,
      251422074,
      251422074,
      251422074,
      251422074,
      251422074,
      251422074,
      251422074,
      251422074,
      251422074,
      251422074,
      251422074,
      251422074,
      251422074,
      251422074,
      251422074,
      251422074,
      251422074,
      251422074,
      251422074,
      251422074,
      251422074,
      251422074,
      251422074,
      251422074,
      251422074,
      251422074,
      251422074,
      251422074,
      251422074,
      251422074,
      251422074,
      251422074,
      251422074,
      251422074,
      251422074,
      251422074,
      251422074,
      251422074,
      251422074,
      251422074,
      251422074,
      251422074,
      251422074,
      251422074,
      251422074,
      251422074,
      251422074,
      251422074,
      251422074,
      251422074,
      251422074,
      251422074,
      251422074,
      251422074,
      251422074,
      251422074,
      251422074,
      251422074,
      251422074,
      251422074,
      251422074,
      251422074,
      251422074,
      251422074,
      251422074,
      251422074,
      251422074,
      251422074,
      251422074,
      251422074,
      251422074,
      251422074,
      251422074,
      251422074,
      251422074,
      251422074,
      251422074,
      251422074,
      251422074,
      251422074,
      251422074,
      251422074,
      251422074,
      251422074,
      251422074,
      251422074,
      251422074,
      251422074,
      251422074,
      251422074,
      251422074,
      251422074,
      251422074,
      251422074,
      251422074,
      251422074,
      251422074,
      251422074,
      251422074,
      251422074,
      251422074,
      251422074,
      251422074,
      251422074,
      251422074,
      251422074,
      251422074,
      251422074,
      251422074,
      251422074,
      251422074,
      251422074,
      251422074,
      251422074,
      251422074,
      251422074,
      251422074,
      251422074,
      251422074,
      251422074,
      251422074,
      251422074,
      251422074,
      251422074,
      251422074,
      251422074,
      251422074,
      251422074,
      251422074,
      251422074,
      251422074,
      251422074,
      251422074,
      251422074,
      251422074,
      251422074,
      251422074,
      251422074,
      251422074,
      251422074,
      251422074,
      251422074,
      251422074,
      251422074,
      251422074,
      251422074,
      251422074,
      251422074,
      251422074,
      251422074,
      251422074,
      251422074,
      251422074,
      251422074,
      251422074,
      251422074,
      251422074,
      251422074,
      251422074,
      251422074,
      251422074,
      251422074,
      251422074,
      251422074,
      251422074,
      251422074,
      251422074,
      251422074,
      251422074,
      251422074,
      251422074,
      251422074,
      251422074,
      251422074,
      251422074,
      251422074,
      251422074,
      251422074,
      251422074,
      251422074,
      251422074,
      251422074,
      251422074,
      251422074,
      251422074,
      251422074,
      251422074,
      251422074,
      251422074,
      251422074,
      251422074,
      251422074,
      251422074,
      251422074,
      251422074,
      251422074,
      251422074,
      251422074,
      251422074,
      251422074,
      251422074,
      251422074,
      251422074,
      251422074,
      251422074,
      251422074,
      251422074,
      251422074,
      251422074,
      251422074,
      251422074,
      251422074,
      251422074,
      251422074,
      251422074,
      251422074,
      251422074,
      251422074,
      251422074,
      251422074,
      251422074,
      251422074,
      251422074,
      251422074,
      251422074,
      251422074,
      251422074,
      251422074,
      251422074,
      251422074,
      251422074,
      251422074,
      251422074,
      251422074,
      251422074,
      251422074,
      251422074,
      251422074,
      251422074,
      251422074,
      251422074,
      251422074,
      251422074,
      251422074,
      251422074,
      251422074,
      251422074,
      251422074,
      251422074,
      251422074,
      251422074,
      251422074,
      251422074,
      251422074,
      251422074,
      251422074,
      251422074,
      251422074,
      251422074,
      251422074,
      251422074,
      251422074,
      251422074,
      251422074,
      251422074,
      251422074,
      251422074,
      251422074,
      251422074,
      251422074,
      251422074,
      251422074,
      251422074,
      251422074,
      251422074,
      251422074,
      251422074,
      251422074,
      251422074,
      251422074,
      251422074,
      251422074,
      251422074,
      251422074,
      251422074,
      251422074,
      251422074,
      251422074,
      251422074,
      251422074,
      251422074,
      251422074,
      251422074,
      251422074,
      251422074,
      251422074,
      251422074,
      251422074,
      251422074,
      251422074,
      251422074,
      251422074,
      251422074,
      251422074,
      251422074,
      251422074,
      251422074,
      251422074,
      251422074,
      251422074,
      251422074,
      251422074,
      251422074,
      251422074,
      251422074,
      251422074,
      251422074,
      251422074,
      251422074,
      251422074,
      251422074,
      251422074,
      251422074,
      251422074,
      251422074,
      251422074,
      251422074,
      251422074,
      251422074,
      251422074,
      251422074,
      251422074,
      251422074,
      251422074,
      251422074,
      251422074,
      251422074,
      251422074,
      251422074,
      251422074,
      251422074,
      251422074,
      251422074,
      251422074,
      251422074,
      251422074,
      251422074,
      251422074,
      251422074,
      251422074,
      251422074,
      251422074,
      251422074,
      251422074,
      251422074,
      251422074,
      251422074,
      251422074,
      251422074,
      251422074,
      251422074,
      251422074,
      251422074,
      251422074,
      251422074,
      251422074,
      251422074,
      251422074,
      251422074,
      251422074,
      251422074,
      251422074,
      251422074,
      251422074,
      251422074,
      251422074,
      251422074,
      251422074,
      251422074,
      251422074,
      251422074,
      251422074,
      251422074,
      251422074,
      251422074,
      251422074,
      251422074,
      251422074,
      251422074,
      251422074,
      251422074,
      251422074,
      251422074,
      251422074,
      251422074,
      251422074,
      251422074,
      251422074,
      251422074,
      251422074,
      251422074,
      251422074,
      251422074,
      251422074,
      251422074,
      251422074,
      251422074,
      251422074,
      251422074,
      251422074,
      251422074,
      251422074,
      251422074,
      251422074,
      251422074,
      251422074,
      251422074,
      251422074,
      251422074,
      251422074,
      251422074,
      251422074,
      251422074,
      251422074,
      251422074,
      251422074,
      251422074,
      251422074,
      251422074,
      251422074,
      251422074,
      251422074,
      251422074,
      251422074,
      251422074,
      251422074,
      251422074,
      251422074,
      251422074,
      251422074,
      251422074,
      251422074,
      251422074,
      251422074,
      251422074,
      251422074,
      251422074,
      251422074,
      251422074,
      251422074,
      251422074,
      251422074,
      251422074,
      251422074,
      251422074,
      251422074,
      251422074,
      251422074,
      251422074,
      251422074,
      251422074,
      251422074,
      251422074,
      251422074,
      251422074,
      251422074,
      251422074,
      251422074,
      251422074,
      251422074,
      251422074,
      251422074,
      251422074,
      251422074,
      251422074,
      251422074,
      251422074,
      251422074,
      251422074,
      251422074,
      251422074,
      251422074,
      251422074,
      251422074,
      251422074,
      251422074,
      251422074,
      251422074,
      251422074,
      251422074,
      251422074,
      251422074,
      251422074,
      251422074,
      251422074,
      251422074,
      251422074,
      251422074,
      251422074,
      251422074,
      251422074,
      251422074,
      251422074,
      251422074,
      251422074,
      251422074,
      251422074,
      251422074,
      251422074,
      251422074,
      251422074,
      251422074,
      251422074,
      251422074,
      251422074,
      251422074,
      251422074,
      251422074,
      251422074,
      251422074,
      251422074,
      251422074,
      251422074,
      251422074,
      251422074,
      251422074,
      251422074,
      251422074,
      251422074,
      251422074,
      251422074,
      251422074,
      251422074,
      251422074,
      251422074,
      251422074,
      251422074,
      251422074,
      251422074,
      251422074,
      251422074,
      251422074,
      251422074,
      251422074,
      251422074,
      251422074,
      251422074,
      251422074,
      251422074,
      251422074,
      251422074,
      251422074,
      251422074,
      251422074,
      251422074,
      251422074,
      251422074,
      251422074,
      251422074,
      251422074,
      251422074,
      251422074,
      251422074,
      251422074,
      251422074,
      251422074,
      251422074,
      251422074,
      251422074,
      251422074,
      251422074,
      251422074,
      251422074,
      251422074,
      251422074,
      251422074,
      251422074,
      251422074,
      251422074,
      251422074,
      251422074,
      251422074,
      251422074,
      251422074,
      251422074,
      251422074,
      251422074,
      251422074,
      251422074,
      251422074,
      251422074,
      251422074,
      251422074,
      251422074,
      251422074,
      99279331,
      99279331,
      99279331,
      99279331,
      99279331,
      99279331,
      99279331,
      99279331,
      99279331,
      99279331,
      99279331,
      99279331,
      99279331,
      99279331,
      99279331,
      99279331,
      99279331,
      99279331,
      99279331,
      99279331,
      99279331,
      99279331,
      99279331,
      99279331,
      99279331,
      99279331,
      99279331,
      99279331,
      99279331,
      99279331,
      99279331,
      99279331,
      99279331,
      99279331,
      99279331,
      99279331,
      99279331,
      99279331,
      99279331,
      99279331,
      99279331,
      99279331,
      99279331,
      99279331,
      99279331,
      99279331,
      99279331,
      99279331,
      99279331,
      99279331,
      251422083,
      251422083,
      251422083,
      251422083,
      251422083,
      251422083,
      251422083,
      251422083,
      251422083,
      251422083,
      251422083,
      251422079,
      251422079,
      251422079,
      251422079,
      251422079,
      251422079,
      251422079,
      251422079,
      251422079,
      251422079,
      251422079,
      251422079,
      251422079,
      251422079,
      251422079,
      251422079,
      251422081,
      251422081,
      251422081,
      251422081,
      251422081,
      251422081,
      251422081,
      251422081,
      251422081,
      251422081,
      251422081,
      251422081,
      251422081,
      251422081,
      251422081,
      251422081,
      251422081,
      251422081,
      251422081,
      251422081,
      251422081,
      251422081,
      251422081,
      251422081,
      251422081,
      251422081,
      251422081,
      251422081,
      251422081,
      251422081,
      251422081,
      251422081,
      251422081,
      251422081,
      251422081,
      251422081,
      251422081,
      251422081,
      251422081,
      251422081,
      251422081,
      251422081,
      251422081,
      251422081,
      251422081,
      251422081,
      251422081,
      251422081,
      251422081,
      251422081,
      251422081,
      251422081,
      251422081,
      251422081,
      251422081,
      251422081,
      251422081,
      251422081,
      251422081,
      251422081,
      251422081,
      251422081,
      251422081,
      251422081,
      251422081,
      251422081,
      251422081,
      251422081,
      251422081,
      251422081,
      251422081,
      251422081,
      251422081,
      251422081,
      251422081,
      251422081,
      251422081,
      251422081,
      251422081,
      251422081,
      251422081,
      251422081,
      251422081,
      251422081,
      251422081,
      251422081,
      251422081,
      251422081,
      251422081,
      251422081,
      251422081,
      251422081,
      251422081,
      251422081,
      251422081,
      251422081,
      251422081,
      251422081,
      251422081,
      251422081,
      251422081,
      251422081,
      251422081,
      251422081,
      251422081,
      251422081,
      251422081,
      251422081,
      251422081,
      251422081,
      251422081,
      251422081,
      251422081,
      251422081,
      251422081,
      251422081,
      251422081,
      251422081,
      251422081,
      251422081,
      251422081,
      251422081,
      251422081,
      251422081,
      251422081,
      251422081,
      251422081,
      251422081,
      251422081,
      251422081,
      251422081,
      251422081,
      251422081,
      251422081,
      251422081,
      251422081,
      251422081,
      251422081,
      251422081,
      251422081,
      251422081,
      251422081,
      251422081,
      251422081,
      251422081,
      251422081,
      251422081,
      251422081,
      251422081,
      251422081,
      251422081,
      251422081,
      251422081,
      251422081,
      251422081,
      251422081,
      251422081,
      251422081,
      251422081,
      251422081,
      251422081,
      251422081,
      251422081,
      251422081,
      251422081,
      251422081,
      251422081,
      251422081,
      251422081,
      251422081,
      251422081,
      251422081,
      251422081,
      251422081,
      251422081,
      251422081,
      251422081,
      251422081,
      251422081,
      251422081,
      251422081,
      251422081,
      251422081,
      251422081,
      251422081,
      251422081,
      251422081,
      251422081,
      251422081,
      251422081,
      251422081,
      251422081,
      251422081,
      251422081,
      251422081,
      251422081,
      251422081,
      251422081,
      251422081,
      251422081,
      251422081,
      251422081,
      251422081,
      251422081,
      251422081,
      251422081,
      251422081,
      251422081,
      251422081,
      251422081,
      251422081,
      251422081,
      251422081,
      251422081,
      251422081,
      251422081,
      251422081,
      251422081,
      251422081,
      251422081,
      251422081,
      251422081,
      251422081,
      251422081,
      251422081,
      251422081,
      251422081,
      251422081,
      251422081,
      251422081,
      251422081,
      251422081,
      251422081,
      251422081,
      251422081,
      251422081,
      251422081,
      251422081,
      251422081,
      251422081,
      251422081,
      251422081,
      251422081,
      251422081,
      251422081,
      251422081,
      251422081,
      251422081,
      251422081,
      251422081,
      251422081,
      251422081,
      251422081,
      251422081,
      251422081,
      251422081,
      251422081,
      251422081,
      251422081,
      251422081,
      251422081,
      251422081,
      251422081,
      251422081,
      251422081,
      251422081,
      251422081,
      251422081,
      251422081,
      251422081,
      251422081,
      251422081,
      251422081,
      251422081,
      251422081,
      251422081,
      251422081,
      251422081,
      251422081,
      251422081,
      251422081,
      251422081,
      251422081,
      251422081,
      251422081,
      251422081,
      251422081,
      251422081,
      251422081,
      251422081,
      251422081,
      251422081,
      251422081,
      251422081,
      251422081,
      251422081,
      251422081,
      251422081,
      251422081,
      251422081,
      251422081,
      251422081,
      251422081,
      251422081,
      251422081,
      251422081,
      251422081,
      251422081,
      251422081,
      251422081,
      251422081,
      251422081,
      251422081,
      251422081,
      251422081,
      251422081,
      251422081,
      251422081,
      251422081,
      251422081,
      251422081,
      251422081,
      251422081,
      251422081,
      251422081,
      251422081,
      251422081,
      251422081,
      251422081,
      251422081,
      251422081,
      251422081,
      251422081,
      251422081,
      251422081,
      251422081,
      251422081,
      251422081,
      251422081,
      251422081,
      251422081,
      251422081,
      251422081,
      251422081,
      251422081,
      251422081,
      251422081,
      251422081,
      251422081,
      251422081,
      251422081,
      251422081,
      251422081,
      251422081,
      251422081,
      251422081,
      251422081,
      251422081,
      251422081,
      251422081,
      251422081,
      251422081,
      251422081,
      251422081,
      251422081,
      251422081,
      251422081,
      251422081,
      251422081,
      251422081,
      251422081,
      251422081,
      251422081,
      251422081,
      251422081,
      251422081,
      251422081,
      251422081,
      251422081,
      251422081,
      251422081,
      251422081,
      251422081,
      251422081,
      251422081,
      251422081,
      251422081,
      251422081,
      251422081,
      251422081,
      251422081,
      251422081,
      251422081,
      251422081,
      251422081,
      251422081,
      251422081,
      251422081,
      251422081,
      251422081,
      251422081,
      251422081,
      251422081,
      251422081,
      251422081,
      251422081,
      251422081,
      251422081,
      251422081,
      251422081,
      251422081,
      251422081,
      251422081,
      251422081,
      251422081,
      251422081,
      251422081,
      251422081,
      251422081,
      251422081,
      251422081,
      251422081,
      251422081,
      251422081,
      251422081,
      251422081,
      251422081,
      251422081,
      251422081,
      251422081,
      251422081,
      251422081,
      251422081,
      251422081,
      251422081,
      251422081,
      251422081,
      251422081,
      251422081,
      251422081,
      251422081,
      251422081,
      251422081,
      251422081,
      251422081,
      251422081,
      251422081,
      251422081,
      251422081,
      251422081,
      251422081,
      251422081,
      251422081,
      251422081,
      251422081,
      251422081,
      251422081,
      251422081,
      251422081,
      251422081,
      251422081,
      251422081,
      251422081,
      251422081,
      251422081,
      251422081,
      251422081,
      251422081,
      251422081,
      251422081,
      251422081,
      251422081,
      251422081,
      251422081,
      251422081,
      251422081,
      251422081,
      251422081,
      251422081,
      251422081,
      251422081,
      251422081,
      251422081,
      251422081,
      251422081,
      251422081,
      251422081,
      251422081,
      251422081,
      251422081,
      251422081,
      251422081,
      251422081,
      251422081,
      251422081,
      251422081,
      251422081,
      251422081,
      251422081,
      251422081,
      251422081,
      251422081,
      251422081,
      251422081,
      251422081,
      251422081,
      251422081,
      251422081,
      251422081,
      251422081,
      251422081,
      251422081,
      251422081,
      251422081,
      251422081,
      251422081,
      251422081,
      251422081,
      251422081,
      251422081,
      251422081,
      251422081,
      251422081,
      251422081,
      251422081,
      251422081,
      251422081,
      251422081,
      251422081,
      251422081,
      251422081,
      251422081,
      251422081,
      251422081,
      251422081,
      251422081,
      251422081,
      251422081,
      251422081,
      251422081,
      251422081,
      251422081,
      251422081,
      251422081,
      251422081,
      251422081,
      251422081,
      251422081,
      251422081,
      251422081,
      251422081,
      251422081,
      251422081,
      251422081,
      251422081,
      251422081,
      251422081,
      251422081,
      251422081,
      251422081,
      251422081,
      251422081,
      251422081,
      251422081,
      251422081,
      251422081,
      251422081,
      251422081,
      251422081,
      251422081,
      251422081,
      251422081,
      251422081,
      251422081,
      251422081,
      251422081,
      251422081,
      251422081,
      251422081,
      251422081,
      251422081,
      251422081,
      251422081,
      251422081,
      251422081,
      251422081,
      251422081,
      251422081,
      251422081,
      251422081,
      251422081,
      251422081,
      251422081,
      251422081,
      251422081,
      251422081,
      251422081,
      251422081,
      251422081,
      251422081,
      251422081,
      251422081,
      251422081,
      251422081,
      251422081,
      251422081,
      251422081,
      251422081,
      251422081,
      251422081,
      251422081,
      251422081,
      251422081,
      251422081,
      251422081,
      251422081,
      251422081,
      251422081,
      251422081,
      251422081,
      251422081,
      251422081,
      251422081,
      251422081,
      251422081,
      251422081,
      251422081,
      251422081,
      251422081,
      251422081,
      251422081,
      251422081,
      251422081,
      251422081,
      251422081,
      251422081,
      251422081,
      251422081,
      251422081,
      251422081,
      251422081,
      251422081,
      251422081,
      251422081,
      251422081,
      251422081,
      251422081,
      251422081,
      251422081,
      251422081,
      251422081
    ],
    "maxspeed_kph": [
      24.14016,
      24.14016,
      24.14016,
      24.14016,
      24.14016,
      24.14016,
      24.14016,
      24.14016,
      24.14016,
      24.14016,
      24.14016,
      24.14016,
      24.14016,
      24.14016,
      24.14016,
      24.14016,
      24.14016,
      24.14016,
      24.14016,
      40.2336,
      40.2336,
      40.2336,
      40.2336,
      40.2336,
      40.2336,
      40.2336,
      40.2336,
      40.2336,
      40.2336,
      40.2336,
      40.2336,
      40.2336,
      40.2336,
      40.2336,
      40.2336,
      40.2336,
      40.2336,
      40.2336,
      40.2336,
      40.2336,
      40.2336,
      40.2336,
      40.2336,
      40.2336,
      88.51392000000001,
      88.51392000000001,
      88.51392000000001,
      88.51392000000001,
      88.51392000000001,
      88.51392000000001,
      88.51392000000001,
      88.51392000000001,
      88.51392000000001,
      88.51392000000001,
      88.51392000000001,
      88.51392000000001,
      88.51392000000001,
      88.51392000000001,
      88.51392000000001,
      88.51392000000001,
      88.51392000000001,
      88.51392000000001,
      88.51392000000001,
      88.51392000000001,
      88.51392000000001,
      88.51392000000001,
      88.51392000000001,
      88.51392000000001,
      88.51392000000001,
      88.51392000000001,
      88.51392000000001,
      88.51392000000001,
      88.51392000000001,
      88.51392000000001,
      88.51392000000001,
      88.51392000000001,
      88.51392000000001,
      88.51392000000001,
      88.51392000000001,
      88.51392000000001,
      88.51392000000001,
      88.51392000000001,
      88.51392000000001,
      88.51392000000001,
      88.51392000000001,
      88.51392000000001,
      88.51392000000001,
      88.51392000000001,
      88.51392000000001,
      88.51392000000001,
      88.51392000000001,
      88.51392000000001,
      88.51392000000001,
      88.51392000000001,
      88.51392000000001,
      88.51392000000001,
      88.51392000000001,
      88.51392000000001,
      88.51392000000001,
      88.51392000000001,
      88.51392000000001,
      88.51392000000001,
      88.51392000000001,
      88.51392000000001,
      88.51392000000001,
      88.51392000000001,
      88.51392000000001,
      88.51392000000001,
      88.51392000000001,
      88.51392000000001,
      88.51392000000001,
      88.51392000000001,
      88.51392000000001,
      88.51392000000001,
      88.51392000000001,
      88.51392000000001,
      88.51392000000001,
      88.51392000000001,
      88.51392000000001,
      88.51392000000001,
      88.51392000000001,
      88.51392000000001,
      88.51392000000001,
      88.51392000000001,
      88.51392000000001,
      88.51392000000001,
      88.51392000000001,
      88.51392000000001,
      88.51392000000001,
      88.51392000000001,
      88.51392000000001,
      88.51392000000001,
      88.51392000000001,
      88.51392000000001,
      88.51392000000001,
      88.51392000000001,
      88.51392000000001,
      88.51392000000001,
      88.51392000000001,
      88.51392000000001,
      88.51392000000001,
      88.51392000000001,
      88.51392000000001,
      88.51392000000001,
      88.51392000000001,
      88.51392000000001,
      88.51392000000001,
      88.51392000000001,
      88.51392000000001,
      88.51392000000001,
      88.51392000000001,
      88.51392000000001,
      88.51392000000001,
      88.51392000000001,
      88.51392000000001,
      88.51392000000001,
      88.51392000000001,
      88.51392000000001,
      88.51392000000001,
      88.51392000000001,
      88.51392000000001,
      88.51392000000001,
      88.51392000000001,
      88.51392000000001,
      88.51392000000001,
      88.51392000000001,
      88.51392000000001,
      88.51392000000001,
      88.51392000000001,
      88.51392000000001,
      88.51392000000001,
      88.51392000000001,
      88.51392000000001,
      88.51392000000001,
      88.51392000000001,
      88.51392000000001,
      88.51392000000001,
      88.51392000000001,
      88.51392000000001,
      88.51392000000001,
      88.51392000000001,
      88.51392000000001,
      88.51392000000001,
      88.51392000000001,
      88.51392000000001,
      88.51392000000001,
      88.51392000000001,
      88.51392000000001,
      88.51392000000001,
      88.51392000000001,
      88.51392000000001,
      88.51392000000001,
      88.51392000000001,
      88.51392000000001,
      88.51392000000001,
      88.51392000000001,
      88.51392000000001,
      88.51392000000001,
      88.51392000000001,
      88.51392000000001,
      88.51392000000001,
      88.51392000000001,
      88.51392000000001,
      88.51392000000001,
      88.51392000000001,
      88.51392000000001,
      88.51392000000001,
      88.51392000000001,
      88.51392000000001,
      88.51392000000001,
      88.51392000000001,
      88.51392000000001,
      88.51392000000001,
      88.51392000000001,
      88.51392000000001,
      88.51392000000001,
      88.51392000000001,
      88.51392000000001,
      88.51392000000001,
      88.51392000000001,
      88.51392000000001,
      88.51392000000001,
      88.51392000000001,
      88.51392000000001,
      88.51392000000001,
      88.51392000000001,
      88.51392000000001,
      88.51392000000001,
      88.51392000000001,
      88.51392000000001,
      88.51392000000001,
      88.51392000000001,
      88.51392000000001,
      88.51392000000001,
      88.51392000000001,
      88.51392000000001,
      88.51392000000001,
      88.51392000000001,
      88.51392000000001,
      88.51392000000001,
      88.51392000000001,
      80.4672,
      80.4672,
      80.4672,
      80.4672,
      80.4672,
      80.4672,
      80.4672,
      80.4672,
      80.4672,
      80.4672,
      80.4672,
      80.4672,
      80.4672,
      80.4672,
      80.4672,
      80.4672,
      80.4672,
      80.4672,
      80.4672,
      80.4672,
      80.4672,
      80.4672,
      80.4672,
      80.4672,
      80.4672,
      88.51392000000001,
      88.51392000000001,
      88.51392000000001,
      88.51392000000001,
      88.51392000000001,
      88.51392000000001,
      88.51392000000001,
      88.51392000000001,
      88.51392000000001,
      88.51392000000001,
      88.51392000000001,
      88.51392000000001,
      88.51392000000001,
      88.51392000000001,
      88.51392000000001,
      88.51392000000001,
      88.51392000000001,
      88.51392000000001,
      88.51392000000001,
      88.51392000000001,
      88.51392000000001,
      88.51392000000001,
      88.51392000000001,
      88.51392000000001,
      88.51392000000001,
      88.51392000000001,
      88.51392000000001,
      88.51392000000001,
      88.51392000000001,
      88.51392000000001,
      88.51392000000001,
      88.51392000000001,
      88.51392000000001,
      88.51392000000001,
      88.51392000000001,
      88.51392000000001,
      88.51392000000001,
      88.51392000000001,
      88.51392000000001,
      88.51392000000001,
      88.51392000000001,
      88.51392000000001,
      88.51392000000001,
      88.51392000000001,
      88.51392000000001,
      88.51392000000001,
      88.51392000000001,
      88.51392000000001,
      88.51392000000001,
      88.51392000000001,
      88.51392000000001,
      88.51392000000001,
      88.51392000000001,
      88.51392000000001,
      88.51392000000001,
      88.51392000000001,
      88.51392000000001,
      88.51392000000001,
      88.51392000000001,
      88.51392000000001,
      88.51392000000001,
      88.51392000000001,
      88.51392000000001,
      88.51392000000001,
      88.51392000000001,
      88.51392000000001,
      88.51392000000001,
      88.51392000000001,
      88.51392000000001,
      88.51392000000001,
      88.51392000000001,
      88.51392000000001,
      88.51392000000001,
      88.51392000000001,
      88.51392000000001,
      88.51392000000001,
      88.51392000000001,
      88.51392000000001,
      88.51392000000001,
      88.51392000000001,
      88.51392000000001,
      88.51392000000001,
      88.51392000000001,
      88.51392000000001,
      88.51392000000001,
      88.51392000000001,
      88.51392000000001,
      88.51392000000001,
      88.51392000000001,
      88.51392000000001,
      88.51392000000001,
      88.51392000000001,
      88.51392000000001,
      88.51392000000001,
      88.51392000000001,
      88.51392000000001,
      88.51392000000001,
      88.51392000000001,
      88.51392000000001,
      88.51392000000001,
      88.51392000000001,
      88.51392000000001,
      88.51392000000001,
      88.51392000000001,
      88.51392000000001,
      88.51392000000001,
      88.51392000000001,
      88.51392000000001,
      88.51392000000001,
      88.51392000000001,
      88.51392000000001,
      88.51392000000001,
      88.51392000000001,
      88.51392000000001,
      88.51392000000001,
      88.51392000000001,
      88.51392000000001,
      88.51392000000001,
      88.51392000000001,
      88.51392000000001,
      88.51392000000001,
      88.51392000000001,
      88.51392000000001,
      88.51392000000001,
      88.51392000000001,
      88.51392000000001,
      88.51392000000001,
      88.51392000000001,
      88.51392000000001,
      88.51392000000001,
      88.51392000000001,
      88.51392000000001,
      88.51392000000001,
      88.51392000000001,
      88.51392000000001,
      88.51392000000001,
      88.51392000000001,
      88.51392000000001,
      88.51392000000001,
      88.51392000000001,
      88.51392000000001,
      88.51392000000001,
      88.51392000000001,
      88.51392000000001,
      88.51392000000001,
      88.51392000000001,
      88.51392000000001,
      88.51392000000001,
      88.51392000000001,
      88.51392000000001,
      88.51392000000001,
      88.51392000000001,
      88.51392000000001,
      88.51392000000001,
      88.51392000000001,
      88.51392000000001,
      88.51392000000001,
      88.51392000000001,
      88.51392000000001,
      88.51392000000001,
      88.51392000000001,
      88.51392000000001,
      88.51392000000001,
      88.51392000000001,
      88.51392000000001,
      88.51392000000001,
      88.51392000000001,
      88.51392000000001,
      88.51392000000001,
      88.51392000000001,
      88.51392000000001,
      88.51392000000001,
      88.51392000000001,
      88.51392000000001,
      88.51392000000001,
      88.51392000000001,
      88.51392000000001,
      88.51392000000001,
      88.51392000000001,
      88.51392000000001,
      88.51392000000001,
      88.51392000000001,
      88.51392000000001,
      88.51392000000001,
      88.51392000000001,
      88.51392000000001,
      88.51392000000001,
      88.51392000000001,
      88.51392000000001,
      88.51392000000001,
      88.51392000000001,
      88.51392000000001,
      88.51392000000001,
      88.51392000000001,
      88.51392000000001,
      88.51392000000001,
      88.51392000000001,
      88.51392000000001,
      88.51392000000001,
      88.51392000000001,
      88.51392000000001,
      88.51392000000001,
      88.51392000000001,
      88.51392000000001,
      88.51392000000001,
      88.51392000000001,
      88.51392000000001,
      88.51392000000001,
      88.51392000000001,
      88.51392000000001,
      88.51392000000001,
      88.51392000000001,
      88.51392000000001,
      88.51392000000001,
      88.51392000000001,
      88.51392000000001,
      88.51392000000001,
      88.51392000000001,
      88.51392000000001,
      88.51392000000001,
      88.51392000000001,
      88.51392000000001,
      88.51392000000001,
      88.51392000000001,
      88.51392000000001,
      88.51392000000001,
      88.51392000000001,
      88.51392000000001,
      88.51392000000001,
      88.51392000000001,
      88.51392000000001,
      88.51392000000001,
      88.51392000000001,
      88.51392000000001,
      88.51392000000001,
      88.51392000000001,
      88.51392000000001,
      88.51392000000001,
      88.51392000000001,
      88.51392000000001,
      88.51392000000001,
      88.51392000000001,
      88.51392000000001,
      88.51392000000001,
      88.51392000000001,
      88.51392000000001,
      88.51392000000001,
      88.51392000000001,
      88.51392000000001,
      88.51392000000001,
      88.51392000000001,
      88.51392000000001,
      88.51392000000001,
      88.51392000000001,
      88.51392000000001,
      88.51392000000001,
      88.51392000000001,
      88.51392000000001,
      88.51392000000001,
      88.51392000000001,
      88.51392000000001,
      88.51392000000001,
      88.51392000000001,
      88.51392000000001,
      88.51392000000001,
      88.51392000000001,
      88.51392000000001,
      88.51392000000001,
      88.51392000000001,
      88.51392000000001,
      88.51392000000001,
      88.51392000000001,
      88.51392000000001,
      88.51392000000001,
      88.51392000000001,
      88.51392000000001,
      88.51392000000001,
      88.51392000000001,
      88.51392000000001,
      88.51392000000001,
      88.51392000000001,
      88.51392000000001,
      88.51392000000001,
      88.51392000000001,
      88.51392000000001,
      88.51392000000001,
      88.51392000000001,
      88.51392000000001,
      88.51392000000001,
      88.51392000000001,
      88.51392000000001,
      88.51392000000001,
      88.51392000000001,
      88.51392000000001,
      88.51392000000001,
      88.51392000000001,
      88.51392000000001,
      88.51392000000001,
      88.51392000000001,
      88.51392000000001,
      88.51392000000001,
      88.51392000000001,
      88.51392000000001,
      88.51392000000001,
      88.51392000000001,
      88.51392000000001,
      88.51392000000001,
      88.51392000000001,
      88.51392000000001,
      88.51392000000001,
      88.51392000000001,
      88.51392000000001,
      88.51392000000001,
      88.51392000000001,
      88.51392000000001,
      88.51392000000001,
      88.51392000000001,
      88.51392000000001,
      88.51392000000001,
      88.51392000000001,
      88.51392000000001,
      88.51392000000001,
      88.51392000000001,
      88.51392000000001,
      88.51392000000001,
      88.51392000000001,
      88.51392000000001,
      88.51392000000001,
      88.51392000000001,
      88.51392000000001,
      88.51392000000001,
      88.51392000000001,
      88.51392000000001,
      88.51392000000001,
      88.51392000000001,
      88.51392000000001,
      88.51392000000001,
      88.51392000000001,
      88.51392000000001,
      88.51392000000001,
      88.51392000000001,
      88.51392000000001,
      88.51392000000001,
      88.51392000000001,
      88.51392000000001,
      88.51392000000001,
      88.51392000000001,
      88.51392000000001,
      88.51392000000001,
      88.51392000000001,
      88.51392000000001,
      88.51392000000001,
      88.51392000000001,
      88.51392000000001,
      88.51392000000001,
      88.51392000000001,
      88.51392000000001,
      88.51392000000001,
      88.51392000000001,
      88.51392000000001,
      88.51392000000001,
      88.51392000000001,
      88.51392000000001,
      88.51392000000001,
      88.51392000000001,
      88.51392000000001,
      88.51392000000001,
      88.51392000000001,
      88.51392000000001,
      88.51392000000001,
      88.51392000000001,
      88.51392000000001,
      88.51392000000001,
      88.51392000000001,
      88.51392000000001,
      88.51392000000001,
      88.51392000000001,
      88.51392000000001,
      88.51392000000001,
      88.51392000000001,
      88.51392000000001,
      88.51392000000001,
      88.51392000000001,
      88.51392000000001,
      88.51392000000001,
      88.51392000000001,
      88.51392000000001,
      88.51392000000001,
      88.51392000000001,
      88.51392000000001,
      88.51392000000001,
      88.51392000000001,
      88.51392000000001,
      88.51392000000001,
      88.51392000000001,
      88.51392000000001,
      88.51392000000001,
      88.51392000000001,
      88.51392000000001,
      88.51392000000001,
      88.51392000000001,
      88.51392000000001,
      88.51392000000001,
      88.51392000000001,
      88.51392000000001,
      88.51392000000001,
      88.51392000000001,
      88.51392000000001,
      88.51392000000001,
      88.51392000000001,
      88.51392000000001,
      88.51392000000001,
      88.51392000000001,
      88.51392000000001,
      88.51392000000001,
      88.51392000000001,
      88.51392000000001,
      88.51392000000001,
      88.51392000000001,
      88.51392000000001,
      88.51392000000001,
      88.51392000000001,
      88.51392000000001,
      88.51392000000001,
      88.51392000000001,
      88.51392000000001,
      88.51392000000001,
      88.51392000000001,
      88.51392000000001,
      88.51392000000001,
      88.51392000000001,
      88.51392000000001,
      88.51392000000001,
      88.51392000000001,
      88.51392000000001,
      88.51392000000001,
      88.51392000000001,
      88.51392000000001,
      88.51392000000001,
      88.51392000000001,
      88.51392000000001,
      88.51392000000001,
      88.51392000000001,
      88.51392000000001,
      88.51392000000001,
      88.51392000000001,
      88.51392000000001,
      88.51392000000001,
      88.51392000000001,
      88.51392000000001,
      88.51392000000001,
      88.51392000000001,
      88.51392000000001,
      88.51392000000001,
      88.51392000000001,
      88.51392000000001,
      88.51392000000001,
      88.51392000000001,
      88.51392000000001,
      88.51392000000001,
      88.51392000000001,
      88.51392000000001,
      88.51392000000001,
      88.51392000000001,
      88.51392000000001,
      88.51392000000001,
      88.51392000000001,
      88.51392000000001,
      88.51392000000001,
      88.51392000000001,
      88.51392000000001,
      88.51392000000001,
      88.51392000000001,
      88.51392000000001,
      88.51392000000001,
      88.51392000000001,
      88.51392000000001,
      88.51392000000001,
      88.51392000000001,
      88.51392000000001,
      88.51392000000001,
      88.51392000000001,
      88.51392000000001,
      88.51392000000001,
      88.51392000000001,
      88.51392000000001,
      88.51392000000001,
      88.51392000000001,
      88.51392000000001,
      88.51392000000001,
      88.51392000000001,
      88.51392000000001,
      88.51392000000001,
      88.51392000000001,
      88.51392000000001,
      88.51392000000001,
      88.51392000000001,
      88.51392000000001,
      88.51392000000001,
      88.51392000000001,
      88.51392000000001,
      88.51392000000001,
      88.51392000000001,
      88.51392000000001,
      88.51392000000001,
      88.51392000000001,
      88.51392000000001,
      88.51392000000001,
      88.51392000000001,
      88.51392000000001,
      88.51392000000001,
      88.51392000000001,
      88.51392000000001,
      88.51392000000001,
      88.51392000000001,
      88.51392000000001,
      88.51392000000001,
      88.51392000000001,
      88.51392000000001,
      88.51392000000001,
      88.51392000000001,
      88.51392000000001,
      88.51392000000001,
      88.51392000000001,
      88.51392000000001,
      88.51392000000001,
      88.51392000000001,
      88.51392000000001,
      88.51392000000001,
      88.51392000000001,
      88.51392000000001,
      88.51392000000001,
      88.51392000000001,
      88.51392000000001,
      88.51392000000001,
      88.51392000000001,
      88.51392000000001,
      88.51392000000001,
      88.51392000000001,
      88.51392000000001,
      88.51392000000001,
      88.51392000000001,
      88.51392000000001,
      88.51392000000001,
      88.51392000000001,
      88.51392000000001,
      88.51392000000001,
      88.51392000000001,
      88.51392000000001,
      88.51392000000001,
      88.51392000000001,
      88.51392000000001,
      88.51392000000001,
      88.51392000000001,
      88.51392000000001,
      88.51392000000001,
      88.51392000000001,
      88.51392000000001,
      88.51392000000001,
      88.51392000000001,
      88.51392000000001,
      88.51392000000001,
      88.51392000000001,
      88.51392000000001,
      88.51392000000001,
      88.51392000000001,
      88.51392000000001,
      88.51392000000001,
      88.51392000000001,
      88.51392000000001,
      88.51392000000001,
      88.51392000000001,
      88.51392000000001,
      88.51392000000001,
      88.51392000000001,
      88.51392000000001,
      88.51392000000001,
      88.51392000000001,
      88.51392000000001,
      88.51392000000001,
      88.51392000000001,
      88.51392000000001,
      88.51392000000001,
      88.51392000000001,
      88.51392000000001,
      88.51392000000001,
      88.51392000000001,
      88.51392000000001,
      88.51392000000001,
      88.51392000000001,
      88.51392000000001,
      88.51392000000001,
      88.51392000000001,
      88.51392000000001,
      88.51392000000001,
      88.51392000000001,
      88.51392000000001,
      88.51392000000001,
      88.51392000000001,
      88.51392000000001,
      88.51392000000001,
      88.51392000000001,
      88.51392000000001,
      88.51392000000001,
      88.51392000000001,
      88.51392000000001,
      88.51392000000001,
      88.51392000000001,
      88.51392000000001,
      88.51392000000001,
      88.51392000000001,
      88.51392000000001,
      88.51392000000001,
      88.51392000000001,
      88.51392000000001,
      88.51392000000001,
      88.51392000000001,
      88.51392000000001,
      88.51392000000001,
      88.51392000000001,
      88.51392000000001,
      88.51392000000001,
      88.51392000000001,
      88.51392000000001,
      88.51392000000001,
      88.51392000000001,
      88.51392000000001,
      88.51392000000001,
      88.51392000000001,
      88.51392000000001,
      88.51392000000001,
      88.51392000000001,
      88.51392000000001,
      88.51392000000001,
      88.51392000000001,
      88.51392000000001,
      88.51392000000001,
      88.51392000000001,
      88.51392000000001,
      88.51392000000001,
      88.51392000000001,
      88.51392000000001,
      88.51392000000001,
      88.51392000000001,
      88.51392000000001,
      88.51392000000001,
      88.51392000000001,
      88.51392000000001,
      88.51392000000001,
      88.51392000000001,
      88.51392000000001,
      88.51392000000001,
      88.51392000000001,
      88.51392000000001,
      88.51392000000001,
      88.51392000000001,
      88.51392000000001,
      88.51392000000001,
      88.51392000000001,
      88.51392000000001,
      88.51392000000001,
      88.51392000000001,
      88.51392000000001,
      88.51392000000001,
      88.51392000000001,
      88.51392000000001,
      88.51392000000001,
      88.51392000000001,
      88.51392000000001,
      88.51392000000001,
      88.51392000000001,
      88.51392000000001,
      88.51392000000001,
      88.51392000000001,
      88.51392000000001,
      88.51392000000001,
      88.51392000000001,
      88.51392000000001,
      88.51392000000001,
      88.51392000000001,
      88.51392000000001,
      88.51392000000001,
      88.51392000000001,
      88.51392000000001,
      88.51392000000001,
      88.51392000000001,
      88.51392000000001,
      88.51392000000001,
      88.51392000000001,
      88.51392000000001,
      88.51392000000001,
      88.51392000000001,
      88.51392000000001,
      88.51392000000001,
      88.51392000000001,
      88.51392000000001,
      88.51392000000001,
      88.51392000000001,
      88.51392000000001,
      88.51392000000001,
      88.51392000000001,
      88.51392000000001,
      88.51392000000001,
      88.51392000000001,
      88.51392000000001,
      88.51392000000001,
      88.51392000000001,
      88.51392000000001,
      88.51392000000001,
      88.51392000000001,
      88.51392000000001,
      88.51392000000001,
      88.51392000000001,
      88.51392000000001,
      88.51392000000001,
      88.51392000000001,
      88.51392000000001,
      88.51392000000001,
      88.51392000000001,
      88.51392000000001,
      88.51392000000001,
      88.51392000000001,
      88.51392000000001,
      88.51392000000001,
      88.51392000000001,
      88.51392000000001,
      88.51392000000001,
      88.51392000000001,
      88.51392000000001,
      88.51392000000001,
      88.51392000000001,
      88.51392000000001,
      88.51392000000001,
      88.51392000000001,
      88.51392000000001,
      88.51392000000001,
      88.51392000000001,
      88.51392000000001,
      88.51392000000001,
      88.51392000000001,
      88.51392000000001,
      88.51392000000001,
      88.51392000000001,
      88.51392000000001,
      88.51392000000001,
      88.51392000000001,
      88.51392000000001,
      88.51392000000001,
      88.51392000000001,
      88.51392000000001,
      88.51392000000001,
      88.51392000000001,
      88.51392000000001,
      88.51392000000001,
      88.51392000000001,
      88.51392000000001,
      88.51392000000001,
      88.51392000000001,
      88.51392000000001,
      88.51392000000001,
      88.51392000000001,
      88.51392000000001,
      88.51392000000001,
      88.51392000000001,
      88.51392000000001,
      88.51392000000001,
      88.51392000000001,
      88.51392000000001,
      88.51392000000001,
      88.51392000000001,
      88.51392000000001,
      88.51392000000001,
      88.51392000000001,
      88.51392000000001,
      88.51392000000001,
      88.51392000000001,
      88.51392000000001,
      88.51392000000001,
      88.51392000000001,
      88.51392000000001,
      88.51392000000001,
      88.51392000000001,
      88.51392000000001,
      88.51392000000001,
      88.51392000000001,
      88.51392000000001,
      88.51392000000001,
      88.51392000000001,
      88.51392000000001,
      88.51392000000001,
      88.51392000000001,
      88.51392000000001,
      88.51392000000001,
      88.51392000000001,
      88.51392000000001,
      88.51392000000001,
      88.51392000000001,
      88.51392000000001,
      88.51392000000001,
      88.51392000000001,
      88.51392000000001,
      88.51392000000001,
      88.51392000000001,
      88.51392000000001,
      88.51392000000001,
      88.51392000000001,
      88.51392000000001,
      88.51392000000001,
      88.51392000000001,
      88.51392000000001,
      88.51392000000001,
      88.51392000000001,
      88.51392000000001,
      88.51392000000001,
      88.51392000000001,
      88.51392000000001,
      88.51392000000001,
      88.51392000000001,
      88.51392000000001,
      88.51392000000001,
      88.51392000000001,
      88.51392000000001,
      88.51392000000001,
      88.51392000000001,
      88.51392000000001,
      88.51392000000001,
      88.51392000000001,
      88.51392000000001,
      88.51392000000001,
      88.51392000000001,
      88.51392000000001,
      88.51392000000001,
      88.51392000000001,
      88.51392000000001,
      88.51392000000001,
      88.51392000000001,
      88.51392000000001,
      88.51392000000001,
      88.51392000000001,
      88.51392000000001,
      88.51392000000001,
      88.51392000000001,
      88.51392000000001,
      88.51392000000001,
      88.51392000000001,
      88.51392000000001,
      88.51392000000001,
      88.51392000000001,
      88.51392000000001,
      88.51392000000001,
      88.51392000000001,
      88.51392000000001,
      88.51392000000001,
      88.51392000000001,
      88.51392000000001,
      88.51392000000001,
      88.51392000000001,
      88.51392000000001,
      88.51392000000001,
      88.51392000000001,
      88.51392000000001,
      88.51392000000001,
      88.51392000000001,
      88.51392000000001,
      88.51392000000001,
      88.51392000000001,
      88.51392000000001,
      88.51392000000001,
      88.51392000000001,
      88.51392000000001,
      88.51392000000001,
      88.51392000000001,
      88.51392000000001,
      88.51392000000001,
      88.51392000000001,
      88.51392000000001,
      88.51392000000001,
      88.51392000000001,
      88.51392000000001,
      88.51392000000001,
      88.51392000000001,
      88.51392000000001,
      88.51392000000001,
      88.51392000000001,
      88.51392000000001,
      88.51392000000001,
      88.51392000000001,
      88.51392000000001,
      88.51392000000001,
      88.51392000000001,
      88.51392000000001,
      88.51392000000001,
      88.51392000000001,
      88.51392000000001,
      88.51392000000001,
      88.51392000000001,
      88.51392000000001,
      88.51392000000001,
      88.51392000000001,
      88.51392000000001,
      88.51392000000001,
      88.51392000000001,
      88.51392000000001,
      88.51392000000001,
      88.51392000000001,
      88.51392000000001,
      88.51392000000001,
      88.51392000000001,
      88.51392000000001,
      88.51392000000001,
      88.51392000000001,
      88.51392000000001,
      88.51392000000001,
      88.51392000000001,
      88.51392000000001,
      88.51392000000001,
      88.51392000000001,
      88.51392000000001,
      88.51392000000001,
      88.51392000000001,
      88.51392000000001,
      88.51392000000001,
      88.51392000000001,
      88.51392000000001,
      88.51392000000001,
      88.51392000000001,
      88.51392000000001,
      88.51392000000001,
      88.51392000000001,
      88.51392000000001,
      88.51392000000001,
      88.51392000000001,
      88.51392000000001,
      88.51392000000001,
      88.51392000000001,
      88.51392000000001,
      88.51392000000001,
      88.51392000000001,
      88.51392000000001,
      88.51392000000001,
      88.51392000000001,
      88.51392000000001,
      88.51392000000001,
      88.51392000000001,
      88.51392000000001,
      88.51392000000001,
      88.51392000000001,
      88.51392000000001,
      88.51392000000001,
      88.51392000000001,
      88.51392000000001,
      88.51392000000001,
      88.51392000000001,
      88.51392000000001,
      88.51392000000001,
      88.51392000000001,
      88.51392000000001,
      88.51392000000001,
      88.51392000000001,
      88.51392000000001,
      88.51392000000001,
      88.51392000000001,
      88.51392000000001,
      88.51392000000001,
      88.51392000000001,
      88.51392000000001,
      88.51392000000001,
      88.51392000000001,
      88.51392000000001,
      88.51392000000001,
      88.51392000000001,
      88.51392000000001,
      88.51392000000001,
      88.51392000000001,
      88.51392000000001,
      88.51392000000001,
      88.51392000000001,
      88.51392000000001,
      88.51392000000001,
      88.51392000000001,
      88.51392000000001,
      88.51392000000001,
      88.51392000000001,
      88.51392000000001,
      88.51392000000001,
      88.51392000000001,
      88.51392000000001,
      88.51392000000001,
      88.51392000000001,
      88.51392000000001,
      88.51392000000001,
      88.51392000000001,
      88.51392000000001,
      88.51392000000001,
      88.51392000000001,
      88.51392000000001,
      88.51392000000001,
      88.51392000000001,
      88.51392000000001,
      88.51392000000001,
      88.51392000000001,
      88.51392000000001,
      88.51392000000001,
      88.51392000000001,
      88.51392000000001,
      88.51392000000001,
      88.51392000000001,
      88.51392000000001,
      88.51392000000001,
      88.51392000000001,
      88.51392000000001,
      88.51392000000001,
      88.51392000000001,
      88.51392000000001,
      88.51392000000001,
      88.51392000000001,
      88.51392000000001,
      88.51392000000001,
      88.51392000000001,
      88.51392000000001,
      88.51392000000001,
      88.51392000000001,
      88.51392000000001,
      88.51392000000001,
      88.51392000000001,
      88.51392000000001,
      88.51392000000001,
      88.51392000000001,
      88.51392000000001,
      88.51392000000001,
      88.51392000000001,
      88.51392000000001,
      88.51392000000001,
      88.51392000000001,
      88.51392000000001,
      88.51392000000001,
      88.51392000000001,
      88.51392000000001,
      88.51392000000001,
      88.51392000000001,
      88.51392000000001,
      88.51392000000001,
      88.51392000000001,
      88.51392000000001,
      88.51392000000001,
      88.51392000000001,
      88.51392000000001,
      88.51392000000001,
      88.51392000000001,
      88.51392000000001,
      88.51392000000001,
      88.51392000000001,
      88.51392000000001,
      88.51392000000001,
      88.51392000000001,
      88.51392000000001,
      88.51392000000001,
      88.51392000000001,
      88.51392000000001,
      88.51392000000001,
      88.51392000000001,
      88.51392000000001,
      88.51392000000001,
      88.51392000000001,
      88.51392000000001,
      88.51392000000001,
      88.51392000000001,
      88.51392000000001,
      88.51392000000001,
      88.51392000000001,
      88.51392000000001,
      88.51392000000001,
      88.51392000000001,
      88.51392000000001,
      88.51392000000001,
      88.51392000000001,
      88.51392000000001,
      88.51392000000001,
      88.51392000000001,
      88.51392000000001,
      88.51392000000001,
      88.51392000000001,
      88.51392000000001,
      88.51392000000001,
      88.51392000000001,
      88.51392000000001,
      88.51392000000001,
      88.51392000000001,
      88.51392000000001,
      88.51392000000001,
      88.51392000000001,
      88.51392000000001,
      88.51392000000001,
      88.51392000000001,
      88.51392000000001,
      88.51392000000001,
      88.51392000000001,
      88.51392000000001,
      88.51392000000001,
      88.51392000000001,
      88.51392000000001,
      88.51392000000001,
      88.51392000000001,
      88.51392000000001,
      88.51392000000001,
      88.51392000000001,
      88.51392000000001,
      88.51392000000001,
      88.51392000000001,
      88.51392000000001,
      88.51392000000001,
      88.51392000000001,
      88.51392000000001,
      88.51392000000001,
      88.51392000000001,
      88.51392000000001,
      88.51392000000001,
      88.51392000000001,
      88.51392000000001,
      88.51392000000001,
      88.51392000000001,
      88.51392000000001,
      88.51392000000001,
      88.51392000000001,
      88.51392000000001,
      88.51392000000001,
      88.51392000000001,
      88.51392000000001,
      88.51392000000001,
      88.51392000000001,
      88.51392000000001,
      88.51392000000001,
      88.51392000000001,
      88.51392000000001,
      88.51392000000001,
      88.51392000000001,
      88.51392000000001,
      88.51392000000001,
      88.51392000000001,
      88.51392000000001,
      88.51392000000001,
      88.51392000000001,
      88.51392000000001,
      88.51392000000001,
      88.51392000000001,
      88.51392000000001,
      88.51392000000001,
      88.51392000000001,
      88.51392000000001,
      88.51392000000001,
      88.51392000000001,
      88.51392000000001,
      88.51392000000001,
      88.51392000000001,
      88.51392000000001,
      88.51392000000001,
      88.51392000000001,
      88.51392000000001,
      88.51392000000001,
      88.51392000000001,
      88.51392000000001,
      88.51392000000001,
      88.51392000000001,
      88.51392000000001,
      88.51392000000001,
      88.51392000000001,
      88.51392000000001,
      88.51392000000001,
      88.51392000000001,
      88.51392000000001,
      88.51392000000001,
      88.51392000000001,
      88.51392000000001,
      88.51392000000001,
      88.51392000000001,
      88.51392000000001,
      88.51392000000001,
      88.51392000000001,
      88.51392000000001,
      88.51392000000001,
      88.51392000000001,
      88.51392000000001,
      88.51392000000001,
      88.51392000000001,
      88.51392000000001,
      88.51392000000001,
      88.51392000000001,
      88.51392000000001,
      88.51392000000001,
      88.51392000000001,
      88.51392000000001,
      88.51392000000001,
      88.51392000000001,
      88.51392000000001,
      88.51392000000001,
      88.51392000000001,
      88.51392000000001,
      88.51392000000001,
      88.51392000000001,
      88.51392000000001,
      88.51392000000001,
      88.51392000000001,
      88.51392000000001,
      88.51392000000001,
      88.51392000000001,
      88.51392000000001,
      88.51392000000001,
      88.51392000000001,
      88.51392000000001,
      88.51392000000001,
      88.51392000000001,
      88.51392000000001,
      88.51392000000001,
      88.51392000000001,
      88.51392000000001,
      88.51392000000001,
      88.51392000000001,
      88.51392000000001,
      88.51392000000001,
      88.51392000000001,
      88.51392000000001,
      88.51392000000001,
      88.51392000000001,
      88.51392000000001,
      88.51392000000001,
      88.51392000000001,
      88.51392000000001,
      88.51392000000001,
      88.51392000000001,
      88.51392000000001,
      88.51392000000001,
      88.51392000000001,
      88.51392000000001,
      88.51392000000001,
      88.51392000000001,
      88.51392000000001,
      88.51392000000001,
      88.51392000000001,
      88.51392000000001,
      88.51392000000001,
      88.51392000000001,
      88.51392000000001,
      88.51392000000001,
      88.51392000000001,
      88.51392000000001,
      88.51392000000001,
      88.51392000000001,
      88.51392000000001,
      88.51392000000001,
      88.51392000000001,
      88.51392000000001,
      88.51392000000001,
      88.51392000000001,
      88.51392000000001,
      88.51392000000001,
      88.51392000000001,
      88.51392000000001,
      88.51392000000001,
      88.51392000000001,
      88.51392000000001,
      88.51392000000001,
      88.51392000000001,
      88.51392000000001,
      88.51392000000001,
      88.51392000000001,
      88.51392000000001,
      88.51392000000001,
      88.51392000000001,
      88.51392000000001,
      88.51392000000001,
      88.51392000000001,
      88.51392000000001,
      88.51392000000001,
      88.51392000000001,
      88.51392000000001,
      88.51392000000001,
      88.51392000000001,
      88.51392000000001,
      88.51392000000001,
      88.51392000000001,
      88.51392000000001,
      88.51392000000001,
      88.51392000000001,
      88.51392000000001,
      88.51392000000001,
      88.51392000000001,
      88.51392000000001,
      88.51392000000001,
      88.51392000000001,
      88.51392000000001,
      88.51392000000001,
      88.51392000000001,
      88.51392000000001,
      88.51392000000001,
      88.51392000000001,
      88.51392000000001,
      88.51392000000001,
      88.51392000000001,
      88.51392000000001,
      88.51392000000001,
      88.51392000000001,
      88.51392000000001,
      88.51392000000001,
      88.51392000000001,
      88.51392000000001,
      88.51392000000001,
      88.51392000000001,
      88.51392000000001,
      88.51392000000001,
      88.51392000000001,
      88.51392000000001,
      88.51392000000001,
      88.51392000000001,
      88.51392000000001,
      88.51392000000001,
      88.51392000000001,
      88.51392000000001,
      88.51392000000001,
      88.51392000000001,
      88.51392000000001,
      88.51392000000001,
      88.51392000000001,
      88.51392000000001,
      88.51392000000001,
      88.51392000000001,
      88.51392000000001,
      88.51392000000001,
      88.51392000000001,
      88.51392000000001,
      88.51392000000001,
      88.51392000000001,
      88.51392000000001,
      88.51392000000001,
      88.51392000000001,
      88.51392000000001,
      88.51392000000001,
      88.51392000000001,
      88.51392000000001,
      88.51392000000001,
      88.51392000000001,
      88.51392000000001,
      88.51392000000001,
      88.51392000000001,
      88.51392000000001,
      88.51392000000001,
      88.51392000000001,
      88.51392000000001,
      88.51392000000001,
      88.51392000000001,
      88.51392000000001,
      88.51392000000001,
      88.51392000000001,
      88.51392000000001,
      88.51392000000001,
      88.51392000000001,
      88.51392000000001,
      88.51392000000001,
      88.51392000000001,
      88.51392000000001,
      88.51392000000001,
      88.51392000000001,
      88.51392000000001,
      88.51392000000001,
      88.51392000000001,
      88.51392000000001,
      88.51392000000001,
      88.51392000000001,
      88.51392000000001,
      88.51392000000001,
      88.51392000000001,
      88.51392000000001,
      88.51392000000001,
      88.51392000000001,
      88.51392000000001,
      88.51392000000001,
      88.51392000000001,
      88.51392000000001,
      88.51392000000001,
      88.51392000000001,
      88.51392000000001,
      88.51392000000001,
      88.51392000000001,
      88.51392000000001,
      88.51392000000001,
      88.51392000000001,
      88.51392000000001,
      88.51392000000001,
      88.51392000000001,
      88.51392000000001,
      88.51392000000001,
      88.51392000000001,
      88.51392000000001,
      88.51392000000001,
      88.51392000000001,
      88.51392000000001,
      88.51392000000001,
      88.51392000000001,
      88.51392000000001,
      88.51392000000001,
      88.51392000000001,
      88.51392000000001,
      88.51392000000001,
      88.51392000000001,
      88.51392000000001,
      88.51392000000001,
      88.51392000000001,
      88.51392000000001,
      88.51392000000001,
      88.51392000000001,
      88.51392000000001,
      88.51392000000001,
      88.51392000000001,
      88.51392000000001,
      88.51392000000001,
      88.51392000000001,
      88.51392000000001,
      88.51392000000001,
      88.51392000000001,
      88.51392000000001,
      88.51392000000001,
      88.51392000000001,
      88.51392000000001,
      88.51392000000001,
      88.51392000000001,
      88.51392000000001,
      88.51392000000001,
      88.51392000000001,
      88.51392000000001,
      88.51392000000001,
      88.51392000000001,
      88.51392000000001,
      88.51392000000001,
      88.51392000000001,
      88.51392000000001,
      88.51392000000001,
      88.51392000000001,
      88.51392000000001,
      88.51392000000001,
      88.51392000000001,
      88.51392000000001,
      88.51392000000001,
      88.51392000000001,
      88.51392000000001,
      88.51392000000001,
      88.51392000000001,
      88.51392000000001,
      88.51392000000001,
      88.51392000000001,
      88.51392000000001,
      88.51392000000001,
      88.51392000000001,
      88.51392000000001,
      88.51392000000001,
      88.51392000000001,
      88.51392000000001,
      88.51392000000001,
      88.51392000000001,
      88.51392000000001,
      88.51392000000001,
      88.51392000000001,
      88.51392000000001,
      88.51392000000001,
      88.51392000000001,
      88.51392000000001,
      88.51392000000001,
      88.51392000000001,
      88.51392000000001,
      88.51392000000001,
      88.51392000000001,
      88.51392000000001,
      88.51392000000001,
      88.51392000000001,
      88.51392000000001,
      88.51392000000001,
      88.51392000000001,
      88.51392000000001,
      88.51392000000001,
      88.51392000000001,
      88.51392000000001,
      88.51392000000001,
      88.51392000000001,
      88.51392000000001,
      88.51392000000001,
      88.51392000000001,
      88.51392000000001,
      88.51392000000001,
      88.51392000000001,
      88.51392000000001,
      88.51392000000001,
      88.51392000000001,
      88.51392000000001,
      88.51392000000001,
      88.51392000000001,
      88.51392000000001,
      88.51392000000001,
      88.51392000000001,
      88.51392000000001,
      88.51392000000001,
      88.51392000000001,
      88.51392000000001,
      88.51392000000001,
      88.51392000000001,
      88.51392000000001,
      88.51392000000001,
      88.51392000000001,
      88.51392000000001,
      88.51392000000001,
      88.51392000000001,
      88.51392000000001,
      88.51392000000001,
      88.51392000000001,
      88.51392000000001,
      88.51392000000001,
      88.51392000000001,
      88.51392000000001,
      88.51392000000001,
      88.51392000000001,
      88.51392000000001,
      88.51392000000001,
      88.51392000000001,
      88.51392000000001,
      88.51392000000001,
      88.51392000000001,
      88.51392000000001,
      88.51392000000001,
      88.51392000000001,
      88.51392000000001,
      88.51392000000001,
      88.51392000000001,
      88.51392000000001,
      88.51392000000001,
      88.51392000000001,
      88.51392000000001,
      88.51392000000001,
      88.51392000000001,
      88.51392000000001,
      88.51392000000001,
      88.51392000000001,
      88.51392000000001,
      88.51392000000001,
      88.51392000000001,
      88.51392000000001,
      88.51392000000001,
      88.51392000000001,
      88.51392000000001,
      88.51392000000001,
      88.51392000000001,
      88.51392000000001,
      88.51392000000001,
      88.51392000000001,
      88.51392000000001,
      88.51392000000001,
      88.51392000000001,
      88.51392000000001,
      88.51392000000001,
      88.51392000000001,
      88.51392000000001,
      88.51392000000001,
      88.51392000000001,
      88.51392000000001,
      88.51392000000001,
      88.51392000000001,
      88.51392000000001,
      88.51392000000001,
      88.51392000000001,
      88.51392000000001,
      88.51392000000001,
      88.51392000000001,
      88.51392000000001,
      88.51392000000001,
      88.51392000000001,
      88.51392000000001,
      88.51392000000001,
      88.51392000000001,
      88.51392000000001,
      88.51392000000001,
      88.51392000000001,
      88.51392000000001,
      88.51392000000001,
      88.51392000000001,
      88.51392000000001,
      88.51392000000001,
      88.51392000000001,
      88.51392000000001,
      88.51392000000001,
      88.51392000000001,
      88.51392000000001,
      88.51392000000001,
      88.51392000000001,
      88.51392000000001,
      88.51392000000001,
      88.51392000000001,
      88.51392000000001,
      88.51392000000001,
      88.51392000000001,
      88.51392000000001,
      88.51392000000001,
      88.51392000000001,
      88.51392000000001,
      88.51392000000001,
      88.51392000000001,
      88.51392000000001,
      88.51392000000001,
      88.51392000000001,
      88.51392000000001,
      88.51392000000001,
      88.51392000000001,
      88.51392000000001,
      88.51392000000001,
      88.51392000000001,
      88.51392000000001,
      88.51392000000001,
      88.51392000000001,
      88.51392000000001,
      88.51392000000001,
      88.51392000000001,
      88.51392000000001,
      88.51392000000001,
      88.51392000000001,
      88.51392000000001,
      88.51392000000001,
      88.51392000000001,
      88.51392000000001,
      88.51392000000001,
      88.51392000000001,
      88.51392000000001,
      88.51392000000001,
      88.51392000000001,
      88.51392000000001,
      88.51392000000001,
      88.51392000000001,
      88.51392000000001,
      88.51392000000001,
      88.51392000000001,
      88.51392000000001,
      88.51392000000001,
      88.51392000000001,
      88.51392000000001,
      88.51392000000001,
      88.51392000000001,
      88.51392000000001,
      88.51392000000001,
      88.51392000000001,
      88.51392000000001,
      88.51392000000001,
      88.51392000000001,
      88.51392000000001,
      88.51392000000001,
      88.51392000000001,
      88.51392000000001,
      88.51392000000001,
      88.51392000000001,
      88.51392000000001,
      88.51392000000001,
      88.51392000000001,
      88.51392000000001,
      88.51392000000001,
      88.51392000000001,
      88.51392000000001,
      88.51392000000001,
      88.51392000000001,
      88.51392000000001,
      88.51392000000001,
      88.51392000000001,
      88.51392000000001,
      88.51392000000001,
      88.51392000000001,
      88.51392000000001,
      88.51392000000001,
      88.51392000000001,
      88.51392000000001,
      88.51392000000001,
      88.51392000000001,
      88.51392000000001,
      88.51392000000001,
      88.51392000000001,
      88.51392000000001,
      88.51392000000001,
      88.51392000000001,
      88.51392000000001,
      88.51392000000001,
      88.51392000000001,
      88.51392000000001,
      88.51392000000001,
      88.51392000000001,
      88.51392000000001,
      88.51392000000001,
      88.51392000000001,
      88.51392000000001,
      88.51392000000001,
      88.51392000000001,
      88.51392000000001,
      88.51392000000001,
      88.51392000000001,
      88.51392000000001,
      88.51392000000001,
      88.51392000000001,
      88.51392000000001,
      88.51392000000001,
      88.51392000000001,
      88.51392000000001,
      88.51392000000001,
      88.51392000000001,
      88.51392000000001,
      88.51392000000001,
      88.51392000000001,
      88.51392000000001,
      88.51392000000001,
      88.51392000000001,
      88.51392000000001,
      88.51392000000001,
      88.51392000000001,
      88.51392000000001,
      88.51392000000001,
      88.51392000000001,
      88.51392000000001,
      88.51392000000001,
      88.51392000000001,
      88.51392000000001,
      88.51392000000001,
      88.51392000000001,
      88.51392000000001,
      88.51392000000001,
      88.51392000000001,
      88.51392000000001,
      88.51392000000001,
      88.51392000000001,
      88.51392000000001,
      88.51392000000001,
      88.51392000000001,
      88.51392000000001,
      88.51392000000001,
      88.51392000000001,
      88.51392000000001,
      88.51392000000001,
      88.51392000000001,
      88.51392000000001,
      88.51392000000001,
      88.51392000000001,
      88.51392000000001,
      88.51392000000001,
      88.51392000000001,
      88.51392000000001,
      88.51392000000001,
      88.51392000000001,
      88.51392000000001,
      88.51392000000001,
      88.51392000000001,
      88.51392000000001,
      88.51392000000001,
      88.51392000000001,
      88.51392000000001,
      88.51392000000001,
      88.51392000000001,
      88.51392000000001,
      88.51392000000001,
      88.51392000000001,
      88.51392000000001,
      88.51392000000001,
      88.51392000000001,
      88.51392000000001,
      88.51392000000001,
      88.51392000000001,
      88.51392000000001,
      88.51392000000001,
      88.51392000000001,
      88.51392000000001,
      88.51392000000001,
      88.51392000000001,
      88.51392000000001,
      88.51392000000001,
      88.51392000000001,
      88.51392000000001,
      88.51392000000001,
      88.51392000000001,
      88.51392000000001,
      88.51392000000001,
      88.51392000000001,
      88.51392000000001,
      88.51392000000001,
      88.51392000000001,
      88.51392000000001,
      88.51392000000001,
      88.51392000000001,
      88.51392000000001,
      88.51392000000001,
      88.51392000000001,
      88.51392000000001,
      88.51392000000001,
      88.51392000000001,
      88.51392000000001,
      88.51392000000001,
      88.51392000000001,
      88.51392000000001,
      88.51392000000001,
      88.51392000000001,
      88.51392000000001,
      88.51392000000001,
      88.51392000000001,
      88.51392000000001,
      88.51392000000001,
      88.51392000000001,
      88.51392000000001,
      88.51392000000001,
      88.51392000000001,
      88.51392000000001,
      88.51392000000001,
      88.51392000000001,
      88.51392000000001,
      88.51392000000001,
      88.51392000000001,
      88.51392000000001,
      88.51392000000001,
      88.51392000000001,
      88.51392000000001,
      88.51392000000001,
      88.51392000000001,
      88.51392000000001,
      88.51392000000001,
      88.51392000000001,
      88.51392000000001,
      88.51392000000001,
      88.51392000000001,
      88.51392000000001,
      88.51392000000001,
      88.51392000000001,
      88.51392000000001,
      88.51392000000001,
      88.51392000000001,
      88.51392000000001,
      88.51392000000001,
      88.51392000000001,
      88.51392000000001,
      88.51392000000001,
      88.51392000000001,
      88.51392000000001,
      88.51392000000001,
      88.51392000000001,
      88.51392000000001,
      88.51392000000001,
      88.51392000000001,
      88.51392000000001,
      88.51392000000001,
      88.51392000000001,
      88.51392000000001,
      88.51392000000001,
      88.51392000000001,
      88.51392000000001,
      88.51392000000001,
      88.51392000000001,
      88.51392000000001,
      88.51392000000001,
      88.51392000000001,
      88.51392000000001,
      88.51392000000001,
      88.51392000000001,
      88.51392000000001,
      88.51392000000001,
      88.51392000000001,
      88.51392000000001,
      88.51392000000001,
      88.51392000000001,
      88.51392000000001,
      88.51392000000001,
      88.51392000000001,
      88.51392000000001,
      88.51392000000001,
      88.51392000000001,
      88.51392000000001,
      88.51392000000001,
      88.51392000000001,
      88.51392000000001,
      88.51392000000001,
      88.51392000000001,
      88.51392000000001,
      88.51392000000001,
      88.51392000000001,
      88.51392000000001,
      88.51392000000001,
      88.51392000000001,
      88.51392000000001,
      88.51392000000001,
      88.51392000000001,
      88.51392000000001,
      88.51392000000001,
      88.51392000000001,
      88.51392000000001,
      88.51392000000001,
      88.51392000000001,
      88.51392000000001,
      88.51392000000001,
      88.51392000000001,
      88.51392000000001,
      88.51392000000001,
      88.51392000000001,
      88.51392000000001,
      88.51392000000001,
      88.51392000000001,
      88.51392000000001,
      88.51392000000001,
      88.51392000000001,
      88.51392000000001,
      88.51392000000001,
      88.51392000000001,
      88.51392000000001,
      88.51392000000001,
      88.51392000000001,
      88.51392000000001,
      88.51392000000001,
      88.51392000000001,
      88.51392000000001,
      88.51392000000001,
      88.51392000000001,
      88.51392000000001,
      88.51392000000001,
      88.51392000000001,
      88.51392000000001,
      88.51392000000001,
      88.51392000000001,
      88.51392000000001,
      88.51392000000001,
      88.51392000000001,
      88.51392000000001,
      88.51392000000001,
      88.51392000000001,
      88.51392000000001,
      88.51392000000001,
      88.51392000000001,
      88.51392000000001,
      88.51392000000001,
      88.51392000000001,
      88.51392000000001,
      88.51392000000001,
      88.51392000000001,
      88.51392000000001,
      88.51392000000001,
      88.51392000000001,
      88.51392000000001,
      88.51392000000001,
      88.51392000000001,
      88.51392000000001,
      88.51392000000001,
      88.51392000000001,
      88.51392000000001,
      88.51392000000001,
      88.51392000000001,
      88.51392000000001,
      88.51392000000001,
      88.51392000000001,
      88.51392000000001,
      88.51392000000001,
      88.51392000000001,
      88.51392000000001,
      88.51392000000001,
      88.51392000000001,
      88.51392000000001,
      88.51392000000001,
      88.51392000000001,
      88.51392000000001,
      88.51392000000001,
      88.51392000000001,
      88.51392000000001,
      88.51392000000001,
      88.51392000000001,
      88.51392000000001,
      88.51392000000001,
      88.51392000000001,
      88.51392000000001,
      88.51392000000001,
      88.51392000000001,
      88.51392000000001,
      88.51392000000001,
      88.51392000000001,
      88.51392000000001,
      88.51392000000001,
      88.51392000000001,
      88.51392000000001,
      88.51392000000001,
      88.51392000000001,
      88.51392000000001,
      88.51392000000001,
      88.51392000000001,
      88.51392000000001,
      88.51392000000001,
      88.51392000000001,
      88.51392000000001,
      88.51392000000001,
      88.51392000000001,
      88.51392000000001,
      88.51392000000001,
      88.51392000000001,
      88.51392000000001,
      88.51392000000001,
      88.51392000000001,
      88.51392000000001,
      88.51392000000001,
      88.51392000000001,
      88.51392000000001,
      88.51392000000001,
      88.51392000000001,
      88.51392000000001,
      88.51392000000001,
      88.51392000000001,
      88.51392000000001,
      88.51392000000001,
      88.51392000000001,
      88.51392000000001,
      88.51392000000001,
      88.51392000000001,
      88.51392000000001,
      88.51392000000001,
      88.51392000000001,
      88.51392000000001,
      88.51392000000001,
      88.51392000000001,
      88.51392000000001,
      88.51392000000001,
      88.51392000000001,
      88.51392000000001,
      88.51392000000001,
      88.51392000000001,
      88.51392000000001,
      88.51392000000001,
      88.51392000000001,
      88.51392000000001,
      88.51392000000001,
      88.51392000000001,
      88.51392000000001,
      88.51392000000001,
      88.51392000000001,
      88.51392000000001,
      88.51392000000001,
      88.51392000000001,
      88.51392000000001,
      88.51392000000001,
      88.51392000000001,
      88.51392000000001,
      88.51392000000001,
      88.51392000000001,
      88.51392000000001,
      88.51392000000001,
      88.51392000000001,
      88.51392000000001,
      88.51392000000001,
      88.51392000000001,
      88.51392000000001,
      88.51392000000001,
      88.51392000000001,
      88.51392000000001,
      88.51392000000001,
      88.51392000000001,
      88.51392000000001,
      88.51392000000001,
      88.51392000000001,
      88.51392000000001,
      88.51392000000001,
      88.51392000000001,
      88.51392000000001,
      88.51392000000001,
      88.51392000000001,
      88.51392000000001,
      88.51392000000001,
      88.51392000000001,
      88.51392000000001,
      88.51392000000001,
      88.51392000000001,
      88.51392000000001,
      88.51392000000001,
      88.51392000000001,
      88.51392000000001,
      88.51392000000001,
      88.51392000000001,
      88.51392000000001,
      88.51392000000001,
      88.51392000000001,
      88.51392000000001,
      88.51392000000001,
      88.51392000000001,
      88.51392000000001,
      88.51392000000001,
      88.51392000000001,
      88.51392000000001,
      88.51392000000001,
      88.51392000000001,
      88.51392000000001,
      88.51392000000001,
      88.51392000000001,
      88.51392000000001,
      88.51392000000001,
      88.51392000000001,
      88.51392000000001,
      88.51392000000001,
      88.51392000000001,
      88.51392000000001,
      88.51392000000001,
      88.51392000000001,
      88.51392000000001,
      88.51392000000001,
      88.51392000000001,
      88.51392000000001,
      88.51392000000001,
      88.51392000000001,
      88.51392000000001,
      88.51392000000001,
      88.51392000000001,
      88.51392000000001,
      88.51392000000001,
      88.51392000000001,
      88.51392000000001,
      88.51392000000001,
      88.51392000000001,
      88.51392000000001,
      88.51392000000001,
      88.51392000000001,
      88.51392000000001,
      88.51392000000001,
      88.51392000000001,
      88.51392000000001,
      88.51392000000001,
      88.51392000000001,
      88.51392000000001,
      88.51392000000001,
      88.51392000000001,
      88.51392000000001,
      88.51392000000001,
      88.51392000000001,
      88.51392000000001,
      88.51392000000001,
      88.51392000000001,
      88.51392000000001,
      88.51392000000001,
      88.51392000000001,
      88.51392000000001,
      88.51392000000001,
      88.51392000000001,
      88.51392000000001,
      88.51392000000001,
      88.51392000000001,
      88.51392000000001,
      88.51392000000001,
      88.51392000000001,
      88.51392000000001,
      88.51392000000001,
      88.51392000000001,
      88.51392000000001,
      88.51392000000001,
      88.51392000000001,
      88.51392000000001,
      88.51392000000001,
      88.51392000000001,
      88.51392000000001,
      88.51392000000001,
      88.51392000000001,
      88.51392000000001,
      88.51392000000001,
      88.51392000000001,
      88.51392000000001,
      88.51392000000001,
      88.51392000000001,
      88.51392000000001,
      88.51392000000001,
      88.51392000000001,
      88.51392000000001,
      88.51392000000001,
      88.51392000000001,
      88.51392000000001,
      88.51392000000001,
      88.51392000000001,
      88.51392000000001,
      88.51392000000001,
      88.51392000000001,
      88.51392000000001,
      88.51392000000001,
      88.51392000000001,
      88.51392000000001,
      88.51392000000001,
      88.51392000000001,
      88.51392000000001,
      88.51392000000001,
      88.51392000000001,
      88.51392000000001,
      88.51392000000001,
      88.51392000000001,
      88.51392000000001,
      88.51392000000001,
      88.51392000000001,
      88.51392000000001,
      88.51392000000001,
      88.51392000000001,
      88.51392000000001,
      88.51392000000001,
      88.51392000000001,
      88.51392000000001,
      88.51392000000001,
      88.51392000000001,
      88.51392000000001,
      88.51392000000001,
      88.51392000000001,
      88.51392000000001,
      88.51392000000001,
      88.51392000000001,
      88.51392000000001,
      88.51392000000001,
      88.51392000000001,
      88.51392000000001,
      88.51392000000001,
      88.51392000000001,
      88.51392000000001,
      88.51392000000001,
      88.51392000000001,
      88.51392000000001,
      88.51392000000001,
      88.51392000000001,
      88.51392000000001,
      88.51392000000001,
      88.51392000000001,
      88.51392000000001,
      88.51392000000001,
      88.51392000000001,
      88.51392000000001,
      88.51392000000001,
      88.51392000000001,
      88.51392000000001,
      88.51392000000001,
      88.51392000000001,
      88.51392000000001,
      88.51392000000001,
      88.51392000000001,
      88.51392000000001,
      88.51392000000001,
      88.51392000000001,
      88.51392000000001,
      88.51392000000001,
      88.51392000000001,
      88.51392000000001,
      88.51392000000001,
      88.51392000000001,
      88.51392000000001,
      88.51392000000001,
      88.51392000000001,
      88.51392000000001,
      88.51392000000001,
      88.51392000000001,
      88.51392000000001,
      88.51392000000001,
      88.51392000000001,
      88.51392000000001,
      88.51392000000001,
      88.51392000000001,
      88.51392000000001,
      88.51392000000001,
      88.51392000000001,
      88.51392000000001,
      88.51392000000001,
      88.51392000000001,
      88.51392000000001,
      88.51392000000001,
      88.51392000000001,
      88.51392000000001,
      88.51392000000001,
      88.51392000000001,
      88.51392000000001,
      88.51392000000001,
      88.51392000000001,
      88.51392000000001,
      88.51392000000001,
      88.51392000000001,
      88.51392000000001,
      88.51392000000001,
      88.51392000000001,
      88.51392000000001,
      88.51392000000001,
      88.51392000000001,
      88.51392000000001,
      88.51392000000001,
      88.51392000000001,
      88.51392000000001,
      88.51392000000001,
      88.51392000000001,
      88.51392000000001,
      88.51392000000001,
      88.51392000000001,
      88.51392000000001,
      88.51392000000001,
      88.51392000000001,
      88.51392000000001,
      88.51392000000001,
      88.51392000000001,
      88.51392000000001,
      88.51392000000001,
      88.51392000000001,
      88.51392000000001,
      88.51392000000001,
      88.51392000000001,
      88.51392000000001,
      88.51392000000001,
      88.51392000000001,
      88.51392000000001,
      88.51392000000001,
      88.51392000000001,
      88.51392000000001,
      88.51392000000001,
      88.51392000000001,
      88.51392000000001,
      88.51392000000001,
      88.51392000000001,
      88.51392000000001,
      88.51392000000001,
      88.51392000000001,
      88.51392000000001,
      88.51392000000001,
      88.51392000000001,
      88.51392000000001,
      88.51392000000001,
      88.51392000000001,
      88.51392000000001,
      88.51392000000001,
      88.51392000000001,
      88.51392000000001,
      88.51392000000001,
      88.51392000000001,
      88.51392000000001,
      88.51392000000001,
      88.51392000000001,
      88.51392000000001,
      88.51392000000001,
      88.51392000000001,
      88.51392000000001,
      88.51392000000001,
      88.51392000000001,
      88.51392000000001,
      88.51392000000001,
      88.51392000000001,
      88.51392000000001,
      88.51392000000001,
      88.51392000000001,
      88.51392000000001,
      88.51392000000001,
      88.51392000000001,
      88.51392000000001,
      88.51392000000001,
      88.51392000000001,
      88.51392000000001,
      88.51392000000001,
      88.51392000000001,
      88.51392000000001,
      88.51392000000001,
      88.51392000000001,
      88.51392000000001,
      88.51392000000001,
      88.51392000000001,
      88.51392000000001,
      88.51392000000001,
      88.51392000000001,
      88.51392000000001,
      88.51392000000001,
      88.51392000000001,
      88.51392000000001,
      88.51392000000001,
      88.51392000000001,
      88.51392000000001,
      88.51392000000001,
      88.51392000000001,
      88.51392000000001,
      88.51392000000001,
      88.51392000000001,
      88.51392000000001,
      88.51392000000001,
      88.51392000000001,
      88.51392000000001,
      88.51392000000001,
      88.51392000000001,
      88.51392000000001,
      88.51392000000001,
      88.51392000000001,
      88.51392000000001,
      88.51392000000001,
      88.51392000000001,
      88.51392000000001,
      88.51392000000001,
      88.51392000000001,
      88.51392000000001,
      88.51392000000001,
      88.51392000000001,
      88.51392000000001,
      88.51392000000001,
      88.51392000000001,
      88.51392000000001,
      88.51392000000001,
      88.51392000000001,
      88.51392000000001,
      88.51392000000001,
      88.51392000000001,
      88.51392000000001,
      88.51392000000001,
      88.51392000000001,
      88.51392000000001,
      88.51392000000001,
      88.51392000000001,
      88.51392000000001,
      88.51392000000001,
      88.51392000000001,
      88.51392000000001,
      88.51392000000001,
      88.51392000000001,
      88.51392000000001,
      88.51392000000001,
      88.51392000000001,
      88.51392000000001,
      88.51392000000001,
      88.51392000000001,
      88.51392000000001,
      88.51392000000001,
      88.51392000000001,
      88.51392000000001,
      88.51392000000001,
      88.51392000000001,
      88.51392000000001,
      88.51392000000001,
      88.51392000000001,
      88.51392000000001,
      88.51392000000001,
      88.51392000000001,
      88.51392000000001,
      88.51392000000001,
      88.51392000000001,
      88.51392000000001,
      88.51392000000001,
      88.51392000000001,
      88.51392000000001,
      88.51392000000001,
      88.51392000000001,
      88.51392000000001,
      88.51392000000001,
      88.51392000000001
    ],
    "is_bridge": [
      false,
      false,
      false,
      false,
      false,
      false,
      false,
      false,
      false,
      false,
      false,
      false,
      false,
      false,
      false,
      false,
      false,
      false,
      false,
      true,
      true,
      true,
      true,
      true,
      true,
      true,
      true,
      true,
      true,
      true,
      true,
      true,
      true,
      true,
      true,
      true,
      true,
      true,
      true,
      true,
      true,
      false,
      false,
      false,
      false,
      false,
      false,
      false,
      false,
      false,
      false,
      false,
      false,
      false,
      false,
      false,
      false,
      false,
      false,
      false,
      false,
      false,
      false,
      false,
      false,
      false,
      false,
      true,
      true,
      true,
      true,
      true,
      true,
      true,
      true,
      true,
      true,
      true,
      true,
      true,
      true,
      true,
      true,
      true,
      true,
      true,
      true,
      true,
      false,
      false,
      false,
      false,
      false,
      false,
      false,
      false,
      false,
      false,
      false,
      false,
      false,
      false,
      false,
      false,
      false,
      false,
      false,
      false,
      false,
      false,
      false,
      false,
      false,
      false,
      false,
      false,
      false,
      false,
      false,
      false,
      false,
      false,
      false,
      false,
      false,
      false,
      false,
      false,
      false,
      false,
      false,
      false,
      false,
      false,
      false,
      false,
      false,
      false,
      false,
      false,
      false,
      false,
      false,
      false,
      false,
      false,
      false,
      false,
      false,
      false,
      false,
      false,
      false,
      false,
      false,
      false,
      false,
      false,
      false,
      false,
      false,
      false,
      false,
      false,
      false,
      false,
      false,
      false,
      false,
      false,
      false,
      true,
      true,
      true,
      true,
      true,
      true,
      true,
      true,
      true,
      true,
      true,
      true,
      true,
      true,
      true,
      true,
      true,
      true,
      true,
      true,
      true,
      true,
      true,
      true,
      true,
      true,
      true,
      true,
      true,
      true,
      true,
      true,
      true,
      true,
      true,
      true,
      true,
      true,
      false,
      false,
      false,
      false,
      false,
      false,
      false,
      false,
      false,
      false,
      false,
      false,
      false,
      false,
      false,
      false,
      false,
      false,
      false,
      false,
      false,
      false,
      false,
      false,
      false,
      false,
      false,
      false,
      false,
      false,
      false,
      false,
      false,
      false,
      false,
      false,
      false,
      false,
      false,
      false,
      false,
      false,
      false,
      false,
      false,
      false,
      false,
      false,
      false,
      false,
      false,
      false,
      false,
      false,
      false,
      false,
      false,
      false,
      false,
      false,
      false,
      false,
      false,
      false,
      false,
      false,
      false,
      false,
      false,
      false,
      false,
      false,
      false,
      false,
      false,
      false,
      false,
      false,
      false,
      false,
      false,
      false,
      false,
      false,
      false,
      false,
      false,
      false,
      false,
      false,
      false,
      false,
      false,
      false,
      false,
      false,
      true,
      true,
      true,
      true,
      true,
      true,
      true,
      true,
      true,
      true,
      true,
      true,
      true,
      true,
      true,
      true,
      true,
      true,
      true,
      true,
      true,
      true,
      true,
      true,
      true,
      true,
      true,
      true,
      true,
      true,
      true,
      true,
      true,
      true,
      true,
      true,
      true,
      true,
      true,
      false,
      false,
      false,
      false,
      false,
      false,
      false,
      false,
      false,
      false,
      false,
      false,
      false,
      false,
      false,
      false,
      false,
      false,
      false,
      false,
      false,
      false,
      false,
      false,
      false,
      false,
      false,
      false,
      false,
      false,
      false,
      false,
      false,
      false,
      false,
      false,
      false,
      false,
      false,
      false,
      false,
      false,
      false,
      false,
      false,
      false,
      false,
      false,
      false,
      false,
      false,
      false,
      false,
      false,
      false,
      false,
      false,
      false,
      false,
      false,
      false,
      false,
      false,
      false,
      false,
      false,
      false,
      false,
      false,
      false,
      false,
      false,
      false,
      false,
      false,
      false,
      false,
      false,
      false,
      false,
      false,
      false,
      false,
      false,
      false,
      false,
      false,
      false,
      false,
      false,
      true,
      true,
      true,
      true,
      true,
      true,
      true,
      false,
      false,
      false,
      false,
      false,
      false,
      false,
      false,
      false,
      false,
      false,
      false,
      false,
      false,
      false,
      false,
      false,
      false,
      false,
      false,
      false,
      false,
      false,
      false,
      false,
      false,
      false,
      false,
      false,
      false,
      false,
      false,
      false,
      false,
      false,
      false,
      false,
      false,
      false,
      false,
      false,
      false,
      false,
      false,
      false,
      false,
      false,
      false,
      false,
      false,
      false,
      false,
      false,
      false,
      false,
      false,
      false,
      false,
      false,
      false,
      false,
      false,
      false,
      false,
      false,
      false,
      false,
      false,
      false,
      false,
      false,
      false,
      false,
      false,
      false,
      false,
      false,
      false,
      false,
      false,
      false,
      false,
      false,
      false,
      false,
      false,
      false,
      false,
      false,
      false,
      false,
      false,
      false,
      false,
      false,
      false,
      false,
      false,
      false,
      false,
      false,
      false,
      false,
      false,
      false,
      false,
      false,
      false,
      false,
      false,
      false,
      false,
      false,
      false,
      false,
      false,
      false,
      false,
      false,
      false,
      false,
      false,
      false,
      false,
      false,
      false,
      false,
      false,
      false,
      false,
      false,
      false,
      false,
      false,
      false,
      false,
      false,
      false,
      false,
      false,
      false,
      false,
      false,
      false,
      false,
      false,
      false,
      false,
      false,
      false,
      false,
      false,
      false,
      false,
      false,
      false,
      false,
      true,
      true,
      true,
      true,
      true,
      true,
      true,
      true,
      true,
      true,
      true,
      true,
      true,
      true,
      true,
      false,
      false,
      false,
      false,
      false,
      false,
      false,
      false,
      false,
      false,
      false,
      false,
      false,
      false,
      false,
      false,
      false,
      false,
      false,
      false,
      false,
      false,
      false,
      false,
      false,
      false,
      false,
      false,
      false,
      false,
      false,
      false,
      false,
      false,
      false,
      false,
      false,
      false,
      false,
      false,
      false,
      false,
      false,
      false,
      false,
      false,
      false,
      false,
      false,
      false,
      false,
      false,
      false,
      false,
      false,
      false,
      false,
      true,
      true,
      true,
      true,
      true,
      true,
      true,
      true,
      true,
      true,
      true,
      true,
      true,
      true,
      true,
      true,
      true,
      true,
      true,
      true,
      true,
      true,
      true,
      true,
      true,
      true,
      true,
      true,
      false,
      false,
      false,
      false,
      false,
      false,
      false,
      false,
      false,
      false,
      false,
      false,
      false,
      false,
      false,
      false,
      false,
      false,
      false,
      false,
      false,
      false,
      false,
      false,
      false,
      false,
      false,
      false,
      false,
      false,
      false,
      false,
      false,
      false,
      false,
      false,
      false,
      false,
      false,
      false,
      false,
      false,
      false,
      false,
      false,
      false,
      false,
      false,
      false,
      false,
      false,
      false,
      false,
      false,
      false,
      false,
      false,
      false,
      false,
      false,
      false,
      false,
      false,
      false,
      false,
      false,
      false,
      false,
      false,
      false,
      false,
      false,
      false,
      false,
      false,
      false,
      false,
      false,
      false,
      false,
      false,
      false,
      false,
      false,
      false,
      false,
      false,
      false,
      false,
      false,
      false,
      false,
      false,
      false,
      false,
      false,
      false,
      false,
      false,
      false,
      false,
      false,
      false,
      false,
      false,
      false,
      false,
      false,
      false,
      false,
      false,
      true,
      true,
      true,
      true,
      true,
      true,
      true,
      true,
      true,
      true,
      true,
      true,
      true,
      true,
      true,
      true,
      true,
      true,
      true,
      false,
      false,
      false,
      false,
      false,
      false,
      false,
      false,
      false,
      false,
      false,
      false,
      false,
      false,
      false,
      false,
      false,
      false,
      false,
      false,
      false,
      false,
      false,
      true,
      true,
      true,
      true,
      true,
      true,
      true,
      true,
      true,
      true,
      true,
      true,
      true,
      true,
      true,
      true,
      true,
      true,
      true,
      true,
      true,
      true,
      true,
      true,
      true,
      true,
      true,
      true,
      true,
      true,
      true,
      true,
      true,
      true,
      true,
      true,
      true,
      true,
      true,
      true,
      true,
      true,
      false,
      false,
      false,
      false,
      false,
      false,
      false,
      false,
      false,
      false,
      false,
      false,
      false,
      false,
      false,
      false,
      false,
      false,
      false,
      false,
      false,
      false,
      false,
      false,
      false,
      false,
      false,
      false,
      false,
      false,
      false,
      false,
      false,
      false,
      false,
      false,
      false,
      false,
      false,
      false,
      false,
      false,
      false,
      false,
      false,
      false,
      false,
      false,
      false,
      false,
      false,
      false,
      false,
      false,
      false,
      false,
      false,
      false,
      false,
      false,
      false,
      false,
      false,
      false,
      false,
      false,
      false,
      false,
      false,
      false,
      false,
      false,
      false,
      false,
      false,
      false,
      false,
      false,
      false,
      false,
      false,
      false,
      false,
      false,
      false,
      false,
      false,
      false,
      false,
      false,
      false,
      false,
      false,
      false,
      false,
      false,
      false,
      false,
      false,
      false,
      false,
      false,
      false,
      false,
      false,
      false,
      false,
      false,
      false,
      false,
      false,
      false,
      false,
      false,
      false,
      false,
      false,
      false,
      false,
      false,
      false,
      false,
      false,
      false,
      false,
      false,
      false,
      false,
      false,
      false,
      false,
      false,
      false,
      false,
      false,
      false,
      false,
      false,
      false,
      false,
      false,
      false,
      false,
      false,
      false,
      false,
      false,
      false,
      false,
      false,
      false,
      false,
      false,
      false,
      false,
      false,
      false,
      false,
      false,
      false,
      false,
      false,
      false,
      false,
      false,
      false,
      false,
      false,
      false,
      false,
      false,
      false,
      false,
      false,
      false,
      false,
      false,
      false,
      false,
      false,
      false,
      false,
      false,
      false,
      false,
      false,
      false,
      false,
      false,
      false,
      false,
      false,
      false,
      false,
      false,
      false,
      false,
      false,
      false,
      false,
      false,
      false,
      false,
      false,
      false,
      false,
      false,
      false,
      false,
      false,
      false,
      false,
      false,
      false,
      false,
      false,
      false,
      false,
      false,
      false,
      false,
      false,
      false,
      false,
      false,
      false,
      false,
      false,
      false,
      false,
      false,
      false,
      false,
      false,
      false,
      false,
      false,
      false,
      false,
      false,
      false,
      false,
      false,
      false,
      false,
      false,
      false,
      false,
      false,
      false,
      false,
      false,
      false,
      false,
      false,
      false,
      false,
      false,
      false,
      false,
      false,
      false,
      false,
      false,
      false,
      false,
      false,
      false,
      false,
      false,
      false,
      false,
      false,
      false,
      false,
      false,
      false,
      false,
      false,
      false,
      false,
      false,
      false,
      false,
      false,
      false,
      false,
      false,
      false,
      false,
      false,
      false,
      false,
      false,
      false,
      false,
      false,
      false,
      false,
      false,
      false,
      false,
      false,
      false,
      false,
      false,
      false,
      false,
      false,
      false,
      false,
      false,
      false,
      false,
      false,
      false,
      false,
      false,
      false,
      false,
      false,
      false,
      false,
      false,
      true,
      true,
      true,
      true,
      true,
      true,
      true,
      true,
      true,
      true,
      true,
      true,
      true,
      true,
      true,
      true,
      true,
      true,
      true,
      true,
      true,
      true,
      true,
      true,
      true,
      true,
      true,
      true,
      true,
      true,
      true,
      true,
      true,
      true,
      true,
      true,
      true,
      true,
      true,
      true,
      true,
      true,
      true,
      true,
      true,
      true,
      true,
      true,
      true,
      true,
      true,
      true,
      true,
      true,
      true,
      true,
      true,
      true,
      true,
      true,
      false,
      false,
      false,
      false,
      false,
      false,
      false,
      false,
      false,
      false,
      false,
      false,
      false,
      false,
      false,
      false,
      false,
      false,
      false,
      false,
      false,
      false,
      false,
      false,
      false,
      false,
      false,
      false,
      false,
      false,
      false,
      false,
      false,
      false,
      false,
      false,
      false,
      false,
      false,
      false,
      false,
      false,
      false,
      false,
      false,
      false,
      false,
      false,
      false,
      false,
      false,
      false,
      false,
      false,
      false,
      false,
      false,
      false,
      false,
      false,
      false,
      false,
      false,
      false,
      false,
      false,
      false,
      false,
      false,
      false,
      false,
      false,
      false,
      false,
      false,
      false,
      false,
      false,
      false,
      false,
      false,
      false,
      false,
      false,
      false,
      false,
      false,
      false,
      false,
      false,
      false,
      false,
      false,
      false,
      false,
      false,
      false,
      false,
      false,
      false,
      false,
      false,
      false,
      false,
      false,
      false,
      false,
      false,
      false,
      false,
      false,
      false,
      false,
      false,
      false,
      false,
      false,
      false,
      false,
      false,
      false,
      false,
      false,
      false,
      false,
      false,
      false,
      false,
      false,
      false,
      false,
      false,
      false,
      false,
      false,
      false,
      false,
      false,
      false,
      false,
      false,
      false,
      false,
      false,
      false,
      false,
      false,
      false,
      false,
      false,
      false,
      false,
      false,
      false,
      false,
      false,
      false,
      false,
      false,
      false,
      false,
      false,
      false,
      false,
      false,
      false,
      false,
      false,
      false,
      false,
      false,
      false,
      false,
      false,
      false,
      false,
      false,
      false,
      false,
      false,
      false,
      false,
      false,
      false,
      false,
      false,
      false,
      false,
      false,
      false,
      false,
      false,
      false,
      false,
      false,
      false,
      false,
      false,
      false,
      false,
      false,
      false,
      false,
      false,
      false,
      false,
      false,
      false,
      false,
      false,
      false,
      false,
      false,
      false,
      false,
      false,
      false,
      false,
      false,
      false,
      false,
      false,
      false,
      false,
      false,
      false,
      false,
      false,
      false,
      false,
      false,
      false,
      false,
      false,
      false,
      false,
      false,
      false,
      false,
      false,
      false,
      false,
      false,
      false,
      false,
      false,
      false,
      false,
      false,
      false,
      false,
      false,
      false,
      false,
      false,
      false,
      false,
      false,
      false,
      false,
      false,
      false,
      false,
      false,
      false,
      false,
      false,
      false,
      false,
      false,
      false,
      false,
      false,
      false,
      false,
      false,
      false,
      false,
      false,
      false,
      false,
      false,
      false,
      false,
      false,
      false,
      false,
      false,
      false,
      false,
      false,
      false,
      false,
      false,
      false,
      false,
      false,
      false,
      false,
      false,
      false,
      false,
      false,
      false,
      false,
      false,
      false,
      false,
      false,
      false,
      false,
      false,
      false,
      false,
      false,
      false,
      false,
      false,
      false,
      false,
      false,
      false,
      false,
      false,
      false,
      false,
      false,
      false,
      false,
      false,
      false,
      false,
      false,
      false,
      false,
      false,
      false,
      false,
      false,
      false,
      false,
      false,
      false,
      false,
      false,
      false,
      false,
      false,
      false,
      false,
      false,
      false,
      false,
      false,
      false,
      false,
      false,
      false,
      false,
      false,
      false,
      false,
      false,
      false,
      false,
      false,
      false,
      false,
      false,
      false,
      false,
      false,
      false,
      false,
      false,
      false,
      false,
      false,
      false,
      false,
      false,
      false,
      false,
      false,
      false,
      false,
      false,
      false,
      false,
      false,
      false,
      false,
      false,
      false,
      false,
      false,
      false,
      false,
      false,
      false,
      false,
      false,
      false,
      false,
      false,
      false,
      false,
      false,
      false,
      false,
      false,
      false,
      false,
      false,
      false,
      false,
      false,
      false,
      false,
      false,
      false,
      false,
      false,
      false,
      false,
      false,
      false,
      false,
      false,
      false,
      false,
      false,
      false,
      false,
      false,
      false,
      false,
      false,
      false,
      false,
      false,
      false,
      false,
      false,
      false,
      false,
      false,
      false,
      false,
      false,
      false,
      false,
      false,
      false,
      false,
      false,
      false,
      false,
      false,
      false,
      false,
      false,
      false,
      false,
      false,
      false,
      false,
      false,
      false,
      false,
      false,
      false,
      false,
      false,
      false,
      false,
      false,
      false,
      false,
      false,
      false,
      false,
      false,
      false,
      false,
      false,
      false,
      false,
      false,
      false,
      false,
      false,
      false,
      false,
      false,
      false,
      false,
      false,
      false,
      false,
      false,
      false,
      false,
      false,
      false,
      false,
      false,
      false,
      false,
      false,
      false,
      false,
      false,
      false,
      false,
      false,
      false,
      false,
      false,
      false,
      false,
      false,
      false,
      false,
      false,
      false,
      false,
      false,
      false,
      false,
      false,
      false,
      false,
      false,
      false,
      false,
      false,
      false,
      false,
      false,
      false,
      false,
      false,
      false,
      false,
      false,
      false,
      false,
      false,
      false,
      false,
      false,
      false,
      false,
      false,
      false,
      false,
      false,
      false,
      false,
      false,
      false,
      false,
      false,
      false,
      false,
      false,
      false,
      false,
      false,
      false,
      false,
      false,
      false,
      false,
      false,
      false,
      false,
      false,
      false,
      false,
      false,
      false,
      false,
      false,
      false,
      false,
      false,
      false,
      false,
      false,
      false,
      false,
      false,
      false,
      false,
      false,
      false,
      false,
      false,
      false,
      false,
      false,
      false,
      false,
      false,
      false,
      false,
      false,
      false,
      false,
      false,
      false,
      false,
      false,
      false,
      false,
      false,
      false,
      false,
      false,
      false,
      false,
      false,
      false,
      false,
      false,
      false,
      false,
      false,
      false,
      false,
      false,
      false,
      false,
      false,
      false,
      false,
      false,
      false,
      false,
      false,
      false,
      false,
      false,
      false,
      false,
      false,
      false,
      false,
      false,
      false,
      false,
      false,
      false,
      false,
      false,
      false,
      false,
      false,
      false,
      false,
      false,
      false,
      false,
      false,
      false,
      false,
      false,
      false,
      false,
      false,
      false,
      false,
      false,
      false,
      false,
      false,
      false,
      false,
      false,
      false,
      false,
      false,
      false,
      false,
      false,
      false,
      false,
      false,
      false,
      false,
      false,
      false,
      false,
      false,
      false,
      false,
      false,
      false,
      false,
      false,
      false,
      false,
      false,
      false,
      false,
      false,
      false,
      false,
      false,
      false,
      false,
      false,
      false,
      false,
      false,
      false,
      false,
      false,
      false,
      false,
      false,
      false,
      false,
      false,
      false,
      false,
      false,
      false,
      false,
      false,
      false,
      false,
      false,
      false,
      false,
      false,
      false,
      false,
      false,
      false,
      false,
      false,
      false,
      false,
      false,
      false,
      false,
      false,
      false,
      false,
      false,
      false,
      false,
      false,
      false,
      true,
      true,
      true,
      true,
      true,
      true,
      true,
      true,
      true,
      true,
      true,
      true,
      true,
      true,
      true,
      true,
      false,
      false,
      false,
      false,
      false,
      false,
      false,
      false,
      false,
      false,
      false,
      false,
      false,
      false,
      false,
      false,
      false,
      false,
      false,
      false,
      false,
      false,
      false,
      false,
      false,
      false,
      false,
      false,
      false,
      false,
      false,
      false,
      false,
      false,
      false,
      false,
      false,
      false,
      false,
      false,
      false,
      false,
      false,
      false,
      false,
      false,
      false,
      false,
      false,
      false,
      false,
      false,
      false,
      false,
      false,
      false,
      false,
      false,
      false,
      false,
      false,
      false,
      false,
      false,
      false,
      false,
      false,
      false,
      false,
      false,
      false,
      false,
      false,
      false,
      false,
      false,
      false,
      false,
      false,
      false,
      false,
      false,
      false,
      false,
      false,
      false,
      false,
      false,
      false,
      false,
      false,
      false,
      false,
      false,
      false,
      false,
      false,
      false,
      false,
      false,
      false,
      false,
      false,
      false,
      false,
      false,
      false,
      false,
      false,
      false,
      false,
      false,
      false,
      false,
      false,
      false,
      false,
      false,
      false,
      false,
      false,
      false,
      false,
      false,
      false,
      false,
      false,
      false,
      false,
      false,
      false,
      false,
      false,
      false,
      false,
      false,
      false,
      false,
      false,
      false,
      false,
      false,
      false,
      false,
      false,
      false,
      false,
      false,
      false,
      false,
      false,
      false,
      false,
      false,
      false,
      false,
      false,
      false,
      false,
      false,
      false,
      false,
      false,
      false,
      false,
      false,
      false,
      false,
      false,
      false,
      false,
      false,
      false,
      false,
      false,
      false,
      false,
      false,
      false,
      false,
      false,
      false,
      false,
      false,
      false,
      false,
      false,
      false,
      false,
      false,
      false,
      false,
      false,
      false,
      false,
      false,
      false,
      false,
      false,
      false,
      false,
      false,
      false,
      false,
      false,
      false,
      false,
      false,
      false,
      false,
      false,
      false,
      false,
      false,
      false,
      false,
      false,
      false,
      false,
      false,
      false,
      false,
      false,
      false,
      false,
      false,
      false,
      false,
      false,
      false,
      false,
      false,
      false,
      false,
      false,
      false,
      false,
      false,
      false,
      false,
      false,
      false,
      false,
      false,
      false,
      false,
      false,
      false,
      false,
      false,
      false,
      false,
      false,
      false,
      false,
      false,
      false,
      false,
      false,
      false,
      false,
      false,
      false,
      false,
      false,
      false,
      false,
      false,
      false,
      false,
      false,
      false,
      false,
      false,
      false,
      false,
      false,
      false,
      false,
      false,
      false,
      false,
      false,
      false,
      false,
      false,
      false,
      false,
      false,
      false,
      false,
      false,
      false,
      false,
      false,
      false,
      false,
      false,
      false,
      false,
      false,
      false,
      false,
      false,
      false,
      false,
      false,
      false,
      false,
      false,
      false,
      false,
      false,
      false,
      false,
      false,
      false,
      false,
      false,
      false,
      false,
      false,
      false,
      false,
      false,
      false,
      false,
      false,
      false,
      false,
      false,
      false,
      false,
      false,
      false,
      false,
      false,
      false,
      false,
      false,
      false,
      false,
      false,
      false,
      false,
      false,
      false,
      false,
      false,
      false,
      false,
      false,
      false,
      false,
      false,
      false,
      false,
      false,
      false,
      false,
      false,
      false,
      false,
      false,
      false,
      false,
      false,
      false,
      false,
      false,
      false,
      false,
      false,
      false,
      false,
      false,
      false,
      false,
      false,
      false,
      false,
      false,
      false,
      false,
      false,
      false,
      false,
      false,
      false,
      false,
      false,
      false,
      false,
      false,
      false,
      false,
      false,
      false,
      false,
      false,
      false,
      false,
      false,
      false,
      false,
      false,
      false,
      false,
      false,
      false,
      false,
      false,
      false,
      false,
      false,
      false,
      false,
      false,
      false,
      false,
      false,
      false,
      false,
      false,
      false,
      false,
      false,
      false,
      false,
      false,
      false,
      false,
      false,
      false,
      false,
      false,
      false,
      false,
      false,
      false,
      false,
      false,
      false,
      false,
      false,
      false,
      false,
      false,
      false,
      false,
      false,
      false,
      false,
      false,
      false,
      false,
      false,
      false,
      false,
      false,
      false,
      false,
      false,
      false,
      false,
      false,
      false,
      false,
      false,
      false,
      false,
      false,
      false,
      false,
      false,
      false,
      false,
      false,
      false,
      false,
      false,
      false,
      false,
      false,
      false,
      false,
      false,
      false,
      false,
      false,
      false,
      false,
      false,
      false,
      false,
      false,
      false,
      false,
      false,
      false,
      false,
      false,
      false,
      false,
      false,
      false,
      false,
      false,
      false,
      false,
      false,
      false,
      false,
      false,
      false,
      false,
      false,
      false,
      false,
      false,
      false,
      false,
      false,
      false,
      false,
      false,
      false,
      false,
      false,
      false,
      false,
      false,
      false,
      false,
      false,
      false,
      false,
      false,
      false,
      false,
      false,
      false,
      false,
      false,
      false,
      false,
      false,
      false,
      false,
      false,
      false,
      false,
      false,
      false,
      false,
      false,
      false,
      false,
      false,
      false,
      false,
      false,
      false,
      false,
      false,
      false,
      false,
      false,
      false,
      false,
      false,
      false,
      false,
      false,
      false,
      false,
      false,
      false,
      false,
      false,
      false,
      false,
      false,
      false,
      false,
      false,
      false,
      false,
      false,
      false,
      false,
      false,
      false,
      false,
      false,
      false,
      false,
      false,
      false,
      false,
      false,
      false,
      false,
      false,
      false,
      false,
      false,
      false,
      false,
      false,
      false,
      false,
      false,
      false,
      false,
      false,
      false,
      false,
      false,
      false,
      false,
      false,
      false,
      false,
      false,
      false,
      false,
      false,
      false,
      false,
      false,
      false,
      false,
      false,
      false,
      false,
      false,
      false,
      false,
      false,
      false,
      false,
      false,
      false,
      false,
      false,
      false,
      false,
      false,
      false,
      false
    ],
    "is_tunnel": [
      false,
      false,
      false,
      false,
      false,
      false,
      false,
      false,
      false,
      false,
      false,
      false,
      false,
      false,
      false,
      false,
      false,
      false,
      false,
      false,
      false,
      false,
      false,
      false,
      false,
      false,
      false,
      false,
      false,
      false,
      false,
      false,
      false,
      false,
      false,
      false,
      false,
      false,
      false,
      false,
      false,
      false,
      false,
      false,
      false,
      false,
      false,
      false,
      false,
      false,
      false,
      false,
      false,
      false,
      false,
      false,
      false,
      false,
      false,
      false,
      false,
      false,
      false,
      false,
      false,
      false,
      false,
      false,
      false,
      false,
      false,
      false,
      false,
      false,
      false,
      false,
      false,
      false,
      false,
      false,
      false,
      false,
      false,
      false,
      false,
      false,
      false,
      false,
      false,
      false,
      false,
      false,
      false,
      false,
      false,
      false,
      false,
      false,
      false,
      false,
      false,
      false,
      false,
      false,
      false,
      false,
      false,
      false,
      false,
      false,
      false,
      false,
      false,
      false,
      false,
      false,
      false,
      false,
      false,
      false,
      false,
      false,
      false,
      false,
      false,
      false,
      false,
      false,
      false,
      false,
      false,
      false,
      false,
      false,
      false,
      false,
      false,
      false,
      false,
      false,
      false,
      false,
      false,
      false,
      false,
      false,
      false,
      false,
      false,
      false,
      false,
      false,
      false,
      false,
      false,
      false,
      false,
      false,
      false,
      false,
      false,
      false,
      false,
      false,
      false,
      false,
      false,
      false,
      false,
      false,
      false,
      false,
      false,
      false,
      false,
      false,
      false,
      false,
      false,
      false,
      false,
      false,
      false,
      false,
      false,
      false,
      false,
      false,
      false,
      false,
      false,
      false,
      false,
      false,
      false,
      false,
      false,
      false,
      false,
      false,
      false,
      false,
      false,
      false,
      false,
      false,
      false,
      false,
      false,
      false,
      false,
      false,
      false,
      false,
      false,
      false,
      false,
      false,
      false,
      false,
      false,
      false,
      false,
      false,
      false,
      false,
      false,
      false,
      false,
      false,
      false,
      false,
      false,
      false,
      false,
      false,
      false,
      false,
      false,
      false,
      false,
      false,
      false,
      false,
      false,
      false,
      false,
      false,
      false,
      false,
      false,
      false,
      false,
      false,
      false,
      false,
      false,
      false,
      false,
      false,
      false,
      false,
      false,
      false,
      false,
      false,
      false,
      false,
      false,
      false,
      false,
      false,
      false,
      false,
      false,
      false,
      false,
      false,
      false,
      false,
      false,
      false,
      false,
      false,
      false,
      false,
      false,
      false,
      false,
      false,
      false,
      false,
      false,
      false,
      false,
      false,
      false,
      false,
      false,
      false,
      false,
      false,
      false,
      false,
      false,
      false,
      false,
      false,
      false,
      false,
      false,
      false,
      false,
      false,
      false,
      false,
      false,
      false,
      false,
      false,
      false,
      false,
      false,
      false,
      false,
      false,
      false,
      false,
      false,
      false,
      false,
      false,
      false,
      false,
      false,
      false,
      false,
      false,
      false,
      false,
      false,
      false,
      false,
      false,
      false,
      false,
      false,
      false,
      false,
      false,
      false,
      false,
      false,
      false,
      false,
      false,
      false,
      false,
      false,
      false,
      false,
      false,
      false,
      false,
      false,
      false,
      false,
      false,
      false,
      false,
      false,
      false,
      false,
      false,
      false,
      false,
      false,
      false,
      false,
      false,
      false,
      false,
      false,
      false,
      false,
      false,
      false,
      false,
      false,
      false,
      false,
      false,
      false,
      false,
      false,
      false,
      false,
      false,
      false,
      false,
      false,
      false,
      false,
      false,
      false,
      false,
      false,
      false,
      false,
      false,
      false,
      false,
      false,
      false,
      false,
      false,
      false,
      false,
      false,
      false,
      false,
      false,
      false,
      false,
      false,
      false,
      false,
      false,
      false,
      false,
      false,
      false,
      false,
      false,
      false,
      false,
      false,
      false,
      false,
      false,
      false,
      false,
      false,
      false,
      false,
      false,
      false,
      false,
      false,
      false,
      false,
      false,
      false,
      false,
      false,
      false,
      false,
      false,
      false,
      false,
      false,
      false,
      false,
      false,
      false,
      false,
      false,
      false,
      false,
      false,
      false,
      false,
      false,
      false,
      false,
      false,
      false,
      false,
      false,
      false,
      false,
      false,
      false,
      false,
      false,
      false,
      false,
      false,
      false,
      false,
      false,
      false,
      false,
      false,
      false,
      false,
      false,
      false,
      false,
      false,
      false,
      false,
      false,
      false,
      false,
      false,
      false,
      false,
      false,
      false,
      false,
      false,
      false,
      false,
      false,
      false,
      false,
      false,
      false,
      false,
      false,
      false,
      false,
      false,
      false,
      false,
      false,
      false,
      false,
      false,
      false,
      false,
      false,
      false,
      false,
      false,
      false,
      false,
      false,
      false,
      false,
      false,
      false,
      false,
      false,
      false,
      false,
      false,
      false,
      false,
      false,
      false,
      false,
      false,
      false,
      false,
      false,
      false,
      false,
      false,
      false,
      false,
      false,
      false,
      false,
      false,
      false,
      false,
      false,
      false,
      false,
      false,
      false,
      false,
      false,
      false,
      false,
      false,
      false,
      false,
      false,
      false,
      false,
      false,
      false,
      false,
      false,
      false,
      false,
      false,
      false,
      false,
      false,
      false,
      false,
      false,
      false,
      false,
      false,
      false,
      false,
      false,
      false,
      false,
      false,
      false,
      false,
      false,
      false,
      false,
      false,
      false,
      false,
      false,
      false,
      false,
      false,
      false,
      false,
      false,
      false,
      false,
      false,
      false,
      false,
      false,
      false,
      false,
      false,
      false,
      false,
      false,
      false,
      false,
      false,
      false,
      false,
      false,
      false,
      false,
      false,
      false,
      false,
      false,
      false,
      false,
      false,
      false,
      false,
      false,
      false,
      false,
      false,
      false,
      false,
      false,
      false,
      false,
      false,
      false,
      false,
      false,
      false,
      false,
      false,
      false,
      false,
      false,
      false,
      false,
      false,
      false,
      false,
      false,
      false,
      false,
      false,
      false,
      false,
      false,
      false,
      false,
      false,
      false,
      false,
      false,
      false,
      false,
      false,
      false,
      false,
      false,
      false,
      false,
      false,
      false,
      false,
      false,
      false,
      false,
      false,
      false,
      false,
      false,
      false,
      false,
      false,
      false,
      false,
      false,
      false,
      false,
      false,
      false,
      false,
      false,
      false,
      false,
      false,
      false,
      false,
      false,
      false,
      false,
      false,
      false,
      false,
      false,
      false,
      false,
      false,
      false,
      false,
      false,
      false,
      false,
      false,
      false,
      false,
      false,
      false,
      false,
      false,
      false,
      false,
      false,
      false,
      false,
      false,
      false,
      false,
      false,
      false,
      false,
      false,
      false,
      false,
      false,
      false,
      false,
      false,
      false,
      false,
      false,
      false,
      false,
      false,
      false,
      false,
      false,
      false,
      false,
      false,
      false,
      false,
      false,
      false,
      false,
      false,
      false,
      false,
      false,
      false,
      false,
      false,
      false,
      false,
      false,
      false,
      false,
      false,
      false,
      false,
      false,
      false,
      false,
      false,
      false,
      false,
      false,
      false,
      false,
      false,
      false,
      false,
      false,
      false,
      false,
      false,
      false,
      false,
      false,
      false,
      false,
      false,
      false,
      false,
      false,
      false,
      false,
      false,
      false,
      false,
      false,
      false,
      false,
      false,
      false,
      false,
      false,
      false,
      false,
      false,
      false,
      false,
      false,
      false,
      false,
      false,
      false,
      false,
      false,
      false,
      false,
      false,
      false,
      false,
      false,
      false,
      false,
      false,
      false,
      false,
      false,
      false,
      false,
      false,
      false,
      false,
      false,
      false,
      false,
      false,
      false,
      false,
      false,
      false,
      false,
      false,
      false,
      false,
      false,
      false,
      false,
      false,
      false,
      false,
      false,
      false,
      false,
      false,
      false,
      false,
      false,
      false,
      false,
      false,
      false,
      false,
      false,
      false,
      false,
      false,
      false,
      false,
      false,
      false,
      false,
      false,
      false,
      false,
      false,
      false,
      false,
      false,
      false,
      false,
      false,
      false,
      false,
      false,
      false,
      false,
      false,
      false,
      false,
      false,
      false,
      false,
      false,
      false,
      false,
      false,
      false,
      false,
      false,
      false,
      false,
      false,
      false,
      false,
      false,
      false,
      false,
      false,
      false,
      false,
      false,
      false,
      false,
      false,
      false,
      false,
      false,
      false,
      false,
      false,
      false,
      false,
      false,
      false,
      false,
      false,
      false,
      false,
      false,
      false,
      false,
      false,
      false,
      false,
      false,
      false,
      false,
      false,
      false,
      false,
      false,
      false,
      false,
      false,
      false,
      false,
      false,
      false,
      false,
      false,
      false,
      false,
      false,
      false,
      false,
      false,
      false,
      false,
      false,
      false,
      false,
      false,
      false,
      false,
      false,
      false,
      false,
      false,
      false,
      false,
      false,
      false,
      false,
      false,
      false,
      false,
      false,
      false,
      false,
      false,
      false,
      false,
      false,
      false,
      false,
      false,
      false,
      false,
      false,
      false,
      false,
      false,
      false,
      false,
      false,
      false,
      false,
      false,
      false,
      false,
      false,
      false,
      false,
      false,
      false,
      false,
      false,
      false,
      false,
      false,
      false,
      false,
      false,
      false,
      false,
      false,
      false,
      false,
      false,
      false,
      false,
      false,
      false,
      false,
      false,
      false,
      false,
      false,
      false,
      false,
      false,
      false,
      false,
      false,
      false,
      false,
      false,
      false,
      false,
      false,
      false,
      false,
      false,
      false,
      false,
      false,
      false,
      false,
      false,
      false,
      false,
      false,
      false,
      false,
      false,
      false,
      false,
      false,
      false,
      false,
      false,
      false,
      false,
      false,
      false,
      false,
      false,
      false,
      false,
      false,
      false,
      false,
      false,
      false,
      false,
      false,
      false,
      false,
      false,
      false,
      false,
      false,
      false,
      false,
      false,
      false,
      false,
      false,
      false,
      false,
      false,
      false,
      false,
      false,
      false,
      false,
      false,
      false,
      false,
      false,
      false,
      false,
      false,
      false,
      false,
      false,
      false,
      false,
      false,
      false,
      false,
      false,
      false,
      false,
      false,
      false,
      false,
      false,
      false,
      false,
      false,
      false,
      false,
      false,
      false,
      false,
      false,
      false,
      false,
      false,
      false,
      false,
      false,
      false,
      false,
      false,
      false,
      false,
      false,
      false,
      false,
      false,
      false,
      false,
      false,
      false,
      false,
      false,
      false,
      false,
      false,
      false,
      false,
      false,
      false,
      false,
      false,
      false,
      false,
      false,
      false,
      false,
      false,
      false,
      false,
      false,
      false,
      false,
      false,
      false,
      false,
      false,
      false,
      false,
      false,
      false,
      false,
      false,
      false,
      false,
      false,
      false,
      false,
      false,
      false,
      false,
      false,
      false,
      false,
      false,
      false,
      false,
      false,
      false,
      false,
      false,
      false,
      false,
      false,
      false,
      false,
      false,
      false,
      false,
      false,
      false,
      false,
      false,
      false,
      false,
      false,
      false,
      false,
      false,
      false,
      false,
      false,
      false,
      false,
      false,
      false,
      false,
      false,
      false,
      false,
      false,
      false,
      false,
      false,
      false,
      false,
      false,
      false,
      false,
      false,
      false,
      false,
      false,
      false,
      false,
      false,
      false,
      false,
      false,
      false,
      false,
      false,
      false,
      false,
      false,
      false,
      false,
      false,
      false,
      false,
      false,
      false,
      false,
      false,
      false,
      false,
      false,
      false,
      false,
      false,
      false,
      false,
      false,
      false,
      false,
      false,
      false,
      false,
      false,
      false,
      false,
      false,
      false,
      false,
      false,
      false,
      false,
      false,
      false,
      false,
      false,
      false,
      false,
      false,
      false,
      false,
      false,
      false,
      false,
      false,
      false,
      false,
      false,
      false,
      false,
      false,
      false,
      false,
      false,
      false,
      false,
      false,
      false,
      false,
      false,
      false,
      false,
      false,
      false,
      false,
      false,
      false,
      false,
      false,
      false,
      false,
      false,
      false,
      false,
      false,
      false,
      false,
      false,
      false,
      false,
      false,
      false,
      false,
      false,
      false,
      false,
      false,
      false,
      false,
      false,
      false,
      false,
      false,
      false,
      false,
      false,
      false,
      false,
      false,
      false,
      false,
      false,
      false,
      false,
      false,
      false,
      false,
      false,
      false,
      false,
      false,
      false,
      false,
      false,
      false,
      false,
      false,
      false,
      false,
      false,
      false,
      false,
      false,
      false,
      false,
      false,
      false,
      false,
      false,
      false,
      false,
      false,
      false,
      false,
      false,
      false,
      false,
      false,
      false,
      false,
      false,
      false,
      false,
      false,
      false,
      false,
      false,
      false,
      false,
      false,
      false,
      false,
      false,
      false,
      false,
      false,
      false,
      false,
      false,
      false,
      false,
      false,
      false,
      false,
      false,
      false,
      false,
      false,
      false,
      false,
      false,
      false,
      false,
      false,
      false,
      false,
      false,
      false,
      false,
      false,
      false,
      false,
      false,
      false,
      false,
      false,
      false,
      false,
      false,
      false,
      false,
      false,
      false,
      false,
      false,
      false,
      false,
      false,
      false,
      false,
      false,
      false,
      false,
      false,
      false,
      false,
      false,
      false,
      false,
      false,
      false,
      false,
      false,
      false,
      false,
      false,
      false,
      false,
      false,
      false,
      false,
      false,
      false,
      false,
      false,
      false,
      false,
      false,
      false,
      false,
      false,
      false,
      false,
      false,
      false,
      false,
      false,
      false,
      false,
      false,
      false,
      false,
      false,
      false,
      false,
      false,
      false,
      false,
      false,
      false,
      false,
      false,
      false,
      false,
      false,
      false,
      false,
      false,
      false,
      false,
      false,
      false,
      false,
      false,
      false,
      false,
      false,
      false,
      false,
      false,
      false,
      false,
      false,
      false,
      false,
      false,
      false,
      false,
      false,
      false,
      false,
      false,
      false,
      false,
      false,
      false,
      false,
      false,
      false,
      false,
      false,
      false,
      false,
      false,
      false,
      false,
      false,
      false,
      false,
      false,
      false,
      false,
      false,
      false,
      false,
      false,
      false,
      false,
      false,
      false,
      false,
      false,
      false,
      false,
      false,
      false,
      false,
      false,
      false,
      false,
      false,
      false,
      false,
      false,
      false,
      false,
      false,
      false,
      false,
      false,
      false,
      false,
      false,
      false,
      false,
      false,
      false,
      false,
      false,
      false,
      false,
      false,
      false,
      false,
      false,
      false,
      false,
      false,
      false,
      false,
      false,
      false,
      false,
      false,
      false,
      false,
      false,
      false,
      false,
      false,
      false,
      false,
      false,
      false,
      false,
      false,
      false,
      false,
      false,
      false,
      false,
      false,
      false,
      false,
      false,
      false,
      false,
      false,
      false,
      false,
      false,
      false,
      false,
      false,
      false,
      false,
      false,
      false,
      false,
      false,
      false,
      false,
      false,
      false,
      false,
      false,
      false,
      false,
      false,
      false,
      false,
      false,
      false,
      false,
      false,
      false,
      false,
      false,
      false,
      false,
      false,
      false,
      false,
      false,
      false,
      false,
      false,
      false,
      false,
      false,
      false,
      false,
      false,
      false,
      false,
      false,
      false,
      false,
      false,
      false,
      false,
      false,
      false,
      false,
      false,
      false,
      false,
      false,
      false,
      false,
      false,
      false,
      false,
      false,
      false,
      false,
      false,
      false,
      false,
      false,
      false,
      false,
      false,
      false,
      false,
      false,
      false,
      false,
      false,
      false,
      false,
      false,
      false,
      false,
      false,
      false,
      false,
      false,
      false,
      false,
      false,
      false,
      false,
      false,
      false,
      false,
      false,
      false,
      false,
      false,
      false,
      false,
      false,
      false,
      false,
      false,
      false,
      false,
      false,
      false,
      false,
      false,
      false,
      false,
      false,
      false,
      false,
      false,
      false,
      false,
      false,
      false,
      false,
      false,
      false,
      false,
      false,
      false,
      false,
      false,
      false,
      false,
      false,
      false,
      false,
      false,
      false,
      false,
      false,
      false,
      false,
      false,
      false,
      false,
      false,
      false,
      false,
      false,
      false,
      false,
      false,
      false,
      false,
      false,
      false,
      false,
      false,
      false,
      false,
      false,
      false,
      false,
      false,
      false,
      false,
      false,
      false,
      false,
      false,
      false,
      false,
      false,
      false,
      false,
      false,
      false,
      false,
      false,
      false,
      false,
      false,
      false,
      false,
      false,
      false,
      false,
      false,
      false,
      false,
      false,
      false,
      false,
      false,
      false,
      false,
      false,
      false,
      false,
      false,
      false,
      false,
      false,
      false,
      false,
      false,
      false,
      false,
      false,
      false,
      false,
      false,
      false,
      false,
      false,
      false,
      false,
      false,
      false,
      false,
      false,
      false,
      false,
      false,
      false,
      false,
      false,
      false,
      false,
      false,
      false,
      false,
      false,
      false,
      false,
      false,
      false,
      false,
      false,
      false,
      false,
      false,
      false,
      false,
      false,
      false,
      false,
      false,
      false,
      false,
      false,
      false,
      false,
      false,
      false,
      false,
      false,
      false,
      false,
      false,
      false,
      false,
      false,
      false,
      false,
      false,
      false,
      false,
      false,
      false,
      false,
      false,
      false,
      false,
      false,
      false,
      false,
      false,
      false,
      false,
      false,
      false,
      false,
      false,
      false,
      false,
      false,
      false,
      false,
      false,
      false,
      false,
      false,
      false,
      false,
      false,
      false,
      false,
      false,
      false,
      false,
      false,
      false,
      false,
      false,
      false,
      false,
      false,
      false,
      false,
      false,
      false,
      false,
      false,
      false,
      false,
      false,
      false,
      false,
      false,
      false,
      false,
      false,
      false,
      false,
      false,
      false,
      false,
      false,
      false,
      false,
      false,
      false,
      false,
      false,
      false,
      false,
      false,
      false,
      false,
      false,
      false,
      false,
      false,
      false,
      false,
      false,
      false,
      false,
      false,
      false,
      false,
      false,
      false,
      false,
      false,
      false,
      false,
      false,
      false,
      false,
      false,
      false,
      false,
      false,
      false,
      false,
      false,
      false,
      false,
      false,
      false,
      false,
      false,
      false,
      false,
      false,
      false,
      false,
      false,
      false,
      false,
      false,
      false,
      false,
      false,
      false,
      false,
      false,
      false,
      false,
      false,
      false,
      false,
      false,
      false,
      false,
      false,
      false,
      false,
      false,
      false,
      false,
      false,
      false,
      false,
      false,
      false,
      false,
      false,
      false,
      false,
      false,
      false,
      false,
      false,
      false,
      false,
      false,
      false,
      false,
      false,
      false,
      false,
      false,
      false,
      false,
      false,
      false,
      false,
      false,
      false,
      false,
      false,
      false,
      false,
      false,
      false,
      false,
      false,
      false,
      false,
      false,
      false,
      false,
      false,
      false,
      false,
      false,
      false,
      false,
      false,
      false,
      false,
      false,
      false,
      false,
      false,
      false,
      false,
      false,
      false,
      false,
      false,
      false,
      false,
      false,
      false,
      false,
      false,
      false,
      false,
      false,
      false,
      false,
      false,
      false,
      false,
      false,
      false,
      false,
      false,
      false,
      false,
      false,
      false,
      false,
      false,
      false,
      false,
      false,
      false,
      false,
      false,
      false,
      false,
      false,
      false,
      false,
      false,
      false,
      false,
      false,
      false,
      false,
      false,
      false,
      false,
      false,
      false,
      false,
      false,
      false,
      false,
      false,
      false,
      false,
      false,
      false,
      false,
      false,
      false,
      false,
      false,
      false,
      false,
      false,
      false,
      false,
      false,
      false,
      false,
      false,
      false,
      false,
      false,
      false,
      false,
      false,
      false,
      false,
      false,
      false,
      false,
      false,
      false,
      false,
      false,
      false,
      false,
      false,
      false,
      false,
      false,
      false,
      false,
      false,
      false,
      false,
      false,
      false,
      false,
      false,
      false,
      false,
      false,
      false,
      false,
      false,
      false,
      false,
      false,
      false,
      false,
      false,
      false,
      false,
      false,
      false,
      false,
      false,
      false,
      false,
      false,
      false,
      false,
      false,
      false,
      false,
      false,
      false,
      false,
      false,
      false,
      false,
      false,
      false,
      false,
      false,
      false,
      false,
      false,
      false,
      false,
      false,
      false,
      false,
      false,
      false,
      false,
      false,
      false,
      false,
      false,
      false,
      false,
      false,
      false,
      false,
      false,
      false,
      false,
      false,
      false,
      false,
      false,
      false,
      false,
      false,
      false,
      false,
      false,
      false,
      false,
      false,
      false,
      false,
      false,
      false,
      false,
      false,
      false,
      false,
      false,
      false,
      false,
      false,
      false,
      false,
      false,
      false,
      false,
      false,
      false,
      false,
      false,
      false,
      false,
      false,
      false,
      false,
      false,
      false,
      false,
      false,
      false,
      false,
      false,
      false,
      false,
      false,
      false,
      false,
      false,
      false,
      false,
      false,
      false,
      false,
      false,
      false,
      false,
      false,
      false,
      false,
      false,
      false,
      false,
      false,
      false,
      false,
      false,
      false,
      false,
      false,
      false,
      false,
      false,
      false,
      false,
      false,
      false,
      false,
      false,
      false,
      false,
      false,
      false,
      false,
      false,
      false,
      false,
      false,
      false,
      false,
      false,
      false,
      false,
      false,
      false,
      false,
      false,
      false,
      false,
      false,
      false,
      false,
      false,
      false,
      false,
      false,
      false,
      false,
      false,
      false,
      false,
      false,
      false,
      false,
      false,
      false,
      false,
      false,
      false,
      false,
      false,
      false,
      false,
      false,
      false,
      false,
      false,
      false,
      false,
      false,
      false,
      false,
      false,
      false,
      false,
      false,
      false,
      false,
      false,
      false,
      false,
      false,
      false,
      false,
      false,
      false,
      false,
      false,
      false,
      false,
      false,
      false,
      false,
      false,
      false,
      false,
      false,
      false,
      false,
      false,
      false,
      false,
      false,
      false,
      false,
      false,
      false,
      false,
      false,
      false,
      false,
      false,
      false,
      false,
      false,
      false,
      false,
      false,
      false,
      false,
      false,
      false,
      false,
      false,
      false,
      false,
      false,
      false,
      false,
      false,
      false,
      false,
      false,
      false,
      false,
      false,
      false,
      false,
      false,
      false,
      false,
      false,
      false,
      false,
      false,
      false,
      false,
      false,
      false,
      false,
      false,
      false,
      false,
      false,
      false,
      false,
      false,
      false,
      false,
      false,
      false,
      false,
      false,
      false,
      false,
      false,
      false,
      false,
      false,
      false,
      false,
      false,
      false,
      false,
      false,
      false,
      false,
      false,
      false,
      false,
      false,
      false,
      false,
      false,
      false,
      false,
      false,
      false,
      false,
      false,
      false,
      false,
      false,
      false,
      false,
      false,
      false,
      false,
      false,
      false,
      false,
      false,
      false,
      false,
      false,
      false,
      false,
      false,
      false,
      false,
      false,
      false,
      false,
      false,
      false,
      false,
      false,
      false,
      false,
      false,
      false,
      false,
      false,
      false,
      false,
      false,
      false,
      false,
      false,
      false,
      false,
      false,
      false,
      false,
      false,
      false,
      false,
      false,
      false,
      false,
      false,
      false,
      false,
      false,
      false,
      false,
      false,
      false,
      false,
      false,
      false,
      false,
      false,
      false,
      false,
      false,
      false,
      false,
      false,
      false,
      false,
      false,
      false,
      false,
      false,
      false,
      false,
      false,
      false,
      false,
      false,
      false,
      false,
      false,
      false,
      false,
      false,
      false,
      false,
      false,
      false,
      false,
      false,
      false,
      false,
      false,
      false,
      false,
      false,
      false,
      false,
      false,
      false,
      false,
      false,
      false,
      false,
      false,
      false,
      false,
      false,
      false,
      false,
      false,
      false,
      false,
      false,
      false,
      false,
      false,
      false,
      false,
      false,
      false,
      false,
      false,
      false,
      false,
      false,
      false,
      false,
      false,
      false,
      false,
      false,
      false,
      false,
      false,
      false,
      false,
      false,
      false,
      false,
      false,
      false,
      false,
      false,
      false,
      false,
      false,
      false,
      false,
      false,
      false,
      false,
      false,
      false,
      false,
      false,
      false,
      false,
      false,
      false,
      false,
      false,
      false,
      false,
      false,
      false,
      false
    ],
    "is_cutting": [
      false,
      false,
      false,
      false,
      false,
      false,
      false,
      false,
      false,
      false,
      false,
      false,
      false,
      false,
      false,
      false,
      false,
      false,
      false,
      false,
      false,
      false,
      false,
      false,
      false,
      false,
      false,
      false,
      false,
      false,
      false,
      false,
      false,
      false,
      false,
      false,
      false,
      false,
      false,
      false,
      false,
      false,
      false,
      false,
      false,
      false,
      false,
      false,
      false,
      false,
      false,
      false,
      false,
      false,
      false,
      false,
      false,
      false,
      false,
      false,
      false,
      false,
      false,
      false,
      false,
      false,
      false,
      false,
      false,
      false,
      false,
      false,
      false,
      false,
      false,
      false,
      false,
      false,
      false,
      false,
      false,
      false,
      false,
      false,
      false,
      false,
      false,
      false,
      false,
      false,
      false,
      false,
      false,
      false,
      false,
      false,
      false,
      false,
      false,
      false,
      false,
      false,
      false,
      false,
      false,
      false,
      false,
      false,
      false,
      false,
      false,
      false,
      false,
      false,
      false,
      false,
      false,
      false,
      false,
      false,
      false,
      false,
      false,
      false,
      false,
      false,
      false,
      false,
      false,
      false,
      false,
      false,
      false,
      false,
      false,
      false,
      false,
      false,
      false,
      false,
      false,
      false,
      false,
      false,
      false,
      false,
      false,
      false,
      false,
      false,
      false,
      false,
      false,
      false,
      false,
      false,
      false,
      false,
      false,
      false,
      false,
      false,
      false,
      false,
      false,
      false,
      false,
      false,
      false,
      false,
      false,
      false,
      false,
      false,
      false,
      false,
      false,
      false,
      false,
      false,
      false,
      false,
      false,
      false,
      false,
      false,
      false,
      false,
      false,
      false,
      false,
      false,
      false,
      false,
      false,
      false,
      false,
      false,
      false,
      false,
      false,
      false,
      false,
      false,
      false,
      false,
      false,
      false,
      false,
      false,
      false,
      false,
      false,
      false,
      false,
      false,
      false,
      false,
      false,
      false,
      false,
      false,
      false,
      false,
      false,
      false,
      false,
      false,
      false,
      false,
      false,
      false,
      false,
      false,
      false,
      false,
      false,
      false,
      false,
      false,
      false,
      false,
      false,
      false,
      false,
      false,
      false,
      false,
      false,
      false,
      false,
      false,
      false,
      false,
      false,
      false,
      false,
      false,
      false,
      false,
      false,
      false,
      false,
      false,
      false,
      false,
      false,
      false,
      false,
      false,
      false,
      false,
      false,
      false,
      false,
      false,
      false,
      false,
      false,
      false,
      false,
      false,
      false,
      false,
      false,
      false,
      false,
      false,
      false,
      false,
      false,
      false,
      false,
      false,
      false,
      false,
      false,
      false,
      false,
      false,
      false,
      false,
      false,
      false,
      false,
      false,
      false,
      false,
      false,
      false,
      false,
      false,
      false,
      false,
      false,
      false,
      false,
      false,
      false,
      false,
      false,
      false,
      false,
      false,
      false,
      false,
      false,
      false,
      false,
      false,
      false,
      false,
      false,
      false,
      false,
      false,
      false,
      false,
      false,
      false,
      false,
      false,
      false,
      false,
      false,
      false,
      false,
      false,
      false,
      false,
      false,
      false,
      false,
      false,
      false,
      false,
      false,
      false,
      false,
      false,
      false,
      false,
      false,
      false,
      false,
      false,
      false,
      false,
      false,
      false,
      false,
      false,
      false,
      false,
      false,
      false,
      false,
      false,
      false,
      false,
      false,
      false,
      false,
      false,
      false,
      false,
      false,
      false,
      false,
      false,
      false,
      false,
      false,
      false,
      false,
      false,
      false,
      false,
      false,
      false,
      false,
      false,
      false,
      false,
      false,
      false,
      false,
      false,
      false,
      false,
      false,
      false,
      false,
      false,
      false,
      false,
      false,
      false,
      false,
      false,
      false,
      false,
      false,
      false,
      false,
      false,
      false,
      false,
      false,
      false,
      false,
      false,
      false,
      false,
      false,
      false,
      false,
      false,
      false,
      false,
      false,
      false,
      false,
      false,
      false,
      false,
      false,
      false,
      false,
      false,
      false,
      false,
      false,
      false,
      false,
      false,
      false,
      false,
      false,
      false,
      false,
      false,
      false,
      false,
      false,
      false,
      false,
      false,
      false,
      false,
      false,
      false,
      false,
      false,
      false,
      false,
      false,
      false,
      false,
      false,
      false,
      false,
      false,
      false,
      false,
      false,
      false,
      false,
      false,
      false,
      false,
      false,
      false,
      false,
      false,
      false,
      false,
      false,
      false,
      false,
      false,
      false,
      false,
      false,
      false,
      false,
      false,
      false,
      false,
      false,
      false,
      false,
      false,
      false,
      false,
      false,
      false,
      false,
      false,
      false,
      false,
      false,
      false,
      false,
      false,
      false,
      false,
      false,
      false,
      false,
      false,
      false,
      false,
      false,
      false,
      false,
      false,
      false,
      false,
      false,
      false,
      false,
      false,
      false,
      false,
      false,
      false,
      false,
      false,
      false,
      false,
      false,
      false,
      false,
      false,
      false,
      false,
      false,
      false,
      false,
      false,
      false,
      false,
      false,
      false,
      false,
      false,
      false,
      false,
      false,
      false,
      false,
      false,
      false,
      false,
      false,
      false,
      false,
      false,
      false,
      false,
      false,
      false,
      false,
      false,
      false,
      false,
      false,
      false,
      false,
      false,
      false,
      false,
      false,
      false,
      false,
      false,
      false,
      false,
      false,
      false,
      false,
      false,
      false,
      false,
      false,
      false,
      false,
      false,
      false,
      false,
      false,
      false,
      false,
      false,
      false,
      false,
      false,
      false,
      false,
      false,
      false,
      false,
      false,
      false,
      false,
      false,
      false,
      false,
      false,
      false,
      false,
      false,
      false,
      false,
      false,
      false,
      false,
      false,
      false,
      false,
      false,
      false,
      false,
      false,
      false,
      false,
      false,
      false,
      false,
      false,
      false,
      false,
      false,
      false,
      false,
      false,
      false,
      false,
      false,
      false,
      false,
      false,
      false,
      false,
      false,
      false,
      false,
      false,
      false,
      false,
      false,
      false,
      false,
      false,
      false,
      false,
      false,
      false,
      false,
      false,
      false,
      false,
      false,
      false,
      false,
      false,
      false,
      false,
      false,
      false,
      false,
      false,
      false,
      false,
      false,
      false,
      false,
      false,
      false,
      false,
      false,
      false,
      false,
      false,
      false,
      false,
      false,
      false,
      false,
      false,
      false,
      false,
      false,
      false,
      false,
      false,
      false,
      false,
      false,
      false,
      false,
      false,
      false,
      false,
      false,
      false,
      false,
      false,
      false,
      false,
      false,
      false,
      false,
      false,
      false,
      false,
      false,
      false,
      false,
      false,
      false,
      false,
      false,
      false,
      false,
      false,
      false,
      false,
      false,
      false,
      false,
      false,
      false,
      false,
      false,
      false,
      false,
      false,
      false,
      false,
      false,
      false,
      false,
      false,
      false,
      false,
      false,
      false,
      false,
      false,
      false,
      false,
      false,
      false,
      false,
      false,
      false,
      false,
      false,
      false,
      false,
      false,
      false,
      false,
      false,
      false,
      false,
      false,
      false,
      false,
      false,
      false,
      false,
      false,
      false,
      false,
      false,
      false,
      false,
      false,
      false,
      false,
      false,
      false,
      false,
      false,
      false,
      false,
      false,
      false,
      false,
      false,
      false,
      false,
      false,
      false,
      false,
      false,
      false,
      false,
      false,
      false,
      false,
      false,
      false,
      false,
      false,
      false,
      false,
      false,
      false,
      false,
      false,
      false,
      false,
      false,
      false,
      false,
      false,
      false,
      false,
      false,
      false,
      false,
      false,
      false,
      false,
      false,
      false,
      false,
      false,
      false,
      false,
      false,
      false,
      false,
      false,
      false,
      false,
      false,
      false,
      false,
      false,
      false,
      false,
      false,
      false,
      false,
      false,
      false,
      false,
      false,
      false,
      false,
      false,
      false,
      false,
      false,
      false,
      false,
      false,
      false,
      false,
      false,
      false,
      false,
      false,
      false,
      false,
      false,
      false,
      false,
      false,
      false,
      false,
      false,
      false,
      false,
      false,
      false,
      false,
      false,
      false,
      false,
      false,
      false,
      false,
      false,
      false,
      false,
      false,
      false,
      false,
      false,
      false,
      false,
      false,
      false,
      false,
      false,
      false,
      false,
      false,
      false,
      false,
      false,
      false,
      false,
      false,
      false,
      false,
      false,
      false,
      false,
      false,
      false,
      false,
      false,
      false,
      false,
      false,
      false,
      false,
      false,
      false,
      false,
      false,
      false,
      false,
      false,
      false,
      false,
      false,
      false,
      false,
      false,
      false,
      false,
      false,
      false,
      false,
      false,
      false,
      false,
      false,
      false,
      false,
      false,
      false,
      false,
      false,
      false,
      false,
      false,
      false,
      false,
      false,
      false,
      false,
      false,
      false,
      false,
      false,
      false,
      false,
      false,
      false,
      false,
      false,
      false,
      false,
      false,
      false,
      false,
      false,
      false,
      false,
      false,
      false,
      false,
      false,
      false,
      false,
      false,
      false,
      false,
      false,
      false,
      false,
      false,
      false,
      false,
      false,
      false,
      false,
      false,
      false,
      false,
      false,
      false,
      false,
      false,
      false,
      false,
      false,
      false,
      false,
      false,
      false,
      false,
      false,
      false,
      false,
      false,
      false,
      false,
      false,
      false,
      false,
      false,
      false,
      false,
      false,
      false,
      false,
      false,
      false,
      false,
      false,
      false,
      false,
      false,
      false,
      false,
      false,
      false,
      false,
      false,
      false,
      false,
      false,
      false,
      false,
      false,
      false,
      false,
      false,
      false,
      false,
      false,
      false,
      false,
      false,
      false,
      false,
      false,
      false,
      false,
      false,
      false,
      false,
      false,
      false,
      false,
      false,
      false,
      false,
      false,
      false,
      false,
      false,
      false,
      false,
      false,
      false,
      false,
      false,
      false,
      false,
      false,
      false,
      false,
      false,
      false,
      false,
      false,
      false,
      false,
      false,
      false,
      false,
      false,
      false,
      false,
      false,
      false,
      false,
      false,
      false,
      false,
      false,
      false,
      false,
      false,
      false,
      false,
      false,
      false,
      false,
      false,
      false,
      false,
      false,
      false,
      false,
      false,
      false,
      false,
      false,
      false,
      false,
      false,
      false,
      false,
      false,
      false,
      false,
      false,
      false,
      false,
      false,
      false,
      false,
      false,
      false,
      false,
      false,
      false,
      false,
      false,
      false,
      false,
      false,
      false,
      false,
      false,
      false,
      false,
      false,
      false,
      false,
      false,
      false,
      false,
      false,
      false,
      false,
      false,
      false,
      false,
      false,
      false,
      false,
      false,
      false,
      false,
      false,
      false,
      false,
      false,
      false,
      false,
      false,
      false,
      false,
      false,
      false,
      false,
      false,
      false,
      false,
      false,
      false,
      false,
      false,
      false,
      false,
      false,
      false,
      false,
      false,
      false,
      false,
      false,
      false,
      false,
      false,
      false,
      false,
      false,
      false,
      false,
      false,
      false,
      false,
      false,
      false,
      false,
      false,
      false,
      false,
      false,
      false,
      false,
      false,
      false,
      false,
      false,
      false,
      false,
      false,
      false,
      false,
      false,
      false,
      false,
      false,
      false,
      false,
      false,
      false,
      false,
      false,
      false,
      false,
      false,
      false,
      false,
      false,
      false,
      false,
      false,
      false,
      false,
      false,
      false,
      false,
      false,
      false,
      false,
      false,
      false,
      false,
      false,
      false,
      false,
      false,
      false,
      false,
      false,
      false,
      false,
      false,
      false,
      false,
      false,
      false,
      false,
      false,
      false,
      false,
      false,
      false,
      false,
      false,
      false,
      false,
      false,
      false,
      false,
      false,
      false,
      false,
      false,
      false,
      false,
      false,
      false,
      false,
      false,
      false,
      false,
      false,
      false,
      false,
      false,
      false,
      false,
      false,
      false,
      false,
      false,
      false,
      false,
      false,
      false,
      false,
      false,
      false,
      false,
      false,
      false,
      false,
      false,
      false,
      false,
      false,
      false,
      false,
      false,
      false,
      false,
      false,
      false,
      false,
      false,
      false,
      false,
      false,
      false,
      false,
      false,
      false,
      false,
      false,
      false,
      false,
      false,
      false,
      false,
      false,
      false,
      false,
      false,
      false,
      false,
      false,
      false,
      false,
      false,
      false,
      false,
      false,
      false,
      false,
      false,
      false,
      false,
      false,
      false,
      false,
      false,
      false,
      false,
      false,
      false,
      false,
      false,
      false,
      false,
      false,
      false,
      false,
      false,
      false,
      false,
      false,
      false,
      false,
      false,
      false,
      false,
      false,
      false,
      false,
      false,
      false,
      false,
      false,
      false,
      false,
      false,
      false,
      false,
      false,
      false,
      false,
      false,
      false,
      false,
      false,
      false,
      false,
      false,
      false,
      false,
      false,
      false,
      false,
      false,
      false,
      false,
      false,
      false,
      false,
      false,
      false,
      false,
      false,
      false,
      false,
      false,
      false,
      false,
      false,
      false,
      false,
      false,
      false,
      false,
      false,
      false,
      false,
      false,
      false,
      false,
      false,
      false,
      false,
      false,
      false,
      false,
      false,
      false,
      false,
      false,
      false,
      false,
      false,
      false,
      false,
      false,
      false,
      false,
      false,
      false,
      false,
      false,
      false,
      false,
      false,
      false,
      false,
      false,
      false,
      false,
      false,
      false,
      false,
      false,
      false,
      false,
      false,
      false,
      false,
      false,
      false,
      false,
      false,
      false,
      false,
      false,
      false,
      false,
      false,
      false,
      false,
      false,
      false,
      false,
      false,
      false,
      false,
      false,
      false,
      false,
      false,
      false,
      false,
      false,
      false,
      false,
      false,
      false,
      false,
      false,
      false,
      false,
      false,
      false,
      false,
      false,
      false,
      false,
      false,
      false,
      false,
      false,
      false,
      false,
      false,
      false,
      false,
      false,
      false,
      false,
      false,
      false,
      false,
      false,
      false,
      false,
      false,
      false,
      false,
      false,
      false,
      false,
      false,
      false,
      false,
      false,
      false,
      false,
      false,
      false,
      false,
      false,
      false,
      false,
      false,
      false,
      false,
      false,
      false,
      false,
      false,
      false,
      false,
      false,
      false,
      false,
      false,
      false,
      false,
      false,
      false,
      false,
      false,
      false,
      false,
      false,
      false,
      false,
      false,
      false,
      false,
      false,
      false,
      false,
      false,
      false,
      false,
      false,
      false,
      false,
      false,
      false,
      false,
      false,
      false,
      false,
      false,
      false,
      false,
      false,
      false,
      false,
      false,
      false,
      false,
      false,
      false,
      false,
      false,
      false,
      false,
      false,
      false,
      false,
      false,
      false,
      false,
      false,
      false,
      false,
      false,
      false,
      false,
      false,
      false,
      false,
      false,
      false,
      false,
      false,
      false,
      false,
      false,
      false,
      false,
      false,
      false,
      false,
      false,
      false,
      false,
      false,
      false,
      false,
      false,
      false,
      false,
      false,
      false,
      false,
      false,
      false,
      false,
      false,
      false,
      false,
      false,
      false,
      false,
      false,
      false,
      false,
      false,
      false,
      false,
      false,
      false,
      false,
      false,
      false,
      false,
      false,
      false,
      false,
      false,
      false,
      false,
      false,
      false,
      false,
      false,
      false,
      false,
      false,
      false,
      false,
      false,
      false,
      false,
      false,
      false,
      false,
      false,
      false,
      false,
      false,
      false,
      false,
      false,
      false,
      false,
      false,
      false,
      false,
      false,
      false,
      false,
      false,
      false,
      false,
      false,
      false,
      false,
      false,
      false,
      false,
      false,
      false,
      false,
      false,
      false,
      false,
      false,
      false,
      false,
      false,
      false,
      false,
      false,
      false,
      false,
      false,
      false,
      false,
      false,
      false,
      false,
      false,
      false,
      false,
      false,
      false,
      false,
      false,
      false,
      false,
      false,
      false,
      false,
      false,
      false,
      false,
      false,
      false,
      false,
      false,
      false,
      false,
      false,
      false,
      false,
      false,
      false,
      false,
      false,
      false,
      false,
      false,
      false,
      false,
      false,
      false,
      false,
      false,
      false,
      false,
      false,
      false,
      false,
      false,
      false,
      false,
      false,
      false,
      false,
      false,
      false,
      false,
      false,
      false,
      false,
      false,
      false,
      false,
      false,
      false,
      false,
      false,
      false,
      false,
      false,
      false,
      false,
      false,
      false,
      false,
      false,
      false,
      false,
      false,
      false,
      false,
      false,
      false,
      false,
      false,
      false,
      false,
      false,
      false,
      false,
      false,
      false,
      false,
      false,
      false,
      false,
      false,
      false,
      false,
      false,
      false,
      false,
      false,
      false,
      false,
      false,
      false,
      false,
      false,
      false,
      false,
      false,
      false,
      false,
      false,
      false,
      false,
      false,
      false,
      false,
      false,
      false,
      false,
      false,
      false,
      false,
      false,
      false,
      false,
      false,
      false,
      false,
      false,
      false,
      false,
      false,
      false,
      false,
      false,
      false,
      false,
      false,
      false,
      false,
      false,
      false,
      false,
      false,
      false,
      false,
      false,
      false,
      false,
      false,
      false,
      false,
      false,
      false,
      false,
      false,
      false,
      false,
      false,
      false,
      false,
      false,
      false,
      false,
      false,
      false,
      false,
      false,
      false,
      false,
      false,
      false,
      false,
      false,
      false,
      false,
      false,
      false,
      false,
      false,
      false,
      false,
      false,
      false,
      false,
      false,
      false,
      false,
      false,
      false,
      false,
      false,
      false,
      false,
      false,
      false,
      false,
      false,
      false,
      false,
      false,
      false,
      false,
      false,
      false,
      false,
      false,
      false,
      false,
      false,
      false,
      false,
      false,
      false,
      false,
      false,
      false,
      false,
      false,
      false,
      false,
      false,
      false,
      false,
      false,
      false,
      false,
      false,
      false,
      false,
      false,
      false,
      false,
      false,
      false,
      false,
      false,
      false,
      false,
      false,
      false,
      false,
      false,
      false,
      false,
      false,
      false,
      false,
      false,
      false,
      false,
      false,
      false,
      false,
      false,
      false,
      false,
      false,
      false,
      false,
      false,
      false,
      false,
      false,
      false,
      false,
      false,
      false,
      false,
      false,
      false,
      false,
      false,
      false,
      false,
      false,
      false,
      false,
      false,
      false,
      false,
      false,
      false,
      false,
      false,
      false,
      false,
      false,
      false,
      false,
      false,
      false,
      false,
      false,
      false,
      false,
      false,
      false,
      false,
      false,
      false,
      false,
      false,
      false,
      false,
      false,
      false,
      false,
      false,
      false,
      false,
      false,
      false,
      false,
      false,
      false,
      false,
      false,
      false,
      false,
      false,
      false,
      false,
      false,
      false,
      false,
      false,
      false,
      false,
      false,
      false,
      false,
      false,
      false,
      false,
      false,
      false,
      false,
      false,
      false,
      false,
      false,
      false,
      false,
      false,
      false,
      false,
      false,
      false,
      false,
      false,
      false,
      false,
      false,
      false,
      false,
      false,
      false,
      false,
      false,
      false,
      false,
      false,
      false,
      false,
      false,
      false,
      false,
      false,
      false,
      false,
      false,
      false,
      false,
      false,
      false,
      false,
      false,
      false,
      false,
      false,
      false,
      false,
      false,
      false,
      false,
      false,
      false,
      false,
      false,
      false,
      false,
      false,
      false,
      false,
      false,
      false,
      false,
      false,
      false,
      false,
      false,
      false,
      false,
      false,
      false,
      false,
      false,
      false,
      false,
      false,
      false,
      false,
      false,
      false,
      false,
      false,
      false,
      false,
      false,
      false,
      false,
      false,
      false,
      false,
      false,
      false,
      false,
      false,
      false,
      false,
      false,
      false,
      false,
      false,
      false,
      false,
      false,
      false,
      false,
      false,
      false,
      false,
      false,
      false,
      false,
      false,
      false,
      false,
      false,
      false,
      false,
      false,
      false,
      false,
      false,
      false,
      false,
      false,
      false,
      false,
      false,
      false,
      false,
      false,
      false,
      false,
      false,
      false,
      false,
      false,
      false,
      false,
      false,
      false,
      false,
      false,
      false,
      false,
      false,
      false,
      false,
      false,
      false,
      false,
      false,
      false,
      false,
      false,
      false,
      false,
      false,
      false,
      false,
      false,
      false,
      false,
      false,
      false,
      false,
      false,
      false,
      false,
      false,
      false,
      false,
      false,
      false,
      false,
      false,
      false,
      false,
      false,
      false,
      false,
      false,
      false,
      false,
      false,
      false,
      false,
      false,
      false,
      false,
      false,
      false,
      false,
      false,
      false,
      false,
      false,
      false,
      false,
      false,
      false,
      false,
      false,
      false,
      false,
      false,
      false,
      false,
      false,
      false,
      false,
      false,
      false,
      false,
      false,
      false,
      false,
      false,
      false,
      false,
      false,
      false,
      false,
      false,
      false,
      false,
      false,
      false,
      false,
      false,
      false,
      false,
      false,
      false,
      false,
      false,
      false,
      false,
      false,
      false,
      false,
      false,
      false,
      false,
      false,
      false,
      false,
      false,
      false,
      false,
      false,
      false,
      false,
      false,
      false,
      false,
      false,
      false,
      false,
      false,
      false,
      false,
      false,
      false,
      false,
      false,
      false,
      false,
      false,
      false,
      false,
      false,
      false,
      false,
      false,
      false,
      false,
      false,
      false,
      false,
      false,
      false,
      false,
      false,
      false,
      false,
      false,
      false,
      false,
      false,
      false,
      false,
      false,
      false,
      false,
      false,
      false,
      false,
      false,
      false,
      false,
      false,
      false,
      false,
      false,
      false,
      false,
      false,
      false,
      false,
      false,
      false,
      false,
      false,
      false,
      false,
      false,
      false,
      false,
      false,
      false,
      false,
      false,
      false,
      false,
      false,
      false,
      false,
      false,
      false,
      false,
      false,
      false,
      false,
      false,
      false,
      false,
      false,
      false,
      false,
      false,
      false,
      false,
      false,
      false,
      false,
      false,
      false,
      false,
      false,
      false,
      false,
      false,
      false,
      false,
      false,
      false,
      false,
      false,
      false,
      false,
      false,
      false,
      false,
      false,
      false,
      false,
      false,
      false,
      false,
      false,
      false,
      false,
      false,
      false,
      false,
      false,
      false,
      false,
      false,
      false,
      false,
      false,
      false,
      false,
      false,
      false,
      false,
      false,
      false,
      false,
      false,
      false,
      false,
      false,
      false,
      false,
      false,
      false,
      false,
      false,
      false,
      false,
      false,
      false,
      false,
      false,
      false,
      false,
      false,
      false,
      false,
      false,
      false,
      false,
      false,
      false,
      false,
      false,
      false,
      false,
      false,
      false,
      false,
      false,
      false,
      false,
      false,
      false,
      false,
      false,
      false,
      false,
      false,
      false,
      false,
      false,
      false,
      false,
      false,
      false,
      false,
      false,
      false,
      false,
      false,
      false,
      false,
      false,
      false,
      false,
      false,
      false,
      false,
      false,
      false,
      false,
      false,
      false,
      false,
      false,
      false,
      false,
      false,
      false,
      false,
      false,
      false,
      false,
      false,
      false,
      false,
      false,
      false,
      false,
      false,
      false,
      false,
      false,
      false,
      false,
      false,
      false,
      false,
      false,
      false,
      false,
      false,
      false,
      false,
      false,
      false,
      false,
      false,
      false,
      false,
      false,
      false,
      false,
      false,
      false,
      false,
      false,
      false,
      false,
      false,
      false,
      false,
      false,
      false,
      false,
      false,
      false,
      false,
      false,
      false,
      false,
      false,
      false,
      false,
      false,
      false,
      false,
      false,
      false,
      false,
      false,
      false,
      false,
      false,
      false,
      false,
      false,
      false,
      false,
      false,
      false,
      false,
      false,
      false,
      false,
      false,
      false,
      false,
      false,
      false,
      false,
      false,
      false,
      false,
      false,
      false,
      false,
      false,
      false,
      false,
      false,
      false,
      false,
      false,
      false,
      false,
      false,
      false,
      false,
      false,
      false,
      false,
      false,
      false,
      false,
      false,
      false,
      false,
      false,
      false,
      false,
      false,
      false,
      false,
      false,
      false,
      false,
      false,
      false,
      false,
      false,
      false,
      false,
      false,
      false,
      false,
      false,
      false,
      false,
      false,
      false,
      false,
      false,
      false,
      false,
      false,
      false,
      false,
      false,
      false,
      false,
      false,
      false,
      false,
      false,
      false,
      false,
      false,
      false
    ],
    "is_embankment": [
      false,
      false,
      false,
      false,
      false,
      false,
      false,
      false,
      false,
      false,
      false,
      false,
      false,
      false,
      false,
      false,
      false,
      false,
      false,
      false,
      false,
      false,
      false,
      false,
      false,
      false,
      false,
      false,
      false,
      false,
      false,
      false,
      false,
      false,
      false,
      false,
      false,
      false,
      false,
      false,
      false,
      false,
      false,
      false,
      false,
      false,
      false,
      false,
      false,
      false,
      false,
      false,
      false,
      false,
      false,
      false,
      false,
      false,
      false,
      false,
      false,
      false,
      false,
      false,
      false,
      false,
      false,
      false,
      false,
      false,
      false,
      false,
      false,
      false,
      false,
      false,
      false,
      false,
      false,
      false,
      false,
      false,
      false,
      false,
      false,
      false,
      false,
      false,
      false,
      false,
      false,
      false,
      false,
      false,
      false,
      false,
      false,
      false,
      false,
      false,
      false,
      false,
      false,
      false,
      false,
      false,
      false,
      false,
      false,
      false,
      false,
      false,
      false,
      false,
      false,
      false,
      false,
      false,
      false,
      false,
      false,
      false,
      false,
      false,
      false,
      false,
      false,
      false,
      false,
      false,
      false,
      false,
      false,
      false,
      false,
      false,
      false,
      false,
      false,
      false,
      false,
      false,
      false,
      false,
      false,
      false,
      false,
      false,
      false,
      false,
      false,
      false,
      false,
      false,
      false,
      false,
      false,
      false,
      false,
      false,
      false,
      false,
      false,
      false,
      false,
      false,
      false,
      false,
      false,
      false,
      false,
      false,
      false,
      false,
      false,
      false,
      false,
      false,
      false,
      false,
      false,
      false,
      false,
      false,
      false,
      false,
      false,
      false,
      false,
      false,
      false,
      false,
      false,
      false,
      false,
      false,
      false,
      false,
      false,
      false,
      false,
      false,
      false,
      false,
      false,
      false,
      false,
      false,
      false,
      false,
      false,
      false,
      false,
      false,
      false,
      false,
      false,
      false,
      false,
      false,
      false,
      false,
      false,
      false,
      false,
      false,
      false,
      false,
      false,
      false,
      false,
      false,
      false,
      false,
      false,
      false,
      false,
      false,
      false,
      false,
      false,
      false,
      false,
      false,
      false,
      false,
      false,
      false,
      false,
      false,
      false,
      false,
      false,
      false,
      false,
      false,
      false,
      false,
      false,
      false,
      false,
      false,
      false,
      false,
      false,
      false,
      false,
      false,
      false,
      false,
      false,
      false,
      false,
      false,
      false,
      false,
      false,
      false,
      false,
      false,
      false,
      false,
      false,
      false,
      false,
      false,
      false,
      false,
      false,
      false,
      false,
      false,
      false,
      false,
      false,
      false,
      false,
      false,
      false,
      false,
      false,
      false,
      false,
      false,
      false,
      false,
      false,
      false,
      false,
      false,
      false,
      false,
      false,
      false,
      false,
      false,
      false,
      false,
      false,
      false,
      false,
      false,
      false,
      false,
      false,
      false,
      false,
      false,
      false,
      false,
      false,
      false,
      false,
      false,
      false,
      false,
      false,
      false,
      false,
      false,
      false,
      false,
      false,
      false,
      false,
      false,
      false,
      false,
      false,
      false,
      false,
      false,
      false,
      false,
      false,
      false,
      false,
      false,
      false,
      false,
      false,
      false,
      false,
      false,
      false,
      false,
      false,
      false,
      false,
      false,
      false,
      false,
      false,
      false,
      false,
      false,
      false,
      false,
      false,
      false,
      false,
      false,
      false,
      false,
      false,
      false,
      false,
      false,
      false,
      false,
      false,
      false,
      false,
      false,
      false,
      false,
      false,
      false,
      false,
      false,
      false,
      false,
      false,
      false,
      false,
      false,
      false,
      false,
      false,
      false,
      false,
      false,
      false,
      false,
      false,
      false,
      false,
      false,
      false,
      false,
      false,
      false,
      false,
      false,
      false,
      false,
      false,
      false,
      false,
      false,
      false,
      false,
      false,
      false,
      false,
      false,
      false,
      false,
      false,
      false,
      false,
      false,
      false,
      false,
      false,
      false,
      false,
      false,
      false,
      false,
      false,
      false,
      false,
      false,
      false,
      false,
      false,
      false,
      false,
      false,
      false,
      false,
      false,
      false,
      false,
      false,
      false,
      false,
      false,
      false,
      false,
      false,
      false,
      false,
      false,
      false,
      false,
      false,
      false,
      false,
      false,
      false,
      false,
      false,
      false,
      false,
      false,
      false,
      false,
      false,
      false,
      false,
      false,
      false,
      false,
      false,
      false,
      false,
      false,
      false,
      false,
      false,
      false,
      false,
      false,
      false,
      false,
      false,
      false,
      false,
      false,
      false,
      false,
      false,
      false,
      false,
      false,
      false,
      false,
      false,
      false,
      false,
      false,
      false,
      false,
      false,
      false,
      false,
      false,
      false,
      false,
      false,
      false,
      false,
      false,
      false,
      false,
      false,
      false,
      false,
      false,
      false,
      false,
      false,
      false,
      false,
      false,
      false,
      false,
      false,
      false,
      false,
      false,
      false,
      false,
      false,
      false,
      false,
      false,
      false,
      false,
      false,
      false,
      false,
      false,
      false,
      false,
      false,
      false,
      false,
      false,
      false,
      false,
      false,
      false,
      false,
      false,
      false,
      false,
      false,
      false,
      false,
      false,
      false,
      false,
      false,
      false,
      false,
      false,
      false,
      false,
      false,
      false,
      false,
      false,
      false,
      false,
      false,
      false,
      false,
      false,
      false,
      false,
      false,
      false,
      false,
      false,
      false,
      false,
      false,
      false,
      false,
      false,
      false,
      false,
      false,
      false,
      false,
      false,
      false,
      false,
      false,
      false,
      false,
      false,
      false,
      false,
      false,
      false,
      false,
      false,
      false,
      false,
      false,
      false,
      false,
      false,
      false,
      false,
      false,
      false,
      false,
      false,
      false,
      false,
      false,
      false,
      false,
      false,
      false,
      false,
      false,
      false,
      false,
      false,
      false,
      false,
      false,
      false,
      false,
      false,
      false,
      false,
      false,
      false,
      false,
      false,
      false,
      false,
      false,
      false,
      false,
      false,
      false,
      false,
      false,
      false,
      false,
      false,
      false,
      false,
      false,
      false,
      false,
      false,
      false,
      false,
      false,
      false,
      false,
      false,
      false,
      false,
      false,
      false,
      false,
      false,
      false,
      false,
      false,
      false,
      false,
      false,
      false,
      false,
      false,
      false,
      false,
      false,
      false,
      false,
      false,
      false,
      false,
      false,
      false,
      false,
      false,
      false,
      false,
      false,
      false,
      false,
      false,
      false,
      false,
      false,
      false,
      false,
      false,
      false,
      false,
      false,
      false,
      false,
      false,
      false,
      false,
      false,
      false,
      false,
      false,
      false,
      false,
      false,
      false,
      false,
      false,
      false,
      false,
      false,
      false,
      false,
      false,
      false,
      false,
      false,
      false,
      false,
      false,
      false,
      false,
      false,
      false,
      false,
      false,
      false,
      false,
      false,
      false,
      false,
      false,
      false,
      false,
      false,
      false,
      false,
      false,
      false,
      false,
      false,
      false,
      false,
      false,
      false,
      false,
      false,
      false,
      false,
      false,
      false,
      false,
      false,
      false,
      false,
      false,
      false,
      false,
      false,
      false,
      false,
      false,
      false,
      false,
      false,
      false,
      false,
      false,
      false,
      false,
      false,
      false,
      false,
      false,
      false,
      false,
      false,
      false,
      false,
      false,
      false,
      false,
      false,
      false,
      false,
      false,
      false,
      false,
      false,
      false,
      false,
      false,
      false,
      false,
      false,
      false,
      false,
      false,
      false,
      false,
      false,
      false,
      false,
      false,
      false,
      false,
      false,
      false,
      false,
      false,
      false,
      false,
      false,
      false,
      false,
      false,
      false,
      false,
      false,
      false,
      false,
      false,
      false,
      false,
      false,
      false,
      false,
      false,
      false,
      false,
      false,
      false,
      false,
      false,
      false,
      false,
      false,
      false,
      false,
      false,
      false,
      false,
      false,
      false,
      false,
      false,
      false,
      false,
      false,
      false,
      false,
      false,
      false,
      false,
      false,
      false,
      false,
      false,
      false,
      false,
      false,
      false,
      false,
      false,
      false,
      false,
      false,
      false,
      false,
      false,
      false,
      false,
      false,
      false,
      false,
      false,
      false,
      false,
      false,
      false,
      false,
      false,
      false,
      false,
      false,
      false,
      false,
      false,
      false,
      false,
      false,
      false,
      false,
      false,
      false,
      false,
      false,
      false,
      false,
      false,
      false,
      false,
      false,
      false,
      false,
      false,
      false,
      false,
      false,
      false,
      false,
      false,
      false,
      false,
      false,
      false,
      false,
      false,
      false,
      false,
      false,
      false,
      false,
      false,
      false,
      false,
      false,
      false,
      false,
      false,
      false,
      false,
      false,
      false,
      false,
      false,
      false,
      false,
      false,
      false,
      false,
      false,
      false,
      false,
      false,
      false,
      false,
      false,
      false,
      false,
      false,
      false,
      false,
      false,
      false,
      false,
      false,
      false,
      false,
      false,
      false,
      false,
      false,
      false,
      false,
      false,
      false,
      false,
      false,
      false,
      false,
      false,
      false,
      false,
      false,
      false,
      false,
      false,
      false,
      false,
      false,
      false,
      false,
      false,
      false,
      false,
      false,
      false,
      false,
      false,
      false,
      false,
      false,
      false,
      false,
      false,
      false,
      false,
      false,
      false,
      false,
      false,
      false,
      false,
      false,
      false,
      false,
      false,
      false,
      false,
      false,
      false,
      false,
      false,
      false,
      false,
      false,
      false,
      false,
      false,
      false,
      false,
      false,
      false,
      false,
      false,
      false,
      false,
      false,
      false,
      false,
      false,
      false,
      false,
      false,
      false,
      false,
      false,
      false,
      false,
      false,
      false,
      false,
      false,
      false,
      false,
      false,
      false,
      false,
      false,
      false,
      false,
      false,
      false,
      false,
      false,
      false,
      false,
      false,
      false,
      false,
      false,
      false,
      false,
      false,
      false,
      false,
      false,
      false,
      false,
      false,
      false,
      false,
      false,
      false,
      false,
      false,
      false,
      false,
      false,
      false,
      false,
      false,
      false,
      false,
      false,
      false,
      false,
      false,
      false,
      false,
      false,
      false,
      false,
      false,
      false,
      false,
      false,
      false,
      false,
      false,
      false,
      false,
      false,
      false,
      false,
      false,
      false,
      false,
      false,
      false,
      false,
      false,
      false,
      false,
      false,
      false,
      false,
      false,
      false,
      false,
      false,
      false,
      false,
      false,
      false,
      false,
      false,
      false,
      false,
      false,
      false,
      false,
      false,
      false,
      false,
      false,
      false,
      false,
      false,
      false,
      false,
      false,
      false,
      false,
      false,
      false,
      false,
      false,
      false,
      false,
      false,
      false,
      false,
      false,
      false,
      false,
      false,
      false,
      false,
      false,
      false,
      false,
      false,
      false,
      false,
      false,
      false,
      false,
      false,
      false,
      false,
      false,
      false,
      false,
      false,
      false,
      false,
      false,
      false,
      false,
      false,
      false,
      false,
      false,
      false,
      false,
      false,
      false,
      false,
      false,
      false,
      false,
      false,
      false,
      false,
      false,
      false,
      false,
      false,
      false,
      false,
      false,
      false,
      false,
      false,
      false,
      false,
      false,
      false,
      false,
      false,
      false,
      false,
      false,
      false,
      false,
      false,
      false,
      false,
      false,
      false,
      false,
      false,
      false,
      false,
      false,
      false,
      false,
      false,
      false,
      false,
      false,
      false,
      false,
      false,
      false,
      false,
      false,
      false,
      false,
      false,
      false,
      false,
      false,
      false,
      false,
      false,
      false,
      false,
      false,
      false,
      false,
      false,
      false,
      false,
      false,
      false,
      false,
      false,
      false,
      false,
      false,
      false,
      false,
      false,
      false,
      false,
      false,
      false,
      false,
      false,
      false,
      false,
      false,
      false,
      false,
      false,
      false,
      false,
      false,
      false,
      false,
      false,
      false,
      false,
      false,
      false,
      false,
      false,
      false,
      false,
      false,
      false,
      false,
      false,
      false,
      false,
      false,
      false,
      false,
      false,
      false,
      false,
      false,
      false,
      false,
      false,
      false,
      false,
      false,
      false,
      false,
      false,
      false,
      false,
      false,
      false,
      false,
      false,
      false,
      false,
      false,
      false,
      false,
      false,
      false,
      false,
      false,
      false,
      false,
      false,
      false,
      false,
      false,
      false,
      false,
      false,
      false,
      false,
      false,
      false,
      false,
      false,
      false,
      false,
      false,
      false,
      false,
      false,
      false,
      false,
      false,
      false,
      false,
      false,
      false,
      false,
      false,
      false,
      false,
      false,
      false,
      false,
      false,
      false,
      false,
      false,
      false,
      false,
      false,
      false,
      false,
      false,
      false,
      false,
      false,
      false,
      false,
      false,
      false,
      false,
      false,
      false,
      false,
      false,
      false,
      false,
      false,
      false,
      false,
      false,
      false,
      false,
      false,
      false,
      false,
      false,
      false,
      false,
      false,
      false,
      false,
      false,
      false,
      false,
      false,
      false,
      false,
      false,
      false,
      false,
      false,
      false,
      false,
      false,
      false,
      false,
      false,
      false,
      false,
      false,
      false,
      false,
      false,
      false,
      false,
      false,
      false,
      false,
      false,
      false,
      false,
      false,
      false,
      false,
      false,
      false,
      false,
      false,
      false,
      false,
      false,
      false,
      false,
      false,
      false,
      false,
      false,
      false,
      false,
      false,
      false,
      false,
      false,
      false,
      false,
      false,
      false,
      false,
      false,
      false,
      false,
      false,
      false,
      false,
      false,
      false,
      false,
      false,
      false,
      false,
      false,
      false,
      false,
      false,
      false,
      false,
      false,
      false,
      false,
      false,
      false,
      false,
      false,
      false,
      false,
      false,
      false,
      false,
      false,
      false,
      false,
      false,
      false,
      false,
      false,
      false,
      false,
      false,
      false,
      false,
      false,
      false,
      false,
      false,
      false,
      false,
      false,
      false,
      false,
      false,
      false,
      false,
      false,
      false,
      false,
      false,
      false,
      false,
      false,
      false,
      false,
      false,
      false,
      false,
      false,
      false,
      false,
      false,
      false,
      false,
      false,
      false,
      false,
      false,
      false,
      false,
      false,
      false,
      false,
      false,
      false,
      false,
      false,
      false,
      false,
      false,
      false,
      false,
      false,
      false,
      false,
      false,
      false,
      false,
      false,
      false,
      false,
      false,
      false,
      false,
      false,
      false,
      false,
      false,
      false,
      false,
      false,
      false,
      false,
      false,
      false,
      false,
      false,
      false,
      false,
      false,
      false,
      false,
      false,
      false,
      false,
      false,
      false,
      false,
      false,
      false,
      false,
      false,
      false,
      false,
      false,
      false,
      false,
      false,
      false,
      false,
      false,
      false,
      false,
      false,
      false,
      false,
      false,
      false,
      false,
      false,
      false,
      false,
      false,
      false,
      false,
      false,
      false,
      false,
      false,
      false,
      false,
      false,
      false,
      false,
      false,
      false,
      false,
      false,
      false,
      false,
      false,
      false,
      false,
      false,
      false,
      false,
      false,
      false,
      false,
      false,
      false,
      false,
      false,
      false,
      false,
      false,
      false,
      false,
      false,
      false,
      false,
      false,
      false,
      false,
      false,
      false,
      false,
      false,
      false,
      false,
      false,
      false,
      false,
      false,
      false,
      false,
      false,
      false,
      false,
      false,
      false,
      false,
      false,
      false,
      false,
      false,
      false,
      false,
      false,
      false,
      false,
      false,
      false,
      false,
      false,
      false,
      false,
      false,
      false,
      false,
      false,
      false,
      false,
      false,
      false,
      false,
      false,
      false,
      false,
      false,
      false,
      false,
      false,
      false,
      false,
      false,
      false,
      false,
      false,
      false,
      false,
      false,
      false,
      false,
      false,
      false,
      false,
      false,
      false,
      false,
      false,
      false,
      false,
      false,
      false,
      false,
      false,
      false,
      false,
      false,
      false,
      false,
      false,
      false,
      false,
      false,
      false,
      false,
      false,
      false,
      false,
      false,
      false,
      false,
      false,
      false,
      false,
      false,
      false,
      false,
      false,
      false,
      false,
      false,
      false,
      false,
      false,
      false,
      false,
      false,
      false,
      false,
      false,
      false,
      false,
      false,
      false,
      false,
      false,
      false,
      false,
      false,
      false,
      false,
      false,
      false,
      false,
      false,
      false,
      false,
      false,
      false,
      false,
      false,
      false,
      false,
      false,
      false,
      false,
      false,
      false,
      false,
      false,
      false,
      false,
      false,
      false,
      false,
      false,
      false,
      false,
      false,
      false,
      false,
      false,
      false,
      false,
      false,
      false,
      false,
      false,
      false,
      false,
      false,
      false,
      false,
      false,
      false,
      false,
      false,
      false,
      false,
      false,
      false,
      false,
      false,
      false,
      false,
      false,
      false,
      false,
      false,
      false,
      false,
      false,
      false,
      false,
      false,
      false,
      false,
      false,
      false,
      false,
      false,
      false,
      false,
      false,
      false,
      false,
      false,
      false,
      false,
      false,
      false,
      false,
      false,
      false,
      false,
      false,
      false,
      false,
      false,
      false,
      false,
      false,
      false,
      false,
      false,
      false,
      false,
      false,
      false,
      false,
      false,
      false,
      false,
      false,
      false,
      false,
      false,
      false,
      false,
      false,
      false,
      false,
      false,
      false,
      false,
      false,
      false,
      false,
      false,
      false,
      false,
      false,
      false,
      false,
      false,
      false,
      false,
      false,
      false,
      false,
      false,
      false,
      false,
      false,
      false,
      false,
      false,
      false,
      false,
      false,
      false,
      false,
      false,
      false,
      false,
      false,
      false,
      false,
      false,
      false,
      false,
      false,
      false,
      false,
      false,
      false,
      false,
      false,
      false,
      false,
      false,
      false,
      false,
      false,
      false,
      false,
      false,
      false,
      false,
      false,
      false,
      false,
      false,
      false,
      false,
      false,
      false,
      false,
      false,
      false,
      false,
      false,
      false,
      false,
      false,
      false,
      false,
      false,
      false,
      false,
      false,
      false,
      false,
      false,
      false,
      false,
      false,
      false,
      false,
      false,
      false,
      false,
      false,
      false,
      false,
      false,
      false,
      false,
      false,
      false,
      false,
      false,
      false,
      false,
      false,
      false,
      false,
      false,
      false,
      false,
      false,
      false,
      false,
      false,
      false,
      false,
      false,
      false,
      false,
      false,
      false,
      false,
      false,
      false,
      false,
      false,
      false,
      false,
      false,
      false,
      false,
      false,
      false,
      false,
      false,
      false,
      false,
      false,
      false,
      false,
      false,
      false,
      false,
      false,
      false,
      false,
      false,
      false,
      false,
      false,
      false,
      false,
      false,
      false,
      false,
      false,
      false,
      false,
      false,
      false,
      false,
      false,
      false,
      false,
      false,
      false,
      false,
      false,
      false,
      false,
      false,
      false,
      false,
      false,
      false,
      false,
      false,
      false,
      false,
      false,
      false,
      false,
      false,
      false,
      false,
      false,
      false,
      false,
      false,
      false,
      false,
      false,
      false,
      false,
      false,
      false,
      false,
      false,
      false,
      false,
      false,
      false,
      false,
      false,
      false,
      false,
      false,
      false,
      false,
      false,
      false,
      false,
      false,
      false,
      false,
      false,
      false,
      false,
      false,
      false,
      false,
      false,
      false,
      false,
      false,
      false,
      false,
      false,
      false,
      false,
      false,
      false,
      false,
      false,
      false,
      false,
      false,
      false,
      false,
      false,
      false,
      false,
      false,
      false,
      false,
      false,
      false,
      false,
      false,
      false,
      false,
      false,
      false,
      false,
      false,
      false,
      false,
      false,
      false,
      false,
      false,
      false,
      false,
      false,
      false,
      false,
      false,
      false,
      false,
      false,
      false,
      false,
      false,
      false,
      false,
      false,
      false,
      false,
      false,
      false,
      false,
      false,
      false,
      false,
      false,
      false,
      false,
      false,
      false,
      false,
      false,
      false,
      false,
      false,
      false,
      false,
      false,
      false,
      false,
      false,
      false,
      false,
      false,
      false,
      false,
      false,
      false,
      false,
      false,
      false,
      false,
      false,
      false,
      false,
      false,
      false,
      false,
      false,
      false,
      false,
      false,
      false,
      false,
      false,
      false,
      false,
      false,
      false,
      false,
      false,
      false,
      false,
      false,
      false,
      false,
      false,
      false,
      false,
      false,
      false,
      false,
      false,
      false,
      false,
      false,
      false,
      false,
      false,
      false,
      false,
      false,
      false,
      false,
      false,
      false,
      false,
      false,
      false,
      false,
      false,
      false,
      false,
      false,
      false,
      false,
      false,
      false,
      false,
      false,
      false,
      false,
      false,
      false,
      false,
      false,
      false,
      false,
      false,
      false,
      false,
      false,
      false,
      false,
      false,
      false,
      false,
      false,
      false,
      false,
      false,
      false,
      false,
      false,
      false,
      false,
      false,
      false,
      false,
      false,
      false,
      false,
      false,
      false,
      false,
      false,
      false,
      false,
      false,
      false,
      false,
      false,
      false,
      false,
      false,
      false,
      false,
      false,
      false,
      false,
      false,
      false,
      false,
      false,
      false,
      false,
      false,
      false,
      false,
      false,
      false,
      false,
      false,
      false,
      false,
      false,
      false,
      false,
      false,
      false,
      false,
      false,
      false,
      false,
      false,
      false,
      false,
      false,
      false,
      false,
      false,
      false,
      false,
      false,
      false,
      false,
      false,
      false,
      false,
      false,
      false,
      false,
      false,
      false,
      false,
      false,
      false,
      false,
      false,
      false,
      false,
      false,
      false,
      false,
      false,
      false,
      false,
      false,
      false,
      false,
      false,
      false,
      false,
      false,
      false,
      false,
      false,
      false,
      false,
      false,
      false,
      false,
      false,
      false,
      false,
      false,
      false,
      false,
      false,
      false,
      false,
      false,
      false,
      false,
      false,
      false,
      false,
      false,
      false,
      false,
      false,
      false,
      false,
      false,
      false,
      false,
      false,
      false,
      false,
      false,
      false,
      false,
      false,
      false,
      false,
      false,
      false,
      false,
      false,
      false,
      false,
      false,
      false,
      false,
      false,
      false,
      false,
      false,
      false,
      false,
      false,
      false,
      false,
      false,
      false,
      false,
      false,
      false,
      false,
      false,
      false,
      false,
      false,
      false,
      false,
      false,
      false,
      false,
      false,
      false,
      false,
      false,
      false,
      false,
      false,
      false,
      false,
      false,
      false,
      false,
      false,
      false,
      false,
      false,
      false,
      false,
      false,
      false,
      false,
      false,
      false,
      false,
      false,
      false,
      false,
      false,
      false,
      false,
      false,
      false,
      false,
      false,
      false,
      false,
      false,
      false,
      false,
      false,
      false,
      false,
      false,
      false,
      false,
      false,
      false,
      false,
      false,
      false,
      false,
      false,
      false,
      false,
      false,
      false,
      false,
      false,
      false,
      false,
      false,
      false,
      false,
      false,
      false,
      false,
      false,
      false,
      false,
      false,
      false,
      false,
      false,
      false,
      false,
      false,
      false,
      false,
      false,
      false,
      false,
      false,
      false,
      false,
      false,
      false,
      false,
      false,
      false,
      false,
      false,
      false,
      false,
      false,
      false,
      false,
      false,
      false,
      false,
      false,
      false,
      false,
      false,
      false,
      false,
      false,
      false,
      false,
      false,
      false,
      false,
      false,
      false,
      false,
      false,
      false,
      false,
      false,
      false,
      false,
      false,
      false,
      false,
      false,
      false,
      false,
      false,
      false,
      false,
      false,
      false,
      false,
      false,
      false,
      false,
      false,
      false,
      false,
      false,
      false,
      false,
      false,
      false,
      false,
      false,
      false,
      false,
      false,
      false,
      false,
      false,
      false,
      false,
      false,
      false,
      false,
      false,
      false,
      false,
      false,
      false,
      false,
      false,
      false,
      false,
      false,
      false,
      false,
      false,
      false,
      false,
      false,
      false,
      false,
      false,
      false,
      false,
      false,
      false,
      false,
      false,
      false,
      false,
      false,
      false,
      false,
      false,
      false,
      false,
      false,
      false,
      false,
      false,
      false,
      false,
      false,
      false,
      false,
      false,
      false,
      false,
      false,
      false,
      false,
      false,
      false,
      false,
      false,
      false,
      false,
      false,
      false,
      false,
      false,
      false,
      false,
      false,
      false,
      false,
      false,
      false,
      false,
      false
    ],
    "name": "route_line4_27km",
    "seg_len_m": [
      54.65053792336251,
      54.65053792336251,
      54.65053792336251,
      54.65053792336251,
      54.65053792336251,
      54.65053792336251,
      18.250841665424495,
      18.250841665424495,
      18.98128042573616,
      18.98128042573616,
      17.80156109065784,
      18.76906151990461,
      18.76906151990461,
      43.99468278650809,
      43.99468278650809,
      43.99468278650809,
      43.99468278650809,
      43.99468278650809,
      43.99468278650809,
      17.120669902963073,
      12.88134708288635,
      12.88134708288635,
      36.02100157038268,
      36.02100157038268,
      36.02100157038268,
      31.60712134470714,
      31.60712134470714,
      31.60712134470714,
      31.60712134470714,
      31.302573542320772,
      31.302573542320772,
      31.302573542320772,
      84.4760736311942,
      84.4760736311942,
      84.4760736311942,
      84.4760736311942,
      84.4760736311942,
      84.4760736311942,
      84.4760736311942,
      84.4760736311942,
      84.4760736311942,
      18.935871770610902,
      18.935871770610902,
      18.935871770610902,
      59.389950461051114,
      59.389950461051114,
      59.389950461051114,
      59.389950461051114,
      59.389950461051114,
      59.389950461051114,
      11.681037845595768,
      107.36088605631738,
      107.36088605631738,
      107.36088605631738,
      107.36088605631738,
      107.36088605631738,
      107.36088605631738,
      107.36088605631738,
      107.36088605631738,
      107.36088605631738,
      107.36088605631738,
      107.36088605631738,
      11.506195755668386,
      41.54995219195985,
      41.54995219195985,
      41.54995219195985,
      41.54995219195985,
      190.1463826162652,
      190.1463826162652,
      190.1463826162652,
      190.1463826162652,
      190.1463826162652,
      190.1463826162652,
      190.1463826162652,
      190.1463826162652,
      190.1463826162652,
      190.1463826162652,
      190.1463826162652,
      190.1463826162652,
      190.1463826162652,
      190.1463826162652,
      190.1463826162652,
      190.1463826162652,
      190.1463826162652,
      190.1463826162652,
      190.1463826162652,
      190.1463826162652,
      190.1463826162652,
      151.76546192633793,
      151.76546192633793,
      151.76546192633793,
      151.76546192633793,
      151.76546192633793,
      151.76546192633793,
      151.76546192633793,
      151.76546192633793,
      151.76546192633793,
      151.76546192633793,
      151.76546192633793,
      151.76546192633793,
      151.76546192633793,
      151.76546192633793,
      151.76546192633793,
      651.2602967883518,
      651.2602967883518,
      651.2602967883518,
      651.2602967883518,
      651.2602967883518,
      651.2602967883518,
      651.2602967883518,
      651.2602967883518,
      651.2602967883518,
      651.2602967883518,
      651.2602967883518,
      651.2602967883518,
      651.2602967883518,
      651.2602967883518,
      651.2602967883518,
      651.2602967883518,
      651.2602967883518,
      651.2602967883518,
      651.2602967883518,
      651.2602967883518,
      651.2602967883518,
      651.2602967883518,
      651.2602967883518,
      651.2602967883518,
      651.2602967883518,
      651.2602967883518,
      651.2602967883518,
      651.2602967883518,
      651.2602967883518,
      651.2602967883518,
      651.2602967883518,
      651.2602967883518,
      651.2602967883518,
      651.2602967883518,
      651.2602967883518,
      651.2602967883518,
      651.2602967883518,
      651.2602967883518,
      651.2602967883518,
      651.2602967883518,
      651.2602967883518,
      651.2602967883518,
      651.2602967883518,
      651.2602967883518,
      651.2602967883518,
      651.2602967883518,
      651.2602967883518,
      651.2602967883518,
      651.2602967883518,
      651.2602967883518,
      651.2602967883518,
      651.2602967883518,
      651.2602967883518,
      651.2602967883518,
      651.2602967883518,
      651.2602967883518,
      651.2602967883518,
      651.2602967883518,
      651.2602967883518,
      651.2602967883518,
      651.2602967883518,
      651.2602967883518,
      651.2602967883518,
      651.2602967883518,
      651.2602967883518,
      18.804394529858882,
      18.804394529858882,
      18.804394529858882,
      381.5304225679199,
      381.5304225679199,
      381.5304225679199,
      381.5304225679199,
      381.5304225679199,
      381.5304225679199,
      381.5304225679199,
      381.5304225679199,
      381.5304225679199,
      381.5304225679199,
      381.5304225679199,
      381.5304225679199,
      381.5304225679199,
      381.5304225679199,
      381.5304225679199,
      381.5304225679199,
      381.5304225679199,
      381.5304225679199,
      381.5304225679199,
      381.5304225679199,
      381.5304225679199,
      381.5304225679199,
      381.5304225679199,
      381.5304225679199,
      381.5304225679199,
      381.5304225679199,
      381.5304225679199,
      381.5304225679199,
      381.5304225679199,
      381.5304225679199,
      381.5304225679199,
      381.5304225679199,
      381.5304225679199,
      381.5304225679199,
      381.5304225679199,
      381.5304225679199,
      381.5304225679199,
      381.5304225679199,
      232.44116090716489,
      232.44116090716489,
      232.44116090716489,
      232.44116090716489,
      232.44116090716489,
      232.44116090716489,
      232.44116090716489,
      232.44116090716489,
      232.44116090716489,
      232.44116090716489,
      232.44116090716489,
      232.44116090716489,
      232.44116090716489,
      232.44116090716489,
      232.44116090716489,
      232.44116090716489,
      232.44116090716489,
      232.44116090716489,
      232.44116090716489,
      232.44116090716489,
      232.44116090716489,
      232.44116090716489,
      232.44116090716489,
      232.44116090716489,
      232.44116090716489,
      69.63298378881382,
      69.63298378881382,
      69.63298378881382,
      69.63298378881382,
      69.63298378881382,
      69.63298378881382,
      69.63298378881382,
      33.142941479224646,
      33.142941479224646,
      33.142941479224646,
      33.142941479224646,
      32.869209840625444,
      32.869209840625444,
      32.869209840625444,
      61.408806506554356,
      61.408806506554356,
      61.408806506554356,
      61.408806506554356,
      61.408806506554356,
      61.408806506554356,
      120.69441802648089,
      120.69441802648089,
      120.69441802648089,
      120.69441802648089,
      120.69441802648089,
      120.69441802648089,
      120.69441802648089,
      120.69441802648089,
      120.69441802648089,
      120.69441802648089,
      120.69441802648089,
      120.69441802648089,
      71.09722566140044,
      71.09722566140044,
      71.09722566140044,
      71.09722566140044,
      71.09722566140044,
      71.09722566140044,
      71.09722566140044,
      71.09722566140044,
      71.09722566140044,
      122.96207987166918,
      122.96207987166918,
      122.96207987166918,
      122.96207987166918,
      122.96207987166918,
      122.96207987166918,
      122.96207987166918,
      122.96207987166918,
      122.96207987166918,
      122.96207987166918,
      122.96207987166918,
      122.96207987166918,
      115.99435656953528,
      115.99435656953528,
      115.99435656953528,
      115.99435656953528,
      115.99435656953528,
      115.99435656953528,
      115.99435656953528,
      115.99435656953528,
      115.99435656953528,
      115.99435656953528,
      115.99435656953528,
      115.99435656953528,
      25.376151344225036,
      25.376151344225036,
      26.143947402808863,
      26.143947402808863,
      26.143947402808863,
      26.143947402808863,
      390.0186193002892,
      390.0186193002892,
      390.0186193002892,
      390.0186193002892,
      390.0186193002892,
      390.0186193002892,
      390.0186193002892,
      390.0186193002892,
      390.0186193002892,
      390.0186193002892,
      390.0186193002892,
      390.0186193002892,
      390.0186193002892,
      390.0186193002892,
      390.0186193002892,
      390.0186193002892,
      390.0186193002892,
      390.0186193002892,
      390.0186193002892,
      390.0186193002892,
      390.0186193002892,
      390.0186193002892,
      390.0186193002892,
      390.0186193002892,
      390.0186193002892,
      390.0186193002892,
      390.0186193002892,
      390.0186193002892,
      390.0186193002892,
      390.0186193002892,
      390.0186193002892,
      390.0186193002892,
      390.0186193002892,
      390.0186193002892,
      390.0186193002892,
      390.0186193002892,
      390.0186193002892,
      390.0186193002892,
      390.0186193002892,
      170.92654393929115,
      170.92654393929115,
      170.92654393929115,
      170.92654393929115,
      170.92654393929115,
      170.92654393929115,
      170.92654393929115,
      170.92654393929115,
      170.92654393929115,
      170.92654393929115,
      170.92654393929115,
      170.92654393929115,
      170.92654393929115,
      170.92654393929115,
      170.92654393929115,
      170.92654393929115,
      170.92654393929115,
      170.92654393929115,
      282.44667445096184,
      282.44667445096184,
      282.44667445096184,
      282.44667445096184,
      282.44667445096184,
      282.44667445096184,
      282.44667445096184,
      282.44667445096184,
      282.44667445096184,
      282.44667445096184,
      282.44667445096184,
      282.44667445096184,
      282.44667445096184,
      282.44667445096184,
      282.44667445096184,
      282.44667445096184,
      282.44667445096184,
      282.44667445096184,
      282.44667445096184,
      282.44667445096184,
      282.44667445096184,
      282.44667445096184,
      282.44667445096184,
      282.44667445096184,
      282.44667445096184,
      282.44667445096184,
      282.44667445096184,
      282.44667445096184,
      171.5883009037252,
      171.5883009037252,
      171.5883009037252,
      171.5883009037252,
      171.5883009037252,
      171.5883009037252,
      171.5883009037252,
      171.5883009037252,
      171.5883009037252,
      171.5883009037252,
      171.5883009037252,
      171.5883009037252,
      171.5883009037252,
      171.5883009037252,
      171.5883009037252,
      171.5883009037252,
      171.5883009037252,
      100.42992566913381,
      100.42992566913381,
      100.42992566913381,
      100.42992566913381,
      100.42992566913381,
      100.42992566913381,
      100.42992566913381,
      100.42992566913381,
      100.42992566913381,
      100.42992566913381,
      98.30627437427665,
      98.30627437427665,
      98.30627437427665,
      98.30627437427665,
      98.30627437427665,
      98.30627437427665,
      98.30627437427665,
      98.30627437427665,
      98.30627437427665,
      98.30627437427665,
      14.898951098277394,
      14.898951098277394,
      58.19643372568862,
      58.19643372568862,
      58.19643372568862,
      58.19643372568862,
      58.19643372568862,
      45.75819431709351,
      45.75819431709351,
      45.75819431709351,
      45.75819431709351,
      45.75819431709351,
      45.75819431709351,
      45.75819431709351,
      177.73262855173016,
      177.73262855173016,
      177.73262855173016,
      177.73262855173016,
      177.73262855173016,
      177.73262855173016,
      177.73262855173016,
      177.73262855173016,
      177.73262855173016,
      177.73262855173016,
      177.73262855173016,
      177.73262855173016,
      177.73262855173016,
      177.73262855173016,
      177.73262855173016,
      177.73262855173016,
      177.73262855173016,
      177.73262855173016,
      192.64851727874884,
      192.64851727874884,
      192.64851727874884,
      192.64851727874884,
      192.64851727874884,
      192.64851727874884,
      192.64851727874884,
      192.64851727874884,
      192.64851727874884,
      192.64851727874884,
      192.64851727874884,
      192.64851727874884,
      192.64851727874884,
      192.64851727874884,
      192.64851727874884,
      192.64851727874884,
      192.64851727874884,
      192.64851727874884,
      192.64851727874884,
      160.85838701229932,
      160.85838701229932,
      160.85838701229932,
      160.85838701229932,
      160.85838701229932,
      160.85838701229932,
      160.85838701229932,
      160.85838701229932,
      160.85838701229932,
      160.85838701229932,
      160.85838701229932,
      160.85838701229932,
      160.85838701229932,
      160.85838701229932,
      160.85838701229932,
      160.85838701229932,
      149.17233662082526,
      149.17233662082526,
      149.17233662082526,
      149.17233662082526,
      149.17233662082526,
      149.17233662082526,
      149.17233662082526,
      149.17233662082526,
      149.17233662082526,
      149.17233662082526,
      149.17233662082526,
      149.17233662082526,
      149.17233662082526,
      149.17233662082526,
      149.17233662082526,
      252.39703271735925,
      252.39703271735925,
      252.39703271735925,
      252.39703271735925,
      252.39703271735925,
      252.39703271735925,
      252.39703271735925,
      252.39703271735925,
      252.39703271735925,
      252.39703271735925,
      252.39703271735925,
      252.39703271735925,
      252.39703271735925,
      252.39703271735925,
      252.39703271735925,
      252.39703271735925,
      252.39703271735925,
      252.39703271735925,
      252.39703271735925,
      252.39703271735925,
      252.39703271735925,
      252.39703271735925,
      252.39703271735925,
      252.39703271735925,
      252.39703271735925,
      144.15841689729405,
      144.15841689729405,
      144.15841689729405,
      144.15841689729405,
      144.15841689729405,
      144.15841689729405,
      144.15841689729405,
      144.15841689729405,
      144.15841689729405,
      144.15841689729405,
      144.15841689729405,
      144.15841689729405,
      144.15841689729405,
      144.15841689729405,
      144.15841689729405,
      170.51269426413,
      170.51269426413,
      170.51269426413,
      170.51269426413,
      170.51269426413,
      170.51269426413,
      170.51269426413,
      170.51269426413,
      170.51269426413,
      170.51269426413,
      170.51269426413,
      170.51269426413,
      170.51269426413,
      170.51269426413,
      170.51269426413,
      170.51269426413,
      170.51269426413,
      101.10020551080925,
      101.10020551080925,
      101.10020551080925,
      101.10020551080925,
      101.10020551080925,
      101.10020551080925,
      101.10020551080925,
      101.10020551080925,
      101.10020551080925,
      101.10020551080925,
      71.61129152988087,
      71.61129152988087,
      71.61129152988087,
      71.61129152988087,
      71.61129152988087,
      71.61129152988087,
      71.61129152988087,
      69.69314986448626,
      69.69314986448626,
      69.69314986448626,
      69.69314986448626,
      69.69314986448626,
      69.69314986448626,
      69.69314986448626,
      58.282917117349825,
      58.282917117349825,
      58.282917117349825,
      58.282917117349825,
      58.282917117349825,
      58.282917117349825,
      15.961719739793807,
      15.961719739793807,
      136.14521204331322,
      136.14521204331322,
      136.14521204331322,
      136.14521204331322,
      136.14521204331322,
      136.14521204331322,
      136.14521204331322,
      136.14521204331322,
      136.14521204331322,
      136.14521204331322,
      136.14521204331322,
      136.14521204331322,
      136.14521204331322,
      136.14521204331322,
      136.14521204331322,
      262.37650966426645,
      262.37650966426645,
      262.37650966426645,
      262.37650966426645,
      262.37650966426645,
      262.37650966426645,
      262.37650966426645,
      262.37650966426645,
      262.37650966426645,
      262.37650966426645,
      262.37650966426645,
      262.37650966426645,
      262.37650966426645,
      262.37650966426645,
      262.37650966426645,
      262.37650966426645,
      262.37650966426645,
      262.37650966426645,
      262.37650966426645,
      262.37650966426645,
      262.37650966426645,
      262.37650966426645,
      262.37650966426645,
      262.37650966426645,
      262.37650966426645,
      262.37650966426645,
      191.28159445683377,
      191.28159445683377,
      191.28159445683377,
      191.28159445683377,
      191.28159445683377,
      191.28159445683377,
      191.28159445683377,
      191.28159445683377,
      191.28159445683377,
      191.28159445683377,
      191.28159445683377,
      191.28159445683377,
      191.28159445683377,
      191.28159445683377,
      191.28159445683377,
      191.28159445683377,
      191.28159445683377,
      191.28159445683377,
      191.28159445683377,
      109.95339074074946,
      109.95339074074946,
      109.95339074074946,
      109.95339074074946,
      109.95339074074946,
      109.95339074074946,
      109.95339074074946,
      109.95339074074946,
      109.95339074074946,
      109.95339074074946,
      109.95339074074946,
      11.362434491295971,
      263.32890191090064,
      263.32890191090064,
      263.32890191090064,
      263.32890191090064,
      263.32890191090064,
      263.32890191090064,
      263.32890191090064,
      263.32890191090064,
      263.32890191090064,
      263.32890191090064,
      263.32890191090064,
      263.32890191090064,
      263.32890191090064,
      263.32890191090064,
      263.32890191090064,
      263.32890191090064,
      263.32890191090064,
      263.32890191090064,
      263.32890191090064,
      263.32890191090064,
      263.32890191090064,
      263.32890191090064,
      263.32890191090064,
      263.32890191090064,
      263.32890191090064,
      263.32890191090064,
      263.32890191090064,
      263.32890191090064,
      306.43529179633606,
      306.43529179633606,
      306.43529179633606,
      306.43529179633606,
      306.43529179633606,
      306.43529179633606,
      306.43529179633606,
      306.43529179633606,
      306.43529179633606,
      306.43529179633606,
      306.43529179633606,
      306.43529179633606,
      306.43529179633606,
      306.43529179633606,
      306.43529179633606,
      306.43529179633606,
      306.43529179633606,
      306.43529179633606,
      306.43529179633606,
      306.43529179633606,
      306.43529179633606,
      306.43529179633606,
      306.43529179633606,
      306.43529179633606,
      306.43529179633606,
      306.43529179633606,
      306.43529179633606,
      306.43529179633606,
      306.43529179633606,
      306.43529179633606,
      306.43529179633606,
      162.2688846535002,
      162.2688846535002,
      162.2688846535002,
      162.2688846535002,
      162.2688846535002,
      162.2688846535002,
      162.2688846535002,
      162.2688846535002,
      162.2688846535002,
      162.2688846535002,
      162.2688846535002,
      162.2688846535002,
      162.2688846535002,
      162.2688846535002,
      162.2688846535002,
      162.2688846535002,
      162.2688846535002,
      81.43397013790582,
      81.43397013790582,
      81.43397013790582,
      81.43397013790582,
      81.43397013790582,
      81.43397013790582,
      81.43397013790582,
      81.43397013790582,
      238.75858919857092,
      238.75858919857092,
      238.75858919857092,
      238.75858919857092,
      238.75858919857092,
      238.75858919857092,
      238.75858919857092,
      238.75858919857092,
      238.75858919857092,
      238.75858919857092,
      238.75858919857092,
      238.75858919857092,
      238.75858919857092,
      238.75858919857092,
      238.75858919857092,
      238.75858919857092,
      238.75858919857092,
      238.75858919857092,
      238.75858919857092,
      238.75858919857092,
      238.75858919857092,
      238.75858919857092,
      238.75858919857092,
      238.75858919857092,
      293.16486112375514,
      293.16486112375514,
      293.16486112375514,
      293.16486112375514,
      293.16486112375514,
      293.16486112375514,
      293.16486112375514,
      293.16486112375514,
      293.16486112375514,
      293.16486112375514,
      293.16486112375514,
      293.16486112375514,
      293.16486112375514,
      293.16486112375514,
      293.16486112375514,
      293.16486112375514,
      293.16486112375514,
      293.16486112375514,
      293.16486112375514,
      293.16486112375514,
      293.16486112375514,
      293.16486112375514,
      293.16486112375514,
      293.16486112375514,
      293.16486112375514,
      293.16486112375514,
      293.16486112375514,
      293.16486112375514,
      293.16486112375514,
      21.31899014962164,
      21.31899014962164,
      175.5915003370219,
      175.5915003370219,
      175.5915003370219,
      175.5915003370219,
      175.5915003370219,
      175.5915003370219,
      175.5915003370219,
      175.5915003370219,
      175.5915003370219,
      175.5915003370219,
      175.5915003370219,
      175.5915003370219,
      175.5915003370219,
      175.5915003370219,
      175.5915003370219,
      175.5915003370219,
      175.5915003370219,
      175.5915003370219,
      175.5915003370219,
      181.17017256637337,
      181.17017256637337,
      181.17017256637337,
      181.17017256637337,
      181.17017256637337,
      181.17017256637337,
      181.17017256637337,
      181.17017256637337,
      181.17017256637337,
      181.17017256637337,
      181.17017256637337,
      181.17017256637337,
      181.17017256637337,
      181.17017256637337,
      181.17017256637337,
      181.17017256637337,
      181.17017256637337,
      181.17017256637337,
      181.17017256637337,
      45.25224606992924,
      45.25224606992924,
      45.25224606992924,
      45.25224606992924,
      394.8016386156032,
      394.8016386156032,
      394.8016386156032,
      394.8016386156032,
      394.8016386156032,
      394.8016386156032,
      394.8016386156032,
      394.8016386156032,
      394.8016386156032,
      394.8016386156032,
      394.8016386156032,
      394.8016386156032,
      394.8016386156032,
      394.8016386156032,
      394.8016386156032,
      394.8016386156032,
      394.8016386156032,
      394.8016386156032,
      394.8016386156032,
      394.8016386156032,
      394.8016386156032,
      394.8016386156032,
      394.8016386156032,
      394.8016386156032,
      394.8016386156032,
      394.8016386156032,
      394.8016386156032,
      394.8016386156032,
      394.8016386156032,
      394.8016386156032,
      394.8016386156032,
      394.8016386156032,
      394.8016386156032,
      394.8016386156032,
      394.8016386156032,
      394.8016386156032,
      394.8016386156032,
      394.8016386156032,
      394.8016386156032,
      394.8016386156032,
      394.8016386156032,
      394.8016386156032,
      72.04490079088646,
      72.04490079088646,
      72.04490079088646,
      72.04490079088646,
      72.04490079088646,
      72.04490079088646,
      72.04490079088646,
      395.2907971780551,
      395.2907971780551,
      395.2907971780551,
      395.2907971780551,
      395.2907971780551,
      395.2907971780551,
      395.2907971780551,
      395.2907971780551,
      395.2907971780551,
      395.2907971780551,
      395.2907971780551,
      395.2907971780551,
      395.2907971780551,
      395.2907971780551,
      395.2907971780551,
      395.2907971780551,
      395.2907971780551,
      395.2907971780551,
      395.2907971780551,
      395.2907971780551,
      395.2907971780551,
      395.2907971780551,
      395.2907971780551,
      395.2907971780551,
      395.2907971780551,
      395.2907971780551,
      395.2907971780551,
      395.2907971780551,
      395.2907971780551,
      395.2907971780551,
      395.2907971780551,
      395.2907971780551,
      395.2907971780551,
      395.2907971780551,
      395.2907971780551,
      395.2907971780551,
      395.2907971780551,
      395.2907971780551,
      395.2907971780551,
      395.2907971780551,
      1616.6566441040486,
      1616.6566441040486,
      1616.6566441040486,
      1616.6566441040486,
      1616.6566441040486,
      1616.6566441040486,
      1616.6566441040486,
      1616.6566441040486,
      1616.6566441040486,
      1616.6566441040486,
      1616.6566441040486,
      1616.6566441040486,
      1616.6566441040486,
      1616.6566441040486,
      1616.6566441040486,
      1616.6566441040486,
      1616.6566441040486,
      1616.6566441040486,
      1616.6566441040486,
      1616.6566441040486,
      1616.6566441040486,
      1616.6566441040486,
      1616.6566441040486,
      1616.6566441040486,
      1616.6566441040486,
      1616.6566441040486,
      1616.6566441040486,
      1616.6566441040486,
      1616.6566441040486,
      1616.6566441040486,
      1616.6566441040486,
      1616.6566441040486,
      1616.6566441040486,
      1616.6566441040486,
      1616.6566441040486,
      1616.6566441040486,
      1616.6566441040486,
      1616.6566441040486,
      1616.6566441040486,
      1616.6566441040486,
      1616.6566441040486,
      1616.6566441040486,
      1616.6566441040486,
      1616.6566441040486,
      1616.6566441040486,
      1616.6566441040486,
      1616.6566441040486,
      1616.6566441040486,
      1616.6566441040486,
      1616.6566441040486,
      1616.6566441040486,
      1616.6566441040486,
      1616.6566441040486,
      1616.6566441040486,
      1616.6566441040486,
      1616.6566441040486,
      1616.6566441040486,
      1616.6566441040486,
      1616.6566441040486,
      1616.6566441040486,
      1616.6566441040486,
      1616.6566441040486,
      1616.6566441040486,
      1616.6566441040486,
      1616.6566441040486,
      1616.6566441040486,
      1616.6566441040486,
      1616.6566441040486,
      1616.6566441040486,
      1616.6566441040486,
      1616.6566441040486,
      1616.6566441040486,
      1616.6566441040486,
      1616.6566441040486,
      1616.6566441040486,
      1616.6566441040486,
      1616.6566441040486,
      1616.6566441040486,
      1616.6566441040486,
      1616.6566441040486,
      1616.6566441040486,
      1616.6566441040486,
      1616.6566441040486,
      1616.6566441040486,
      1616.6566441040486,
      1616.6566441040486,
      1616.6566441040486,
      1616.6566441040486,
      1616.6566441040486,
      1616.6566441040486,
      1616.6566441040486,
      1616.6566441040486,
      1616.6566441040486,
      1616.6566441040486,
      1616.6566441040486,
      1616.6566441040486,
      1616.6566441040486,
      1616.6566441040486,
      1616.6566441040486,
      1616.6566441040486,
      1616.6566441040486,
      1616.6566441040486,
      1616.6566441040486,
      1616.6566441040486,
      1616.6566441040486,
      1616.6566441040486,
      1616.6566441040486,
      1616.6566441040486,
      1616.6566441040486,
      1616.6566441040486,
      1616.6566441040486,
      1616.6566441040486,
      1616.6566441040486,
      1616.6566441040486,
      1616.6566441040486,
      1616.6566441040486,
      1616.6566441040486,
      1616.6566441040486,
      1616.6566441040486,
      1616.6566441040486,
      1616.6566441040486,
      1616.6566441040486,
      1616.6566441040486,
      1616.6566441040486,
      1616.6566441040486,
      1616.6566441040486,
      1616.6566441040486,
      1616.6566441040486,
      1616.6566441040486,
      1616.6566441040486,
      1616.6566441040486,
      1616.6566441040486,
      1616.6566441040486,
      1616.6566441040486,
      1616.6566441040486,
      1616.6566441040486,
      1616.6566441040486,
      1616.6566441040486,
      1616.6566441040486,
      1616.6566441040486,
      1616.6566441040486,
      1616.6566441040486,
      1616.6566441040486,
      1616.6566441040486,
      1616.6566441040486,
      1616.6566441040486,
      1616.6566441040486,
      1616.6566441040486,
      1616.6566441040486,
      1616.6566441040486,
      1616.6566441040486,
      1616.6566441040486,
      1616.6566441040486,
      1616.6566441040486,
      1616.6566441040486,
      1616.6566441040486,
      1616.6566441040486,
      1616.6566441040486,
      1616.6566441040486,
      1616.6566441040486,
      1616.6566441040486,
      185.0667686160523,
      185.0667686160523,
      185.0667686160523,
      185.0667686160523,
      185.0667686160523,
      185.0667686160523,
      185.0667686160523,
      185.0667686160523,
      185.0667686160523,
      185.0667686160523,
      185.0667686160523,
      185.0667686160523,
      185.0667686160523,
      185.0667686160523,
      185.0667686160523,
      185.0667686160523,
      185.0667686160523,
      185.0667686160523,
      185.0667686160523,
      154.768133852931,
      154.768133852931,
      154.768133852931,
      154.768133852931,
      154.768133852931,
      154.768133852931,
      154.768133852931,
      154.768133852931,
      154.768133852931,
      154.768133852931,
      154.768133852931,
      154.768133852931,
      154.768133852931,
      154.768133852931,
      154.768133852931,
      75.78173269087347,
      75.78173269087347,
      75.78173269087347,
      75.78173269087347,
      75.78173269087347,
      75.78173269087347,
      75.78173269087347,
      75.78173269087347,
      69.57158436699319,
      69.57158436699319,
      69.57158436699319,
      69.57158436699319,
      69.57158436699319,
      69.57158436699319,
      69.57158436699319,
      36.71598142595394,
      36.71598142595394,
      36.71598142595394,
      39.36558057783259,
      39.36558057783259,
      39.36558057783259,
      39.36558057783259,
      188.03513168011523,
      188.03513168011523,
      188.03513168011523,
      188.03513168011523,
      188.03513168011523,
      188.03513168011523,
      188.03513168011523,
      188.03513168011523,
      188.03513168011523,
      188.03513168011523,
      188.03513168011523,
      188.03513168011523,
      188.03513168011523,
      188.03513168011523,
      188.03513168011523,
      188.03513168011523,
      188.03513168011523,
      188.03513168011523,
      188.03513168011523,
      113.64685486379494,
      113.64685486379494,
      113.64685486379494,
      113.64685486379494,
      113.64685486379494,
      113.64685486379494,
      113.64685486379494,
      113.64685486379494,
      113.64685486379494,
      113.64685486379494,
      113.64685486379494,
      130.09339226823067,
      130.09339226823067,
      130.09339226823067,
      130.09339226823067,
      130.09339226823067,
      130.09339226823067,
      130.09339226823067,
      130.09339226823067,
      130.09339226823067,
      130.09339226823067,
      130.09339226823067,
      130.09339226823067,
      130.09339226823067,
      155.4372898904312,
      155.4372898904312,
      155.4372898904312,
      155.4372898904312,
      155.4372898904312,
      155.4372898904312,
      155.4372898904312,
      155.4372898904312,
      155.4372898904312,
      155.4372898904312,
      155.4372898904312,
      155.4372898904312,
      155.4372898904312,
      155.4372898904312,
      155.4372898904312,
      155.4372898904312,
      13.154055453247565,
      578.7344524398741,
      578.7344524398741,
      578.7344524398741,
      578.7344524398741,
      578.7344524398741,
      578.7344524398741,
      578.7344524398741,
      578.7344524398741,
      578.7344524398741,
      578.7344524398741,
      578.7344524398741,
      578.7344524398741,
      578.7344524398741,
      578.7344524398741,
      578.7344524398741,
      578.7344524398741,
      578.7344524398741,
      578.7344524398741,
      578.7344524398741,
      578.7344524398741,
      578.7344524398741,
      578.7344524398741,
      578.7344524398741,
      578.7344524398741,
      578.7344524398741,
      578.7344524398741,
      578.7344524398741,
      578.7344524398741,
      578.7344524398741,
      578.7344524398741,
      578.7344524398741,
      578.7344524398741,
      578.7344524398741,
      578.7344524398741,
      578.7344524398741,
      578.7344524398741,
      578.7344524398741,
      578.7344524398741,
      578.7344524398741,
      578.7344524398741,
      578.7344524398741,
      578.7344524398741,
      578.7344524398741,
      578.7344524398741,
      578.7344524398741,
      578.7344524398741,
      578.7344524398741,
      578.7344524398741,
      578.7344524398741,
      578.7344524398741,
      578.7344524398741,
      578.7344524398741,
      578.7344524398741,
      578.7344524398741,
      578.7344524398741,
      578.7344524398741,
      578.7344524398741,
      578.7344524398741,
      578.7344524398741,
      578.7344524398741,
      1070.7936517530852,
      1070.7936517530852,
      1070.7936517530852,
      1070.7936517530852,
      1070.7936517530852,
      1070.7936517530852,
      1070.7936517530852,
      1070.7936517530852,
      1070.7936517530852,
      1070.7936517530852,
      1070.7936517530852,
      1070.7936517530852,
      1070.7936517530852,
      1070.7936517530852,
      1070.7936517530852,
      1070.7936517530852,
      1070.7936517530852,
      1070.7936517530852,
      1070.7936517530852,
      1070.7936517530852,
      1070.7936517530852,
      1070.7936517530852,
      1070.7936517530852,
      1070.7936517530852,
      1070.7936517530852,
      1070.7936517530852,
      1070.7936517530852,
      1070.7936517530852,
      1070.7936517530852,
      1070.7936517530852,
      1070.7936517530852,
      1070.7936517530852,
      1070.7936517530852,
      1070.7936517530852,
      1070.7936517530852,
      1070.7936517530852,
      1070.7936517530852,
      1070.7936517530852,
      1070.7936517530852,
      1070.7936517530852,
      1070.7936517530852,
      1070.7936517530852,
      1070.7936517530852,
      1070.7936517530852,
      1070.7936517530852,
      1070.7936517530852,
      1070.7936517530852,
      1070.7936517530852,
      1070.7936517530852,
      1070.7936517530852,
      1070.7936517530852,
      1070.7936517530852,
      1070.7936517530852,
      1070.7936517530852,
      1070.7936517530852,
      1070.7936517530852,
      1070.7936517530852,
      1070.7936517530852,
      1070.7936517530852,
      1070.7936517530852,
      1070.7936517530852,
      1070.7936517530852,
      1070.7936517530852,
      1070.7936517530852,
      1070.7936517530852,
      1070.7936517530852,
      1070.7936517530852,
      1070.7936517530852,
      1070.7936517530852,
      1070.7936517530852,
      1070.7936517530852,
      1070.7936517530852,
      1070.7936517530852,
      1070.7936517530852,
      1070.7936517530852,
      1070.7936517530852,
      1070.7936517530852,
      1070.7936517530852,
      1070.7936517530852,
      1070.7936517530852,
      1070.7936517530852,
      1070.7936517530852,
      1070.7936517530852,
      1070.7936517530852,
      1070.7936517530852,
      1070.7936517530852,
      1070.7936517530852,
      1070.7936517530852,
      1070.7936517530852,
      1070.7936517530852,
      1070.7936517530852,
      1070.7936517530852,
      1070.7936517530852,
      1070.7936517530852,
      1070.7936517530852,
      1070.7936517530852,
      1070.7936517530852,
      1070.7936517530852,
      1070.7936517530852,
      1070.7936517530852,
      1070.7936517530852,
      1070.7936517530852,
      1070.7936517530852,
      1070.7936517530852,
      1070.7936517530852,
      1070.7936517530852,
      1070.7936517530852,
      3026.413952997429,
      3026.413952997429,
      3026.413952997429,
      3026.413952997429,
      3026.413952997429,
      3026.413952997429,
      3026.413952997429,
      3026.413952997429,
      3026.413952997429,
      3026.413952997429,
      3026.413952997429,
      3026.413952997429,
      3026.413952997429,
      3026.413952997429,
      3026.413952997429,
      3026.413952997429,
      3026.413952997429,
      3026.413952997429,
      3026.413952997429,
      3026.413952997429,
      3026.413952997429,
      3026.413952997429,
      3026.413952997429,
      3026.413952997429,
      3026.413952997429,
      3026.413952997429,
      3026.413952997429,
      3026.413952997429,
      3026.413952997429,
      3026.413952997429,
      3026.413952997429,
      3026.413952997429,
      3026.413952997429,
      3026.413952997429,
      3026.413952997429,
      3026.413952997429,
      3026.413952997429,
      3026.413952997429,
      3026.413952997429,
      3026.413952997429,
      3026.413952997429,
      3026.413952997429,
      3026.413952997429,
      3026.413952997429,
      3026.413952997429,
      3026.413952997429,
      3026.413952997429,
      3026.413952997429,
      3026.413952997429,
      3026.413952997429,
      3026.413952997429,
      3026.413952997429,
      3026.413952997429,
      3026.413952997429,
      3026.413952997429,
      3026.413952997429,
      3026.413952997429,
      3026.413952997429,
      3026.413952997429,
      3026.413952997429,
      3026.413952997429,
      3026.413952997429,
      3026.413952997429,
      3026.413952997429,
      3026.413952997429,
      3026.413952997429,
      3026.413952997429,
      3026.413952997429,
      3026.413952997429,
      3026.413952997429,
      3026.413952997429,
      3026.413952997429,
      3026.413952997429,
      3026.413952997429,
      3026.413952997429,
      3026.413952997429,
      3026.413952997429,
      3026.413952997429,
      3026.413952997429,
      3026.413952997429,
      3026.413952997429,
      3026.413952997429,
      3026.413952997429,
      3026.413952997429,
      3026.413952997429,
      3026.413952997429,
      3026.413952997429,
      3026.413952997429,
      3026.413952997429,
      3026.413952997429,
      3026.413952997429,
      3026.413952997429,
      3026.413952997429,
      3026.413952997429,
      3026.413952997429,
      3026.413952997429,
      3026.413952997429,
      3026.413952997429,
      3026.413952997429,
      3026.413952997429,
      3026.413952997429,
      3026.413952997429,
      3026.413952997429,
      3026.413952997429,
      3026.413952997429,
      3026.413952997429,
      3026.413952997429,
      3026.413952997429,
      3026.413952997429,
      3026.413952997429,
      3026.413952997429,
      3026.413952997429,
      3026.413952997429,
      3026.413952997429,
      3026.413952997429,
      3026.413952997429,
      3026.413952997429,
      3026.413952997429,
      3026.413952997429,
      3026.413952997429,
      3026.413952997429,
      3026.413952997429,
      3026.413952997429,
      3026.413952997429,
      3026.413952997429,
      3026.413952997429,
      3026.413952997429,
      3026.413952997429,
      3026.413952997429,
      3026.413952997429,
      3026.413952997429,
      3026.413952997429,
      3026.413952997429,
      3026.413952997429,
      3026.413952997429,
      3026.413952997429,
      3026.413952997429,
      3026.413952997429,
      3026.413952997429,
      3026.413952997429,
      3026.413952997429,
      3026.413952997429,
      3026.413952997429,
      3026.413952997429,
      3026.413952997429,
      3026.413952997429,
      3026.413952997429,
      3026.413952997429,
      3026.413952997429,
      3026.413952997429,
      3026.413952997429,
      3026.413952997429,
      3026.413952997429,
      3026.413952997429,
      3026.413952997429,
      3026.413952997429,
      3026.413952997429,
      3026.413952997429,
      3026.413952997429,
      3026.413952997429,
      3026.413952997429,
      3026.413952997429,
      3026.413952997429,
      3026.413952997429,
      3026.413952997429,
      3026.413952997429,
      3026.413952997429,
      3026.413952997429,
      3026.413952997429,
      3026.413952997429,
      3026.413952997429,
      3026.413952997429,
      3026.413952997429,
      3026.413952997429,
      3026.413952997429,
      3026.413952997429,
      3026.413952997429,
      3026.413952997429,
      3026.413952997429,
      3026.413952997429,
      3026.413952997429,
      3026.413952997429,
      3026.413952997429,
      3026.413952997429,
      3026.413952997429,
      3026.413952997429,
      3026.413952997429,
      3026.413952997429,
      3026.413952997429,
      3026.413952997429,
      3026.413952997429,
      3026.413952997429,
      3026.413952997429,
      3026.413952997429,
      3026.413952997429,
      3026.413952997429,
      3026.413952997429,
      3026.413952997429,
      3026.413952997429,
      3026.413952997429,
      3026.413952997429,
      3026.413952997429,
      3026.413952997429,
      3026.413952997429,
      3026.413952997429,
      3026.413952997429,
      3026.413952997429,
      3026.413952997429,
      3026.413952997429,
      3026.413952997429,
      3026.413952997429,
      3026.413952997429,
      3026.413952997429,
      3026.413952997429,
      3026.413952997429,
      3026.413952997429,
      3026.413952997429,
      3026.413952997429,
      3026.413952997429,
      3026.413952997429,
      3026.413952997429,
      3026.413952997429,
      3026.413952997429,
      3026.413952997429,
      3026.413952997429,
      3026.413952997429,
      3026.413952997429,
      3026.413952997429,
      3026.413952997429,
      3026.413952997429,
      3026.413952997429,
      3026.413952997429,
      3026.413952997429,
      3026.413952997429,
      3026.413952997429,
      3026.413952997429,
      3026.413952997429,
      3026.413952997429,
      3026.413952997429,
      3026.413952997429,
      3026.413952997429,
      3026.413952997429,
      3026.413952997429,
      3026.413952997429,
      3026.413952997429,
      3026.413952997429,
      3026.413952997429,
      3026.413952997429,
      3026.413952997429,
      3026.413952997429,
      3026.413952997429,
      3026.413952997429,
      3026.413952997429,
      3026.413952997429,
      3026.413952997429,
      3026.413952997429,
      3026.413952997429,
      3026.413952997429,
      3026.413952997429,
      3026.413952997429,
      3026.413952997429,
      3026.413952997429,
      3026.413952997429,
      3026.413952997429,
      3026.413952997429,
      3026.413952997429,
      3026.413952997429,
      3026.413952997429,
      3026.413952997429,
      3026.413952997429,
      3026.413952997429,
      3026.413952997429,
      3026.413952997429,
      3026.413952997429,
      3026.413952997429,
      3026.413952997429,
      3026.413952997429,
      3026.413952997429,
      3026.413952997429,
      3026.413952997429,
      3026.413952997429,
      3026.413952997429,
      3026.413952997429,
      3026.413952997429,
      3026.413952997429,
      3026.413952997429,
      3026.413952997429,
      3026.413952997429,
      3026.413952997429,
      3026.413952997429,
      3026.413952997429,
      3026.413952997429,
      3026.413952997429,
      3026.413952997429,
      3026.413952997429,
      3026.413952997429,
      3026.413952997429,
      3026.413952997429,
      3026.413952997429,
      3026.413952997429,
      3026.413952997429,
      3026.413952997429,
      3026.413952997429,
      199.173961460172,
      199.173961460172,
      199.173961460172,
      199.173961460172,
      199.173961460172,
      199.173961460172,
      199.173961460172,
      199.173961460172,
      199.173961460172,
      199.173961460172,
      199.173961460172,
      199.173961460172,
      199.173961460172,
      199.173961460172,
      199.173961460172,
      199.173961460172,
      199.173961460172,
      199.173961460172,
      199.173961460172,
      199.173961460172,
      169.071935246855,
      169.071935246855,
      169.071935246855,
      169.071935246855,
      169.071935246855,
      169.071935246855,
      169.071935246855,
      169.071935246855,
      169.071935246855,
      169.071935246855,
      169.071935246855,
      169.071935246855,
      169.071935246855,
      169.071935246855,
      169.071935246855,
      169.071935246855,
      169.071935246855,
      168.16016350472273,
      168.16016350472273,
      168.16016350472273,
      168.16016350472273,
      168.16016350472273,
      168.16016350472273,
      168.16016350472273,
      168.16016350472273,
      168.16016350472273,
      168.16016350472273,
      168.16016350472273,
      168.16016350472273,
      168.16016350472273,
      168.16016350472273,
      168.16016350472273,
      168.16016350472273,
      168.16016350472273,
      230.15080585836404,
      230.15080585836404,
      230.15080585836404,
      230.15080585836404,
      230.15080585836404,
      230.15080585836404,
      230.15080585836404,
      230.15080585836404,
      230.15080585836404,
      230.15080585836404,
      230.15080585836404,
      230.15080585836404,
      230.15080585836404,
      230.15080585836404,
      230.15080585836404,
      230.15080585836404,
      230.15080585836404,
      230.15080585836404,
      230.15080585836404,
      230.15080585836404,
      230.15080585836404,
      230.15080585836404,
      230.15080585836404,
      270.244736401517,
      270.244736401517,
      270.244736401517,
      270.244736401517,
      270.244736401517,
      270.244736401517,
      270.244736401517,
      270.244736401517,
      270.244736401517,
      270.244736401517,
      270.244736401517,
      270.244736401517,
      270.244736401517,
      270.244736401517,
      270.244736401517,
      270.244736401517,
      270.244736401517,
      270.244736401517,
      270.244736401517,
      270.244736401517,
      270.244736401517,
      270.244736401517,
      270.244736401517,
      270.244736401517,
      270.244736401517,
      270.244736401517,
      270.244736401517,
      473.8504340469408,
      473.8504340469408,
      473.8504340469408,
      473.8504340469408,
      473.8504340469408,
      473.8504340469408,
      473.8504340469408,
      473.8504340469408,
      473.8504340469408,
      473.8504340469408,
      473.8504340469408,
      473.8504340469408,
      473.8504340469408,
      473.8504340469408,
      473.8504340469408,
      473.8504340469408,
      473.8504340469408,
      473.8504340469408,
      473.8504340469408,
      473.8504340469408,
      473.8504340469408,
      473.8504340469408,
      473.8504340469408,
      473.8504340469408,
      473.8504340469408,
      473.8504340469408,
      473.8504340469408,
      473.8504340469408,
      473.8504340469408,
      473.8504340469408,
      473.8504340469408,
      473.8504340469408,
      473.8504340469408,
      473.8504340469408,
      473.8504340469408,
      473.8504340469408,
      473.8504340469408,
      473.8504340469408,
      473.8504340469408,
      473.8504340469408,
      473.8504340469408,
      473.8504340469408,
      473.8504340469408,
      473.8504340469408,
      473.8504340469408,
      473.8504340469408,
      473.8504340469408,
      260.11067723242013,
      260.11067723242013,
      260.11067723242013,
      260.11067723242013,
      260.11067723242013,
      260.11067723242013,
      260.11067723242013,
      260.11067723242013,
      260.11067723242013,
      260.11067723242013,
      260.11067723242013,
      260.11067723242013,
      260.11067723242013,
      260.11067723242013,
      260.11067723242013,
      260.11067723242013,
      260.11067723242013,
      260.11067723242013,
      260.11067723242013,
      260.11067723242013,
      260.11067723242013,
      260.11067723242013,
      260.11067723242013,
      260.11067723242013,
      260.11067723242013,
      260.11067723242013,
      313.44095618510255,
      313.44095618510255,
      313.44095618510255,
      313.44095618510255,
      313.44095618510255,
      313.44095618510255,
      313.44095618510255,
      313.44095618510255,
      313.44095618510255,
      313.44095618510255,
      313.44095618510255,
      313.44095618510255,
      313.44095618510255,
      313.44095618510255,
      313.44095618510255,
      313.44095618510255,
      313.44095618510255,
      313.44095618510255,
      313.44095618510255,
      313.44095618510255,
      313.44095618510255,
      313.44095618510255,
      313.44095618510255,
      313.44095618510255,
      313.44095618510255,
      313.44095618510255,
      313.44095618510255,
      313.44095618510255,
      313.44095618510255,
      313.44095618510255,
      313.44095618510255,
      115.65966843226488,
      115.65966843226488,
      115.65966843226488,
      115.65966843226488,
      115.65966843226488,
      115.65966843226488,
      115.65966843226488,
      115.65966843226488,
      115.65966843226488,
      115.65966843226488,
      115.65966843226488,
      115.65966843226488,
      267.91298255765287,
      267.91298255765287,
      267.91298255765287,
      267.91298255765287,
      267.91298255765287,
      267.91298255765287,
      267.91298255765287,
      267.91298255765287,
      267.91298255765287,
      267.91298255765287,
      267.91298255765287,
      267.91298255765287,
      267.91298255765287,
      267.91298255765287,
      267.91298255765287,
      267.91298255765287,
      267.91298255765287,
      267.91298255765287,
      267.91298255765287,
      267.91298255765287,
      267.91298255765287,
      267.91298255765287,
      267.91298255765287,
      267.91298255765287,
      267.91298255765287,
      267.91298255765287,
      267.91298255765287,
      328.50382393125983,
      328.50382393125983,
      328.50382393125983,
      328.50382393125983,
      328.50382393125983,
      328.50382393125983,
      328.50382393125983,
      328.50382393125983,
      328.50382393125983,
      328.50382393125983,
      328.50382393125983,
      328.50382393125983,
      328.50382393125983,
      328.50382393125983,
      328.50382393125983,
      328.50382393125983,
      328.50382393125983,
      328.50382393125983,
      328.50382393125983,
      328.50382393125983,
      328.50382393125983,
      328.50382393125983,
      328.50382393125983,
      328.50382393125983,
      328.50382393125983,
      328.50382393125983,
      328.50382393125983,
      328.50382393125983,
      328.50382393125983,
      328.50382393125983,
      328.50382393125983,
      328.50382393125983,
      328.50382393125983,
      68.55779147099383,
      68.55779147099383,
      68.55779147099383,
      68.55779147099383,
      68.55779147099383,
      68.55779147099383,
      71.21340361717012,
      71.21340361717012,
      71.21340361717012,
      71.21340361717012,
      71.21340361717012,
      71.21340361717012,
      71.21340361717012,
      71.21340361717012,
      71.21340361717012,
      101.99793926590792,
      101.99793926590792,
      101.99793926590792,
      101.99793926590792,
      101.99793926590792,
      101.99793926590792,
      101.99793926590792,
      101.99793926590792,
      101.99793926590792,
      101.99793926590792,
      145.06587036768906,
      145.06587036768906,
      145.06587036768906,
      145.06587036768906,
      145.06587036768906,
      145.06587036768906,
      145.06587036768906,
      145.06587036768906,
      145.06587036768906,
      145.06587036768906,
      145.06587036768906,
      145.06587036768906,
      145.06587036768906,
      145.06587036768906,
      42.43569405905873,
      42.43569405905873,
      42.43569405905873,
      42.43569405905873,
      42.43569405905873,
      110.81258842617535,
      110.81258842617535,
      110.81258842617535,
      110.81258842617535,
      110.81258842617535,
      110.81258842617535,
      110.81258842617535,
      110.81258842617535,
      110.81258842617535,
      110.81258842617535,
      110.81258842617535,
      110.81258842617535,
      112.42584658844498,
      112.42584658844498,
      112.42584658844498,
      112.42584658844498,
      112.42584658844498,
      112.42584658844498,
      112.42584658844498,
      112.42584658844498,
      112.42584658844498,
      112.42584658844498,
      112.42584658844498,
      147.7555307282746,
      147.7555307282746,
      147.7555307282746,
      147.7555307282746,
      147.7555307282746,
      147.7555307282746,
      147.7555307282746,
      147.7555307282746,
      147.7555307282746,
      147.7555307282746,
      147.7555307282746,
      147.7555307282746,
      147.7555307282746,
      147.7555307282746,
      147.7555307282746,
      147.7555307282746,
      88.98937847085472,
      88.98937847085472,
      88.98937847085472,
      88.98937847085472,
      88.98937847085472,
      88.98937847085472,
      88.98937847085472,
      88.98937847085472,
      88.98937847085472,
      1403.291506016798,
      1403.291506016798,
      1403.291506016798,
      1403.291506016798,
      1403.291506016798,
      1403.291506016798,
      1403.291506016798,
      1403.291506016798,
      1403.291506016798,
      1403.291506016798,
      1403.291506016798,
      1403.291506016798,
      1403.291506016798,
      1403.291506016798,
      1403.291506016798,
      1403.291506016798,
      1403.291506016798,
      1403.291506016798,
      1403.291506016798,
      1403.291506016798,
      1403.291506016798,
      1403.291506016798,
      1403.291506016798,
      1403.291506016798,
      1403.291506016798,
      1403.291506016798,
      1403.291506016798,
      1403.291506016798,
      1403.291506016798,
      1403.291506016798,
      1403.291506016798,
      1403.291506016798,
      1403.291506016798,
      1403.291506016798,
      1403.291506016798,
      1403.291506016798,
      1403.291506016798,
      1403.291506016798,
      1403.291506016798,
      1403.291506016798,
      1403.291506016798,
      1403.291506016798,
      1403.291506016798,
      1403.291506016798,
      1403.291506016798,
      1403.291506016798,
      1403.291506016798,
      1403.291506016798,
      1403.291506016798,
      1403.291506016798,
      1403.291506016798,
      1403.291506016798,
      1403.291506016798,
      1403.291506016798,
      1403.291506016798,
      1403.291506016798,
      1403.291506016798,
      1403.291506016798,
      1403.291506016798,
      1403.291506016798,
      1403.291506016798,
      1403.291506016798,
      1403.291506016798,
      1403.291506016798,
      1403.291506016798,
      1403.291506016798,
      1403.291506016798,
      1403.291506016798,
      1403.291506016798,
      1403.291506016798,
      1403.291506016798,
      1403.291506016798,
      1403.291506016798,
      1403.291506016798,
      1403.291506016798,
      1403.291506016798,
      1403.291506016798,
      1403.291506016798,
      1403.291506016798,
      1403.291506016798,
      1403.291506016798,
      1403.291506016798,
      1403.291506016798,
      1403.291506016798,
      1403.291506016798,
      1403.291506016798,
      1403.291506016798,
      1403.291506016798,
      1403.291506016798,
      1403.291506016798,
      1403.291506016798,
      1403.291506016798,
      1403.291506016798,
      1403.291506016798,
      1403.291506016798,
      1403.291506016798,
      1403.291506016798,
      1403.291506016798,
      1403.291506016798,
      1403.291506016798,
      1403.291506016798,
      1403.291506016798,
      1403.291506016798,
      1403.291506016798,
      1403.291506016798,
      1403.291506016798,
      1403.291506016798,
      1403.291506016798,
      1403.291506016798,
      1403.291506016798,
      1403.291506016798,
      1403.291506016798,
      1403.291506016798,
      1403.291506016798,
      1403.291506016798,
      1403.291506016798,
      1403.291506016798,
      1403.291506016798,
      1403.291506016798,
      1403.291506016798,
      1403.291506016798,
      1403.291506016798,
      1403.291506016798,
      1403.291506016798,
      1403.291506016798,
      1403.291506016798,
      1403.291506016798,
      1403.291506016798,
      1403.291506016798,
      1403.291506016798,
      1403.291506016798,
      1403.291506016798,
      1403.291506016798,
      1403.291506016798,
      1403.291506016798,
      1403.291506016798,
      1403.291506016798,
      1403.291506016798,
      1403.291506016798,
      1403.291506016798,
      1403.291506016798,
      330.5478194111638,
      330.5478194111638,
      330.5478194111638,
      330.5478194111638,
      330.5478194111638,
      330.5478194111638,
      330.5478194111638,
      330.5478194111638,
      330.5478194111638,
      330.5478194111638,
      330.5478194111638,
      330.5478194111638,
      330.5478194111638,
      330.5478194111638,
      330.5478194111638,
      330.5478194111638,
      330.5478194111638,
      330.5478194111638,
      330.5478194111638,
      330.5478194111638,
      330.5478194111638,
      330.5478194111638,
      330.5478194111638,
      330.5478194111638,
      330.5478194111638,
      330.5478194111638,
      330.5478194111638,
      330.5478194111638,
      330.5478194111638,
      330.5478194111638,
      330.5478194111638,
      330.5478194111638,
      330.5478194111638,
      223.80433179877582,
      223.80433179877582,
      223.80433179877582,
      223.80433179877582,
      223.80433179877582,
      223.80433179877582,
      223.80433179877582,
      223.80433179877582,
      223.80433179877582,
      223.80433179877582,
      223.80433179877582,
      223.80433179877582,
      223.80433179877582,
      223.80433179877582,
      223.80433179877582,
      223.80433179877582,
      223.80433179877582,
      223.80433179877582,
      223.80433179877582,
      223.80433179877582,
      223.80433179877582,
      223.80433179877582,
      372.4457982730928,
      372.4457982730928,
      372.4457982730928,
      372.4457982730928,
      372.4457982730928,
      372.4457982730928,
      372.4457982730928,
      372.4457982730928,
      372.4457982730928,
      372.4457982730928,
      372.4457982730928,
      372.4457982730928,
      372.4457982730928,
      372.4457982730928,
      372.4457982730928,
      372.4457982730928,
      372.4457982730928,
      372.4457982730928,
      372.4457982730928,
      372.4457982730928,
      372.4457982730928,
      372.4457982730928,
      372.4457982730928,
      372.4457982730928,
      372.4457982730928,
      372.4457982730928,
      372.4457982730928,
      372.4457982730928,
      372.4457982730928,
      372.4457982730928,
      372.4457982730928,
      372.4457982730928,
      372.4457982730928,
      372.4457982730928,
      372.4457982730928,
      372.4457982730928,
      372.4457982730928,
      372.4457982730928,
      83.7540167162224,
      83.7540167162224,
      83.7540167162224,
      83.7540167162224,
      83.7540167162224,
      83.7540167162224,
      83.7540167162224,
      83.7540167162224,
      176.18606833554804,
      176.18606833554804,
      176.18606833554804,
      176.18606833554804,
      176.18606833554804,
      176.18606833554804,
      176.18606833554804,
      176.18606833554804,
      176.18606833554804,
      176.18606833554804,
      176.18606833554804,
      176.18606833554804,
      176.18606833554804,
      176.18606833554804,
      176.18606833554804,
      176.18606833554804,
      176.18606833554804,
      176.18606833554804,
      126.88491694700133,
      126.88491694700133,
      126.88491694700133,
      126.88491694700133,
      126.88491694700133,
      126.88491694700133,
      126.88491694700133,
      126.88491694700133,
      126.88491694700133,
      126.88491694700133,
      126.88491694700133,
      126.88491694700133,
      154.87461073242594,
      154.87461073242594,
      154.87461073242594,
      154.87461073242594,
      154.87461073242594,
      154.87461073242594,
      154.87461073242594,
      154.87461073242594,
      154.87461073242594,
      154.87461073242594,
      154.87461073242594,
      154.87461073242594,
      154.87461073242594,
      154.87461073242594,
      154.87461073242594,
      154.87461073242594,
      87.8849457748438,
      87.8849457748438,
      87.8849457748438,
      87.8849457748438,
      87.8849457748438,
      87.8849457748438,
      87.8849457748438,
      87.8849457748438,
      278.1061558127076,
      278.1061558127076,
      278.1061558127076,
      278.1061558127076,
      278.1061558127076,
      278.1061558127076,
      278.1061558127076,
      278.1061558127076,
      278.1061558127076,
      278.1061558127076,
      278.1061558127076,
      278.1061558127076,
      278.1061558127076,
      278.1061558127076,
      278.1061558127076,
      278.1061558127076,
      278.1061558127076,
      278.1061558127076,
      278.1061558127076,
      278.1061558127076,
      278.1061558127076,
      278.1061558127076,
      278.1061558127076,
      278.1061558127076,
      278.1061558127076,
      278.1061558127076,
      278.1061558127076,
      278.1061558127076,
      191.62997750287104,
      191.62997750287104,
      191.62997750287104,
      191.62997750287104,
      191.62997750287104,
      191.62997750287104,
      191.62997750287104,
      191.62997750287104,
      191.62997750287104,
      191.62997750287104,
      191.62997750287104,
      191.62997750287104,
      191.62997750287104,
      191.62997750287104,
      191.62997750287104,
      191.62997750287104,
      191.62997750287104,
      191.62997750287104,
      191.62997750287104,
      246.49177648789555,
      246.49177648789555,
      246.49177648789555,
      246.49177648789555,
      246.49177648789555,
      246.49177648789555,
      246.49177648789555,
      246.49177648789555,
      246.49177648789555,
      246.49177648789555,
      246.49177648789555,
      246.49177648789555,
      246.49177648789555,
      246.49177648789555,
      246.49177648789555,
      246.49177648789555,
      246.49177648789555,
      246.49177648789555,
      246.49177648789555,
      246.49177648789555,
      246.49177648789555,
      246.49177648789555,
      246.49177648789555,
      246.49177648789555,
      246.49177648789555,
      293.4184931569471,
      293.4184931569471,
      293.4184931569471,
      293.4184931569471,
      293.4184931569471,
      293.4184931569471,
      293.4184931569471,
      293.4184931569471,
      293.4184931569471,
      293.4184931569471,
      293.4184931569471,
      293.4184931569471,
      293.4184931569471,
      293.4184931569471,
      293.4184931569471,
      293.4184931569471,
      293.4184931569471,
      293.4184931569471,
      293.4184931569471,
      293.4184931569471,
      293.4184931569471,
      293.4184931569471,
      293.4184931569471,
      293.4184931569471,
      293.4184931569471,
      293.4184931569471,
      293.4184931569471,
      293.4184931569471,
      293.4184931569471,
      224.08276479880806,
      224.08276479880806,
      224.08276479880806,
      224.08276479880806,
      224.08276479880806,
      224.08276479880806,
      224.08276479880806,
      224.08276479880806,
      224.08276479880806,
      224.08276479880806,
      224.08276479880806,
      224.08276479880806,
      224.08276479880806,
      224.08276479880806,
      224.08276479880806,
      224.08276479880806,
      224.08276479880806,
      224.08276479880806,
      224.08276479880806,
      224.08276479880806,
      224.08276479880806,
      224.08276479880806,
      224.08276479880806,
      317.96010257435773,
      317.96010257435773,
      317.96010257435773,
      317.96010257435773,
      317.96010257435773,
      317.96010257435773,
      317.96010257435773,
      317.96010257435773,
      317.96010257435773,
      317.96010257435773,
      317.96010257435773,
      317.96010257435773,
      317.96010257435773,
      317.96010257435773,
      317.96010257435773,
      317.96010257435773,
      317.96010257435773,
      317.96010257435773,
      317.96010257435773,
      317.96010257435773,
      317.96010257435773,
      317.96010257435773,
      317.96010257435773,
      317.96010257435773,
      317.96010257435773,
      317.96010257435773,
      317.96010257435773,
      317.96010257435773,
      317.96010257435773,
      317.96010257435773,
      317.96010257435773,
      317.96010257435773,
      395.21761759849323,
      395.21761759849323,
      395.21761759849323,
      395.21761759849323,
      395.21761759849323,
      395.21761759849323,
      395.21761759849323,
      395.21761759849323,
      395.21761759849323,
      395.21761759849323,
      395.21761759849323,
      395.21761759849323,
      395.21761759849323,
      395.21761759849323,
      395.21761759849323,
      395.21761759849323,
      395.21761759849323,
      395.21761759849323,
      395.21761759849323,
      395.21761759849323,
      395.21761759849323,
      395.21761759849323,
      395.21761759849323,
      395.21761759849323,
      395.21761759849323,
      395.21761759849323,
      395.21761759849323,
      395.21761759849323,
      395.21761759849323,
      395.21761759849323,
      395.21761759849323,
      395.21761759849323,
      395.21761759849323,
      395.21761759849323,
      395.21761759849323,
      395.21761759849323,
      395.21761759849323,
      395.21761759849323,
      395.21761759849323,
      274.8028288837122,
      274.8028288837122,
      274.8028288837122,
      274.8028288837122,
      274.8028288837122,
      274.8028288837122,
      274.8028288837122,
      274.8028288837122,
      274.8028288837122,
      274.8028288837122,
      274.8028288837122,
      274.8028288837122,
      274.8028288837122,
      274.8028288837122,
      274.8028288837122,
      274.8028288837122,
      274.8028288837122,
      274.8028288837122,
      274.8028288837122,
      274.8028288837122,
      274.8028288837122,
      274.8028288837122,
      274.8028288837122,
      274.8028288837122,
      274.8028288837122,
      274.8028288837122,
      274.8028288837122,
      274.8028288837122,
      240.7958180408641,
      240.7958180408641,
      240.7958180408641,
      240.7958180408641,
      240.7958180408641,
      240.7958180408641,
      240.7958180408641,
      240.7958180408641,
      240.7958180408641,
      240.7958180408641,
      240.7958180408641,
      240.7958180408641,
      240.7958180408641,
      240.7958180408641,
      240.7958180408641,
      240.7958180408641,
      240.7958180408641,
      240.7958180408641,
      240.7958180408641,
      240.7958180408641,
      240.7958180408641,
      240.7958180408641,
      240.7958180408641,
      240.7958180408641,
      640.0832140051753,
      640.0832140051753,
      640.0832140051753,
      640.0832140051753,
      640.0832140051753,
      640.0832140051753,
      640.0832140051753,
      640.0832140051753,
      640.0832140051753,
      640.0832140051753,
      640.0832140051753,
      640.0832140051753,
      640.0832140051753,
      640.0832140051753,
      640.0832140051753,
      640.0832140051753,
      640.0832140051753,
      640.0832140051753,
      640.0832140051753,
      640.0832140051753,
      640.0832140051753,
      640.0832140051753,
      640.0832140051753,
      640.0832140051753,
      640.0832140051753,
      640.0832140051753,
      640.0832140051753,
      640.0832140051753,
      640.0832140051753,
      640.0832140051753,
      640.0832140051753,
      640.0832140051753,
      640.0832140051753,
      640.0832140051753,
      640.0832140051753,
      640.0832140051753,
      640.0832140051753,
      640.0832140051753,
      640.0832140051753,
      640.0832140051753,
      640.0832140051753,
      640.0832140051753,
      640.0832140051753,
      640.0832140051753,
      640.0832140051753,
      640.0832140051753,
      640.0832140051753,
      640.0832140051753,
      640.0832140051753,
      640.0832140051753,
      640.0832140051753,
      640.0832140051753,
      640.0832140051753,
      640.0832140051753,
      640.0832140051753,
      640.0832140051753,
      640.0832140051753,
      640.0832140051753,
      640.0832140051753,
      640.0832140051753,
      640.0832140051753,
      640.0832140051753,
      640.0832140051753,
      640.0832140051753,
      193.68852743350362,
      193.68852743350362,
      193.68852743350362,
      193.68852743350362,
      193.68852743350362,
      193.68852743350362,
      193.68852743350362,
      193.68852743350362,
      193.68852743350362,
      193.68852743350362,
      193.68852743350362,
      193.68852743350362,
      193.68852743350362,
      193.68852743350362,
      193.68852743350362,
      193.68852743350362,
      193.68852743350362,
      193.68852743350362,
      193.68852743350362,
      63.52784828447693,
      63.52784828447693,
      63.52784828447693,
      63.52784828447693,
      63.52784828447693,
      63.52784828447693,
      88.95740845087857,
      88.95740845087857,
      88.95740845087857,
      88.95740845087857,
      88.95740845087857,
      88.95740845087857,
      88.95740845087857,
      88.95740845087857,
      88.95740845087857,
      88.95740845087857
    ],
    "is_long_segment": [
      false,
      false,
      false,
      false,
      false,
      false,
      false,
      false,
      false,
      false,
      false,
      false,
      false,
      false,
      false,
      false,
      false,
      false,
      false,
      false,
      false,
      false,
      false,
      false,
      false,
      false,
      false,
      false,
      false,
      false,
      false,
      false,
      false,
      false,
      false,
      false,
      false,
      false,
      false,
      false,
      false,
      false,
      false,
      false,
      false,
      false,
      false,
      false,
      false,
      false,
      false,
      false,
      false,
      false,
      false,
      false,
      false,
      false,
      false,
      false,
      false,
      false,
      false,
      false,
      false,
      false,
      false,
      false,
      false,
      false,
      false,
      false,
      false,
      false,
      false,
      false,
      false,
      false,
      false,
      false,
      false,
      false,
      false,
      false,
      false,
      false,
      false,
      false,
      false,
      false,
      false,
      false,
      false,
      false,
      false,
      false,
      false,
      false,
      false,
      false,
      false,
      false,
      false,
      true,
      true,
      true,
      true,
      true,
      true,
      true,
      true,
      true,
      true,
      true,
      true,
      true,
      true,
      true,
      true,
      true,
      true,
      true,
      true,
      true,
      true,
      true,
      true,
      true,
      true,
      true,
      true,
      true,
      true,
      true,
      true,
      true,
      true,
      true,
      true,
      true,
      true,
      true,
      true,
      true,
      true,
      true,
      true,
      true,
      true,
      true,
      true,
      true,
      true,
      true,
      true,
      true,
      true,
      true,
      true,
      true,
      true,
      true,
      true,
      true,
      true,
      true,
      true,
      true,
      false,
      false,
      false,
      true,
      true,
      true,
      true,
      true,
      true,
      true,
      true,
      true,
      true,
      true,
      true,
      true,
      true,
      true,
      true,
      true,
      true,
      true,
      true,
      true,
      true,
      true,
      true,
      true,
      true,
      true,
      true,
      true,
      true,
      true,
      true,
      true,
      true,
      true,
      true,
      true,
      true,
      false,
      false,
      false,
      false,
      false,
      false,
      false,
      false,
      false,
      false,
      false,
      false,
      false,
      false,
      false,
      false,
      false,
      false,
      false,
      false,
      false,
      false,
      false,
      false,
      false,
      false,
      false,
      false,
      false,
      false,
      false,
      false,
      false,
      false,
      false,
      false,
      false,
      false,
      false,
      false,
      false,
      false,
      false,
      false,
      false,
      false,
      false,
      false,
      false,
      false,
      false,
      false,
      false,
      false,
      false,
      false,
      false,
      false,
      false,
      false,
      false,
      false,
      false,
      false,
      false,
      false,
      false,
      false,
      false,
      false,
      false,
      false,
      false,
      false,
      false,
      false,
      false,
      false,
      false,
      false,
      false,
      false,
      false,
      false,
      false,
      false,
      false,
      false,
      false,
      false,
      false,
      false,
      false,
      false,
      false,
      false,
      true,
      true,
      true,
      true,
      true,
      true,
      true,
      true,
      true,
      true,
      true,
      true,
      true,
      true,
      true,
      true,
      true,
      true,
      true,
      true,
      true,
      true,
      true,
      true,
      true,
      true,
      true,
      true,
      true,
      true,
      true,
      true,
      true,
      true,
      true,
      true,
      true,
      true,
      true,
      false,
      false,
      false,
      false,
      false,
      false,
      false,
      false,
      false,
      false,
      false,
      false,
      false,
      false,
      false,
      false,
      false,
      false,
      false,
      false,
      false,
      false,
      false,
      false,
      false,
      false,
      false,
      false,
      false,
      false,
      false,
      false,
      false,
      false,
      false,
      false,
      false,
      false,
      false,
      false,
      false,
      false,
      false,
      false,
      false,
      false,
      false,
      false,
      false,
      false,
      false,
      false,
      false,
      false,
      false,
      false,
      false,
      false,
      false,
      false,
      false,
      false,
      false,
      false,
      false,
      false,
      false,
      false,
      false,
      false,
      false,
      false,
      false,
      false,
      false,
      false,
      false,
      false,
      false,
      false,
      false,
      false,
      false,
      false,
      false,
      false,
      false,
      false,
      false,
      false,
      false,
      false,
      false,
      false,
      false,
      false,
      false,
      false,
      false,
      false,
      false,
      false,
      false,
      false,
      false,
      false,
      false,
      false,
      false,
      false,
      false,
      false,
      false,
      false,
      false,
      false,
      false,
      false,
      false,
      false,
      false,
      false,
      false,
      false,
      false,
      false,
      false,
      false,
      false,
      false,
      false,
      false,
      false,
      false,
      false,
      false,
      false,
      false,
      false,
      false,
      false,
      false,
      false,
      false,
      false,
      false,
      false,
      false,
      false,
      false,
      false,
      false,
      false,
      false,
      false,
      false,
      false,
      false,
      false,
      false,
      false,
      false,
      false,
      false,
      false,
      false,
      false,
      false,
      false,
      false,
      false,
      false,
      false,
      false,
      false,
      false,
      false,
      false,
      false,
      false,
      false,
      false,
      false,
      false,
      false,
      false,
      false,
      false,
      false,
      false,
      false,
      false,
      false,
      false,
      false,
      false,
      false,
      false,
      false,
      false,
      false,
      false,
      false,
      false,
      false,
      false,
      false,
      false,
      false,
      false,
      false,
      false,
      false,
      false,
      false,
      false,
      false,
      false,
      false,
      false,
      false,
      false,
      false,
      false,
      false,
      false,
      false,
      false,
      false,
      false,
      false,
      false,
      false,
      false,
      false,
      false,
      false,
      false,
      false,
      false,
      false,
      false,
      false,
      false,
      false,
      false,
      false,
      false,
      false,
      false,
      false,
      false,
      false,
      false,
      false,
      false,
      false,
      false,
      false,
      false,
      false,
      false,
      false,
      false,
      false,
      false,
      false,
      false,
      false,
      false,
      false,
      false,
      false,
      false,
      false,
      false,
      false,
      false,
      false,
      false,
      false,
      false,
      false,
      false,
      false,
      false,
      false,
      false,
      false,
      false,
      false,
      false,
      false,
      false,
      false,
      false,
      false,
      false,
      false,
      false,
      false,
      false,
      false,
      false,
      false,
      false,
      false,
      false,
      false,
      false,
      false,
      false,
      false,
      false,
      false,
      false,
      false,
      false,
      false,
      false,
      false,
      false,
      false,
      false,
      false,
      false,
      false,
      false,
      false,
      false,
      false,
      false,
      false,
      false,
      false,
      false,
      false,
      false,
      false,
      false,
      false,
      false,
      false,
      false,
      false,
      false,
      false,
      false,
      false,
      false,
      false,
      false,
      false,
      false,
      true,
      true,
      true,
      true,
      true,
      true,
      true,
      true,
      true,
      true,
      true,
      true,
      true,
      true,
      true,
      true,
      true,
      true,
      true,
      true,
      true,
      true,
      true,
      true,
      true,
      true,
      true,
      true,
      true,
      true,
      true,
      false,
      false,
      false,
      false,
      false,
      false,
      false,
      false,
      false,
      false,
      false,
      false,
      false,
      false,
      false,
      false,
      false,
      false,
      false,
      false,
      false,
      false,
      false,
      false,
      false,
      false,
      false,
      false,
      false,
      false,
      false,
      false,
      false,
      false,
      false,
      false,
      false,
      false,
      false,
      false,
      false,
      false,
      false,
      false,
      false,
      false,
      false,
      false,
      false,
      false,
      false,
      false,
      false,
      false,
      false,
      false,
      false,
      false,
      false,
      false,
      false,
      false,
      false,
      false,
      false,
      false,
      false,
      false,
      false,
      false,
      false,
      false,
      false,
      false,
      false,
      false,
      false,
      false,
      false,
      false,
      false,
      false,
      false,
      false,
      false,
      false,
      false,
      false,
      false,
      false,
      false,
      false,
      false,
      false,
      false,
      false,
      false,
      false,
      false,
      false,
      false,
      false,
      false,
      false,
      false,
      false,
      false,
      false,
      false,
      false,
      false,
      false,
      false,
      false,
      false,
      false,
      false,
      false,
      false,
      false,
      false,
      false,
      true,
      true,
      true,
      true,
      true,
      true,
      true,
      true,
      true,
      true,
      true,
      true,
      true,
      true,
      true,
      true,
      true,
      true,
      true,
      true,
      true,
      true,
      true,
      true,
      true,
      true,
      true,
      true,
      true,
      true,
      true,
      true,
      true,
      true,
      true,
      true,
      true,
      true,
      true,
      true,
      true,
      true,
      false,
      false,
      false,
      false,
      false,
      false,
      false,
      true,
      true,
      true,
      true,
      true,
      true,
      true,
      true,
      true,
      true,
      true,
      true,
      true,
      true,
      true,
      true,
      true,
      true,
      true,
      true,
      true,
      true,
      true,
      true,
      true,
      true,
      true,
      true,
      true,
      true,
      true,
      true,
      true,
      true,
      true,
      true,
      true,
      true,
      true,
      true,
      true,
      true,
      true,
      true,
      true,
      true,
      true,
      true,
      true,
      true,
      true,
      true,
      true,
      true,
      true,
      true,
      true,
      true,
      true,
      true,
      true,
      true,
      true,
      true,
      true,
      true,
      true,
      true,
      true,
      true,
      true,
      true,
      true,
      true,
      true,
      true,
      true,
      true,
      true,
      true,
      true,
      true,
      true,
      true,
      true,
      true,
      true,
      true,
      true,
      true,
      true,
      true,
      true,
      true,
      true,
      true,
      true,
      true,
      true,
      true,
      true,
      true,
      true,
      true,
      true,
      true,
      true,
      true,
      true,
      true,
      true,
      true,
      true,
      true,
      true,
      true,
      true,
      true,
      true,
      true,
      true,
      true,
      true,
      true,
      true,
      true,
      true,
      true,
      true,
      true,
      true,
      true,
      true,
      true,
      true,
      true,
      true,
      true,
      true,
      true,
      true,
      true,
      true,
      true,
      true,
      true,
      true,
      true,
      true,
      true,
      true,
      true,
      true,
      true,
      true,
      true,
      true,
      true,
      true,
      true,
      true,
      true,
      true,
      true,
      true,
      true,
      true,
      true,
      true,
      true,
      true,
      true,
      true,
      true,
      true,
      true,
      true,
      true,
      true,
      true,
      true,
      true,
      true,
      true,
      true,
      true,
      true,
      true,
      true,
      true,
      true,
      true,
      true,
      true,
      true,
      true,
      true,
      true,
      true,
      true,
      true,
      false,
      false,
      false,
      false,
      false,
      false,
      false,
      false,
      false,
      false,
      false,
      false,
      false,
      false,
      false,
      false,
      false,
      false,
      false,
      false,
      false,
      false,
      false,
      false,
      false,
      false,
      false,
      false,
      false,
      false,
      false,
      false,
      false,
      false,
      false,
      false,
      false,
      false,
      false,
      false,
      false,
      false,
      false,
      false,
      false,
      false,
      false,
      false,
      false,
      false,
      false,
      false,
      false,
      false,
      false,
      false,
      false,
      false,
      false,
      false,
      false,
      false,
      false,
      false,
      false,
      false,
      false,
      false,
      false,
      false,
      false,
      false,
      false,
      false,
      false,
      false,
      false,
      false,
      false,
      false,
      false,
      false,
      false,
      false,
      false,
      false,
      false,
      false,
      false,
      false,
      false,
      false,
      false,
      false,
      false,
      false,
      false,
      false,
      false,
      false,
      false,
      false,
      false,
      false,
      false,
      false,
      false,
      false,
      false,
      false,
      false,
      false,
      false,
      false,
      false,
      false,
      true,
      true,
      true,
      true,
      true,
      true,
      true,
      true,
      true,
      true,
      true,
      true,
      true,
      true,
      true,
      true,
      true,
      true,
      true,
      true,
      true,
      true,
      true,
      true,
      true,
      true,
      true,
      true,
      true,
      true,
      true,
      true,
      true,
      true,
      true,
      true,
      true,
      true,
      true,
      true,
      true,
      true,
      true,
      true,
      true,
      true,
      true,
      true,
      true,
      true,
      true,
      true,
      true,
      true,
      true,
      true,
      true,
      true,
      true,
      true,
      true,
      true,
      true,
      true,
      true,
      true,
      true,
      true,
      true,
      true,
      true,
      true,
      true,
      true,
      true,
      true,
      true,
      true,
      true,
      true,
      true,
      true,
      true,
      true,
      true,
      true,
      true,
      true,
      true,
      true,
      true,
      true,
      true,
      true,
      true,
      true,
      true,
      true,
      true,
      true,
      true,
      true,
      true,
      true,
      true,
      true,
      true,
      true,
      true,
      true,
      true,
      true,
      true,
      true,
      true,
      true,
      true,
      true,
      true,
      true,
      true,
      true,
      true,
      true,
      true,
      true,
      true,
      true,
      true,
      true,
      true,
      true,
      true,
      true,
      true,
      true,
      true,
      true,
      true,
      true,
      true,
      true,
      true,
      true,
      true,
      true,
      true,
      true,
      true,
      true,
      true,
      true,
      true,
      true,
      true,
      true,
      true,
      true,
      true,
      true,
      true,
      true,
      true,
      true,
      true,
      true,
      true,
      true,
      true,
      true,
      true,
      true,
      true,
      true,
      true,
      true,
      true,
      true,
      true,
      true,
      true,
      true,
      true,
      true,
      true,
      true,
      true,
      true,
      true,
      true,
      true,
      true,
      true,
      true,
      true,
      true,
      true,
      true,
      true,
      true,
      true,
      true,
      true,
      true,
      true,
      true,
      true,
      true,
      true,
      true,
      true,
      true,
      true,
      true,
      true,
      true,
      true,
      true,
      true,
      true,
      true,
      true,
      true,
      true,
      true,
      true,
      true,
      true,
      true,
      true,
      true,
      true,
      true,
      true,
      true,
      true,
      true,
      true,
      true,
      true,
      true,
      true,
      true,
      true,
      true,
      true,
      true,
      true,
      true,
      true,
      true,
      true,
      true,
      true,
      true,
      true,
      true,
      true,
      true,
      true,
      true,
      true,
      true,
      true,
      true,
      true,
      true,
      true,
      true,
      true,
      true,
      true,
      true,
      true,
      true,
      true,
      true,
      true,
      true,
      true,
      true,
      true,
      true,
      true,
      true,
      true,
      true,
      true,
      true,
      true,
      true,
      true,
      true,
      true,
      true,
      true,
      true,
      true,
      true,
      true,
      true,
      true,
      true,
      true,
      true,
      true,
      true,
      true,
      true,
      true,
      true,
      true,
      true,
      true,
      true,
      true,
      true,
      true,
      true,
      true,
      true,
      true,
      true,
      true,
      true,
      true,
      true,
      true,
      true,
      true,
      true,
      true,
      true,
      true,
      true,
      true,
      true,
      true,
      true,
      true,
      true,
      true,
      true,
      true,
      true,
      true,
      true,
      true,
      true,
      true,
      true,
      true,
      true,
      true,
      true,
      true,
      true,
      true,
      true,
      true,
      true,
      true,
      true,
      true,
      true,
      true,
      true,
      true,
      true,
      true,
      true,
      true,
      true,
      true,
      true,
      true,
      true,
      true,
      true,
      true,
      true,
      true,
      true,
      true,
      true,
      true,
      true,
      true,
      true,
      true,
      true,
      true,
      true,
      true,
      true,
      true,
      true,
      true,
      true,
      true,
      true,
      true,
      true,
      true,
      true,
      true,
      true,
      true,
      true,
      true,
      true,
      true,
      true,
      true,
      true,
      true,
      true,
      true,
      true,
      true,
      true,
      true,
      true,
      true,
      true,
      true,
      true,
      true,
      true,
      true,
      true,
      true,
      true,
      true,
      true,
      true,
      true,
      true,
      true,
      true,
      true,
      true,
      true,
      true,
      true,
      true,
      true,
      true,
      true,
      true,
      true,
      true,
      true,
      true,
      true,
      true,
      true,
      true,
      true,
      true,
      true,
      true,
      true,
      true,
      true,
      true,
      true,
      true,
      true,
      true,
      false,
      false,
      false,
      false,
      false,
      false,
      false,
      false,
      false,
      false,
      false,
      false,
      false,
      false,
      false,
      false,
      false,
      false,
      false,
      false,
      false,
      false,
      false,
      false,
      false,
      false,
      false,
      false,
      false,
      false,
      false,
      false,
      false,
      false,
      false,
      false,
      false,
      false,
      false,
      false,
      false,
      false,
      false,
      false,
      false,
      false,
      false,
      false,
      false,
      false,
      false,
      false,
      false,
      false,
      false,
      false,
      false,
      false,
      false,
      false,
      false,
      false,
      false,
      false,
      false,
      false,
      false,
      false,
      false,
      false,
      false,
      false,
      false,
      false,
      false,
      false,
      false,
      false,
      false,
      false,
      false,
      false,
      false,
      false,
      false,
      false,
      false,
      false,
      false,
      false,
      false,
      false,
      false,
      false,
      false,
      false,
      false,
      false,
      false,
      false,
      false,
      false,
      false,
      false,
      true,
      true,
      true,
      true,
      true,
      true,
      true,
      true,
      true,
      true,
      true,
      true,
      true,
      true,
      true,
      true,
      true,
      true,
      true,
      true,
      true,
      true,
      true,
      true,
      true,
      true,
      true,
      true,
      true,
      true,
      true,
      true,
      true,
      true,
      true,
      true,
      true,
      true,
      true,
      true,
      true,
      true,
      true,
      true,
      true,
      true,
      true,
      false,
      false,
      false,
      false,
      false,
      false,
      false,
      false,
      false,
      false,
      false,
      false,
      false,
      false,
      false,
      false,
      false,
      false,
      false,
      false,
      false,
      false,
      false,
      false,
      false,
      false,
      true,
      true,
      true,
      true,
      true,
      true,
      true,
      true,
      true,
      true,
      true,
      true,
      true,
      true,
      true,
      true,
      true,
      true,
      true,
      true,
      true,
      true,
      true,
      true,
      true,
      true,
      true,
      true,
      true,
      true,
      true,
      false,
      false,
      false,
      false,
      false,
      false,
      false,
      false,
      false,
      false,
      false,
      false,
      false,
      false,
      false,
      false,
      false,
      false,
      false,
      false,
      false,
      false,
      false,
      false,
      false,
      false,
      false,
      false,
      false,
      false,
      false,
      false,
      false,
      false,
      false,
      false,
      false,
      false,
      false,
      true,
      true,
      true,
      true,
      true,
      true,
      true,
      true,
      true,
      true,
      true,
      true,
      true,
      true,
      true,
      true,
      true,
      true,
      true,
      true,
      true,
      true,
      true,
      true,
      true,
      true,
      true,
      true,
      true,
      true,
      true,
      true,
      true,
      false,
      false,
      false,
      false,
      false,
      false,
      false,
      false,
      false,
      false,
      false,
      false,
      false,
      false,
      false,
      false,
      false,
      false,
      false,
      false,
      false,
      false,
      false,
      false,
      false,
      false,
      false,
      false,
      false,
      false,
      false,
      false,
      false,
      false,
      false,
      false,
      false,
      false,
      false,
      false,
      false,
      false,
      false,
      false,
      false,
      false,
      false,
      false,
      false,
      false,
      false,
      false,
      false,
      false,
      false,
      false,
      false,
      false,
      false,
      false,
      false,
      false,
      false,
      false,
      false,
      false,
      false,
      false,
      false,
      false,
      false,
      false,
      false,
      false,
      false,
      false,
      false,
      false,
      false,
      false,
      false,
      false,
      false,
      false,
      false,
      false,
      false,
      false,
      false,
      false,
      false,
      false,
      true,
      true,
      true,
      true,
      true,
      true,
      true,
      true,
      true,
      true,
      true,
      true,
      true,
      true,
      true,
      true,
      true,
      true,
      true,
      true,
      true,
      true,
      true,
      true,
      true,
      true,
      true,
      true,
      true,
      true,
      true,
      true,
      true,
      true,
      true,
      true,
      true,
      true,
      true,
      true,
      true,
      true,
      true,
      true,
      true,
      true,
      true,
      true,
      true,
      true,
      true,
      true,
      true,
      true,
      true,
      true,
      true,
      true,
      true,
      true,
      true,
      true,
      true,
      true,
      true,
      true,
      true,
      true,
      true,
      true,
      true,
      true,
      true,
      true,
      true,
      true,
      true,
      true,
      true,
      true,
      true,
      true,
      true,
      true,
      true,
      true,
      true,
      true,
      true,
      true,
      true,
      true,
      true,
      true,
      true,
      true,
      true,
      true,
      true,
      true,
      true,
      true,
      true,
      true,
      true,
      true,
      true,
      true,
      true,
      true,
      true,
      true,
      true,
      true,
      true,
      true,
      true,
      true,
      true,
      true,
      true,
      true,
      true,
      true,
      true,
      true,
      true,
      true,
      true,
      true,
      true,
      true,
      true,
      true,
      true,
      true,
      true,
      true,
      true,
      true,
      true,
      true,
      true,
      true,
      true,
      true,
      true,
      true,
      true,
      true,
      true,
      true,
      true,
      true,
      true,
      true,
      true,
      true,
      true,
      true,
      true,
      true,
      true,
      true,
      true,
      true,
      true,
      true,
      true,
      true,
      true,
      true,
      true,
      true,
      false,
      false,
      false,
      false,
      false,
      false,
      false,
      false,
      false,
      false,
      false,
      false,
      false,
      false,
      false,
      false,
      false,
      false,
      false,
      false,
      false,
      false,
      true,
      true,
      true,
      true,
      true,
      true,
      true,
      true,
      true,
      true,
      true,
      true,
      true,
      true,
      true,
      true,
      true,
      true,
      true,
      true,
      true,
      true,
      true,
      true,
      true,
      true,
      true,
      true,
      true,
      true,
      true,
      true,
      true,
      true,
      true,
      true,
      true,
      true,
      false,
      false,
      false,
      false,
      false,
      false,
      false,
      false,
      false,
      false,
      false,
      false,
      false,
      false,
      false,
      false,
      false,
      false,
      false,
      false,
      false,
      false,
      false,
      false,
      false,
      false,
      false,
      false,
      false,
      false,
      false,
      false,
      false,
      false,
      false,
      false,
      false,
      false,
      false,
      false,
      false,
      false,
      false,
      false,
      false,
      false,
      false,
      false,
      false,
      false,
      false,
      false,
      false,
      false,
      false,
      false,
      false,
      false,
      false,
      false,
      false,
      false,
      false,
      false,
      false,
      false,
      false,
      false,
      false,
      false,
      false,
      false,
      false,
      false,
      false,
      false,
      false,
      false,
      false,
      false,
      false,
      false,
      false,
      false,
      false,
      false,
      false,
      false,
      false,
      false,
      false,
      false,
      false,
      false,
      false,
      false,
      false,
      false,
      false,
      false,
      false,
      false,
      false,
      false,
      false,
      false,
      false,
      false,
      false,
      false,
      false,
      false,
      false,
      false,
      false,
      false,
      false,
      false,
      false,
      false,
      false,
      false,
      false,
      false,
      false,
      false,
      false,
      false,
      false,
      false,
      false,
      false,
      false,
      false,
      false,
      false,
      false,
      false,
      false,
      false,
      false,
      false,
      false,
      false,
      false,
      false,
      false,
      false,
      false,
      false,
      false,
      false,
      false,
      false,
      false,
      false,
      false,
      false,
      false,
      false,
      false,
      false,
      false,
      false,
      false,
      false,
      false,
      false,
      false,
      false,
      false,
      false,
      false,
      false,
      false,
      false,
      false,
      false,
      false,
      false,
      false,
      false,
      false,
      false,
      false,
      false,
      true,
      true,
      true,
      true,
      true,
      true,
      true,
      true,
      true,
      true,
      true,
      true,
      true,
      true,
      true,
      true,
      true,
      true,
      true,
      true,
      true,
      true,
      true,
      true,
      true,
      true,
      true,
      true,
      true,
      true,
      true,
      true,
      true,
      true,
      true,
      true,
      true,
      true,
      true,
      true,
      true,
      true,
      true,
      true,
      true,
      true,
      true,
      true,
      true,
      true,
      true,
      true,
      true,
      true,
      true,
      true,
      true,
      true,
      true,
      true,
      true,
      true,
      true,
      true,
      true,
      true,
      true,
      true,
      true,
      true,
      true,
      false,
      false,
      false,
      false,
      false,
      false,
      false,
      false,
      false,
      false,
      false,
      false,
      false,
      false,
      false,
      false,
      false,
      false,
      false,
      false,
      false,
      false,
      false,
      false,
      false,
      false,
      false,
      false,
      false,
      false,
      false,
      false,
      false,
      false,
      false,
      false,
      false,
      false,
      false,
      false,
      false,
      false,
      false,
      false,
      false,
      false,
      false,
      false,
      false,
      false,
      false,
      false,
      true,
      true,
      true,
      true,
      true,
      true,
      true,
      true,
      true,
      true,
      true,
      true,
      true,
      true,
      true,
      true,
      true,
      true,
      true,
      true,
      true,
      true,
      true,
      true,
      true,
      true,
      true,
      true,
      true,
      true,
      true,
      true,
      true,
      true,
      true,
      true,
      true,
      true,
      true,
      true,
      true,
      true,
      true,
      true,
      true,
      true,
      true,
      true,
      true,
      true,
      true,
      true,
      true,
      true,
      true,
      true,
      true,
      true,
      true,
      true,
      true,
      true,
      true,
      true,
      false,
      false,
      false,
      false,
      false,
      false,
      false,
      false,
      false,
      false,
      false,
      false,
      false,
      false,
      false,
      false,
      false,
      false,
      false,
      false,
      false,
      false,
      false,
      false,
      false,
      false,
      false,
      false,
      false,
      false,
      false,
      false,
      false,
      false,
      false
    ],
    "resample_meta": {
      "ds_m": 10.0,
      "snap_transitions": true,
      "long_segment_m": 300.0,
      "n_in": 131,
      "n_unique_in": 131,
      "n_out": 2701,
      "n_snapped": 27,
      "n_long_segment": 1344
    }
  }
}