{
  "type": "Feature",
  "geometry": {
    "type": "LineString",
    "coordinates": [
      [
        -104.8918181,
        38.3185834
      ],
      [
        -104.89171002994219,
        38.318553424114604
      ],
      [
        -104.89160195988438,
        38.318523448229215
      ],
      [
        -104.89149388982656,
        38.31849347234382
      ],
      [
        -104.89138581976876,
        38.31846349645843
      ],
      [
        -104.89127774971095,
        38.31843352057303
      ],
      [
        -104.89116967965315,
        38.318403544687634
      ],
      [
        -104.89106160959534,
        38.318373568802244
      ],
      [
        -104.89095353953752,
        38.31834359291685
      ],
      [
        -104.8908459970411,
        38.31831255348755
      ],
      [
        -104.89074052672045,
        38.3182773366298
      ],
      [
        -104.89063505639982,
        38.31824211977204
      ],
      [
        -104.89052958607917,
        38.318206902914284
      ],
      [
        -104.89042411575853,
        38.31817168605652
      ],
      [
        -104.89031864543789,
        38.31813646919876
      ],
      [
        -104.89021317511724,
        38.31810125234101
      ],
      [
        -104.8901077047966,
        38.31806603548325
      ],
      [
        -104.89000223447596,
        38.318030818625495
      ],
      [
        -104.88989824322252,
        38.31799318733568
      ],
      [
        -104.88979730299816,
        38.31795057554031
      ],
      [
        -104.8896963627738,
        38.317907963744936
      ],
      [
        -104.88959542254945,
        38.317865351949564
      ],
      [
        -104.88949448232509,
        38.31782274015419
      ],
      [
        -104.88939354210073,
        38.31778012835882
      ],
      [
        -104.88929260187638,
        38.31773751656344
      ],
      [
        -104.8891948384669,
        38.317690884164406
      ],
      [
        -104.88910129742645,
        38.31763890789957
      ],
      [
        -104.889007756386,
        38.31758693163474
      ],
      [
        -104.88891421534554,
        38.31753495536991
      ],
      [
        -104.88882067430508,
        38.31748297910508
      ],
      [
        -104.88872845980615,
        38.317429592296946
      ],
      [
        -104.8886375607648,
        38.31737480673131
      ],
      [
        -104.88854666172347,
        38.31732002116567
      ],
      [
        -104.88845576268213,
        38.31726523560003
      ],
      [
        -104.88836486364079,
        38.317210450034395
      ],
      [
        -104.88827686608855,
        38.31715306258086
      ],
      [
        -104.88819558026853,
        38.31708965643337
      ],
      [
        -104.8881142944485,
        38.31702625028588
      ],
      [
        -104.88803300862848,
        38.31696284413839
      ],
      [
        -104.88795172280847,
        38.3168994379909
      ],
      [
        -104.88787043698844,
        38.31683603184341
      ],
      [
        -104.88778915116842,
        38.31677262569592
      ],
      [
        -104.8877078653484,
        38.31670921954843
      ],
      [
        -104.88762657952837,
        38.31664581340094
      ],
      [
        -104.88754529370836,
        38.31658240725345
      ],
      [
        -104.88746400788834,
        38.31651900110596
      ],
      [
        -104.88738272206831,
        38.31645559495847
      ],
      [
        -104.88730694383892,
        38.31638841216276
      ],
      [
        -104.88723773691,
        38.31631672331496
      ],
      [
        -104.88716852998107,
        38.316245034467165
      ],
      [
        -104.88709932305215,
        38.316173345619376
      ],
      [
        -104.88703011612323,
        38.31610165677158
      ],
      [
        -104.8869609091943,
        38.31602996792378
      ],
      [
        -104.88689170226539,
        38.315958279075986
      ],
      [
        -104.88682249533646,
        38.31588659022819
      ],
      [
        -104.88675328840753,
        38.31581490138039
      ],
      [
        -104.88668683291657,
        38.31574170161733
      ],
      [
        -104.88662467369275,
        38.315666142616735
      ],
      [
        -104.88656251446893,
        38.31559058361614
      ],
      [
        -104.8865003552451,
        38.31551502461555
      ],
      [
        -104.88643819602129,
        38.31543946561496
      ],
      [
        -104.88637603679747,
        38.315363906614365
      ],
      [
        -104.88631387757364,
        38.31528834761377
      ],
      [
        -104.88625171834983,
        38.31521278861319
      ],
      [
        -104.88618955912601,
        38.315137229612596
      ],
      [
        -104.88612739990218,
        38.315061670612
      ],
      [
        -104.88606524067836,
        38.31498611161141
      ],
      [
        -104.88600308145455,
        38.31491055261082
      ],
      [
        -104.88594092223072,
        38.314834993610226
      ],
      [
        -104.8858787630069,
        38.314759434609634
      ],
      [
        -104.88581660378308,
        38.31468387560905
      ],
      [
        -104.88575444455925,
        38.31460831660846
      ],
      [
        -104.88569228533544,
        38.314532757607864
      ],
      [
        -104.88563012611162,
        38.31445719860727
      ],
      [
        -104.88556796688779,
        38.31438163960668
      ],
      [
        -104.88550580766398,
        38.31430608060609
      ],
      [
        -104.88543907922603,
        38.31423298838835
      ],
      [
        -104.88537136750678,
        38.31416042701496
      ],
      [
        -104.88530365578751,
        38.314087865641575
      ],
      [
        -104.88523594406824,
        38.31401530426819
      ],
      [
        -104.88516823234897,
        38.3139427428948
      ],
      [
        -104.88510052062972,
        38.313870181521416
      ],
      [
        -104.88503280891045,
        38.31379762014803
      ],
      [
        -104.88496509719118,
        38.313725058774644
      ],
      [
        -104.88489653676935,
        38.31365303528932
      ],
      [
        -104.88482039202142,
        38.31358581857442
      ],
      [
        -104.8847442472735,
        38.31351860185952
      ],
      [
        -104.88466810252558,
        38.31345138514462
      ],
      [
        -104.88459195777766,
        38.31338416842972
      ],
      [
        -104.88451581302972,
        38.31331695171482
      ],
      [
        -104.8844396682818,
        38.31324973499992
      ],
      [
        -104.88436352353388,
        38.31318251828502
      ],
      [
        -104.88428737878596,
        38.31311530157012
      ],
      [
        -104.88421123403803,
        38.31304808485522
      ],
      [
        -104.88413508929011,
        38.31298086814032
      ],
      [
        -104.88405894454219,
        38.31291365142542
      ],
      [
        -104.88398279979427,
        38.31284643471052
      ],
      [
        -104.88390665504635,
        38.31277921799562
      ],
      [
        -104.88383051029842,
        38.31271200128072
      ],
      [
        -104.8837543655505,
        38.31264478456582
      ],
      [
        -104.88367822080258,
        38.31257756785092
      ],
      [
        -104.88360207605466,
        38.31251035113602
      ],
      [
        -104.88352593130674,
        38.31244313442112
      ],
      [
        -104.88344978655881,
        38.31237591770622
      ],
      [
        -104.88337364181089,
        38.312308700991316
      ],
      [
        -104.88329749706297,
        38.31224148427642
      ],
      [
        -104.88322135231505,
        38.31217426756152
      ],
      [
        -104.88314520756713,
        38.31210705084662
      ],
      [
        -104.8830690628192,
        38.31203983413172
      ],
      [
        -104.88299291807127,
        38.31197261741682
      ],
      [
        -104.88291677332334,
        38.31190540070192
      ],
      [
        -104.88284062857542,
        38.31183818398702
      ],
      [
        -104.8827644838275,
        38.31177096727212
      ],
      [
        -104.88268833907958,
        38.31170375055722
      ],
      [
        -104.88261219433166,
        38.31163653384232
      ],
      [
        -104.88253604958373,
        38.31156931712742
      ],
      [
        -104.88245990483581,
        38.31150210041252
      ],
      [
        -104.88238376008789,
        38.31143488369762
      ],
      [
        -104.88230761533997,
        38.31136766698272
      ],
      [
        -104.88223147059205,
        38.31130045026782
      ],
      [
        -104.88215532584412,
        38.31123323355292
      ],
      [
        -104.8820791810962,
        38.31116601683802
      ],
      [
        -104.88200303634828,
        38.31109880012312
      ],
      [
        -104.88192689160036,
        38.31103158340822
      ],
      [
        -104.88185074685244,
        38.31096436669332
      ],
      [
        -104.88177460210451,
        38.31089714997842
      ],
      [
        -104.88169845735659,
        38.31082993326352
      ],
      [
        -104.88162231260867,
        38.31076271654862
      ],
      [
        -104.88154616786075,
        38.31069549983372
      ],
      [
        -104.88147002311283,
        38.310628283118824
      ],
      [
        -104.88139387836489,
        38.31056106640392
      ],
      [
        -104.88131773361697,
        38.310493849689024
      ],
      [
        -104.88124158886905,
        38.31042663297412
      ],
      [
        -104.88116544412112,
        38.310359416259224
      ],
      [
        -104.8810892993732,
        38.31029219954432
      ],
      [
        -104.88101315462528,
        38.310224982829425
      ],
      [
        -104.88093700987736,
        38.31015776611452
      ],
      [
        -104.88086086512943,
        38.310090549399625
      ],
      [
        -104.88078177920796,
        38.31002565738495
      ],
      [
        -104.88069558245137,
        38.30996638576628
      ],
      [
        -104.88060938569475,
        38.30990711414761
      ],
      [
        -104.88052318893816,
        38.30984784252894
      ],
      [
        -104.88043699218154,
        38.30978857091027
      ],
      [
        -104.88035079542495,
        38.309729299291604
      ],
      [
        -104.88026459866835,
        38.30967002767293
      ],
      [
        -104.88017840191173,
        38.30961075605426
      ],
      [
        -104.88009220515514,
        38.309551484435595
      ],
      [
        -104.88000600839854,
        38.30949221281692
      ],
      [
        -104.87991981164193,
        38.30943294119825
      ],
      [
        -104.87983361488533,
        38.309373669579585
      ],
      [
        -104.87974054791117,
        38.30932146682549
      ],
      [
        -104.87964490359886,
        38.30927191593127
      ],
      [
        -104.87954925928655,
        38.30922236503706
      ],
      [
        -104.87945361497424,
        38.30917281414284
      ],
      [
        -104.87935797066194,
        38.30912326324862
      ],
      [
        -104.87926204126751,
        38.30907405550955
      ],
      [
        -104.87916569373323,
        38.30902535108805
      ],
      [
        -104.87906934619895,
        38.30897664666656
      ],
      [
        -104.87897299866466,
        38.30892794224506
      ],
      [
        -104.87887665113038,
        38.30887923782356
      ],
      [
        -104.87877955968672,
        38.308831498094044
      ],
      [
        -104.87867987792808,
        38.30878711745125
      ],
      [
        -104.87858019616942,
        38.308742736808455
      ],
      [
        -104.87848051441078,
        38.308698356165664
      ],
      [
        -104.87838083265213,
        38.308653975522866
      ],
      [
        -104.87828028263161,
        38.30861091133282
      ],
      [
        -104.87817654684518,
        38.30857267737936
      ],
      [
        -104.87807281105877,
        38.30853444342589
      ],
      [
        -104.87796907527235,
        38.30849620947242
      ],
      [
        -104.87786533948594,
        38.308457975518955
      ],
      [
        -104.87776160369951,
        38.30841974156549
      ],
      [
        -104.87765760689474,
        38.3083819765019
      ],
      [
        -104.8775513714105,
        38.30834823297219
      ],
      [
        -104.87744513592627,
        38.30831448944249
      ],
      [
        -104.87733890044203,
        38.30828074591278
      ],
      [
        -104.87723187082442,
        38.308248700757375
      ],
      [
        -104.87712305812815,
        38.308220468985205
      ],
      [
        -104.87701424543187,
        38.308192237213035
      ],
      [
        -104.8769054327356,
        38.308164005440865
      ],
      [
        -104.87679662003933,
        38.3081357736687
      ],
      [
        -104.87668780734306,
        38.30810754189653
      ],
      [
        -104.87657899464679,
        38.30807931012436
      ],
      [
        -104.87647018195052,
        38.3080510783522
      ],
      [
        -104.87636136925425,
        38.30802284658003
      ],
      [
        -104.87625255655799,
        38.30799461480786
      ],
      [
        -104.87614374386172,
        38.3079663830357
      ],
      [
        -104.87603493116544,
        38.30793815126353
      ],
      [
        -104.87592611846917,
        38.30790991949136
      ],
      [
        -104.8758173057729,
        38.30788168771919
      ],
      [
        -104.87570849307663,
        38.307853455947026
      ],
      [
        -104.87559968038036,
        38.307825224174856
      ],
      [
        -104.87549086768409,
        38.307796992402686
      ],
      [
        -104.87538205498782,
        38.30776876063052
      ],
      [
        -104.87527324229156,
        38.30774052885835
      ],
      [
        -104.87516442959527,
        38.307712297086184
      ],
      [
        -104.875055616899,
        38.307684065314014
      ],
      [
        -104.87494680420274,
        38.30765583354185
      ],
      [
        -104.87483799150647,
        38.30762760176968
      ],
      [
        -104.8747291788102,
        38.30759936999751
      ],
      [
        -104.87462036611393,
        38.30757113822535
      ],
      [
        -104.87451155341766,
        38.30754290645318
      ],
      [
        -104.8744027407214,
        38.30751467468101
      ],
      [
        -104.87429392802512,
        38.307486442908846
      ],
      [
        -104.87418511532884,
        38.30745821113668
      ],
      [
        -104.87407630263257,
        38.30742997936451
      ],
      [
        -104.8739674899363,
        38.30740174759234
      ],
      [
        -104.87385867724004,
        38.307373515820174
      ],
      [
        -104.87374986454377,
        38.307345284048004
      ],
      [
        -104.8736410518475,
        38.307317052275835
      ],
      [
        -104.87353223915123,
        38.30728882050367
      ],
      [
        -104.87342342645496,
        38.3072605887315
      ],
      [
        -104.87331461375868,
        38.30723235695933
      ],
      [
        -104.87320580106241,
        38.30720412518716
      ],
      [
        -104.87309698836614,
        38.307175893415
      ],
      [
        -104.87298817566987,
        38.30714766164283
      ],
      [
        -104.8728793629736,
        38.30711942987066
      ],
      [
        -104.87277055027734,
        38.3070911980985
      ],
      [
        -104.87266173758107,
        38.30706296632633
      ],
      [
        -104.8725529248848,
        38.30703473455416
      ],
      [
        -104.87244411218853,
        38.307006502781995
      ],
      [
        -104.87233529949225,
        38.306978271009825
      ],
      [
        -104.87222648679598,
        38.306950039237655
      ],
      [
        -104.87211767409971,
        38.306921807465486
      ],
      [
        -104.87200886140344,
        38.30689357569332
      ],
      [
        -104.87190004870718,
        38.30686534392115
      ],
      [
        -104.8717912360109,
        38.30683711214898
      ],
      [
        -104.87168242331464,
        38.30680888037682
      ],
      [
        -104.87157361061837,
        38.30678064860465
      ],
      [
        -104.8714647979221,
        38.30675241683248
      ],
      [
        -104.87135598522582,
        38.30672418506031
      ],
      [
        -104.87124717252955,
        38.30669595328815
      ],
      [
        -104.87113835983328,
        38.30666772151598
      ],
      [
        -104.87102954713701,
        38.30663948974381
      ],
      [
        -104.87092073444074,
        38.306611257971646
      ],
      [
        -104.87081192174448,
        38.306583026199476
      ],
      [
        -104.87070310904821,
        38.306554794427306
      ],
      [
        -104.87059429635194,
        38.306526562655144
      ],
      [
        -104.87048548365566,
        38.306498330882974
      ],
      [
        -104.87037667095939,
        38.306470099110804
      ],
      [
        -104.87026785826312,
        38.306441867338634
      ],
      [
        -104.87015904556685,
        38.30641363556647
      ],
      [
        -104.87005023287058,
        38.3063854037943
      ],
      [
        -104.86994142017431,
        38.30635717202213
      ],
      [
        -104.86983260747805,
        38.30632894024997
      ],
      [
        -104.86972379478178,
        38.3063007084778
      ],
      [
        -104.86961498208551,
        38.30627247670563
      ],
      [
        -104.86950616938923,
        38.30624424493346
      ],
      [
        -104.86939735669296,
        38.3062160131613
      ],
      [
        -104.86928854399669,
        38.30618778138913
      ],
      [
        -104.86917973130042,
        38.30615954961696
      ],
      [
        -104.86907091860415,
        38.306131317844795
      ],
      [
        -104.86896210590788,
        38.306103086072625
      ],
      [
        -104.86885329321161,
        38.306074854300455
      ],
      [
        -104.86874448051535,
        38.30604662252829
      ],
      [
        -104.86863566781906,
        38.30601839075612
      ],
      [
        -104.8685268551228,
        38.30599015898395
      ],
      [
        -104.86841804242653,
        38.30596192721178
      ],
      [
        -104.86830922973026,
        38.30593369543962
      ],
      [
        -104.86820041703399,
        38.30590546366745
      ],
      [
        -104.86809160433772,
        38.30587723189528
      ],
      [
        -104.86798279164145,
        38.30584900012312
      ],
      [
        -104.86787397894518,
        38.30582076835095
      ],
      [
        -104.86776516624892,
        38.30579253657878
      ],
      [
        -104.86765635355263,
        38.30576430480661
      ],
      [
        -104.86754754085636,
        38.305736073034446
      ],
      [
        -104.8674387281601,
        38.305707841262276
      ],
      [
        -104.86732991546383,
        38.305679609490106
      ],
      [
        -104.86722110276756,
        38.30565137771794
      ],
      [
        -104.86711229007129,
        38.30562314594577
      ],
      [
        -104.86700347737502,
        38.305594914173604
      ],
      [
        -104.86689466467875,
        38.30556668240144
      ],
      [
        -104.86678585198248,
        38.30553845062927
      ],
      [
        -104.8666770392862,
        38.3055102188571
      ],
      [
        -104.86656822658993,
        38.30548198708493
      ],
      [
        -104.86645941389366,
        38.30545375531277
      ],
      [
        -104.8663506011974,
        38.3054255235406
      ],
      [
        -104.86624178850113,
        38.30539729176843
      ],
      [
        -104.86613297580486,
        38.305369059996266
      ],
      [
        -104.86602416310859,
        38.3053408282241
      ],
      [
        -104.86591535041232,
        38.30531259645193
      ],
      [
        -104.86580653771604,
        38.30528436467976
      ],
      [
        -104.86569772501977,
        38.305256132907594
      ],
      [
        -104.8655889123235,
        38.305227901135424
      ],
      [
        -104.86548009962723,
        38.305199669363255
      ],
      [
        -104.86537128693097,
        38.30517143759109
      ],
      [
        -104.8652624742347,
        38.30514320581892
      ],
      [
        -104.86515366153843,
        38.30511497404675
      ],
      [
        -104.86504484884216,
        38.30508674227459
      ],
      [
        -104.86493603614589,
        38.30505851050242
      ],
      [
        -104.86482722344961,
        38.30503027873025
      ],
      [
        -104.86471732128128,
        38.30500493302937
      ],
      [
        -104.86460649208709,
        38.30498204307083
      ],
      [
        -104.8644956628929,
        38.304959153112286
      ],
      [
        -104.86438483369872,
        38.304936263153735
      ],
      [
        -104.86427400450455,
        38.30491337319519
      ],
      [
        -104.86416317531037,
        38.30489048323665
      ],
      [
        -104.86405234611618,
        38.304867593278104
      ],
      [
        -104.863941516922,
        38.30484470331956
      ],
      [
        -104.86383002352137,
        38.30482422267208
      ],
      [
        -104.86371704892964,
        38.30480911482727
      ],
      [
        -104.86360407433791,
        38.30479400698246
      ],
      [
        -104.86349109974617,
        38.30477889913765
      ],
      [
        -104.86337812515444,
        38.30476379129284
      ],
      [
        -104.86326515056271,
        38.304748683448025
      ],
      [
        -104.86315217597098,
        38.304733575603215
      ],
      [
        -104.86303920137925,
        38.304718467758406
      ],
      [
        -104.86292533278277,
        38.30470858568819
      ],
      [
        -104.86281128112627,
        38.304699773668546
      ],
      [
        -104.86269722946977,
        38.3046909616489
      ],
      [
        -104.86258317781329,
        38.30468214962926
      ],
      [
        -104.8624691261568,
        38.30467333760961
      ],
      [
        -104.86235507450031,
        38.30466452558996
      ],
      [
        -104.86224102284382,
        38.30465571357032
      ],
      [
        -104.86212697118732,
        38.304646901550676
      ],
      [
        -104.8620125700717,
        38.30464627414887
      ],
      [
        -104.86189802256845,
        38.30464907526402
      ],
      [
        -104.86178347506521,
        38.30465187637916
      ],
      [
        -104.86166892756196,
        38.3046546774943
      ],
      [
        -104.86155438005873,
        38.30465747860944
      ],
      [
        -104.86143983255549,
        38.30466027972459
      ],
      [
        -104.86132528505225,
        38.304663080839724
      ],
      [
        -104.861210737549,
        38.30466588195487
      ],
      [
        -104.86109619004577,
        38.30466868307001
      ],
      [
        -104.86098173780327,
        38.30467284029726
      ],
      [
        -104.86086749208785,
        38.30467993760097
      ],
      [
        -104.86075324637243,
        38.304687034904696
      ],
      [
        -104.860639000657,
        38.30469413220841
      ],
      [
        -104.86052475494158,
        38.304701229512126
      ],
      [
        -104.8604108444443,
        38.30471081209822
      ],
      [
        -104.86029723711434,
        38.3047226423441
      ],
      [
        -104.86018362978437,
        38.30473447258998
      ],
      [
        -104.8600700224544,
        38.30474630283586
      ],
      [
        -104.85995641512443,
        38.30475813308174
      ],
      [
        -104.85984295956284,
        38.3047706717573
      ],
      [
        -104.85973066919973,
        38.30478864938639
      ],
      [
        -104.85961837883661,
        38.30480662701548
      ],
      [
        -104.8595060884735,
        38.30482460464457
      ],
      [
        -104.85939379811039,
        38.30484258227366
      ],
      [
        -104.85928150774727,
        38.30486055990275
      ],
      [
        -104.85916921738416,
        38.304878537531835
      ],
      [
        -104.85905692702104,
        38.30489651516093
      ],
      [
        -104.85894463665792,
        38.30491449279002
      ],
      [
        -104.85883234629482,
        38.304932470419104
      ],
      [
        -104.8587200559317,
        38.304950448048196
      ],
      [
        -104.85860776556858,
        38.30496842567728
      ],
      [
        -104.85849547520547,
        38.30498640330637
      ],
      [
        -104.85838318484235,
        38.305004380935465
      ],
      [
        -104.85827089447923,
        38.30502235856455
      ],
      [
        -104.85815860411613,
        38.30504033619364
      ],
      [
        -104.85804631375301,
        38.305058313822734
      ],
      [
        -104.85793402338989,
        38.30507629145182
      ],
      [
        -104.85782173302678,
        38.30509426908091
      ],
      [
        -104.8577095520429,
        38.30511266327765
      ],
      [
        -104.85759738981014,
        38.30513112888746
      ],
      [
        -104.85748522757738,
        38.30514959449727
      ],
      [
        -104.85737306534463,
        38.305168060107086
      ],
      [
        -104.85726090311186,
        38.3051865257169
      ],
      [
        -104.85714874087911,
        38.30520499132671
      ],
      [
        -104.85703657864636,
        38.305223456936524
      ],
      [
        -104.8569244164136,
        38.30524192254634
      ],
      [
        -104.85681225418084,
        38.30526038815615
      ],
      [
        -104.85670009194808,
        38.30527885376596
      ],
      [
        -104.85658792971533,
        38.305297319375775
      ],
      [
        -104.85647576748256,
        38.30531578498559
      ],
      [
        -104.85636360524981,
        38.3053342505954
      ],
      [
        -104.85625144301706,
        38.30535271620521
      ],
      [
        -104.85613928078429,
        38.305371181815026
      ],
      [
        -104.85602711855154,
        38.30538964742484
      ],
      [
        -104.85591495631878,
        38.30540811303465
      ],
      [
        -104.85580279408602,
        38.305426578644465
      ],
      [
        -104.85569063185326,
        38.30544504425428
      ],
      [
        -104.85557822505511,
        38.305462236101455
      ],
      [
        -104.85546410770768,
        38.305470518946024
      ],
      [
        -104.85534999036024,
        38.305478801790585
      ],
      [
        -104.85523587301282,
        38.305487084635146
      ],
      [
        -104.85512175566538,
        38.30549536747971
      ],
      [
        -104.85500763831794,
        38.30550365032427
      ],
      [
        -104.8548935209705,
        38.30551193316883
      ],
      [
        -104.85477940362307,
        38.30552021601339
      ],
      [
        -104.85466528627565,
        38.30552849885796
      ],
      [
        -104.85455116892821,
        38.30553678170252
      ],
      [
        -104.85443705158077,
        38.30554506454708
      ],
      [
        -104.85432293423334,
        38.305553347391644
      ],
      [
        -104.85420878167028,
        38.30556114112404
      ],
      [
        -104.85409420150344,
        38.30556299583897
      ],
      [
        -104.8539796213366,
        38.30556485055391
      ],
      [
        -104.85386504116977,
        38.30556670526884
      ],
      [
        -104.85375046100295,
        38.30556855998377
      ],
      [
        -104.85363597139803,
        38.30556826104849
      ],
      [
        -104.85352179626399,
        38.30556048369265
      ],
      [
        -104.85340762112993,
        38.30555270633681
      ],
      [
        -104.85329344599589,
        38.305544928980964
      ],
      [
        -104.85317927086183,
        38.305537151625124
      ],
      [
        -104.85306509572779,
        38.305529374269284
      ],
      [
        -104.85295092059373,
        38.305521596913444
      ],
      [
        -104.85283674545968,
        38.305513819557596
      ],
      [
        -104.85272257032562,
        38.305506042201756
      ],
      [
        -104.8526085748558,
        38.30549707784351
      ],
      [
        -104.85249525426663,
        38.305483654695564
      ],
      [
        -104.85238193367745,
        38.30547023154761
      ],
      [
        -104.85226861308828,
        38.30545680839966
      ],
      [
        -104.8521552924991,
        38.305443385251706
      ],
      [
        -104.85204197190994,
        38.30542996210376
      ],
      [
        -104.85192865132078,
        38.305416538955804
      ],
      [
        -104.85181697221785,
        38.30539691753766
      ],
      [
        -104.85170621842963,
        38.30537380212089
      ],
      [
        -104.85159546464142,
        38.305350686704124
      ],
      [
        -104.85148471085321,
        38.30532757128736
      ],
      [
        -104.85137395706501,
        38.30530445587059
      ],
      [
        -104.8512632032768,
        38.305281340453824
      ],
      [
        -104.8511524494886,
        38.30525822503706
      ],
      [
        -104.85104169570039,
        38.30523510962029
      ],
      [
        -104.85093281483798,
        38.305207071444805
      ],
      [
        -104.850824037397,
        38.305178761438576
      ],
      [
        -104.85071525995602,
        38.30515045143234
      ],
      [
        -104.85060648251505,
        38.30512214142611
      ],
      [
        -104.85049770507408,
        38.30509383141988
      ],
      [
        -104.85038892763309,
        38.30506552141365
      ],
      [
        -104.8502823780117,
        38.30503268573377
      ],
      [
        -104.85017757005926,
        38.30499631196427
      ],
      [
        -104.85007276210682,
        38.30495993819476
      ],
      [
        -104.8499679541544,
        38.30492356442526
      ],
      [
        -104.84986314620195,
        38.30488719065575
      ],
      [
        -104.84975833824952,
        38.304850816886244
      ],
      [
        -104.84965353029708,
        38.30481444311674
      ],
      [
        -104.84954872234464,
        38.304778069347236
      ],
      [
        -104.84944391439221,
        38.30474169557773
      ],
      [
        -104.84933910643977,
        38.30470532180823
      ],
      [
        -104.84923429848733,
        38.304668948038724
      ],
      [
        -104.84912949053489,
        38.30463257426922
      ],
      [
        -104.84902468258247,
        38.30459620049972
      ],
      [
        -104.84891987463003,
        38.30455982673021
      ],
      [
        -104.84881506667759,
        38.30452345296071
      ],
      [
        -104.84871025872515,
        38.304487079191205
      ],
      [
        -104.84860545077271,
        38.3044507054217
      ],
      [
        -104.84850064282028,
        38.3044143316522
      ],
      [
        -104.84839583486784,
        38.30437795788269
      ],
      [
        -104.8482910269154,
        38.30434158411319
      ],
      [
        -104.84818621896297,
        38.304305210343685
      ],
      [
        -104.84808141101054,
        38.30426883657418
      ],
      [
        -104.8479766030581,
        38.30423246280468
      ],
      [
        -104.84787179510566,
        38.30419608903517
      ],
      [
        -104.84776698715322,
        38.30415971526566
      ],
      [
        -104.84766217920078,
        38.30412334149616
      ],
      [
        -104.84755737124836,
        38.304086967726654
      ],
      [
        -104.84745256329592,
        38.30405059395715
      ],
      [
        -104.84734775534348,
        38.304014220187646
      ],
      [
        -104.84724294739104,
        38.30397784641814
      ],
      [
        -104.84713813943861,
        38.30394147264864
      ],
      [
        -104.84703333148617,
        38.303905098879135
      ],
      [
        -104.84692852353373,
        38.30386872510963
      ],
      [
        -104.8468237155813,
        38.30383235134013
      ],
      [
        -104.84671890762887,
        38.30379597757062
      ],
      [
        -104.84661409967643,
        38.30375960380112
      ],
      [
        -104.84650929172399,
        38.303723230031615
      ],
      [
        -104.84640448377155,
        38.30368685626211
      ],
      [
        -104.84629967581911,
        38.30365048249261
      ],
      [
        -104.84619486786669,
        38.3036141087231
      ],
      [
        -104.84609005991425,
        38.3035777349536
      ],
      [
        -104.8459852519618,
        38.303541361184095
      ],
      [
        -104.84588044400937,
        38.30350498741459
      ],
      [
        -104.84577563605694,
        38.30346861364509
      ],
      [
        -104.8456708281045,
        38.303432239875576
      ],
      [
        -104.84556602015206,
        38.30339586610607
      ],
      [
        -104.84546121219962,
        38.30335949233657
      ],
      [
        -104.84535640424718,
        38.303323118567064
      ],
      [
        -104.84525159629476,
        38.30328674479756
      ],
      [
        -104.84514678834232,
        38.30325037102806
      ],
      [
        -104.84504198038988,
        38.30321399725855
      ],
      [
        -104.84493717243744,
        38.30317762348905
      ],
      [
        -104.84483236448501,
        38.303141249719545
      ],
      [
        -104.84472755653258,
        38.30310487595004
      ],
      [
        -104.84462274858014,
        38.30306850218054
      ],
      [
        -104.8445179406277,
        38.30303212841103
      ],
      [
        -104.84441313267526,
        38.30299575464153
      ],
      [
        -104.84430832472283,
        38.302959380872025
      ],
      [
        -104.84420351677039,
        38.30292300710252
      ],
      [
        -104.84409870881795,
        38.30288663333302
      ],
      [
        -104.84399390086551,
        38.30285025956351
      ],
      [
        -104.84388909291309,
        38.30281388579401
      ],
      [
        -104.84378428496065,
        38.302777512024505
      ],
      [
        -104.84367947700821,
        38.302741138255
      ],
      [
        -104.84357466905577,
        38.3027047644855
      ],
      [
        -104.84346986110333,
        38.302668390715986
      ],
      [
        -104.8433650531509,
        38.30263201694648
      ],
      [
        -104.84326024519846,
        38.30259564317698
      ],
      [
        -104.84315543724603,
        38.302559269407475
      ],
      [
        -104.84305062929359,
        38.30252289563797
      ],
      [
        -104.84294582134116,
        38.30248652186847
      ],
      [
        -104.84284101338872,
        38.30245014809896
      ],
      [
        -104.84273620543628,
        38.30241377432946
      ],
      [
        -104.84263139748384,
        38.302377400559955
      ],
      [
        -104.8425265895314,
        38.30234102679045
      ],
      [
        -104.84242178157898,
        38.30230465302095
      ],
      [
        -104.84231697362654,
        38.30226827925144
      ],
      [
        -104.8422121656741,
        38.30223190548194
      ],
      [
        -104.84210735772166,
        38.302195531712435
      ],
      [
        -104.84200254976923,
        38.30215915794293
      ],
      [
        -104.8418977418168,
        38.30212278417343
      ],
      [
        -104.84179293386435,
        38.30208641040392
      ],
      [
        -104.84168812591192,
        38.30205003663442
      ],
      [
        -104.84158331795949,
        38.302013662864915
      ],
      [
        -104.84147851000705,
        38.30197728909541
      ],
      [
        -104.84137370205461,
        38.3019409153259
      ],
      [
        -104.84126889410217,
        38.3019045415564
      ],
      [
        -104.84116408614973,
        38.30186816778689
      ],
      [
        -104.8410592781973,
        38.30183179401739
      ],
      [
        -104.84095447024487,
        38.301795420247885
      ],
      [
        -104.84084966229243,
        38.30175904647838
      ],
      [
        -104.84074485433999,
        38.30172267270888
      ],
      [
        -104.84064004638756,
        38.30168629893937
      ],
      [
        -104.84053523843512,
        38.30164992516987
      ],
      [
        -104.84043043048268,
        38.301613551400365
      ],
      [
        -104.84032562253024,
        38.30157717763086
      ],
      [
        -104.8402208145778,
        38.30154080386136
      ],
      [
        -104.84011600662538,
        38.30150443009185
      ],
      [
        -104.84001119867294,
        38.30146805632235
      ],
      [
        -104.8399063907205,
        38.301431682552845
      ],
      [
        -104.83980158276806,
        38.30139530878334
      ],
      [
        -104.83969677481564,
        38.30135893501384
      ],
      [
        -104.8395919668632,
        38.30132256124433
      ],
      [
        -104.83948715891076,
        38.30128618747483
      ],
      [
        -104.83938235095832,
        38.301249813705326
      ],
      [
        -104.83927754300588,
        38.301213439935815
      ],
      [
        -104.83917273505345,
        38.30117706616631
      ],
      [
        -104.83906792710101,
        38.30114069239681
      ],
      [
        -104.83896311914857,
        38.3011043186273
      ],
      [
        -104.83885831119613,
        38.3010679448578
      ],
      [
        -104.83875350324371,
        38.301031571088295
      ],
      [
        -104.83864869529127,
        38.30099519731879
      ],
      [
        -104.83854388733883,
        38.30095882354929
      ],
      [
        -104.83843907938639,
        38.30092244977978
      ],
      [
        -104.83833427143395,
        38.30088607601028
      ],
      [
        -104.83822946348153,
        38.300849702240775
      ],
      [
        -104.83812465552909,
        38.30081332847127
      ],
      [
        -104.83801984757665,
        38.30077695470177
      ],
      [
        -104.8379150396242,
        38.30074058093226
      ],
      [
        -104.83781023167178,
        38.30070420716276
      ],
      [
        -104.83770542371934,
        38.300667833393256
      ],
      [
        -104.8376006157669,
        38.30063145962375
      ],
      [
        -104.83749580781446,
        38.30059508585425
      ],
      [
        -104.83739099986202,
        38.300558712084744
      ],
      [
        -104.8372861919096,
        38.30052233831524
      ],
      [
        -104.83718138395716,
        38.30048596454573
      ],
      [
        -104.83707657600472,
        38.300449590776225
      ],
      [
        -104.83697176805228,
        38.30041321700672
      ],
      [
        -104.83686696009985,
        38.30037684323722
      ],
      [
        -104.83676215214741,
        38.30034046946771
      ],
      [
        -104.83665734419498,
        38.30030409569821
      ],
      [
        -104.83655253624254,
        38.300267721928705
      ],
      [
        -104.83644772829011,
        38.3002313481592
      ],
      [
        -104.83634292033767,
        38.3001949743897
      ],
      [
        -104.83623811238523,
        38.30015860062019
      ],
      [
        -104.83613330443279,
        38.30012222685069
      ],
      [
        -104.83602849648035,
        38.300085853081185
      ],
      [
        -104.83592368852793,
        38.30004947931168
      ],
      [
        -104.83581884754364,
        38.300013168830816
      ],
      [
        -104.83571399152082,
        38.29997688716358
      ],
      [
        -104.835609135498,
        38.299940605496346
      ],
      [
        -104.83550427947519,
        38.29990432382911
      ],
      [
        -104.83539942345237,
        38.299868042161876
      ],
      [
        -104.83529388517003,
        38.299833011810456
      ],
      [
        -104.83518805227288,
        38.29979852180502
      ],
      [
        -104.83508221937572,
        38.2997640317996
      ],
      [
        -104.83497638647856,
        38.299729541794164
      ],
      [
        -104.8348705535814,
        38.29969505178874
      ],
      [
        -104.83476472068423,
        38.299660561783305
      ],
      [
        -104.83465888778709,
        38.29962607177788
      ],
      [
        -104.83455261550236,
        38.29959246436625
      ],
      [
        -104.83444502418341,
        38.29956150648674
      ],
      [
        -104.83433743286446,
        38.29953054860723
      ],
      [
        -104.83422984154551,
        38.29949959072772
      ],
      [
        -104.83412176964126,
        38.299469732239636
      ],
      [
        -104.83401262321983,
        38.29944233182719
      ],
      [
        -104.8339034767984,
        38.29941493141473
      ],
      [
        -104.83379433037697,
        38.29938753100228
      ],
      [
        -104.83368518395554,
        38.29936013058983
      ],
      [
        -104.83357521614862,
        38.29933487738504
      ],
      [
        -104.8334648895221,
        38.29931056218092
      ],
      [
        -104.8333545628956,
        38.2992862469768
      ],
      [
        -104.83324423626908,
        38.299261931772676
      ],
      [
        -104.83313390964257,
        38.299237616568554
      ],
      [
        -104.83302289307596,
        38.299215336967094
      ],
      [
        -104.8329117559596,
        38.29919341303625
      ],
      [
        -104.83280061884322,
        38.299171489105404
      ],
      [
        -104.83268948172686,
        38.29914956517457
      ],
      [
        -104.83257759032342,
        38.29913041801184
      ],
      [
        -104.83246472317683,
        38.299114862866915
      ],
      [
        -104.83235185603023,
        38.29909930772198
      ],
      [
        -104.83223898888363,
        38.299083752577054
      ],
      [
        -104.83212612173703,
        38.29906819743212
      ],
      [
        -104.83201294199758,
        38.299054177487086
      ],
      [
        -104.83189951963443,
        38.29904134911083
      ],
      [
        -104.83178609727129,
        38.29902852073457
      ],
      [
        -104.83167267490815,
        38.29901569235832
      ],
      [
        -104.831559252545,
        38.299002863982054
      ],
      [
        -104.83144553902639,
        38.29899181639978
      ],
      [
        -104.8313316647182,
        38.29898175225458
      ],
      [
        -104.83121779041004,
        38.29897168810939
      ],
      [
        -104.83110391610187,
        38.2989616239642
      ],
      [
        -104.83099004179368,
        38.29895155981901
      ],
      [
        -104.83087601573585,
        38.29894266270015
      ],
      [
        -104.8307618991765,
        38.29893446158078
      ],
      [
        -104.83064778261713,
        38.29892626046141
      ],
      [
        -104.83053366605776,
        38.29891805934204
      ],
      [
        -104.8304195494984,
        38.29890985822267
      ],
      [
        -104.83030543293904,
        38.2989016571033
      ],
      [
        -104.83019131637967,
        38.29889345598393
      ],
      [
        -104.83007717850366,
        38.29888545014677
      ],
      [
        -104.82996294880189,
        38.298878285527294
      ],
      [
        -104.82984871910011,
        38.29887112090782
      ],
      [
        -104.82973448939835,
        38.29886395628834
      ],
      [
        -104.82962025969657,
        38.29885679166887
      ],
      [
        -104.82950602999479,
        38.29884962704939
      ],
      [
        -104.82939180029302,
        38.29884246242992
      ],
      [
        -104.82927757059124,
        38.29883529781044
      ],
      [
        -104.82916334088948,
        38.298828133190966
      ],
      [
        -104.8290491111877,
        38.29882096857148
      ],
      [
        -104.82896830000202,
        38.29881590000013
      ],
      [
        -104.8289349292318,
        38.29881337896043
      ],
      [
        -104.82882086273293,
        38.29880476165334
      ],
      [
        -104.82870679623404,
        38.29879614434624
      ],
      [
        -104.82859272973515,
        38.298787527039146
      ],
      [
        -104.82847866323627,
        38.29877890973206
      ],
      [
        -104.82836459673739,
        38.29877029242496
      ],
      [
        -104.8282505302385,
        38.298761675117866
      ],
      [
        -104.82813646373961,
        38.29875305781078
      ],
      [
        -104.82802239724073,
        38.29874444050368
      ],
      [
        -104.82790833074185,
        38.29873582319659
      ],
      [
        -104.82779426424297,
        38.29872720588949
      ],
      [
        -104.82768019774407,
        38.2987185885824
      ],
      [
        -104.82756613124519,
        38.29870997127531
      ],
      [
        -104.82745206474631,
        38.29870135396821
      ],
      [
        -104.82737590000131,
        38.2986956000001
      ],
      [
        -104.82733793526904,
        38.298693307927124
      ],
      [
        -104.82722367923479,
        38.29868640986276
      ],
      [
        -104.82710942320054,
        38.298679511798404
      ],
      [
        -104.82699516716629,
        38.29867261373405
      ],
      [
        -104.82688091113202,
        38.298665715669685
      ],
      [
        -104.82676665509777,
        38.29865881760533
      ],
      [
        -104.82665239906352,
        38.29865191954097
      ],
      [
        -104.82653814302925,
        38.29864502147661
      ],
      [
        -104.826423886995,
        38.29863812341225
      ],
      [
        -104.82630963096075,
        38.2986312253479
      ],
      [
        -104.8261953749265,
        38.298624327283534
      ],
      [
        -104.82608164529567,
        38.29861416511871
      ],
      [
        -104.82596880173686,
        38.298598508635536
      ],
      [
        -104.82585595817805,
        38.29858285215237
      ],
      [
        -104.82574311461926,
        38.2985671956692
      ],
      [
        -104.82563027106045,
        38.298551539186036
      ],
      [
        -104.82551742750164,
        38.298535882702865
      ],
      [
        -104.82540458394283,
        38.2985202262197
      ],
      [
        -104.82529174921848,
        38.29850453348883
      ],
      [
        -104.82517950634856,
        38.29848641238796
      ],
      [
        -104.82506726347864,
        38.29846829128709
      ],
      [
        -104.82495502060873,
        38.298450170186214
      ],
      [
        -104.82484277773881,
        38.29843204908534
      ],
      [
        -104.82473053486889,
        38.29841392798447
      ],
      [
        -104.82461829199897,
        38.2983958068836
      ],
      [
        -104.82450736229913,
        38.2983735999592
      ],
      [
        -104.82439759452276,
        38.298347777802896
      ],
      [
        -104.8242878267464,
        38.29832195564659
      ],
      [
        -104.82417805897003,
        38.29829613349028
      ],
      [
        -104.82406829119367,
        38.29827031133398
      ],
      [
        -104.82395879075837,
        38.29824382866597
      ],
      [
        -104.82385015267006,
        38.2982152154227
      ],
      [
        -104.82374151458174,
        38.29818660217943
      ],
      [
        -104.82363287649342,
        38.29815798893616
      ],
      [
        -104.8235242384051,
        38.29812937569289
      ],
      [
        -104.82341577294224,
        38.29810037098916
      ],
      [
        -104.82330782688047,
        38.2980701884465
      ],
      [
        -104.82319988081868,
        38.29804000590385
      ],
      [
        -104.82309193475689,
        38.2980098233612
      ],
      [
        -104.8229839886951,
        38.29797964081854
      ],
      [
        -104.82287604263331,
        38.29794945827589
      ],
      [
        -104.82276809657152,
        38.297919275733236
      ],
      [
        -104.82266015050973,
        38.29788909319058
      ],
      [
        -104.82255220444794,
        38.297858910647925
      ],
      [
        -104.82244425838616,
        38.29782872810527
      ],
      [
        -104.82233631232437,
        38.297798545562614
      ],
      [
        -104.82222833823724,
        38.29776842591498
      ],
      [
        -104.8221203628424,
        38.297738309202096
      ],
      [
        -104.82201238744757,
        38.29770819248921
      ],
      [
        -104.82190441205275,
        38.29767807577632
      ],
      [
        -104.82179643665792,
        38.29764795906343
      ],
      [
        -104.8216884612631,
        38.29761784235055
      ],
      [
        -104.82158048586827,
        38.29758772563766
      ],
      [
        -104.82147251047343,
        38.29755760892477
      ],
      [
        -104.8213645350786,
        38.297527492211884
      ],
      [
        -104.82125655968377,
        38.297497375499
      ],
      [
        -104.82114858428895,
        38.297467258786114
      ],
      [
        -104.82104060889412,
        38.29743714207322
      ],
      [
        -104.82093209545576,
        38.297408326840575
      ],
      [
        -104.82082216177594,
        38.297382947047744
      ],
      [
        -104.82071222809613,
        38.29735756725491
      ],
      [
        -104.82060229441632,
        38.29733218746208
      ],
      [
        -104.8204923607365,
        38.29730680766925
      ],
      [
        -104.82038242705669,
        38.29728142787643
      ],
      [
        -104.820271549803,
        38.297259024488405
      ],
      [
        -104.82015928019803,
        38.29724101312647
      ],
      [
        -104.82004701059307,
        38.29722300176452
      ],
      [
        -104.8199347409881,
        38.297204990402584
      ],
      [
        -104.81982247138313,
        38.29718697904064
      ],
      [
        -104.81971020177816,
        38.2971689676787
      ],
      [
        -104.81959793217321,
        38.297150956316756
      ],
      [
        -104.81948566256824,
        38.29713294495482
      ],
      [
        -104.81937313461965,
        38.29711614216181
      ],
      [
        -104.8192595226679,
        38.297104410492885
      ],
      [
        -104.81914591071617,
        38.29709267882396
      ],
      [
        -104.81903229876443,
        38.297080947155024
      ],
      [
        -104.8189186868127,
        38.2970692154861
      ],
      [
        -104.81880492554686,
        38.297058822014485
      ],
      [
        -104.81869044477331,
        38.29705487698456
      ],
      [
        -104.81857596399976,
        38.29705093195463
      ],
      [
        -104.81846148322622,
        38.2970469869247
      ],
      [
        -104.81834700245267,
        38.297043041894774
      ],
      [
        -104.81823252167912,
        38.29703909686484
      ],
      [
        -104.81811804090557,
        38.29703515183492
      ],
      [
        -104.81800356013203,
        38.29703120680499
      ],
      [
        -104.81788906549869,
        38.29702759871598
      ],
      [
        -104.81777449905432,
        38.29702573640316
      ],
      [
        -104.81765993260996,
        38.297023874090335
      ],
      [
        -104.81754536616559,
        38.29702201177751
      ],
      [
        -104.81743079972122,
        38.297020149464686
      ],
      [
        -104.81731623327686,
        38.297018287151865
      ],
      [
        -104.81720166683247,
        38.297016424839036
      ],
      [
        -104.81708710038811,
        38.297014562526215
      ],
      [
        -104.81697253394374,
        38.29701270021339
      ],
      [
        -104.81685796749937,
        38.29701083790057
      ],
      [
        -104.816743401055,
        38.297008975587744
      ],
      [
        -104.81662883461064,
        38.29700711327492
      ],
      [
        -104.81651426816626,
        38.2970052509621
      ],
      [
        -104.81639970172189,
        38.29700338864927
      ],
      [
        -104.81628513527752,
        38.29700152633645
      ],
      [
        -104.81617056883316,
        38.29699966402363
      ],
      [
        -104.81605600238879,
        38.29699780171081
      ],
      [
        -104.81594143594442,
        38.29699593939798
      ],
      [
        -104.81582686950004,
        38.29699407708516
      ],
      [
        -104.81571230305568,
        38.29699221477234
      ],
      [
        -104.81559773661131,
        38.29699035245951
      ],
      [
        -104.81548317016694,
        38.29698849014669
      ],
      [
        -104.81536860372258,
        38.29698662783387
      ],
      [
        -104.81525403727821,
        38.296984765521046
      ],
      [
        -104.81513947083383,
        38.29698290320822
      ],
      [
        -104.81502490438946,
        38.296981040895396
      ],
      [
        -104.8149103379451,
        38.296979178582575
      ],
      [
        -104.81479579228197,
        38.29697666504605
      ],
      [
        -104.81468125027432,
        38.29697403695746
      ],
      [
        -104.81456670826667,
        38.29697140886887
      ],
      [
        -104.814452166259,
        38.29696878078028
      ],
      [
        -104.81433762425135,
        38.296966152691695
      ],
      [
        -104.8142230822437,
        38.29696352460311
      ],
      [
        -104.81410854023605,
        38.29696089651451
      ],
      [
        -104.8139939982284,
        38.296958268425925
      ],
      [
        -104.81387945622075,
        38.29695564033734
      ],
      [
        -104.8137649142131,
        38.29695301224875
      ],
      [
        -104.81365037220544,
        38.296950384160155
      ],
      [
        -104.8135358301978,
        38.29694775607157
      ],
      [
        -104.81342128819014,
        38.29694512798298
      ],
      [
        -104.81330674618249,
        38.29694249989439
      ],
      [
        -104.81319219342643,
        38.296940244725675
      ],
      [
        -104.81307761731112,
        38.29693880001469
      ],
      [
        -104.8129630411958,
        38.29693735530371
      ],
      [
        -104.81284846508049,
        38.29693591059273
      ],
      [
        -104.81273388896518,
        38.29693446588175
      ],
      [
        -104.81261931284988,
        38.296933021170766
      ],
      [
        -104.81250473673455,
        38.29693157645978
      ],
      [
        -104.81239016061924,
        38.296930131748795
      ],
      [
        -104.81227558450394,
        38.29692868703781
      ],
      [
        -104.81216100838861,
        38.29692724232683
      ],
      [
        -104.8120464322733,
        38.29692579761585
      ],
      [
        -104.811931856158,
        38.29692435290487
      ],
      [
        -104.81181728004269,
        38.296922908193885
      ],
      [
        -104.81170270399988,
        38.29692146014049
      ],
      [
        -104.81158813075365,
        38.296919883194995
      ],
      [
        -104.81147355750741,
        38.29691830624951
      ],
      [
        -104.81135898426118,
        38.29691672930402
      ],
      [
        -104.81124441101493,
        38.29691515235854
      ],
      [
        -104.81112983776869,
        38.29691357541305
      ],
      [
        -104.81101526452245,
        38.296911998467564
      ],
      [
        -104.81090069127622,
        38.29691042152208
      ],
      [
        -104.81078611802997,
        38.29690884457659
      ],
      [
        -104.81067154478373,
        38.2969072676311
      ],
      [
        -104.8105569715375,
        38.29690569068561
      ],
      [
        -104.81044239829124,
        38.296904113740126
      ],
      [
        -104.81032782504501,
        38.29690253679464
      ],
      [
        -104.81021325179877,
        38.296900959849154
      ],
      [
        -104.81009867855254,
        38.29689938290367
      ],
      [
        -104.80998410530628,
        38.29689780595818
      ],
      [
        -104.80986953206005,
        38.29689622901269
      ],
      [
        -104.80975495881381,
        38.2968946520672
      ],
      [
        -104.80964038556756,
        38.296893075121716
      ],
      [
        -104.80952580264619,
        38.2968928676634
      ],
      [
        -104.80941121417058,
        38.29689344639308
      ],
      [
        -104.80929662569497,
        38.296894025122754
      ],
      [
        -104.80918203721934,
        38.29689460385243
      ],
      [
        -104.80906744874373,
        38.296895182582105
      ],
      [
        -104.8089528602681,
        38.296895761311774
      ],
      [
        -104.8088382717925,
        38.29689634004145
      ],
      [
        -104.80872368331688,
        38.296896918771125
      ],
      [
        -104.80860909484126,
        38.2968974975008
      ],
      [
        -104.80849450636565,
        38.29689807623048
      ],
      [
        -104.80837991789002,
        38.29689865496015
      ],
      [
        -104.80826532941441,
        38.29689923368983
      ],
      [
        -104.8081507409388,
        38.296899812419504
      ],
      [
        -104.80803615246317,
        38.29690039114918
      ],
      [
        -104.80792156398756,
        38.296900969878855
      ],
      [
        -104.80780709080776,
        38.29689864603541
      ],
      [
        -104.80769277072642,
        38.29689246793647
      ],
      [
        -104.80757845064508,
        38.296886289837545
      ],
      [
        -104.80746413056374,
        38.29688011173861
      ],
      [
        -104.8073498104824,
        38.296873933639674
      ],
      [
        -104.80723549040107,
        38.296867755540745
      ],
      [
        -104.80712117031975,
        38.29686157744181
      ],
      [
        -104.80700685023841,
        38.29685539934288
      ],
      [
        -104.80689253015707,
        38.296849221243946
      ],
      [
        -104.80677821007573,
        38.29684304314501
      ],
      [
        -104.8066638899944,
        38.29683686504608
      ],
      [
        -104.80654956991306,
        38.296830686947146
      ],
      [
        -104.806435128276,
        38.29682645417507
      ],
      [
        -104.80632058674088,
        38.29682382012918
      ],
      [
        -104.80620604520577,
        38.29682118608328
      ],
      [
        -104.80609150367067,
        38.29681855203738
      ],
      [
        -104.80597696213556,
        38.29681591799149
      ],
      [
        -104.80586242060045,
        38.29681328394559
      ],
      [
        -104.80574787906534,
        38.2968106498997
      ],
      [
        -104.80563333753022,
        38.2968080158538
      ],
      [
        -104.80551879599513,
        38.29680538180791
      ],
      [
        -104.80540425446002,
        38.29680274776201
      ],
      [
        -104.8052897129249,
        38.29680011371611
      ],
      [
        -104.80517517138979,
        38.29679747967022
      ],
      [
        -104.80506062985468,
        38.29679484562432
      ],
      [
        -104.80494608831958,
        38.29679221157843
      ],
      [
        -104.80483154678447,
        38.29678957753253
      ],
      [
        -104.80471700524936,
        38.29678694348663
      ],
      [
        -104.80460246371425,
        38.29678430944074
      ],
      [
        -104.80448792217913,
        38.29678167539484
      ],
      [
        -104.80437338064404,
        38.29677904134895
      ],
      [
        -104.80425883910893,
        38.29677640730305
      ],
      [
        -104.80414431316169,
        38.29677343514506
      ],
      [
        -104.80402982812409,
        38.296769575627486
      ],
      [
        -104.80391534308649,
        38.29676571610991
      ],
      [
        -104.80380085804889,
        38.29676185659234
      ],
      [
        -104.80368637301129,
        38.296757997074764
      ],
      [
        -104.80357188797369,
        38.296754137557194
      ],
      [
        -104.80345740293609,
        38.29675027803962
      ],
      [
        -104.80334291789849,
        38.29674641852204
      ],
      [
        -104.80322843286089,
        38.29674255900447
      ],
      [
        -104.80311394782329,
        38.296738699486895
      ],
      [
        -104.80299946278569,
        38.296734839969325
      ],
      [
        -104.8028849777481,
        38.29673098045175
      ],
      [
        -104.80277049271051,
        38.29672712093417
      ],
      [
        -104.80265600767291,
        38.2967232614166
      ],
      [
        -104.80254152263531,
        38.296719401899026
      ],
      [
        -104.80242745320767,
        38.29671086959998
      ],
      [
        -104.80231339450614,
        38.29670221524501
      ],
      [
        -104.80219933397952,
        38.29669357651449
      ],
      [
        -104.80208527345287,
        38.29668493778398
      ],
      [
        -104.80197121292625,
        38.296676299053466
      ],
      [
        -104.80185715239962,
        38.296667660322946
      ],
      [
        -104.80174309187299,
        38.29665902159243
      ],
      [
        -104.80162903134635,
        38.29665038286192
      ],
      [
        -104.80151497081972,
        38.296641744131406
      ],
      [
        -104.8014009102931,
        38.296633105400886
      ],
      [
        -104.80128684976646,
        38.29662446667037
      ],
      [
        -104.80117278923983,
        38.29661582793986
      ],
      [
        -104.8010587287132,
        38.29660718920934
      ],
      [
        -104.80094466818657,
        38.296598550478826
      ],
      [
        -104.80083060765993,
        38.29658991174831
      ],
      [
        -104.8007165471333,
        38.29658127301779
      ],
      [
        -104.80060248660668,
        38.29657263428728
      ],
      [
        -104.80048842608004,
        38.29656399555677
      ],
      [
        -104.8003744952242,
        38.29655454925563
      ],
      [
        -104.80026126868577,
        38.29654071656942
      ],
      [
        -104.80014804214734,
        38.29652688388321
      ],
      [
        -104.80003481560891,
        38.296513051196996
      ],
      [
        -104.79992158907048,
        38.29649921851078
      ],
      [
        -104.79980836253203,
        38.296485385824575
      ],
      [
        -104.7996951359936,
        38.29647155313836
      ],
      [
        -104.79958190945517,
        38.296457720452146
      ],
      [
        -104.79946868291674,
        38.29644388776594
      ],
      [
        -104.79935545637831,
        38.296430055079725
      ],
      [
        -104.79924222983988,
        38.29641622239351
      ],
      [
        -104.79912900330145,
        38.2964023897073
      ],
      [
        -104.799015776763,
        38.29638855702109
      ],
      [
        -104.79890255022457,
        38.296374724334875
      ],
      [
        -104.79878940831063,
        38.29636050080407
      ],
      [
        -104.79867671184365,
        38.29634421994281
      ],
      [
        -104.79856401537668,
        38.29632793908154
      ],
      [
        -104.79845131890971,
        38.29631165822028
      ],
      [
        -104.79833862244273,
        38.29629537735902
      ],
      [
        -104.79822592597576,
        38.29627909649776
      ],
      [
        -104.79811322950879,
        38.2962628156365
      ],
      [
        -104.7980005330418,
        38.296246534775236
      ],
      [
        -104.79788783657483,
        38.296230253913976
      ],
      [
        -104.79777514010786,
        38.296213973052716
      ],
      [
        -104.79766255193657,
        38.29619725054655
      ],
      [
        -104.79755020065619,
        38.296179561966234
      ],
      [
        -104.79743784937583,
        38.29616187338591
      ],
      [
        -104.79732549809545,
        38.2961441848056
      ],
      [
        -104.79721314681507,
        38.29612649622528
      ],
      [
        -104.79710079553469,
        38.296108807644956
      ],
      [
        -104.7969886074698,
        38.29609052491006
      ],
      [
        -104.79687694671676,
        38.29607032259775
      ],
      [
        -104.79676528596373,
        38.296050120285436
      ],
      [
        -104.7966536252107,
        38.29602991797312
      ],
      [
        -104.79654196445766,
        38.296009715660816
      ],
      [
        -104.79643030370464,
        38.2959895133485
      ],
      [
        -104.7963186429516,
        38.29596931103619
      ],
      [
        -104.79620698219857,
        38.295949108723875
      ],
      [
        -104.79609532144553,
        38.29592890641156
      ],
      [
        -104.79598369486072,
        38.29590858887019
      ],
      [
        -104.7958720941532,
        38.29588818406019
      ],
      [
        -104.79576049344567,
        38.29586777925018
      ],
      [
        -104.79564889273813,
        38.29584737444017
      ],
      [
        -104.7955372920306,
        38.29582696963017
      ],
      [
        -104.79542569132306,
        38.29580656482016
      ],
      [
        -104.79531409061553,
        38.29578616001015
      ],
      [
        -104.79520247489533,
        38.29576580624231
      ],
      [
        -104.79509080526893,
        38.29574563575232
      ],
      [
        -104.79497913564254,
        38.29572546526232
      ],
      [
        -104.79486746601613,
        38.29570529477233
      ],
      [
        -104.79475579638972,
        38.29568512428234
      ],
      [
        -104.79464412676332,
        38.295664953792354
      ],
      [
        -104.79453245713692,
        38.29564478330236
      ],
      [
        -104.7944207864014,
        38.29562461716706
      ],
      [
        -104.79430911525182,
        38.29560445265752
      ],
      [
        -104.79419744410224,
        38.295584288147985
      ],
      [
        -104.79408577295264,
        38.29556412363846
      ],
      [
        -104.79397410180306,
        38.29554395912892
      ],
      [
        -104.79386243065348,
        38.29552379461939
      ],
      [
        -104.7937507595039,
        38.295503630109856
      ],
      [
        -104.7936390883543,
        38.29548346560033
      ],
      [
        -104.7935275196527,
        38.295462960096565
      ],
      [
        -104.79341612035967,
        38.29544189072278
      ],
      [
        -104.79330472106663,
        38.29542082134899
      ],
      [
        -104.7931933217736,
        38.295399751975204
      ],
      [
        -104.79308192248057,
        38.295378682601424
      ],
      [
        -104.79297052318753,
        38.29535761322764
      ],
      [
        -104.7928591238945,
        38.29533654385385
      ],
      [
        -104.79274772460148,
        38.29531547448006
      ],
      [
        -104.79263632530845,
        38.295294405106276
      ],
      [
        -104.79252492601542,
        38.29527333573249
      ],
      [
        -104.79241352672238,
        38.2952522663587
      ],
      [
        -104.79230204637787,
        38.29523146579715
      ],
      [
        -104.79219045527296,
        38.29521103257926
      ],
      [
        -104.79207886416805,
        38.29519059936137
      ],
      [
        -104.79196727306315,
        38.29517016614348
      ],
      [
        -104.79185568195824,
        38.29514973292558
      ],
      [
        -104.79174409085333,
        38.29512929970769
      ],
      [
        -104.79163249974842,
        38.2951088664898
      ],
      [
        -104.79152090864352,
        38.2950884332719
      ],
      [
        -104.79140931753861,
        38.29506800005401
      ],
      [
        -104.7912977264337,
        38.29504756683612
      ],
      [
        -104.7911861353288,
        38.29502713361823
      ],
      [
        -104.79107454422389,
        38.29500670040033
      ],
      [
        -104.79096295311898,
        38.29498626718244
      ],
      [
        -104.79085136201408,
        38.29496583396455
      ],
      [
        -104.79073977090917,
        38.29494540074665
      ],
      [
        -104.7906281699335,
        38.29492500157732
      ],
      [
        -104.79051656178301,
        38.294904627157095
      ],
      [
        -104.79040495363253,
        38.294884252736864
      ],
      [
        -104.79029334548204,
        38.29486387831663
      ],
      [
        -104.79018173733155,
        38.29484350389641
      ],
      [
        -104.79007012918106,
        38.29482312947618
      ],
      [
        -104.78995852103057,
        38.29480275505595
      ],
      [
        -104.78984691288008,
        38.29478238063572
      ],
      [
        -104.78973530472959,
        38.29476200621549
      ],
      [
        -104.7896236965791,
        38.29474163179526
      ],
      [
        -104.78951208842861,
        38.29472125737504
      ],
      [
        -104.78940050898939,
        38.29470078722854
      ],
      [
        -104.78928895865968,
        38.29468022002801
      ],
      [
        -104.78917740832996,
        38.29465965282748
      ],
      [
        -104.78906585800026,
        38.29463908562694
      ],
      [
        -104.78895430767054,
        38.294618518426404
      ],
      [
        -104.78884275734083,
        38.29459795122587
      ],
      [
        -104.78873120701111,
        38.29457738402533
      ],
      [
        -104.78861965668139,
        38.294556816824795
      ],
      [
        -104.78850810635169,
        38.29453624962426
      ],
      [
        -104.78839655602197,
        38.29451568242372
      ],
      [
        -104.78828500569226,
        38.294495115223185
      ],
      [
        -104.78817345536254,
        38.29447454802265
      ],
      [
        -104.78806190503283,
        38.29445398082211
      ],
      [
        -104.78795035470311,
        38.294433413621576
      ],
      [
        -104.78783881586571,
        38.2944128085577
      ],
      [
        -104.78772738652653,
        38.294391842733475
      ],
      [
        -104.78761595718734,
        38.29437087690925
      ],
      [
        -104.78750452784814,
        38.29434991108502
      ],
      [
        -104.78739309850896,
        38.294328945260794
      ],
      [
        -104.78728166916977,
        38.29430797943657
      ],
      [
        -104.78717023983059,
        38.29428701361234
      ],
      [
        -104.7870588104914,
        38.29426604778811
      ],
      [
        -104.78694738115222,
        38.294245081963886
      ],
      [
        -104.78683595181303,
        38.29422411613966
      ],
      [
        -104.78672452247385,
        38.29420315031543
      ],
      [
        -104.78661309313466,
        38.294182184491206
      ],
      [
        -104.78650166379548,
        38.29416121866698
      ],
      [
        -104.78639023445629,
        38.29414025284275
      ],
      [
        -104.78627867345658,
        38.29411973662793
      ],
      [
        -104.78616676925414,
        38.29410039242106
      ],
      [
        -104.78605486505168,
        38.29408104821419
      ],
      [
        -104.78594296084924,
        38.294061704007326
      ],
      [
        -104.78583105664678,
        38.29404235980046
      ],
      [
        -104.78571915244434,
        38.29402301559359
      ],
      [
        -104.78560756544583,
        38.29400257999272
      ],
      [
        -104.78549602586394,
        38.29398198124687
      ],
      [
        -104.78538448628204,
        38.293961382501024
      ],
      [
        -104.78527294670016,
        38.29394078375518
      ],
      [
        -104.78516140711827,
        38.293920185009334
      ],
      [
        -104.78504986753637,
        38.293899586263485
      ],
      [
        -104.78493832795449,
        38.293878987517644
      ],
      [
        -104.7848267883726,
        38.293858388771795
      ],
      [
        -104.78471524879072,
        38.29383779002595
      ],
      [
        -104.78460370920882,
        38.2938171912801
      ],
      [
        -104.78449216962693,
        38.29379659253426
      ],
      [
        -104.78438063004505,
        38.29377599378841
      ],
      [
        -104.78426909046316,
        38.29375539504256
      ],
      [
        -104.78415755088126,
        38.29373479629672
      ],
      [
        -104.78404601129938,
        38.29371419755087
      ],
      [
        -104.78393447171749,
        38.29369359880502
      ],
      [
        -104.78382293213559,
        38.29367300005918
      ],
      [
        -104.78371139255371,
        38.29365240131333
      ],
      [
        -104.78359985297182,
        38.29363180256748
      ],
      [
        -104.78348831338994,
        38.29361120382164
      ],
      [
        -104.78337677380804,
        38.29359060507579
      ],
      [
        -104.78326523422615,
        38.293570006329944
      ],
      [
        -104.78315369464427,
        38.2935494075841
      ],
      [
        -104.78304215506238,
        38.29352880883825
      ],
      [
        -104.78293061548048,
        38.293508210092405
      ],
      [
        -104.7828190758986,
        38.29348761134656
      ],
      [
        -104.7827075363167,
        38.293467012600715
      ],
      [
        -104.78259599673481,
        38.293446413854866
      ],
      [
        -104.78248445715293,
        38.29342581510902
      ],
      [
        -104.78237291221734,
        38.29340523719957
      ],
      [
        -104.78226136303225,
        38.29338467582896
      ],
      [
        -104.78214981384717,
        38.29336411445835
      ],
      [
        -104.78203826466208,
        38.29334355308774
      ],
      [
        -104.781926715477,
        38.293322991717126
      ],
      [
        -104.7818151662919,
        38.293302430346515
      ],
      [
        -104.78170361710683,
        38.2932818689759
      ],
      [
        -104.78159206792174,
        38.29326130760529
      ],
      [
        -104.78148051873666,
        38.29324074623468
      ],
      [
        -104.78136896955156,
        38.29322018486406
      ],
      [
        -104.78125742036649,
        38.29319962349345
      ],
      [
        -104.7811458711814,
        38.29317906212284
      ],
      [
        -104.78103432199632,
        38.29315850075223
      ],
      [
        -104.78092277281122,
        38.293137939381616
      ],
      [
        -104.78081122362615,
        38.293117378011004
      ],
      [
        -104.78069967444105,
        38.29309681664039
      ],
      [
        -104.78058812525597,
        38.29307625526978
      ],
      [
        -104.78047657607088,
        38.29305569389917
      ],
      [
        -104.7803650268858,
        38.29303513252856
      ],
      [
        -104.78025347770071,
        38.29301457115795
      ],
      [
        -104.78014192851563,
        38.292994009787336
      ],
      [
        -104.78003037933054,
        38.292973448416724
      ],
      [
        -104.77991883014546,
        38.29295288704611
      ],
      [
        -104.77980728096037,
        38.2929323256755
      ],
      [
        -104.77969573177529,
        38.29291176430489
      ],
      [
        -104.7795841825902,
        38.29289120293428
      ],
      [
        -104.77947263340512,
        38.29287064156367
      ],
      [
        -104.77936108422003,
        38.292850080193055
      ],
      [
        -104.77924953503495,
        38.292829518822444
      ],
      [
        -104.77913798584986,
        38.29280895745183
      ],
      [
        -104.77902643666478,
        38.29278839608122
      ],
      [
        -104.77891488747969,
        38.29276783471061
      ],
      [
        -104.77880333829461,
        38.29274727334
      ],
      [
        -104.77869178910952,
        38.29272671196939
      ],
      [
        -104.77858023992444,
        38.292706150598775
      ],
      [
        -104.77846869073934,
        38.292685589228164
      ],
      [
        -104.77835714155427,
        38.29266502785755
      ],
      [
        -104.77824559236917,
        38.29264446648694
      ],
      [
        -104.7781340431841,
        38.29262390511632
      ],
      [
        -104.778022493999,
        38.29260334374571
      ],
      [
        -104.77791094481393,
        38.2925827823751
      ],
      [
        -104.77779939562883,
        38.29256222100449
      ],
      [
        -104.77768784644375,
        38.292541659633876
      ],
      [
        -104.77757629725866,
        38.292521098263265
      ],
      [
        -104.77746474807358,
        38.29250053689265
      ],
      [
        -104.77735319888849,
        38.29247997552204
      ],
      [
        -104.77724164970341,
        38.29245941415143
      ],
      [
        -104.77713010051832,
        38.29243885278082
      ],
      [
        -104.77701855133324,
        38.29241829141021
      ],
      [
        -104.77690700214815,
        38.292397730039596
      ],
      [
        -104.77679545296307,
        38.292377168668985
      ],
      [
        -104.77668390377798,
        38.29235660729837
      ],
      [
        -104.7765723545929,
        38.29233604592776
      ],
      [
        -104.77646080540781,
        38.29231548455715
      ],
      [
        -104.77634925622273,
        38.29229492318654
      ],
      [
        -104.77623770703764,
        38.29227436181593
      ],
      [
        -104.77612615785256,
        38.292253800445316
      ],
      [
        -104.77601460866747,
        38.292233239074704
      ],
      [
        -104.77590305948239,
        38.29221267770409
      ],
      [
        -104.7757915102973,
        38.29219211633348
      ],
      [
        -104.77567996111222,
        38.29217155496287
      ],
      [
        -104.77556841192713,
        38.29215099359226
      ],
      [
        -104.77545686274205,
        38.29213043222165
      ],
      [
        -104.77534531355695,
        38.292109870851036
      ],
      [
        -104.77523376437188,
        38.292089309480424
      ],
      [
        -104.77512221518678,
        38.29206874810981
      ],
      [
        -104.7750106660017,
        38.2920481867392
      ],
      [
        -104.77489911681661,
        38.29202762536858
      ],
      [
        -104.77478756763153,
        38.29200706399797
      ],
      [
        -104.77467601844644,
        38.29198650262736
      ],
      [
        -104.77456446926136,
        38.29196594125675
      ],
      [
        -104.7744529307828,
        38.291945345290635
      ],
      [
        -104.77434143140206,
        38.291924622989576
      ],
      [
        -104.77422993202133,
        38.29190390068851
      ],
      [
        -104.7741184326406,
        38.29188317838745
      ],
      [
        -104.77400693325987,
        38.291862456086385
      ],
      [
        -104.77389543387913,
        38.29184173378532
      ],
      [
        -104.7737839344984,
        38.29182101148426
      ],
      [
        -104.77367243511766,
        38.29180028918319
      ],
      [
        -104.77356093573692,
        38.29177956688213
      ],
      [
        -104.77344943635619,
        38.29175884458107
      ],
      [
        -104.77333793697545,
        38.29173812228
      ],
      [
        -104.77322643759472,
        38.291717399978936
      ],
      [
        -104.773114938214,
        38.291696677677876
      ],
      [
        -104.77300343883326,
        38.29167595537681
      ],
      [
        -104.77289193945252,
        38.29165523307575
      ],
      [
        -104.77278044007178,
        38.291634510774685
      ],
      [
        -104.77266894069105,
        38.29161378847362
      ],
      [
        -104.77255744131031,
        38.29159306617256
      ],
      [
        -104.77244594192958,
        38.29157234387149
      ],
      [
        -104.77233444254884,
        38.29155162157043
      ],
      [
        -104.7722229431681,
        38.29153089926937
      ],
      [
        -104.77211184543553,
        38.291508892942815
      ],
      [
        -104.77200078358095,
        38.29148677191818
      ],
      [
        -104.77188972172638,
        38.291464650893545
      ],
      [
        -104.7717786598718,
        38.29144252986891
      ],
      [
        -104.77166759801722,
        38.29142040884428
      ],
      [
        -104.77155653616265,
        38.291398287819646
      ],
      [
        -104.77144622177167,
        38.29137414245399
      ],
      [
        -104.77133729805527,
        38.291346230751664
      ],
      [
        -104.77122837433886,
        38.29131831904933
      ],
      [
        -104.77111945062245,
        38.291290407347
      ],
      [
        -104.77101052690605,
        38.29126249564467
      ],
      [
        -104.77090364823286,
        38.291230099290075
      ],
      [
        -104.77079689355858,
        38.29119743101362
      ],
      [
        -104.77069013888429,
        38.29116476273716
      ],
      [
        -104.77058338421001,
        38.2911320944607
      ],
      [
        -104.77047662953572,
        38.29109942618424
      ],
      [
        -104.77036987486144,
        38.29106675790778
      ],
      [
        -104.77026485809026,
        38.29103081747678
      ],
      [
        -104.77016014489553,
        38.290994305466704
      ],
      [
        -104.7700554317008,
        38.29095779345663
      ],
      [
        -104.76995450000318,
        38.29092260000112
      ],
      [
        -104.7699508648451,
        38.290921048508906
      ],
      [
        -104.76985020391879,
        38.290878086232084
      ],
      [
        -104.7697495429925,
        38.29083512395526
      ],
      [
        -104.76964888206619,
        38.29079216167844
      ],
      [
        -104.7695482211399,
        38.290749199401624
      ],
      [
        -104.76944756021359,
        38.2907062371248
      ],
      [
        -104.7693468992873,
        38.29066327484798
      ],
      [
        -104.76924623836099,
        38.29062031257116
      ],
      [
        -104.7691455774347,
        38.290577350294335
      ],
      [
        -104.76904491650839,
        38.29053438801752
      ],
      [
        -104.76901799999825,
        38.29052289999908
      ],
      [
        -104.76894822783689,
        38.29048626961436
      ],
      [
        -104.76885298902737,
        38.290436269239365
      ],
      [
        -104.76875775021786,
        38.290386268864374
      ],
      [
        -104.76866251140834,
        38.290336268489376
      ],
      [
        -104.76856727259883,
        38.290286268114386
      ],
      [
        -104.76847203378931,
        38.29023626773939
      ],
      [
        -104.7683767949798,
        38.29018626736439
      ],
      [
        -104.76828155617028,
        38.2901362669894
      ],
      [
        -104.76818923082728,
        38.29008323332082
      ],
      [
        -104.76810176821053,
        38.29002513692839
      ],
      [
        -104.7680143055938,
        38.289967040535956
      ],
      [
        -104.76792684297705,
        38.28990894414352
      ],
      [
        -104.76783938036031,
        38.28985084775108
      ],
      [
        -104.76775191774358,
        38.289792751358654
      ],
      [
        -104.76766445512683,
        38.28973465496622
      ],
      [
        -104.7675769925101,
        38.28967655857378
      ],
      [
        -104.76748952989335,
        38.289618462181345
      ],
      [
        -104.76740206727662,
        38.289560365788915
      ],
      [
        -104.76731631778885,
        38.289500886631906
      ],
      [
        -104.76723987620892,
        38.28943389452911
      ],
      [
        -104.76716343462898,
        38.28936690242631
      ],
      [
        -104.76708699304905,
        38.289299910323514
      ],
      [
        -104.76701055146911,
        38.28923291822072
      ],
      [
        -104.76693410988918,
        38.289165926117924
      ],
      [
        -104.76685766830923,
        38.28909893401513
      ],
      [
        -104.7667812267293,
        38.28903194191233
      ],
      [
        -104.76670478514936,
        38.28896494980953
      ],
      [
        -104.76662834356942,
        38.28889795770674
      ],
      [
        -104.76655190198949,
        38.28883096560394
      ],
      [
        -104.76647546040954,
        38.28876397350115
      ],
      [
        -104.7663990188296,
        38.288696981398346
      ],
      [
        -104.76632461887031,
        38.288628758150374
      ],
      [
        -104.76626183991127,
        38.28855352716639
      ],
      [
        -104.76619906095222,
        38.28847829618241
      ],
      [
        -104.76613628199317,
        38.28840306519843
      ],
      [
        -104.76607350303414,
        38.288327834214456
      ],
      [
        -104.76601072407509,
        38.288252603230475
      ],
      [
        -104.76594794511604,
        38.288177372246494
      ],
      [
        -104.76588516615699,
        38.28810214126251
      ],
      [
        -104.76582238719796,
        38.28802691027854
      ],
      [
        -104.76575960823891,
        38.28795167929456
      ],
      [
        -104.76569682927986,
        38.28787644831058
      ],
      [
        -104.76563405032081,
        38.2878012173266
      ],
      [
        -104.76557720438929,
        38.28772326682657
      ],
      [
        -104.76552456654379,
        38.28764338747022
      ],
      [
        -104.7654719286983,
        38.28756350811387
      ],
      [
        -104.76541929085282,
        38.28748362875753
      ],
      [
        -104.76536665300733,
        38.28740374940118
      ],
      [
        -104.76531401516183,
        38.28732387004484
      ],
      [
        -104.76526137731635,
        38.28724399068849
      ],
      [
        -104.76520873947086,
        38.28716411133214
      ],
      [
        -104.76515610162538,
        38.2870842319758
      ],
      [
        -104.76510346377988,
        38.28700435261945
      ],
      [
        -104.7650508259344,
        38.2869244732631
      ],
      [
        -104.76499818808891,
        38.28684459390676
      ],
      [
        -104.76494555024343,
        38.28676471455041
      ],
      [
        -104.76489291239793,
        38.28668483519406
      ],
      [
        -104.76484027455244,
        38.28660495583772
      ],
      [
        -104.76478763670696,
        38.28652507648137
      ],
      [
        -104.76473499886147,
        38.286445197125026
      ],
      [
        -104.76468236101599,
        38.28636531776868
      ],
      [
        -104.76462972317049,
        38.28628543841233
      ],
      [
        -104.764577085325,
        38.286205559055986
      ],
      [
        -104.76452444747952,
        38.28612567969964
      ],
      [
        -104.76447180963403,
        38.28604580034329
      ],
      [
        -104.76441917178853,
        38.285965920986946
      ],
      [
        -104.76436653394305,
        38.2858860416306
      ],
      [
        -104.76431389609756,
        38.28580616227425
      ],
      [
        -104.76426125825208,
        38.285726282917906
      ],
      [
        -104.76420862040658,
        38.28564640356156
      ],
      [
        -104.76415598256109,
        38.285566524205215
      ],
      [
        -104.76410334471561,
        38.285486644848866
      ],
      [
        -104.76405070687012,
        38.28540676549252
      ],
      [
        -104.7639973486484,
        38.28532718225843
      ],
      [
        -104.76394378438832,
        38.285247683719724
      ],
      [
        -104.76389022012823,
        38.285168185181014
      ],
      [
        -104.76383665586815,
        38.28508868664231
      ],
      [
        -104.76378309160808,
        38.28500918810361
      ],
      [
        -104.76372952734799,
        38.2849296895649
      ],
      [
        -104.7636759630879,
        38.284850191026194
      ],
      [
        -104.76362239882783,
        38.28477069248749
      ],
      [
        -104.76356883456775,
        38.28469119394878
      ],
      [
        -104.76351527030766,
        38.28461169541008
      ],
      [
        -104.76350199999763,
        38.28459199999704
      ],
      [
        -104.76345610787723,
        38.28453473637779
      ],
      [
        -104.76339510175964,
        38.28445861370008
      ],
      [
        -104.76333409564205,
        38.28438249102238
      ],
      [
        -104.76327288784591,
        38.28430647289203
      ],
      [
        -104.76320765436922,
        38.28423254161846
      ],
      [
        -104.76314242089255,
        38.28415861034489
      ],
      [
        -104.76307718741587,
        38.28408467907132
      ],
      [
        -104.76301114829796,
        38.284011216007265
      ],
      [
        -104.76294010513472,
        38.28394066111317
      ],
      [
        -104.76286906197146,
        38.283870106219084
      ],
      [
        -104.76279801880821,
        38.28379955132499
      ],
      [
        -104.76272668964005,
        38.28372918841461
      ],
      [
        -104.76264892812084,
        38.28366314328529
      ],
      [
        -104.76257116660163,
        38.28359709815597
      ],
      [
        -104.76249340508242,
        38.28353105302665
      ],
      [
        -104.7624156435632,
        38.283465007897334
      ],
      [
        -104.762337882044,
        38.28339896276801
      ],
      [
        -104.76226012052479,
        38.283332917638695
      ],
      [
        -104.76218235900558,
        38.28326687250937
      ],
      [
        -104.76210459748637,
        38.28320082738006
      ],
      [
        -104.76202683596716,
        38.283134782250734
      ],
      [
        -104.76194907444795,
        38.28306873712142
      ],
      [
        -104.76187131292873,
        38.283002691992095
      ],
      [
        -104.76179355140953,
        38.28293664686278
      ],
      [
        -104.76171085406628,
        38.282874584942114
      ],
      [
        -104.76162460291548,
        38.282815390943185
      ],
      [
        -104.76153835176467,
        38.282756196944256
      ],
      [
        -104.76145210061387,
        38.282697002945326
      ],
      [
        -104.76136584946305,
        38.28263780894639
      ],
      [
        -104.76127959831224,
        38.28257861494746
      ],
      [
        -104.76119334716144,
        38.28251942094853
      ],
      [
        -104.76110709601063,
        38.2824602269496
      ],
      [
        -104.76102084485983,
        38.28240103295067
      ],
      [
        -104.76093459370902,
        38.282341838951744
      ],
      [
        -104.76084106332104,
        38.28228995897879
      ],
      [
        -104.76074702810753,
        38.282238586244
      ],
      [
        -104.76065299289402,
        38.28218721350921
      ],
      [
        -104.76055895768053,
        38.28213584077442
      ],
      [
        -104.76046492246702,
        38.28208446803964
      ],
      [
        -104.76036901778336,
        38.28203544528022
      ],
      [
        -104.76026894411433,
        38.281991663050015
      ],
      [
        -104.76016887044528,
        38.281947880819814
      ],
      [
        -104.76006879677625,
        38.28190409858961
      ],
      [
        -104.7599687231072,
        38.2818603163594
      ],
      [
        -104.7598681993679,
        38.281817185945336
      ],
      [
        -104.75976685159793,
        38.28177524893707
      ],
      [
        -104.75966550382797,
        38.28173331192882
      ],
      [
        -104.75956415605802,
        38.281691374920555
      ],
      [
        -104.75946280828805,
        38.2816494379123
      ],
      [
        -104.7593614605181,
        38.28160750090404
      ],
      [
        -104.7592572312674,
        38.281570392896256
      ],
      [
        -104.75915131245021,
        38.281536116390136
      ],
      [
        -104.75904539363302,
        38.281501839884015
      ],
      [
        -104.75893947481582,
        38.2814675633779
      ],
      [
        -104.75883355599863,
        38.28143328687178
      ],
      [
        -104.75872763718144,
        38.28139901036566
      ],
      [
        -104.75862171836424,
        38.28136473385954
      ],
      [
        -104.75851456742605,
        38.281332927180635
      ],
      [
        -104.7584071689702,
        38.28130161665902
      ],
      [
        -104.75829977051434,
        38.28127030613741
      ],
      [
        -104.75819237205849,
        38.2812389956158
      ],
      [
        -104.75808497360264,
        38.28120768509419
      ],
      [
        -104.75797757514678,
        38.281176374572574
      ],
      [
        -104.75786734929387,
        38.281151986392956
      ],
      [
        -104.75775678190051,
        38.281128434409936
      ],
      [
        -104.75764621450716,
        38.28110488242691
      ],
      [
        -104.7575356471138,
        38.28108133044388
      ],
      [
        -104.75742507972043,
        38.281057778460855
      ],
      [
        -104.75731451232708,
        38.281034226477836
      ],
      [
        -104.75720394493372,
        38.28101067449481
      ],
      [
        -104.75709216706142,
        38.28099105897071
      ],
      [
        -104.75698008944704,
        38.28097241820325
      ],
      [
        -104.75686801183265,
        38.28095377743578
      ],
      [
        -104.75675593421828,
        38.28093513666832
      ],
      [
        -104.7566431313474,
        38.28091976103589
      ],
      [
        -104.75652963125863,
        38.28090752430757
      ],
      [
        -104.75641613116987,
        38.28089528757925
      ],
      [
        -104.75630263108111,
        38.28088305085093
      ],
      [
        -104.75618913099234,
        38.28087081412261
      ],
      [
        -104.75607563090358,
        38.28085857739429
      ],
      [
        -104.7559617547736,
        38.28084877176056
      ],
      [
        -104.7558478229961,
        38.280839325886156
      ],
      [
        -104.75573389121863,
        38.280829880011744
      ],
      [
        -104.75561995944113,
        38.28082043413734
      ],
      [
        -104.75550602766366,
        38.28081098826293
      ],
      [
        -104.75539209588617,
        38.28080154238852
      ],
      [
        -104.75527816410869,
        38.28079209651411
      ],
      [
        -104.75516390546451,
        38.28078552682593
      ],
      [
        -104.75504964344609,
        38.28077898682882
      ],
      [
        -104.75493538142766,
        38.28077244683171
      ],
      [
        -104.75482111940923,
        38.2807659068346
      ],
      [
        -104.75470685739079,
        38.2807593668375
      ],
      [
        -104.75459259537236,
        38.28075282684039
      ],
      [
        -104.75447833335393,
        38.28074628684328
      ],
      [
        -104.75436407133549,
        38.28073974684617
      ],
      [
        -104.75424980931706,
        38.280733206849064
      ],
      [
        -104.75413554729863,
        38.28072666685196
      ],
      [
        -104.7540212852802,
        38.28072012685485
      ],
      [
        -104.75390702326176,
        38.28071358685774
      ],
      [
        -104.75379276124333,
        38.280707046860634
      ],
      [
        -104.75367843324334,
        38.28070128593514
      ],
      [
        -104.75356407518528,
        38.28069587991785
      ],
      [
        -104.75344971712721,
        38.280690473900556
      ],
      [
        -104.75333535906914,
        38.28068506788327
      ],
      [
        -104.75322100101107,
        38.280679661865975
      ],
      [
        -104.753106642953,
        38.28067425584869
      ],
      [
        -104.75299228489494,
        38.28066884983139
      ],
      [
        -104.75287792683687,
        38.280663443814106
      ],
      [
        -104.7527635687788,
        38.28065803779681
      ],
      [
        -104.75264921072073,
        38.280652631779525
      ],
      [
        -104.75253485266266,
        38.28064722576223
      ],
      [
        -104.75242049460459,
        38.28064181974494
      ],
      [
        -104.75230619062485,
        38.280635769649685
      ],
      [
        -104.75219191408551,
        38.28062939273662
      ],
      [
        -104.75207763754617,
        38.280623015823565
      ],
      [
        -104.75196336100682,
        38.2806166389105
      ],
      [
        -104.75184908446748,
        38.280610261997445
      ],
      [
        -104.75173480792813,
        38.28060388508438
      ],
      [
        -104.7516205313888,
        38.280597508171326
      ],
      [
        -104.75150625484945,
        38.28059113125826
      ],
      [
        -104.7513919783101,
        38.280584754345206
      ],
      [
        -104.75127770177076,
        38.28057837743214
      ],
      [
        -104.75116342523141,
        38.280572000519086
      ],
      [
        -104.75104914869208,
        38.28056562360602
      ],
      [
        -104.75093487215273,
        38.28055924669297
      ],
      [
        -104.75082059561338,
        38.2805528697799
      ],
      [
        -104.75070631907404,
        38.28054649286685
      ],
      [
        -104.75059204253469,
        38.280540115953784
      ],
      [
        -104.75047776599536,
        38.28053373904073
      ],
      [
        -104.750363489456,
        38.28052736212767
      ],
      [
        -104.75024921291666,
        38.28052098521461
      ],
      [
        -104.75013493637732,
        38.28051460830155
      ],
      [
        -104.75002065983797,
        38.28050823138849
      ],
      [
        -104.74990638329864,
        38.28050185447543
      ],
      [
        -104.74979210675929,
        38.28049547756237
      ],
      [
        -104.74967783021994,
        38.28048910064931
      ],
      [
        -104.7495635536806,
        38.28048272373625
      ],
      [
        -104.74944927714125,
        38.28047634682319
      ],
      [
        -104.7493350006019,
        38.28046996991013
      ],
      [
        -104.74922072406257,
        38.28046359299707
      ],
      [
        -104.74910644752322,
        38.28045721608401
      ],
      [
        -104.74899217098388,
        38.28045083917095
      ],
      [
        -104.74887789444453,
        38.28044446225789
      ],
      [
        -104.74876361790518,
        38.280438085344834
      ],
      [
        -104.74864934136585,
        38.28043170843177
      ],
      [
        -104.7485350648265,
        38.280425331518714
      ],
      [
        -104.74842078828716,
        38.28041895460565
      ],
      [
        -104.74830651174781,
        38.280412577692594
      ],
      [
        -104.74819223520846,
        38.28040620077954
      ],
      [
        -104.74807795866913,
        38.280399823866475
      ],
      [
        -104.74796368212978,
        38.28039344695342
      ],
      [
        -104.74784940559044,
        38.280387070040355
      ],
      [
        -104.7477351290511,
        38.2803806931273
      ],
      [
        -104.74762085251174,
        38.280374316214235
      ],
      [
        -104.74750657597241,
        38.28036793930118
      ],
      [
        -104.74739229943306,
        38.280361562388116
      ],
      [
        -104.74727802289372,
        38.28035518547506
      ],
      [
        -104.74716374635437,
        38.280348808561996
      ],
      [
        -104.74704946981502,
        38.28034243164894
      ],
      [
        -104.74693519327569,
        38.280336054735876
      ],
      [
        -104.74682091673634,
        38.28032967782282
      ],
      [
        -104.746706640197,
        38.28032330090976
      ],
      [
        -104.74659236365765,
        38.2803169239967
      ],
      [
        -104.7464780871183,
        38.28031054708364
      ],
      [
        -104.74636381057897,
        38.28030417017058
      ],
      [
        -104.74624942483695,
        38.28029940886103
      ],
      [
        -104.74613493113766,
        38.280296244729534
      ],
      [
        -104.74602043743839,
        38.28029308059804
      ],
      [
        -104.7459059437391,
        38.28028991646655
      ],
      [
        -104.74579145003983,
        38.28028675233505
      ],
      [
        -104.74567695634056,
        38.28028358820356
      ],
      [
        -104.74556246264127,
        38.28028042407207
      ],
      [
        -104.745447968942,
        38.28027725994057
      ],
      [
        -104.74533419597577,
        38.28026675588013
      ],
      [
        -104.74522043692659,
        38.280256110088864
      ],
      [
        -104.74510667787739,
        38.2802454642976
      ],
      [
        -104.7449929188282,
        38.28023481850634
      ],
      [
        -104.74487912253194,
        38.28022447302701
      ],
      [
        -104.74476488417443,
        38.28021769175464
      ],
      [
        -104.74465064419618,
        38.28021092752607
      ],
      [
        -104.74453639575106,
        38.28020425233601
      ],
      [
        -104.74442214730594,
        38.28019757714596
      ],
      [
        -104.74430789886082,
        38.28019090195591
      ],
      [
        -104.74419365041571,
        38.28018422676586
      ],
      [
        -104.7440794019706,
        38.28017755157581
      ],
      [
        -104.74396515352548,
        38.28017087638576
      ],
      [
        -104.74385090508036,
        38.28016420119571
      ],
      [
        -104.74373665458873,
        38.28015754792719
      ],
      [
        -104.74362240062182,
        38.28015093188456
      ],
      [
        -104.7435081466549,
        38.28014431584193
      ],
      [
        -104.74339389268799,
        38.280137699799305
      ],
      [
        -104.7432796044384,
        38.28013147550323
      ],
      [
        -104.74316527269485,
        38.280125748210835
      ],
      [
        -104.74305094095129,
        38.28012002091844
      ],
      [
        -104.74293660920775,
        38.28011429362604
      ],
      [
        -104.74282227746419,
        38.280108566333645
      ],
      [
        -104.74270794572064,
        38.28010283904125
      ],
      [
        -104.74259361397708,
        38.28009711174885
      ],
      [
        -104.74247928223353,
        38.280091384456455
      ],
      [
        -104.74236495048997,
        38.28008565716406
      ],
      [
        -104.74225061874643,
        38.28007992987166
      ],
      [
        -104.74213628700286,
        38.28007420257926
      ],
      [
        -104.74202195525932,
        38.28006847528686
      ],
      [
        -104.74190762351577,
        38.280062747994464
      ],
      [
        -104.74179329177221,
        38.28005702070207
      ],
      [
        -104.74167896002866,
        38.28005129340967
      ],
      [
        -104.7415646282851,
        38.28004556611727
      ],
      [
        -104.74145029654156,
        38.28003983882488
      ],
      [
        -104.741335964798,
        38.28003411153248
      ],
      [
        -104.74122163305445,
        38.28002838424008
      ],
      [
        -104.7411071272898,
        38.28002650800245
      ],
      [
        -104.74099256606024,
        38.2800258591929
      ],
      [
        -104.7408780048307,
        38.28002521038334
      ],
      [
        -104.74076344360115,
        38.28002456157379
      ],
      [
        -104.7406488823716,
        38.280023912764236
      ],
      [
        -104.74053432114205,
        38.28002326395469
      ],
      [
        -104.7404197599125,
        38.280022615145135
      ],
      [
        -104.74030519868295,
        38.28002196633558
      ],
      [
        -104.7401906374534,
        38.28002131752603
      ],
      [
        -104.74007607622384,
        38.28002066871648
      ],
      [
        -104.73996151499429,
        38.28002001990693
      ],
      [
        -104.7398472013693,
        38.28002585204035
      ],
      [
        -104.73973289558184,
        38.28003188931786
      ],
      [
        -104.73961858979439,
        38.28003792659537
      ],
      [
        -104.73950428400693,
        38.28004396387288
      ],
      [
        -104.73938997842795,
        38.280050002625536
      ],
      [
        -104.73927676679745,
        38.280063781616015
      ],
      [
        -104.73916355516694,
        38.28007756060649
      ],
      [
        -104.73905034353643,
        38.280091339596964
      ],
      [
        -104.73893713190591,
        38.28010511858744
      ],
      [
        -104.73882392027541,
        38.28011889757792
      ],
      [
        -104.73871072255908,
        38.28013274620212
      ],
      [
        -104.73859758255881,
        38.28014688366745
      ],
      [
        -104.73848444255856,
        38.28016102113277
      ],
      [
        -104.73837130255829,
        38.28017515859809
      ],
      [
        -104.73825816255803,
        38.28018929606342
      ],
      [
        -104.73814529211617,
        38.2802045599028
      ],
      [
        -104.7380333306651,
        38.28022362204189
      ],
      [
        -104.73792136921404,
        38.28024268418098
      ],
      [
        -104.73780940776297,
        38.28026174632007
      ],
      [
        -104.7376974463119,
        38.28028080845917
      ],
      [
        -104.73758548486083,
        38.280299870598256
      ],
      [
        -104.73747352340976,
        38.28031893273735
      ],
      [
        -104.73736263295066,
        38.280341395782436
      ],
      [
        -104.7372522547174,
        38.280365485386774
      ],
      [
        -104.73714187648416,
        38.280389574991105
      ],
      [
        -104.7370314982509,
        38.28041366459544
      ],
      [
        -104.73692112001764,
        38.280437754199774
      ],
      [
        -104.73681074178438,
        38.28046184380411
      ],
      [
        -104.73670036355114,
        38.28048593340845
      ],
      [
        -104.73659082779542,
        38.280512184212874
      ],
      [
        -104.73648218076822,
        38.28054071486458
      ],
      [
        -104.73637353374102,
        38.28056924551628
      ],
      [
        -104.73626488671381,
        38.280597776167994
      ],
      [
        -104.73615623968661,
        38.2806263068197
      ],
      [
        -104.7360475926594,
        38.2806548374714
      ],
      [
        -104.73593894563221,
        38.28068336812311
      ],
      [
        -104.73583191197491,
        38.28071526970659
      ],
      [
        -104.73572621585222,
        38.280749965898956
      ],
      [
        -104.73562051972954,
        38.28078466209132
      ],
      [
        -104.73551482360683,
        38.280819358283686
      ],
      [
        -104.73540912748415,
        38.28085405447606
      ],
      [
        -104.73530343136146,
        38.280888750668424
      ],
      [
        -104.73519773523876,
        38.28092344686079
      ],
      [
        -104.73509203911607,
        38.280958143053155
      ],
      [
        -104.73498634299338,
        38.28099283924552
      ],
      [
        -104.73488064687068,
        38.281027535437886
      ],
      [
        -104.73477495074799,
        38.28106223163026
      ],
      [
        -104.7346692546253,
        38.281096927822624
      ],
      [
        -104.7345635585026,
        38.28113162401499
      ],
      [
        -104.73445786237991,
        38.281166320207355
      ],
      [
        -104.73435216625722,
        38.28120101639972
      ],
      [
        -104.73424647013454,
        38.281235712592085
      ],
      [
        -104.73414077401183,
        38.28127040878446
      ],
      [
        -104.73403497641789,
        38.28130491329778
      ],
      [
        -104.73392901164411,
        38.28133910200868
      ],
      [
        -104.73382304687033,
        38.28137329071958
      ],
      [
        -104.73371708209656,
        38.28140747943048
      ],
      [
        -104.73361111732278,
        38.28144166814137
      ],
      [
        -104.733505152549,
        38.28147585685227
      ],
      [
        -104.73339918777522,
        38.28151004556317
      ],
      [
        -104.73329322300144,
        38.281544234274065
      ],
      [
        -104.73318722898877,
        38.28157836765381
      ],
      [
        -104.73308123385199,
        38.28161249890635
      ],
      [
        -104.73297523871523,
        38.28164663015888
      ],
      [
        -104.73286924357846,
        38.281680761411415
      ],
      [
        -104.7327630864956,
        38.2817145581044
      ],
      [
        -104.73265495941155,
        38.281744285031216
      ],
      [
        -104.73254683232749,
        38.281774011958035
      ],
      [
        -104.73243870524344,
        38.281803738884854
      ],
      [
        -104.73233057815939,
        38.28183346581167
      ],
      [
        -104.73222245107533,
        38.28186319273849
      ],
      [
        -104.73211432399128,
        38.28189291966531
      ],
      [
        -104.73200381015045,
        38.28191646472995
      ],
      [
        -104.731892850308,
        38.28193885462012
      ],
      [
        -104.73178189046557,
        38.28196124451029
      ],
      [
        -104.73167093062312,
        38.28198363440046
      ],
      [
        -104.73155997078068,
        38.28200602429064
      ],
      [
        -104.73144886822246,
        38.28202795085201
      ],
      [
        -104.73133713170274,
        38.28204781924854
      ],
      [
        -104.73122539518305,
        38.28206768764506
      ],
      [
        -104.73111365866335,
        38.28208755604158
      ],
      [
        -104.73100192214365,
        38.28210742443811
      ],
      [
        -104.73088908044943,
        38.28212288270073
      ],
      [
        -104.7307760814532,
        38.28213771325892
      ],
      [
        -104.73066308245697,
        38.282152543817105
      ],
      [
        -104.73055008346076,
        38.2821673743753
      ],
      [
        -104.73043666733702,
        38.28217974057105
      ],
      [
        -104.73032265502367,
        38.28218858451686
      ],
      [
        -104.73020864271031,
        38.28219742846266
      ],
      [
        -104.73009463039695,
        38.282206272408466
      ],
      [
        -104.72998061808359,
        38.282215116354266
      ],
      [
        -104.72986627419712,
        38.282220223929976
      ],
      [
        -104.72975180083402,
        38.28222387248338
      ],
      [
        -104.72963732747094,
        38.28222752103679
      ],
      [
        -104.72952285410784,
        38.28223116959019
      ],
      [
        -104.72940838074476,
        38.28223481814359
      ],
      [
        -104.72929383268884,
        38.282234088867746
      ],
      [
        -104.7291792759018,
        38.2822328478511
      ],
      [
        -104.72906471911476,
        38.28223160683444
      ],
      [
        -104.72895016232772,
        38.282230365817796
      ],
      [
        -104.72883560554067,
        38.28222912480114
      ],
      [
        -104.72872105166533,
        38.28222773943844
      ],
      [
        -104.7286065018782,
        38.282226151404224
      ],
      [
        -104.72849195209109,
        38.28222456337001
      ],
      [
        -104.72837740230396,
        38.28222297533579
      ],
      [
        -104.72826285251685,
        38.282221387301576
      ],
      [
        -104.72814830272972,
        38.28221979926736
      ],
      [
        -104.7280337529426,
        38.28221821123314
      ],
      [
        -104.72791920315548,
        38.28221662319893
      ],
      [
        -104.72780465336835,
        38.28221503516471
      ],
      [
        -104.72769010358124,
        38.282213447130495
      ],
      [
        -104.72757555379411,
        38.28221185909628
      ],
      [
        -104.72746100400698,
        38.28221027106206
      ],
      [
        -104.72734645421987,
        38.28220868302785
      ],
      [
        -104.72723190443274,
        38.28220709499363
      ],
      [
        -104.72711735464563,
        38.282205506959414
      ],
      [
        -104.7270028048585,
        38.2822039189252
      ],
      [
        -104.72688825507139,
        38.28220233089098
      ],
      [
        -104.72677370528426,
        38.282200742856766
      ],
      [
        -104.72665915549713,
        38.28219915482255
      ],
      [
        -104.72654460571002,
        38.282197566788334
      ],
      [
        -104.72643005592289,
        38.28219597875411
      ],
      [
        -104.72631550613578,
        38.282194390719894
      ],
      [
        -104.72620095634865,
        38.28219280268568
      ],
      [
        -104.72608640656152,
        38.28219121465146
      ],
      [
        -104.72597185677441,
        38.282189626617246
      ],
      [
        -104.72585730698728,
        38.28218803858303
      ],
      [
        -104.72574275720017,
        38.282186450548814
      ],
      [
        -104.72562820741304,
        38.2821848625146
      ],
      [
        -104.72551365762592,
        38.28218327448038
      ],
      [
        -104.7253991078388,
        38.282181686446165
      ],
      [
        -104.72528455805167,
        38.28218009841195
      ],
      [
        -104.72517000826456,
        38.28217851037773
      ],
      [
        -104.72505545842475,
        38.28217692597966
      ],
      [
        -104.72494090841613,
        38.28217535323534
      ],
      [
        -104.7248263584075,
        38.28217378049102
      ],
      [
        -104.72471180839888,
        38.2821722077467
      ],
      [
        -104.72459725839026,
        38.28217063500237
      ],
      [
        -104.72448270838163,
        38.28216906225805
      ],
      [
        -104.72436815837301,
        38.282167489513725
      ],
      [
        -104.72425360836438,
        38.28216591676941
      ],
      [
        -104.72413905835576,
        38.282164344025084
      ],
      [
        -104.72402450834713,
        38.28216277128076
      ],
      [
        -104.72390995833851,
        38.282161198536436
      ],
      [
        -104.72379540832988,
        38.28215962579212
      ],
      [
        -104.72368085832126,
        38.282158053047795
      ],
      [
        -104.72356630831263,
        38.28215648030347
      ],
      [
        -104.72345175830401,
        38.282154907559146
      ],
      [
        -104.72333720829538,
        38.28215333481482
      ],
      [
        -104.72322265828676,
        38.282151762070505
      ],
      [
        -104.72310810827813,
        38.28215018932618
      ],
      [
        -104.72299355826951,
        38.28214861658186
      ],
      [
        -104.72287900826088,
        38.28214704383753
      ],
      [
        -104.72276445825226,
        38.28214547109321
      ],
      [
        -104.72264990824362,
        38.28214389834889
      ],
      [
        -104.722535358235,
        38.28214232560457
      ],
      [
        -104.72242080822637,
        38.28214075286024
      ],
      [
        -104.72230625821776,
        38.28213918011592
      ],
      [
        -104.72219170820912,
        38.2821376073716
      ],
      [
        -104.7220771582005,
        38.28213603462728
      ],
      [
        -104.72196260819187,
        38.282134461882954
      ],
      [
        -104.72184805818326,
        38.28213288913863
      ],
      [
        -104.72173350817462,
        38.282131316394306
      ],
      [
        -104.721618958166,
        38.28212974364999
      ],
      [
        -104.72150440815737,
        38.282128170905665
      ],
      [
        -104.72138985814875,
        38.28212659816134
      ],
      [
        -104.72127530814012,
        38.28212502541702
      ],
      [
        -104.7211607581315,
        38.28212345267269
      ],
      [
        -104.72104620812287,
        38.282121879928376
      ],
      [
        -104.72093165811425,
        38.28212030718405
      ],
      [
        -104.72081710810563,
        38.28211873443973
      ],
      [
        -104.720702558097,
        38.2821171616954
      ],
      [
        -104.72058800808838,
        38.282115588951086
      ],
      [
        -104.72047345807975,
        38.28211401620676
      ],
      [
        -104.72035890807113,
        38.28211244346244
      ],
      [
        -104.7202443580625,
        38.282110870718114
      ],
      [
        -104.72012980805388,
        38.28210929797379
      ],
      [
        -104.72001525804525,
        38.28210772522947
      ],
      [
        -104.71990070803663,
        38.28210615248515
      ],
      [
        -104.719786158028,
        38.282104579740825
      ],
      [
        -104.71967160801938,
        38.2821030069965
      ],
      [
        -104.71955705801075,
        38.282101434252176
      ],
      [
        -104.71944250800213,
        38.28209986150786
      ],
      [
        -104.7193279579935,
        38.282098288763535
      ],
      [
        -104.71921340798488,
        38.28209671601921
      ],
      [
        -104.71909885797625,
        38.28209514327489
      ],
      [
        -104.71898430796763,
        38.28209357053056
      ],
      [
        -104.718869757959,
        38.282091997786246
      ],
      [
        -104.71875520795038,
        38.28209042504192
      ],
      [
        -104.71864065794175,
        38.2820888522976
      ],
      [
        -104.71852610793313,
        38.282087279553274
      ],
      [
        -104.7184115579245,
        38.28208570680896
      ],
      [
        -104.71829700791588,
        38.28208413406463
      ],
      [
        -104.71818245790725,
        38.28208256132031
      ],
      [
        -104.71806790789863,
        38.282080988575984
      ],
      [
        -104.71795335789,
        38.28207941583166
      ],
      [
        -104.71783880788138,
        38.28207784308734
      ],
      [
        -104.71772425787275,
        38.28207627034302
      ],
      [
        -104.7176097443048,
        38.28207382405148
      ],
      [
        -104.71749530837202,
        38.28206951670752
      ],
      [
        -104.71738087243925,
        38.282065209363566
      ],
      [
        -104.71726643650648,
        38.28206090201961
      ],
      [
        -104.7171520005737,
        38.28205659467565
      ],
      [
        -104.71703756464093,
        38.2820522873317
      ],
      [
        -104.71692312870816,
        38.282047979987745
      ],
      [
        -104.71680869277539,
        38.28204367264379
      ],
      [
        -104.71669425684262,
        38.28203936529983
      ],
      [
        -104.71657982090984,
        38.28203505795587
      ],
      [
        -104.71646561555622,
        38.28202811817503
      ],
      [
        -104.71635150532278,
        38.28202009244206
      ],
      [
        -104.71623739508934,
        38.282012066709086
      ],
      [
        -104.71612364287795,
        38.28200174891583
      ],
      [
        -104.71601044222591,
        38.281987900034814
      ],
      [
        -104.71589724157388,
        38.28197405115379
      ],
      [
        -104.71578404092185,
        38.281960202272764
      ],
      [
        -104.71567084026981,
        38.28194635339174
      ],
      [
        -104.71555763961777,
        38.28193250451071
      ],
      [
        -104.71544443896573,
        38.28191865562969
      ],
      [
        -104.71533123831371,
        38.28190480674866
      ],
      [
        -104.71521803766167,
        38.28189095786764
      ],
      [
        -104.71510483700963,
        38.28187710898661
      ],
      [
        -104.7149916363576,
        38.28186326010559
      ],
      [
        -104.71487843570556,
        38.28184941122456
      ],
      [
        -104.7147653230225,
        38.28183513264087
      ],
      [
        -104.71465227780877,
        38.28182052448938
      ],
      [
        -104.71453923259502,
        38.28180591633789
      ],
      [
        -104.71442618738128,
        38.2817913081864
      ],
      [
        -104.71431314216753,
        38.281776700034904
      ],
      [
        -104.71420009695379,
        38.28176209188341
      ],
      [
        -104.71408705174004,
        38.28174748373192
      ],
      [
        -104.7139740065263,
        38.281732875580424
      ],
      [
        -104.71386096131255,
        38.28171826742893
      ],
      [
        -104.7137479160988,
        38.28170365927744
      ],
      [
        -104.71363487088506,
        38.281689051125944
      ],
      [
        -104.71352182567131,
        38.28167444297445
      ],
      [
        -104.71340878045757,
        38.28165983482296
      ],
      [
        -104.71329573524382,
        38.281645226671465
      ],
      [
        -104.71318269003008,
        38.281630618519976
      ],
      [
        -104.71306964481633,
        38.28161601036848
      ],
      [
        -104.71295659960259,
        38.281601402216985
      ],
      [
        -104.71284355438884,
        38.2815867940655
      ],
      [
        -104.7127305091751,
        38.281572185914
      ],
      [
        -104.71261746396135,
        38.281557577762506
      ],
      [
        -104.71250441874761,
        38.28154296961102
      ],
      [
        -104.71239137353386,
        38.28152836145952
      ],
      [
        -104.71227832832012,
        38.28151375330803
      ],
      [
        -104.71216528310637,
        38.28149914515654
      ],
      [
        -104.71205223789264,
        38.28148453700504
      ],
      [
        -104.71193919267888,
        38.281469928853554
      ],
      [
        -104.71182614746515,
        38.28145532070206
      ],
      [
        -104.7117131022514,
        38.28144071255056
      ],
      [
        -104.71160004647383,
        38.281426155779904
      ],
      [
        -104.71148692393106,
        38.281411923745175
      ],
      [
        -104.71137380138829,
        38.281397691710445
      ],
      [
        -104.71126067884552,
        38.281383459675716
      ],
      [
        -104.71114755630275,
        38.28136922764099
      ],
      [
        -104.71103443375998,
        38.28135499560626
      ],
      [
        -104.7109213112172,
        38.28134076357152
      ],
      [
        -104.71080818867443,
        38.28132653153679
      ],
      [
        -104.71069506613166,
        38.28131229950206
      ],
      [
        -104.71058194358889,
        38.28129806746733
      ],
      [
        -104.71046882104612,
        38.2812838354326
      ],
      [
        -104.71035569850335,
        38.281269603397874
      ],
      [
        -104.71024257596058,
        38.281255371363144
      ],
      [
        -104.7101294534178,
        38.281241139328415
      ],
      [
        -104.71001633087504,
        38.281226907293686
      ],
      [
        -104.70990320833226,
        38.281212675258956
      ],
      [
        -104.70979008578949,
        38.28119844322423
      ],
      [
        -104.70967760455906,
        38.28118148825403
      ],
      [
        -104.7095654753091,
        38.28116303881683
      ],
      [
        -104.70945334605916,
        38.28114458937963
      ],
      [
        -104.70934121680921,
        38.28112613994243
      ],
      [
        -104.70922908755927,
        38.28110769050523
      ],
      [
        -104.70911695830931,
        38.28108924106803
      ],
      [
        -104.70900655236206,
        38.28106528403462
      ],
      [
        -104.70889629242507,
        38.28104086035912
      ],
      [
        -104.70878603248808,
        38.281016436683615
      ],
      [
        -104.70867577255109,
        38.28099201300812
      ],
      [
        -104.70856551261411,
        38.28096758933262
      ],
      [
        -104.70845525267713,
        38.28094316565711
      ],
      [
        -104.70834638971337,
        38.28091532994127
      ],
      [
        -104.70823864631089,
        38.28088475975058
      ],
      [
        -104.70813090290842,
        38.28085418955988
      ],
      [
        -104.70802315950594,
        38.28082361936918
      ],
      [
        -104.70791541610346,
        38.280793049178484
      ],
      [
        -104.70780767270098,
        38.28076247898779
      ],
      [
        -104.70770245017444,
        38.280727003415656
      ],
      [
        -104.70759784056165,
        38.28069033517249
      ],
      [
        -104.70749323094886,
        38.28065366692932
      ],
      [
        -104.70738862133605,
        38.28061699868614
      ],
      [
        -104.70728401172326,
        38.28058033044297
      ],
      [
        -104.70717940211047,
        38.2805436621998
      ],
      [
        -104.7070761089585,
        38.28050490122744
      ],
      [
        -104.70697542199606,
        38.28046199729174
      ],
      [
        -104.70687473503362,
        38.280419093356045
      ],
      [
        -104.7067740480712,
        38.280376189420345
      ],
      [
        -104.70667336110876,
        38.280333285484645
      ],
      [
        -104.70657267414632,
        38.280290381548944
      ],
      [
        -104.70647198718389,
        38.280247477613244
      ],
      [
        -104.70637413735763,
        38.28020075067913
      ],
      [
        -104.70627692561895,
        38.28015316393157
      ],
      [
        -104.70617971388027,
        38.28010557718402
      ],
      [
        -104.70608250214161,
        38.280057990436454
      ],
      [
        -104.7059853144391,
        38.28001037492765
      ],
      [
        -104.70589098882455,
        38.27995933469531
      ],
      [
        -104.70579666321,
        38.279908294462984
      ],
      [
        -104.70570233759544,
        38.27985725423065
      ],
      [
        -104.7056080119809,
        38.27980621399832
      ],
      [
        -104.70551587619835,
        38.279752904901876
      ],
      [
        -104.70542775096567,
        38.279695440512896
      ],
      [
        -104.70533962573299,
        38.27963797612391
      ],
      [
        -104.70525150050031,
        38.27958051173493
      ],
      [
        -104.70516337526763,
        38.27952304734594
      ],
      [
        -104.70507525003494,
        38.27946558295696
      ],
      [
        -104.70498712480226,
        38.27940811856797
      ],
      [
        -104.70489899956958,
        38.27935065417899
      ],
      [
        -104.7048108743369,
        38.27929318979
      ],
      [
        -104.70472274910422,
        38.279235725401016
      ],
      [
        -104.70464103622925,
        38.279172848382686
      ],
      [
        -104.70456163474293,
        38.27910802033625
      ],
      [
        -104.70448223325661,
        38.27904319228981
      ],
      [
        -104.7044028317703,
        38.27897836424338
      ],
      [
        -104.70432343028398,
        38.278913536196946
      ],
      [
        -104.70424402879766,
        38.27884870815051
      ],
      [
        -104.70416462731134,
        38.27878388010408
      ],
      [
        -104.70408522582503,
        38.27871905205764
      ],
      [
        -104.70400582433871,
        38.278654224011206
      ],
      [
        -104.70392642285239,
        38.27858939596477
      ],
      [
        -104.70385321861308,
        38.27852039054587
      ],
      [
        -104.70378358457347,
        38.27844897856579
      ],
      [
        -104.70371395053387,
        38.27837756658571
      ],
      [
        -104.70364431649426,
        38.27830615460564
      ],
      [
        -104.70357468245467,
        38.27823474262556
      ],
      [
        -104.70350504841507,
        38.27816333064548
      ],
      [
        -104.70343541437546,
        38.2780919186654
      ],
      [
        -104.70336578033586,
        38.27802050668532
      ],
      [
        -104.7032971807673,
        38.27794852198899
      ],
      [
        -104.7032348571156,
        38.27787306274433
      ],
      [
        -104.70317253346391,
        38.27779760349966
      ],
      [
        -104.70311020981222,
        38.277722144254994
      ],
      [
        -104.70304788616055,
        38.277646685010325
      ],
      [
        -104.70298556250886,
        38.27757122576566
      ],
      [
        -104.70292323885717,
        38.277495766521
      ],
      [
        -104.70286091520549,
        38.27742030727633
      ],
      [
        -104.70280317614541,
        38.27734285387845
      ],
      [
        -104.70275471712415,
        38.27726136395544
      ],
      [
        -104.7027062581029,
        38.27717987403242
      ],
      [
        -104.70265779908165,
        38.27709838410941
      ],
      [
        -104.7026093400604,
        38.27701689418639
      ],
      [
        -104.70256088103915,
        38.27693540426338
      ],
      [
        -104.7025124220179,
        38.27685391434036
      ],
      [
        -104.70246396299666,
        38.276772424417345
      ],
      [
        -104.7024155039754,
        38.276690934494326
      ],
      [
        -104.70236704495416,
        38.276609444571314
      ],
      [
        -104.7023185859329,
        38.2765279546483
      ],
      [
        -104.70227012691166,
        38.27644646472528
      ],
      [
        -104.70222601972507,
        38.276363510468734
      ],
      [
        -104.70218424866894,
        38.27627977013587
      ],
      [
        -104.70214247761281,
        38.27619602980301
      ],
      [
        -104.70210070655668,
        38.276112289470156
      ],
      [
        -104.70205893550053,
        38.276028549137294
      ],
      [
        -104.7020171644444,
        38.27594480880443
      ],
      [
        -104.70197539338827,
        38.27586106847157
      ],
      [
        -104.70193362233213,
        38.27577732813871
      ],
      [
        -104.70189185127599,
        38.275693587805854
      ],
      [
        -104.70185008021986,
        38.27560984747299
      ],
      [
        -104.70180830916372,
        38.27552610714013
      ],
      [
        -104.70176653810759,
        38.27544236680727
      ],
      [
        -104.70172476705145,
        38.275358626474414
      ],
      [
        -104.70168299599531,
        38.27527488614155
      ],
      [
        -104.70164122493918,
        38.27519114580869
      ],
      [
        -104.70159945388305,
        38.27510740547583
      ],
      [
        -104.70155768282692,
        38.275023665142974
      ],
      [
        -104.70151591177077,
        38.27493992481011
      ],
      [
        -104.70147414071464,
        38.27485618447725
      ],
      [
        -104.7014323696585,
        38.27477244414439
      ],
      [
        -104.70139059860237,
        38.27468870381153
      ],
      [
        -104.70134882754623,
        38.27460496347867
      ],
      [
        -104.7013070564901,
        38.27452122314581
      ],
      [
        -104.70126528543396,
        38.27443748281295
      ],
      [
        -104.70122351437783,
        38.27435374248009
      ],
      [
        -104.70118174332168,
        38.27427000214723
      ],
      [
        -104.70113997226555,
        38.27418626181437
      ],
      [
        -104.70109820120942,
        38.27410252148151
      ],
      [
        -104.70105643015329,
        38.27401878114865
      ],
      [
        -104.70101465909715,
        38.273935040815786
      ],
      [
        -104.70097288804101,
        38.27385130048293
      ],
      [
        -104.70093111698488,
        38.27376756015007
      ],
      [
        -104.70088204662773,
        38.273686333511286
      ],
      [
        -104.7008318654951,
        38.27360548939539
      ],
      [
        -104.70078168436247,
        38.27352464527951
      ],
      [
        -104.70073150322985,
        38.273443801163616
      ],
      [
        -104.70068132209722,
        38.27336295704772
      ],
      [
        -104.7006311409646,
        38.27328211293184
      ],
      [
        -104.70058095983197,
        38.273201268815946
      ],
      [
        -104.70053077869935,
        38.27312042470005
      ],
      [
        -104.70048059756672,
        38.27303958058417
      ],
      [
        -104.70043041643409,
        38.272958736468276
      ],
      [
        -104.70037237656815,
        38.27288137129841
      ],
      [
        -104.70031023233086,
        38.27280582307357
      ],
      [
        -104.70024808809357,
        38.27273027484872
      ],
      [
        -104.70018594385628,
        38.27265472662388
      ],
      [
        -104.70012379961899,
        38.272579178399035
      ],
      [
        -104.7000616553817,
        38.27250363017419
      ],
      [
        -104.69999475430997,
        38.27243069335049
      ],
      [
        -104.69992570150164,
        38.27235893778452
      ],
      [
        -104.69985664869331,
        38.272287182218534
      ],
      [
        -104.69978759588498,
        38.27221542665256
      ],
      [
        -104.69971854307666,
        38.272143671086575
      ],
      [
        -104.69964925038704,
        38.272072072994604
      ],
      [
        -104.69957152385906,
        38.272006011434
      ],
      [
        -104.69949379733109,
        38.27193994987339
      ],
      [
        -104.69941607080311,
        38.27187388831279
      ],
      [
        -104.69933834427513,
        38.27180782675218
      ],
      [
        -104.69926061774716,
        38.27174176519158
      ],
      [
        -104.69918289121918,
        38.27167570363097
      ],
      [
        -104.69910516469119,
        38.271609642070366
      ],
      [
        -104.69902743816321,
        38.27154358050976
      ],
      [
        -104.69894349788345,
        38.27148257678984
      ],
      [
        -104.69885660475191,
        38.27142397661845
      ],
      [
        -104.69876971162037,
        38.27136537644705
      ],
      [
        -104.69868281848883,
        38.27130677627565
      ],
      [
        -104.69859592535728,
        38.27124817610426
      ],
      [
        -104.69850903222574,
        38.27118957593286
      ],
      [
        -104.6984221390942,
        38.27113097576146
      ],
      [
        -104.69833524596265,
        38.271072375590066
      ],
      [
        -104.69824835283111,
        38.271013775418666
      ],
      [
        -104.69816096700201,
        38.27095570441576
      ],
      [
        -104.69806347762018,
        38.27090848486025
      ],
      [
        -104.69796598823835,
        38.270861265304745
      ],
      [
        -104.69786849885652,
        38.27081404574924
      ],
      [
        -104.69777100947468,
        38.270766826193736
      ],
      [
        -104.69767352009285,
        38.270719606638224
      ],
      [
        -104.69757541651796,
        38.27067322423207
      ],
      [
        -104.69747447982736,
        38.27063070338201
      ],
      [
        -104.69737354313678,
        38.270588182531945
      ],
      [
        -104.69727260644618,
        38.270545661681886
      ],
      [
        -104.69717166975559,
        38.27050314083183
      ],
      [
        -104.69707073306499,
        38.27046061998176
      ],
      [
        -104.69696799767922,
        38.27042099292606
      ],
      [
        -104.69686319842833,
        38.27038468627804
      ],
      [
        -104.69675839917744,
        38.270348379630015
      ],
      [
        -104.69665359992656,
        38.270312072981994
      ],
      [
        -104.69654880067567,
        38.270275766333974
      ],
      [
        -104.6964415841156,
        38.270244117873474
      ],
      [
        -104.69633430846471,
        38.27021258328178
      ],
      [
        -104.69622703281384,
        38.27018104869009
      ],
      [
        -104.69611975716295,
        38.2701495140984
      ],
      [
        -104.69601248151207,
        38.27011797950671
      ],
      [
        -104.69590338759315,
        38.27009064426893
      ],
      [
        -104.69579385941236,
        38.270064311974195
      ],
      [
        -104.69568433123158,
        38.270037979679465
      ],
      [
        -104.69557480305079,
        38.27001164738473
      ],
      [
        -104.69546325832185,
        38.26999135150219
      ],
      [
        -104.69535136854209,
        38.26997208850794
      ],
      [
        -104.69523947876232,
        38.26995282551369
      ],
      [
        -104.69512758898256,
        38.269933562519434
      ],
      [
        -104.69501531460428,
        38.26991586310146
      ],
      [
        -104.6949023354125,
        38.26990102908632
      ],
      [
        -104.69478935622071,
        38.26988619507117
      ],
      [
        -104.69467637702893,
        38.26987136105603
      ],
      [
        -104.69456336727832,
        38.26985670436044
      ],
      [
        -104.69444942963152,
        38.269847431842926
      ],
      [
        -104.69433549198473,
        38.2698381593254
      ],
      [
        -104.69422155433793,
        38.26982888680788
      ],
      [
        -104.69410756800869,
        38.26982013970888
      ],
      [
        -104.69399312070408,
        38.269816367811586
      ],
      [
        -104.69387867339947,
        38.269812595914296
      ],
      [
        -104.69376422609486,
        38.269808824017005
      ],
      [
        -104.69364977879025,
        38.269805052119715
      ],
      [
        -104.6935353263783,
        38.269801579338896
      ],
      [
        -104.6934207914198,
        38.26980294097992
      ],
      [
        -104.6933062564613,
        38.26980430262094
      ],
      [
        -104.6931917215028,
        38.269805664261966
      ],
      [
        -104.69307732407174,
        38.26980887773023
      ],
      [
        -104.69296336371063,
        38.26981797640952
      ],
      [
        -104.69284940334953,
        38.26982707508881
      ],
      [
        -104.69273544298842,
        38.269836173768105
      ],
      [
        -104.69262150649297,
        38.26984543006037
      ],
      [
        -104.69250800575112,
        38.26985756414606
      ],
      [
        -104.69239450500928,
        38.26986969823174
      ],
      [
        -104.69228100426744,
        38.269881832317424
      ],
      [
        -104.6921675035256,
        38.26989396640311
      ],
      [
        -104.69205507279126,
        38.269911101418515
      ],
      [
        -104.69194275232084,
        38.26992875177815
      ],
      [
        -104.69183043185043,
        38.26994640213779
      ],
      [
        -104.69171811138003,
        38.26996405249743
      ],
      [
        -104.69160707195392,
        38.2699857197501
      ],
      [
        -104.69149741069472,
        38.27001170843724
      ],
      [
        -104.69138774943553,
        38.27003769712437
      ],
      [
        -104.69127808817633,
        38.27006368581151
      ],
      [
        -104.69116842691713,
        38.27008967449864
      ],
      [
        -104.69105876565793,
        38.27011566318577
      ],
      [
        -104.69094910439873,
        38.270141651872905
      ],
      [
        -104.6908399998577,
        38.270168920521016
      ],
      [
        -104.69073299795244,
        38.2702010233775
      ],
      [
        -104.69062599604716,
        38.27023312623398
      ],
      [
        -104.6905189941419,
        38.27026522909047
      ],
      [
        -104.69041199223662,
        38.27029733194695
      ],
      [
        -104.69030832592833,
        38.270335477006896
      ],
      [
        -104.69020532937104,
        38.27037483527452
      ],
      [
        -104.69010233281375,
        38.27041419354214
      ],
      [
        -104.68999933625645,
        38.27045355180976
      ],
      [
        -104.68989633969916,
        38.27049291007738
      ],
      [
        -104.68979375016798,
        38.27053288395388
      ],
      [
        -104.68969348348467,
        38.27057637103445
      ],
      [
        -104.68959321680138,
        38.27061985811503
      ],
      [
        -104.68949295011808,
        38.27066334519561
      ],
      [
        -104.68939268343478,
        38.27070683227619
      ],
      [
        -104.68929514527345,
        38.27075382565032
      ],
      [
        -104.68920010124924,
        38.270804024121176
      ],
      [
        -104.68910505722504,
        38.27085422259203
      ],
      [
        -104.68901001320083,
        38.27090442106289
      ],
      [
        -104.68891496917662,
        38.27095461953375
      ],
      [
        -104.68882155671115,
        38.27100662040091
      ],
      [
        -104.68872992270182,
        38.27106058594318
      ],
      [
        -104.68863828869252,
        38.271114551485454
      ],
      [
        -104.68854835618622,
        38.2711702413604
      ],
      [
        -104.68845890754172,
        38.27122642158926
      ],
      [
        -104.6883694588972,
        38.27128260181812
      ],
      [
        -104.68828155608367,
        38.27134020262405
      ],
      [
        -104.68819691027693,
        38.27140079653157
      ],
      [
        -104.68811226447018,
        38.27146139043909
      ],
      [
        -104.68802761866344,
        38.27152198434661
      ],
      [
        -104.68794297285669,
        38.27158257825413
      ],
      [
        -104.68785832704995,
        38.27164317216165
      ],
      [
        -104.68777393821208,
        38.271703985679835
      ],
      [
        -104.6876899394054,
        38.271765132526355
      ],
      [
        -104.68760594059873,
        38.271826279372874
      ],
      [
        -104.68752194179206,
        38.271887426219386
      ],
      [
        -104.68743794298538,
        38.271948573065906
      ],
      [
        -104.6873539441787,
        38.272009719912425
      ],
      [
        -104.68726994537202,
        38.27207086675894
      ],
      [
        -104.68718594656535,
        38.27213201360546
      ],
      [
        -104.68710194775868,
        38.27219316045198
      ],
      [
        -104.687017948952,
        38.27225430729849
      ],
      [
        -104.68693395014533,
        38.27231545414501
      ],
      [
        -104.68685003075002,
        38.272376668040856
      ],
      [
        -104.68676643995597,
        38.27243815938431
      ],
      [
        -104.68668284916193,
        38.27249965072776
      ],
      [
        -104.68659925836789,
        38.27256114207122
      ],
      [
        -104.68651566757384,
        38.27262263341467
      ],
      [
        -104.6864320767798,
        38.27268412475812
      ],
      [
        -104.68634848598576,
        38.272745616101574
      ],
      [
        -104.68626489519171,
        38.272807107445026
      ],
      [
        -104.68618130439766,
        38.27286859878848
      ],
      [
        -104.68609771360363,
        38.27293009013193
      ],
      [
        -104.68601412280958,
        38.27299158147539
      ],
      [
        -104.68593053201553,
        38.27305307281884
      ],
      [
        -104.6858469412215,
        38.27311456416229
      ],
      [
        -104.68576335042745,
        38.27317605550574
      ],
      [
        -104.6856797596334,
        38.273237546849195
      ],
      [
        -104.68559616883935,
        38.27329903819265
      ],
      [
        -104.68551257804532,
        38.2733605295361
      ],
      [
        -104.68542898725127,
        38.27342202087956
      ],
      [
        -104.6853448276816,
        38.273483033137325
      ],
      [
        -104.68526066270432,
        38.27354404084021
      ],
      [
        -104.68517649772704,
        38.27360504854309
      ],
      [
        -104.68509233274976,
        38.27366605624598
      ],
      [
        -104.68500816777247,
        38.27372706394886
      ],
      [
        -104.68492400279519,
        38.273788071651744
      ],
      [
        -104.6848398378179,
        38.273849079354626
      ],
      [
        -104.68475567284062,
        38.27391008705751
      ],
      [
        -104.68467150786334,
        38.27397109476039
      ],
      [
        -104.68458734288606,
        38.27403210246327
      ],
      [
        -104.68450317790878,
        38.274093110166156
      ],
      [
        -104.6844190129315,
        38.27415411786904
      ],
      [
        -104.68433484795422,
        38.27421512557193
      ],
      [
        -104.68425068297694,
        38.27427613327481
      ],
      [
        -104.68416651799966,
        38.27433714097769
      ],
      [
        -104.68408252212488,
        38.274398291356455
      ],
      [
        -104.68399905663772,
        38.27445988923603
      ],
      [
        -104.68391559115055,
        38.2745214871156
      ],
      [
        -104.68383212566339,
        38.27458308499518
      ],
      [
        -104.68374866017622,
        38.27464468287475
      ],
      [
        -104.68366519468906,
        38.27470628075433
      ],
      [
        -104.68358172920189,
        38.2747678786339
      ],
      [
        -104.68349826371472,
        38.27482947651348
      ],
      [
        -104.68341479822756,
        38.274891074393054
      ],
      [
        -104.6833313327404,
        38.274952672272626
      ],
      [
        -104.68324766632668,
        38.27501410222493
      ],
      [
        -104.68316382083978,
        38.27507538251422
      ],
      [
        -104.6830799753529,
        38.275136662803504
      ],
      [
        -104.682996129866,
        38.275197943092785
      ],
      [
        -104.6829122843791,
        38.27525922338207
      ],
      [
        -104.6828284388922,
        38.27532050367136
      ],
      [
        -104.68274459340532,
        38.27538178396065
      ],
      [
        -104.68266074791842,
        38.27544306424993
      ],
      [
        -104.68257690243152,
        38.275504344539215
      ],
      [
        -104.68249305694462,
        38.2755656248285
      ],
      [
        -104.68240921145774,
        38.27562690511779
      ],
      [
        -104.68232536597084,
        38.27568818540708
      ],
      [
        -104.68224152048394,
        38.27574946569636
      ],
      [
        -104.68215767499704,
        38.275810745985645
      ],
      [
        -104.68207382951016,
        38.27587202627493
      ],
      [
        -104.68198998402326,
        38.27593330656422
      ],
      [
        -104.68190613853636,
        38.2759945868535
      ],
      [
        -104.68182229304946,
        38.27605586714279
      ],
      [
        -104.68173844756258,
        38.276117147432075
      ],
      [
        -104.68165460207568,
        38.27617842772136
      ],
      [
        -104.68157075658878,
        38.27623970801065
      ],
      [
        -104.68148691110189,
        38.27630098829993
      ],
      [
        -104.681403065615,
        38.27636226858922
      ],
      [
        -104.6813192201281,
        38.276423548878505
      ],
      [
        -104.6812353746412,
        38.27648482916779
      ],
      [
        -104.6811515291543,
        38.27654610945707
      ],
      [
        -104.68106768366742,
        38.27660738974636
      ],
      [
        -104.68098383818052,
        38.27666867003565
      ],
      [
        -104.68089999269363,
        38.276729950324935
      ],
      [
        -104.68081614720673,
        38.27679123061422
      ],
      [
        -104.68073230171984,
        38.2768525109035
      ],
      [
        -104.68064845623294,
        38.27691379119279
      ],
      [
        -104.68056461074605,
        38.27697507148208
      ],
      [
        -104.68048076525915,
        38.277036351771365
      ],
      [
        -104.68039689661059,
        38.277097614153284
      ],
      [
        -104.68031302641008,
        38.277158875335324
      ],
      [
        -104.68022915620958,
        38.277220136517364
      ],
      [
        -104.68014528600906,
        38.277281397699404
      ],
      [
        -104.68006141580855,
        38.277342658881444
      ],
      [
        -104.67997754560805,
        38.277403920063485
      ],
      [
        -104.67989367540754,
        38.27746518124553
      ],
      [
        -104.67980980520704,
        38.27752644242757
      ],
      [
        -104.67972593500653,
        38.27758770360961
      ],
      [
        -104.67964206480602,
        38.27764896479165
      ],
      [
        -104.67955819460552,
        38.27771022597369
      ],
      [
        -104.679474324405,
        38.27777148715573
      ],
      [
        -104.6793904542045,
        38.27783274833777
      ],
      [
        -104.679306584004,
        38.27789400951981
      ],
      [
        -104.67922271380348,
        38.27795527070185
      ],
      [
        -104.67913884360297,
        38.27801653188389
      ],
      [
        -104.67905497340247,
        38.27807779306593
      ],
      [
        -104.67897110320196,
        38.27813905424798
      ],
      [
        -104.67888723300146,
        38.27820031543002
      ],
      [
        -104.67880336280095,
        38.27826157661206
      ],
      [
        -104.67871949260044,
        38.2783228377941
      ],
      [
        -104.67863562239994,
        38.27838409897614
      ],
      [
        -104.67855175219943,
        38.27844536015818
      ],
      [
        -104.67846788199891,
        38.27850662134022
      ],
      [
        -104.67838396920429,
        38.278567846922726
      ],
      [
        -104.67829996154225,
        38.278628993216486
      ],
      [
        -104.67821595388021,
        38.27869013951024
      ],
      [
        -104.67813194621819,
        38.27875128580399
      ],
      [
        -104.67804793855615,
        38.278812432097745
      ],
      [
        -104.67796393089412,
        38.2788735783915
      ],
      [
        -104.67787992323208,
        38.27893472468525
      ],
      [
        -104.67779591557006,
        38.27899587097901
      ],
      [
        -104.67771190790802,
        38.27905701727276
      ],
      [
        -104.67762790024598,
        38.279118163566515
      ],
      [
        -104.67754389258396,
        38.27917930986027
      ],
      [
        -104.67745988492192,
        38.27924045615402
      ],
      [
        -104.67737587725989,
        38.27930160244778
      ],
      [
        -104.67729186959785,
        38.27936274874153
      ],
      [
        -104.67720786193583,
        38.279423895035286
      ],
      [
        -104.67712385427379,
        38.27948504132904
      ],
      [
        -104.67703984661175,
        38.27954618762279
      ],
      [
        -104.67695583894972,
        38.279607333916545
      ],
      [
        -104.67687183128768,
        38.279668480210304
      ],
      [
        -104.67678982430529,
        38.2797312726725
      ],
      [
        -104.67670809786867,
        38.279794295969076
      ],
      [
        -104.67662637143206,
        38.27985731926565
      ],
      [
        -104.67654464499546,
        38.27992034256223
      ],
      [
        -104.67646291855884,
        38.2799833658588
      ],
      [
        -104.67638119212224,
        38.28004638915537
      ],
      [
        -104.6763803999969,
        38.280047000002355
      ],
      [
        -104.67629870173498,
        38.28010879637468
      ],
      [
        -104.67621620387075,
        38.28017119756429
      ],
      [
        -104.67613370600654,
        38.28023359875391
      ],
      [
        -104.67605120814233,
        38.280295999943526
      ],
      [
        -104.6759685433758,
        38.28035826056609
      ],
      [
        -104.67588344252339,
        38.28041846948886
      ],
      [
        -104.67579834167097,
        38.28047867841163
      ],
      [
        -104.67571324081855,
        38.2805388873344
      ],
      [
        -104.67562686859091,
        38.28059794875301
      ],
      [
        -104.67553910020828,
        38.28065575004509
      ],
      [
        -104.67545133182566,
        38.28071355133717
      ],
      [
        -104.67536356344304,
        38.28077135262926
      ],
      [
        -104.67527312905217,
        38.28082652503535
      ],
      [
        -104.67518168762265,
        38.28088070442508
      ],
      [
        -104.67509024619312,
        38.28093488381481
      ],
      [
        -104.67499862717894,
        38.28098887197017
      ],
      [
        -104.67490492889571,
        38.28104062103761
      ],
      [
        -104.67481123061249,
        38.28109237010506
      ],
      [
        -104.67471753232927,
        38.2811441191725
      ],
      [
        -104.67462348099137,
        38.28119547107381
      ],
      [
        -104.67452924799373,
        38.2812466186184
      ],
      [
        -104.6744350149961,
        38.28129776616299
      ],
      [
        -104.67433974437901,
        38.28134764162159
      ],
      [
        -104.67424113025469,
        38.28139341805461
      ],
      [
        -104.67414251613037,
        38.28143919448763
      ],
      [
        -104.67404423916459,
        38.28148541487604
      ],
      [
        -104.67394606138501,
        38.28153176586843
      ],
      [
        -104.67384788360543,
        38.28157811686082
      ],
      [
        -104.67374822906442,
        38.28162245339397
      ],
      [
        -104.67364784094893,
        38.28166578925373
      ],
      [
        -104.67354745283343,
        38.28170912511349
      ],
      [
        -104.67344657637052,
        38.28175170780985
      ],
      [
        -104.67334286125543,
        38.28178991253922
      ],
      [
        -104.67323914614036,
        38.28182811726859
      ],
      [
        -104.67313543102527,
        38.28186632199795
      ],
      [
        -104.67303159855578,
        38.28190432976951
      ],
      [
        -104.67292771505751,
        38.281942251898634
      ],
      [
        -104.67282383155924,
        38.28198017402775
      ],
      [
        -104.67271994806097,
        38.282018096156875
      ],
      [
        -104.6726138896163,
        38.282051998199556
      ],
      [
        -104.67250698694625,
        38.28208433980883
      ],
      [
        -104.67240008427619,
        38.28211668141811
      ],
      [
        -104.67229318160614,
        38.28214902302739
      ],
      [
        -104.67218599184943,
        38.28218074918663
      ],
      [
        -104.67207775603818,
        38.282210232837144
      ],
      [
        -104.67196952022692,
        38.28223971648766
      ],
      [
        -104.67186128441566,
        38.282269200138174
      ],
      [
        -104.6717530486044,
        38.28229868378869
      ],
      [
        -104.67164481279315,
        38.2823281674392
      ],
      [
        -104.67153601048882,
        38.28235623460313
      ],
      [
        -104.67142572559158,
        38.28238059462024
      ],
      [
        -104.67131544069434,
        38.28240495463735
      ],
      [
        -104.67120515579711,
        38.282429314654465
      ],
      [
        -104.67109463942474,
        38.28245299398789
      ],
      [
        -104.6709835574957,
        38.28247501022608
      ],
      [
        -104.67087247556667,
        38.28249702646426
      ],
      [
        -104.67076139363763,
        38.282519042702454
      ],
      [
        -104.67065004935198,
        38.28254013906003
      ],
      [
        -104.67053761119232,
        38.28255740005217
      ],
      [
        -104.67042517303264,
        38.28257466104431
      ],
      [
        -104.67031273487298,
        38.282591922036445
      ],
      [
        -104.67019986498075,
        38.28260729254357
      ],
      [
        -104.67008678896144,
        38.28262176045454
      ],
      [
        -104.66997371294215,
        38.28263622836551
      ],
      [
        -104.66986063692285,
        38.282650696276484
      ],
      [
        -104.66974699357628,
        38.28266208606393
      ],
      [
        -104.66963332976479,
        38.28267336481568
      ],
      [
        -104.6695196659533,
        38.28268464356743
      ],
      [
        -104.66940577318225,
        38.28269418408631
      ],
      [
        -104.66929157386532,
        38.282701397346685
      ],
      [
        -104.6691773745484,
        38.28270861060706
      ],
      [
        -104.66906313939948,
        38.282715439454485
      ],
      [
        -104.66894881838687,
        38.28272134713867
      ],
      [
        -104.66883449737425,
        38.28272725482286
      ],
      [
        -104.66872017636163,
        38.28273316250704
      ],
      [
        -104.66860581172698,
        38.28273828859288
      ],
      [
        -104.66849127048951,
        38.282740250395335
      ],
      [
        -104.66837672925206,
        38.28274221219779
      ],
      [
        -104.6682621880146,
        38.282744174000236
      ],
      [
        -104.66814763813377,
        38.2827440289654
      ],
      [
        -104.66803308317522,
        38.28274264622217
      ],
      [
        -104.66791852821666,
        38.28274126347894
      ],
      [
        -104.6678039732581,
        38.282739880735704
      ],
      [
        -104.66768952528555,
        38.2827358835536
      ],
      [
        -104.66757509339959,
        38.282731493260435
      ],
      [
        -104.66746066151362,
        38.282727102967264
      ],
      [
        -104.66734646339746,
        38.28272008355481
      ],
      [
        -104.66723236394095,
        38.28271195455547
      ],
      [
        -104.66711826448443,
        38.28270382555612
      ],
      [
        -104.66700425657054,
        38.282695005420166
      ],
      [
        -104.66689046673228,
        38.2826845388374
      ],
      [
        -104.66677667689405,
        38.282674072254636
      ],
      [
        -104.6666628870558,
        38.28266360567188
      ],
      [
        -104.66654968953976,
        38.28264994298587
      ],
      [
        -104.666436816677,
        38.282634528507806
      ],
      [
        -104.66632394381425,
        38.28261911402975
      ],
      [
        -104.66621109922404,
        38.282603582193026
      ],
      [
        -104.66609884854346,
        38.28258558505112
      ],
      [
        -104.66598659786287,
        38.28256758790921
      ],
      [
        -104.66587434718228,
        38.28254959076731
      ],
      [
        -104.6657620965017,
        38.2825315936254
      ],
      [
        -104.66565032224739,
        38.282511901471345
      ],
      [
        -104.66553884378264,
        38.28249115696789
      ],
      [
        -104.66542736531791,
        38.28247041246445
      ],
      [
        -104.66531588685316,
        38.282449667961004
      ],
      [
        -104.66520603153944,
        38.282424220688405
      ],
      [
        -104.66509645794167,
        38.282397957197794
      ],
      [
        -104.6649868843439,
        38.28237169370718
      ],
      [
        -104.66487765552898,
        38.28234460781426
      ],
      [
        -104.66476962461182,
        38.28231466460434
      ],
      [
        -104.66466159369466,
        38.282284721394426
      ],
      [
        -104.6645535627775,
        38.282254778184516
      ],
      [
        -104.6644457682333,
        38.28222432208282
      ],
      [
        -104.664338328854,
        38.28219309532975
      ],
      [
        -104.6642308894747,
        38.28216186857669
      ],
      [
        -104.66412345009539,
        38.28213064182362
      ],
      [
        -104.66401709966493,
        38.282097236068175
      ],
      [
        -104.6639112654048,
        38.28206279744842
      ],
      [
        -104.66380543114468,
        38.28202835882866
      ],
      [
        -104.66369959688457,
        38.281993920208905
      ],
      [
        -104.66359376262444,
        38.28195948158915
      ],
      [
        -104.66349040323341,
        38.281920761042876
      ],
      [
        -104.66338768448232,
        38.281880932085215
      ],
      [
        -104.66328496573121,
        38.281841103127555
      ],
      [
        -104.6631822469801,
        38.281801274169894
      ],
      [
        -104.663079528229,
        38.281761445212226
      ],
      [
        -104.66297714848652,
        38.28172108771062
      ],
      [
        -104.66287520201614,
        38.281680054700054
      ],
      [
        -104.66277325554576,
        38.28163902168949
      ],
      [
        -104.66267156596292,
        38.28159763046714
      ],
      [
        -104.66257399090073,
        38.28155050183202
      ],
      [
        -104.66247641583854,
        38.281503373196905
      ],
      [
        -104.66237884077636,
        38.28145624456179
      ],
      [
        -104.66228126571416,
        38.28140911592667
      ],
      [
        -104.6621837659086,
        38.28136189365046
      ],
      [
        -104.6620875483427,
        38.28131307589598
      ],
      [
        -104.6619913307768,
        38.2812642581415
      ],
      [
        -104.6618951132109,
        38.28121544038701
      ],
      [
        -104.661798895645,
        38.281166622632526
      ],
      [
        -104.6617032148707,
        38.281117199895036
      ],
      [
        -104.66161151920444,
        38.28106328580059
      ],
      [
        -104.6615198235382,
        38.28100937170615
      ],
      [
        -104.66142812787194,
        38.280955457611704
      ],
      [
        -104.66133643220569,
        38.28090154351727
      ],
      [
        -104.66124473653943,
        38.28084762942282
      ],
      [
        -104.66115621450402,
        38.28079056686349
      ],
      [
        -104.66106828062007,
        38.28073292081655
      ],
      [
        -104.66098034673612,
        38.280675274769614
      ],
      [
        -104.66089241285218,
        38.28061762872267
      ],
      [
        -104.66080447896823,
        38.28055998267574
      ],
      [
        -104.66071654508427,
        38.28050233662881
      ],
      [
        -104.66062900545636,
        38.28044433047877
      ],
      [
        -104.66054317411864,
        38.28038476402133
      ],
      [
        -104.66045734278094,
        38.28032519756389
      ],
      [
        -104.66037468380705,
        38.28026296480078
      ],
      [
        -104.66029312107557,
        38.280199810668776
      ],
      [
        -104.66021155834407,
        38.28013665653677
      ],
      [
        -104.66012999561259,
        38.28007350240477
      ],
      [
        -104.66004983678712,
        38.280009258037914
      ],
      [
        -104.65997025970037,
        38.27994456190878
      ],
      [
        -104.65989161027224,
        38.27987918476208
      ],
      [
        -104.65981469650912,
        38.27981253341997
      ],
      [
        -104.659737782746,
        38.27974588207787
      ],
      [
        -104.65966205292003,
        38.27967840848852
      ],
      [
        -104.65958714353775,
        38.27961036509901
      ],
      [
        -104.65951223415547,
        38.2795423217095
      ],
      [
        -104.65943738744558,
        38.27947423715824
      ],
      [
        -104.65936528051938,
        38.27940435318159
      ],
      [
        -104.65929317359317,
        38.27933446920494
      ],
      [
        -104.65922115850405,
        38.2792645272868
      ],
      [
        -104.65914969242532,
        38.279194238989234
      ],
      [
        -104.65907822634658,
        38.27912395069167
      ],
      [
        -104.65900676026786,
        38.279053662394105
      ],
      [
        -104.65893529418912,
        38.27898337409654
      ],
      [
        -104.65886393197695,
        38.27891302104585
      ],
      [
        -104.65879273318059,
        38.27884256611751
      ],
      [
        -104.65872153438423,
        38.27877211118917
      ],
      [
        -104.65865033558786,
        38.27870165626083
      ],
      [
        -104.6585791367915,
        38.27863120133249
      ],
      [
        -104.65850793799514,
        38.27856074640415
      ],
      [
        -104.65843673919878,
        38.27849029147581
      ],
      [
        -104.65836554040241,
        38.27841983654747
      ],
      [
        -104.65829434160605,
        38.27834938161913
      ],
      [
        -104.65822314280969,
        38.27827892669079
      ],
      [
        -104.65815191136917,
        38.278208492320246
      ],
      [
        -104.65807983748361,
        38.27813858848301
      ],
      [
        -104.65800776359806,
        38.278068684645774
      ],
      [
        -104.6579356897125,
        38.27799878080854
      ],
      [
        -104.65786361582695,
        38.2779288769713
      ],
      [
        -104.65779154194139,
        38.27785897313407
      ],
      [
        -104.65771946805584,
        38.27778906929684
      ],
      [
        -104.65764739417028,
        38.2777191654596
      ],
      [
        -104.65757532028474,
        38.277649261622365
      ],
      [
        -104.65750324639917,
        38.27757935778513
      ],
      [
        -104.65743117251363,
        38.27750945394789
      ],
      [
        -104.65735909862806,
        38.27743955011066
      ],
      [
        -104.65728702474252,
        38.27736964627343
      ],
      [
        -104.65721495085695,
        38.27729974243619
      ],
      [
        -104.6571428769714,
        38.277229838598956
      ],
      [
        -104.65707080308584,
        38.27715993476172
      ],
      [
        -104.6569987292003,
        38.277090030924484
      ],
      [
        -104.65692665531473,
        38.27702012708725
      ],
      [
        -104.65685458142919,
        38.27695022325002
      ],
      [
        -104.65677974344374,
        38.276882165227605
      ],
      [
        -104.65670342112604,
        38.27681509841485
      ],
      [
        -104.65662571747335,
        38.27674903021642
      ],
      [
        -104.6565468548265,
        38.27668379989455
      ],
      [
        -104.65646799217964,
        38.276618569572676
      ],
      [
        -104.65638700263985,
        38.27655498311402
      ],
      [
        -104.65630515386141,
        38.27649206075592
      ],
      [
        -104.65622330508296,
        38.27642913839783
      ],
      [
        -104.65613937086324,
        38.276367938051855
      ],
      [
        -104.65605519481154,
        38.276306937393876
      ],
      [
        -104.65597101875986,
        38.2762459367359
      ],
      [
        -104.65588591848086,
        38.276185775318
      ],
      [
        -104.65579686705271,
        38.27612920172174
      ],
      [
        -104.65570781562457,
        38.276072628125476
      ],
      [
        -104.65561876419642,
        38.27601605452921
      ],
      [
        -104.65552971276827,
        38.27595948093295
      ],
      [
        -104.65543946833034,
        38.27590410363749
      ],
      [
        -104.65534814385401,
        38.275849809359784
      ],
      [
        -104.65525580398356,
        38.27579659941716
      ],
      [
        -104.65516255086462,
        38.275744364728716
      ],
      [
        -104.65506929774568,
        38.27569213004028
      ],
      [
        -104.65497461159582,
        38.27564152247711
      ],
      [
        -104.65487943444138,
        38.275591472421766
      ],
      [
        -104.65478425728696,
        38.275541422366416
      ],
      [
        -104.65468698302257,
        38.27549394385083
      ],
      [
        -104.6545892475844,
        38.27544703084051
      ],
      [
        -104.65449151214622,
        38.27540011783019
      ],
      [
        -104.65439236111392,
        38.27535509886743
      ],
      [
        -104.65429252377977,
        38.27531099816811
      ],
      [
        -104.65419268644563,
        38.275266897468796
      ],
      [
        -104.65409284911148,
        38.27522279676948
      ],
      [
        -104.65399153119186,
        38.27518085922829
      ],
      [
        -104.65388958783905,
        38.2751398354546
      ],
      [
        -104.65378764448624,
        38.27509881168091
      ],
      [
        -104.65368346275133,
        38.275061427152785
      ],
      [
        -104.65357914735212,
        38.275024259941105
      ],
      [
        -104.6534748319529,
        38.27498709272943
      ],
      [
        -104.65337006527103,
        38.27495072855524
      ],
      [
        -104.65326477890679,
        38.27491528913279
      ],
      [
        -104.65315949254256,
        38.274879849710345
      ],
      [
        -104.65305346800662,
        38.27484585606477
      ],
      [
        -104.65294615208747,
        38.27481439171151
      ],
      [
        -104.65283883616831,
        38.27478292735825
      ],
      [
        -104.65273152024916,
        38.27475146300499
      ],
      [
        -104.65262300341003,
        38.27472265158697
      ],
      [
        -104.65251446469081,
        38.274693888503926
      ],
      [
        -104.65240592597159,
        38.274665125420874
      ],
      [
        -104.65229619023559,
        38.27463933868512
      ],
      [
        -104.65218629267383,
        38.27461395432439
      ],
      [
        -104.65207639511208,
        38.27458856996365
      ],
      [
        -104.65196594167712,
        38.27456475760995
      ],
      [
        -104.65185510431833,
        38.27454203099123
      ],
      [
        -104.65174426695954,
        38.2745193043725
      ],
      [
        -104.65163311480447,
        38.27449761912824
      ],
      [
        -104.6515210894745,
        38.2744788224253
      ],
      [
        -104.65140906414452,
        38.27446002572236
      ],
      [
        -104.65129699168627,
        38.27444140366905
      ],
      [
        -104.65118488979785,
        38.27442289067908
      ],
      [
        -104.65107261353272,
        38.27440511597642
      ],
      [
        -104.650959509806,
        38.274390844633544
      ],
      [
        -104.6508464060793,
        38.27437657329067
      ],
      [
        -104.65073320398797,
        38.274362791909454
      ],
      [
        -104.65061972878902,
        38.274350690427596
      ],
      [
        -104.65050573519544,
        38.274341795918865
      ],
      [
        -104.65039174160187,
        38.274332901410126
      ],
      [
        -104.65027768715858,
        38.27432454646046
      ],
      [
        -104.6501634764744,
        38.27431757691084
      ],
      [
        -104.65004926579023,
        38.27431060736121
      ],
      [
        -104.64993491208428,
        38.27430548349881
      ],
      [
        -104.64982046753028,
        38.27430153202521
      ],
      [
        -104.64970596634898,
        38.27429907025621
      ],
      [
        -104.64959142532324,
        38.274297656682755
      ],
      [
        -104.6494768820196,
        38.274296586807345
      ],
      [
        -104.6493623284595,
        38.27429706447572
      ],
      [
        -104.64924777489941,
        38.27429754214408
      ],
      [
        -104.6491332665707,
        38.27430000599675
      ],
      [
        -104.6490187644755,
        38.27430274357283
      ],
      [
        -104.64890432687784,
        38.27430655496521
      ],
      [
        -104.64879000474203,
        38.274312288675496
      ],
      [
        -104.64867576707822,
        38.27431888441353
      ],
      [
        -104.64856167314692,
        38.274326946926344
      ],
      [
        -104.64844759695566,
        38.27433515835498
      ],
      [
        -104.64833357793079,
        38.27434384965749
      ],
      [
        -104.64821973333906,
        38.27435373983825
      ],
      [
        -104.64810615490383,
        38.27436545931122
      ],
      [
        -104.6479925764686,
        38.27437717878419
      ],
      [
        -104.64787927600203,
        38.27439033779605
      ],
      [
        -104.64776637648961,
        38.274405573261696
      ],
      [
        -104.64765347697718,
        38.27442080872734
      ],
      [
        -104.64754071215168,
        38.27443661111659
      ],
      [
        -104.64742840842986,
        38.27445435438165
      ],
      [
        -104.64731610470804,
        38.27447209764672
      ],
      [
        -104.64720380098622,
        38.274489840911784
      ],
      [
        -104.64709264469937,
        38.27451154706405
      ],
      [
        -104.64698160677082,
        38.27453366198946
      ],
      [
        -104.64687056884229,
        38.27455577691486
      ],
      [
        -104.64676030322609,
        38.27458010408051
      ],
      [
        -104.64665041996321,
        38.27460552647322
      ],
      [
        -104.64654053670031,
        38.27463094886593
      ],
      [
        -104.64643131807385,
        38.274658075266814
      ],
      [
        -104.64632214561254,
        38.27468532002683
      ],
      [
        -104.64621297315122,
        38.27471256478686
      ],
      [
        -104.64610419894953,
        38.274740737519174
      ],
      [
        -104.64599628677378,
        38.27477091883122
      ],
      [
        -104.64588837459804,
        38.27480110014328
      ],
      [
        -104.6457804624223,
        38.27483128145533
      ],
      [
        -104.64567291630243,
        38.274862248923775
      ],
      [
        -104.64556565543825,
        38.27489382901887
      ],
      [
        -104.64545839457406,
        38.274925409113976
      ],
      [
        -104.64535113251887,
        38.274956987663494
      ],
      [
        -104.64524387028644,
        38.27498856598301
      ],
      [
        -104.64513660805399,
        38.27502014430252
      ],
      [
        -104.64502934582156,
        38.27505172262203
      ],
      [
        -104.64492208358912,
        38.275083300941546
      ],
      [
        -104.64481482135668,
        38.275114879261054
      ],
      [
        -104.64470755912424,
        38.27514645758057
      ],
      [
        -104.64460029689181,
        38.27517803590008
      ],
      [
        -104.64449303465936,
        38.27520961421959
      ],
      [
        -104.64438577242693,
        38.275241192539106
      ],
      [
        -104.6442785101945,
        38.27527277085862
      ],
      [
        -104.64417124796205,
        38.27530434917813
      ],
      [
        -104.64406398572962,
        38.27533592749764
      ],
      [
        -104.64395672349718,
        38.27536750581715
      ],
      [
        -104.64384946126475,
        38.275399084136666
      ],
      [
        -104.6437421990323,
        38.27543066245618
      ],
      [
        -104.64363493679987,
        38.27546224077569
      ],
      [
        -104.64352767456744,
        38.2754938190952
      ],
      [
        -104.64342041233499,
        38.27552539741472
      ],
      [
        -104.64331298085119,
        38.275556612817965
      ],
      [
        -104.64320508050469,
        38.27558682286511
      ],
      [
        -104.6430971801582,
        38.27561703291225
      ],
      [
        -104.64298927981169,
        38.275647242959394
      ],
      [
        -104.64288075387175,
        38.275675963850546
      ],
      [
        -104.642771128044,
        38.27570206658042
      ],
      [
        -104.64266150221627,
        38.2757281693103
      ],
      [
        -104.64255187638854,
        38.275754272040174
      ],
      [
        -104.64244161618127,
        38.27577865803047
      ],
      [
        -104.64233121201201,
        38.275802654434905
      ],
      [
        -104.64222080784273,
        38.275826650839335
      ],
      [
        -104.64211040367347,
        38.27585064724377
      ],
      [
        -104.64199855984496,
        38.27587007767126
      ],
      [
        -104.64188664336712,
        38.27588927768641
      ],
      [
        -104.64177472688927,
        38.275908477701556
      ],
      [
        -104.64166281041142,
        38.27592767771671
      ],
      [
        -104.64155060501588,
        38.275945782682285
      ],
      [
        -104.64143817857656,
        38.27596304985256
      ],
      [
        -104.64132575213725,
        38.27598031702282
      ],
      [
        -104.64121332569795,
        38.27599758419309
      ],
      [
        -104.64110089925863,
        38.27601485136336
      ],
      [
        -104.64098847281933,
        38.27603211853363
      ],
      [
        -104.64087604638001,
        38.27604938570389
      ],
      [
        -104.64076342775304,
        38.2760658635381
      ],
      [
        -104.64065080556303,
        38.276082326738496
      ],
      [
        -104.64053818337301,
        38.276098789938885
      ],
      [
        -104.640425561183,
        38.276115253139274
      ],
      [
        -104.64031293899298,
        38.27613171633967
      ],
      [
        -104.64020031680296,
        38.27614817954006
      ],
      [
        -104.64008769461294,
        38.276164642740454
      ],
      [
        -104.63997507242291,
        38.27618110594084
      ],
      [
        -104.6398624502329,
        38.27619756914123
      ],
      [
        -104.63974982804288,
        38.27621403234163
      ],
      [
        -104.63963714243226,
        38.276230221470136
      ],
      [
        -104.63952433025077,
        38.27624586362317
      ],
      [
        -104.63941151806928,
        38.2762615057762
      ],
      [
        -104.6392987058878,
        38.276277147929235
      ],
      [
        -104.6391858937063,
        38.276292790082266
      ],
      [
        -104.63907308152481,
        38.2763084322353
      ],
      [
        -104.63896026934331,
        38.27632407438833
      ],
      [
        -104.63884745716183,
        38.27633971654136
      ],
      [
        -104.63873464498035,
        38.27635535869439
      ],
      [
        -104.63862183279885,
        38.27637100084742
      ],
      [
        -104.63856270000383,
        38.27637919999947
      ],
      [
        -104.63850886577622,
        38.2763859188665
      ],
      [
        -104.63839572818178,
        38.27640003918515
      ],
      [
        -104.63836879999744,
        38.27640340000022
      ],
      [
        -104.63828204396388,
        38.27641098306695
      ],
      [
        -104.63816818900388,
        38.27642093476395
      ],
      [
        -104.63805391125032,
        38.27642611316767
      ],
      [
        -104.63793939747264,
        38.276428626884744
      ],
      [
        -104.63782489262123,
        38.27643026459144
      ],
      [
        -104.63771044472145,
        38.276426313157366
      ],
      [
        -104.63759599682167,
        38.276422361723284
      ],
      [
        -104.63748151417812,
        38.276419345488435
      ],
      [
        -104.63736696748961,
        38.276418053153016
      ],
      [
        -104.6372524208011,
        38.2764167608176
      ],
      [
        -104.6371378741126,
        38.27641546848217
      ],
      [
        -104.63702332742409,
        38.27641417614675
      ],
      [
        -104.63690878073558,
        38.27641288381133
      ],
      [
        -104.63679423404707,
        38.27641159147591
      ],
      [
        -104.63667968735857,
        38.27641029914049
      ],
      [
        -104.6365653774511,
        38.276404520835044
      ],
      [
        -104.63645113290205,
        38.276397914411874
      ],
      [
        -104.63633701460306,
        38.27639003823709
      ],
      [
        -104.63622326924852,
        38.27637961037631
      ],
      [
        -104.63610993549966,
        38.276366551447126
      ],
      [
        -104.63599727537566,
        38.2763502475218
      ],
      [
        -104.63588524514783,
        38.27633147847763
      ],
      [
        -104.6357741835855,
        38.27630964967343
      ],
      [
        -104.63566431515792,
        38.27628419802757
      ],
      [
        -104.63555542080624,
        38.27625627002413
      ],
      [
        -104.63544801417991,
        38.27622501270416
      ],
      [
        -104.63534154705027,
        38.27619189247879
      ],
      [
        -104.63523658115044,
        38.27615586867885
      ],
      [
        -104.6351336783088,
        38.276116412770044
      ],
      [
        -104.63503152166452,
        38.27607571548542
      ],
      [
        -104.63492936502023,
        38.276035018200794
      ],
      [
        -104.63482720837594,
        38.275994320916176
      ],
      [
        -104.63472505173164,
        38.27595362363155
      ],
      [
        -104.63462289508735,
        38.275912926346926
      ],
      [
        -104.63452073844306,
        38.27587222906231
      ],
      [
        -104.63441858179877,
        38.27583153177768
      ],
      [
        -104.63431663637576,
        38.27579050980916
      ],
      [
        -104.63421468557515,
        38.27574949612887
      ],
      [
        -104.63411259238781,
        38.27570870179534
      ],
      [
        -104.63401049920047,
        38.27566790746181
      ],
      [
        -104.63390840601315,
        38.27562711312828
      ],
      [
        -104.63380631282581,
        38.27558631879475
      ],
      [
        -104.63370421963849,
        38.27554552446122
      ],
      [
        -104.63360212645115,
        38.27550473012769
      ],
      [
        -104.63350003326381,
        38.275463935794164
      ],
      [
        -104.63339794007649,
        38.275423141460635
      ],
      [
        -104.63329584688915,
        38.275382347127106
      ],
      [
        -104.63319375370182,
        38.27534155279358
      ],
      [
        -104.63309217854565,
        38.27529997208295
      ],
      [
        -104.6329907347663,
        38.27525819194082
      ],
      [
        -104.63288929098695,
        38.275216411798695
      ],
      [
        -104.6327878472076,
        38.27517463165657
      ],
      [
        -104.63268640342825,
        38.27513285151444
      ],
      [
        -104.63258503195537,
        38.27509096923304
      ],
      [
        -104.63248626485566,
        38.275045408045024
      ],
      [
        -104.63238749775594,
        38.27499984685701
      ],
      [
        -104.63228911159771,
        38.274953812266475
      ],
      [
        -104.63219427627088,
        38.27490336499696
      ],
      [
        -104.63209944094406,
        38.27485291772745
      ],
      [
        -104.63200463156298,
        38.27480244069756
      ],
      [
        -104.63190992054281,
        38.27475185084541
      ],
      [
        -104.63181520952264,
        38.27470126099326
      ],
      [
        -104.63172049850247,
        38.27465067114111
      ],
      [
        -104.6316257874823,
        38.27460008128896
      ],
      [
        -104.63153107646214,
        38.27454949143681
      ],
      [
        -104.63143636544197,
        38.27449890158466
      ],
      [
        -104.6313416544218,
        38.274448311732506
      ],
      [
        -104.63124694340164,
        38.274397721880355
      ],
      [
        -104.63115223238147,
        38.274347132028204
      ],
      [
        -104.6310575213613,
        38.27429654217605
      ],
      [
        -104.63096281034113,
        38.2742459523239
      ],
      [
        -104.63086809932096,
        38.27419536247175
      ],
      [
        -104.6307733883008,
        38.2741447726196
      ],
      [
        -104.63067867728063,
        38.27409418276745
      ],
      [
        -104.63058396626046,
        38.2740435929153
      ],
      [
        -104.63048925524029,
        38.27399300306315
      ],
      [
        -104.63039454422012,
        38.273942413210996
      ],
      [
        -104.63029983319996,
        38.273891823358845
      ],
      [
        -104.63020512217979,
        38.273841233506694
      ],
      [
        -104.63011041115962,
        38.27379064365454
      ],
      [
        -104.63001570013945,
        38.27374005380239
      ],
      [
        -104.62992098911928,
        38.27368946395024
      ],
      [
        -104.62982627809912,
        38.27363887409809
      ],
      [
        -104.62973156707895,
        38.27358828424594
      ],
      [
        -104.62963685605878,
        38.27353769439379
      ],
      [
        -104.62954214503861,
        38.27348710454164
      ],
      [
        -104.6294474341687,
        38.27343651509986
      ],
      [
        -104.62935272384044,
        38.27338592713758
      ],
      [
        -104.62925801351219,
        38.273335339175304
      ],
      [
        -104.62916330318393,
        38.273284751213026
      ],
      [
        -104.62906859285567,
        38.27323416325075
      ],
      [
        -104.62897388252743,
        38.27318357528847
      ],
      [
        -104.62887917219918,
        38.27313298732619
      ],
      [
        -104.62878446187092,
        38.273082399363915
      ],
      [
        -104.62868975154267,
        38.27303181140164
      ],
      [
        -104.62859504121441,
        38.27298122343936
      ],
      [
        -104.62850033088615,
        38.27293063547708
      ],
      [
        -104.6284056205579,
        38.2728800475148
      ],
      [
        -104.62831091022966,
        38.272829459552526
      ],
      [
        -104.6282161999014,
        38.27277887159025
      ],
      [
        -104.62812148957315,
        38.27272828362797
      ],
      [
        -104.62802677924489,
        38.27267769566569
      ],
      [
        -104.62793206891664,
        38.272627107703414
      ],
      [
        -104.62783735858838,
        38.272576519741136
      ],
      [
        -104.62774264826012,
        38.27252593177886
      ],
      [
        -104.62764793793187,
        38.27247534381658
      ],
      [
        -104.62755322760363,
        38.2724247558543
      ],
      [
        -104.62745851727537,
        38.272374167892025
      ],
      [
        -104.62736380694712,
        38.27232357992975
      ],
      [
        -104.62726909661886,
        38.27227299196747
      ],
      [
        -104.6271743862906,
        38.27222240400519
      ],
      [
        -104.62707967596235,
        38.27217181604291
      ],
      [
        -104.6269849656341,
        38.272121228080636
      ],
      [
        -104.62689025530584,
        38.27207064011836
      ],
      [
        -104.6267955449776,
        38.27202005215608
      ],
      [
        -104.62670083464934,
        38.2719694641938
      ],
      [
        -104.62660612432109,
        38.271918876231524
      ],
      [
        -104.62651141399283,
        38.271868288269246
      ],
      [
        -104.62641670366457,
        38.27181770030696
      ],
      [
        -104.62632199333632,
        38.27176711234468
      ],
      [
        -104.62622728300806,
        38.271716524382406
      ],
      [
        -104.62613257267981,
        38.27166593642013
      ],
      [
        -104.62603786235157,
        38.27161534845785
      ],
      [
        -104.62594315202331,
        38.27156476049557
      ],
      [
        -104.62584844169506,
        38.271514172533294
      ],
      [
        -104.6257537313668,
        38.271463584571016
      ],
      [
        -104.62565902103854,
        38.27141299660874
      ],
      [
        -104.62556431071029,
        38.27136240864646
      ],
      [
        -104.62546960038203,
        38.27131182068418
      ],
      [
        -104.62537489005378,
        38.271261232721905
      ],
      [
        -104.62528080427431,
        38.2712099376033
      ],
      [
        -104.6251871593446,
        38.27115814332479
      ],
      [
        -104.6250935144149,
        38.271106349046285
      ],
      [
        -104.6249998694852,
        38.27105455476778
      ],
      [
        -104.62490921123029,
        38.270999594282486
      ],
      [
        -104.62481879313091,
        38.2709443792057
      ],
      [
        -104.62472837503152,
        38.27088916412891
      ],
      [
        -104.62463899951288,
        38.27083292189385
      ],
      [
        -104.62455024272954,
        38.27077607007618
      ],
      [
        -104.62446148594621,
        38.27071921825851
      ],
      [
        -104.62437272916287,
        38.270662366440845
      ],
      [
        -104.62428397237953,
        38.27060551462318
      ],
      [
        -104.62419521559619,
        38.27054866280551
      ],
      [
        -104.62410645881286,
        38.27049181098785
      ],
      [
        -104.62401770202952,
        38.27043495917018
      ],
      [
        -104.62392894524618,
        38.27037810735251
      ],
      [
        -104.62384098223525,
        38.27032051057635
      ],
      [
        -104.6237540130677,
        38.27026198107432
      ],
      [
        -104.62366704390013,
        38.270203451572286
      ],
      [
        -104.62358007473257,
        38.27014492207025
      ],
      [
        -104.62349394124965,
        38.27008564231319
      ],
      [
        -104.62340844946054,
        38.270025786460835
      ],
      [
        -104.62332295767142,
        38.26996593060848
      ],
      [
        -104.62323799096174,
        38.269905638171956
      ],
      [
        -104.62315697290744,
        38.26984206257438
      ],
      [
        -104.62307595485314,
        38.269778486976804
      ],
      [
        -104.62299493679883,
        38.26971491137923
      ],
      [
        -104.62291773457983,
        38.2696484924001
      ],
      [
        -104.62284109040867,
        38.26958165758988
      ],
      [
        -104.62276444623753,
        38.26951482277967
      ],
      [
        -104.62268911091267,
        38.26944712610878
      ],
      [
        -104.62261862184332,
        38.2693762382328
      ],
      [
        -104.62254878791212,
        38.269304962973266
      ],
      [
        -104.62248146897825,
        38.269232200594445
      ],
      [
        -104.62241437986061,
        38.26915930883676
      ],
      [
        -104.62234818609284,
        38.269085913027
      ],
      [
        -104.62228199232504,
        38.26901251721723
      ],
      [
        -104.62221579855726,
        38.26893912140746
      ],
      [
        -104.62215054922346,
        38.26886522708888
      ],
      [
        -104.62208895381355,
        38.26878940408778
      ],
      [
        -104.62202735840363,
        38.26871358108668
      ],
      [
        -104.62196576299371,
        38.26863775808558
      ],
      [
        -104.62190416758379,
        38.268561935084485
      ],
      [
        -104.62184257217388,
        38.26848611208339
      ],
      [
        -104.62178097676396,
        38.26841028908229
      ],
      [
        -104.621734600003,
        38.268353200003695
      ],
      [
        -104.62171891799318,
        38.26833470320847
      ],
      [
        -104.62165544719288,
        38.268259839947916
      ],
      [
        -104.62159197639258,
        38.268184976687365
      ],
      [
        -104.62152850559227,
        38.268110113426815
      ],
      [
        -104.62146503479197,
        38.26803525016627
      ],
      [
        -104.62140156399167,
        38.26796038690572
      ],
      [
        -104.62133809319135,
        38.26788552364517
      ],
      [
        -104.62127462239106,
        38.26781066038462
      ],
      [
        -104.62121115159076,
        38.267735797124075
      ],
      [
        -104.62114768079044,
        38.267660933863525
      ],
      [
        -104.62108827397579,
        38.26758410763477
      ],
      [
        -104.62103177652916,
        38.26750587613606
      ],
      [
        -104.62097879235075,
        38.267426161138935
      ],
      [
        -104.62092680391247,
        38.26734602568462
      ],
      [
        -104.62087481547418,
        38.2672658902303
      ],
      [
        -104.6208269389889,
        38.26718422965602
      ],
      [
        -104.62078111598872,
        38.267101807445805
      ],
      [
        -104.62079821413677,
        38.26712320565589
      ],
      [
        -104.620850771546,
        38.267203111943246
      ],
      [
        -104.62089719999925,
        38.26727369999885
      ],
      [
        -104.62090418845159,
        38.267282637542856
      ],
      [
        -104.62096411626888,
        38.267359279332304
      ],
      [
        -104.62102697224941,
        38.26743445950977
      ],
      [
        -104.62108994423728,
        38.26750958178141
      ],
      [
        -104.62115291622517,
        38.26758470405304
      ],
      [
        -104.62121588821304,
        38.26765982632468
      ],
      [
        -104.62127875646864,
        38.267735001924294
      ],
      [
        -104.62134117768768,
        38.26781040734196
      ],
      [
        -104.62140359890674,
        38.26788581275963
      ],
      [
        -104.62146602012578,
        38.2679612181773
      ],
      [
        -104.62152844134484,
        38.268036623594966
      ],
      [
        -104.62159086256389,
        38.268112029012634
      ],
      [
        -104.62165328378293,
        38.2681874344303
      ],
      [
        -104.62171570500199,
        38.268262839847964
      ],
      [
        -104.62177812622105,
        38.26833824526563
      ],
      [
        -104.62184054744009,
        38.2684136506833
      ],
      [
        -104.62190296865914,
        38.26848905610097
      ],
      [
        -104.6219653898782,
        38.268564461518636
      ],
      [
        -104.62202781109724,
        38.268639866936304
      ],
      [
        -104.6220902323163,
        38.26871527235397
      ],
      [
        -104.62215265353534,
        38.26879067777164
      ],
      [
        -104.62221540810889,
        38.26886590867135
      ],
      [
        -104.62228009733343,
        38.26894012674133
      ],
      [
        -104.62234478655799,
        38.2690143448113
      ],
      [
        -104.62240947578253,
        38.26908856288127
      ],
      [
        -104.62247580119556,
        38.26916188489775
      ],
      [
        -104.62254218216074,
        38.269235176491264
      ],
      [
        -104.62261310645047,
        38.269305782669875
      ],
      [
        -104.62268446718288,
        38.26937613088108
      ],
      [
        -104.62275724853896,
        38.26944556788419
      ],
      [
        -104.62283082622669,
        38.26951449410892
      ],
      [
        -104.62290549330753,
        38.269582669505986
      ],
      [
        -104.6229830187574,
        38.26964887486805
      ],
      [
        -104.6230611435335,
        38.269714634176516
      ],
      [
        -104.62314133142343,
        38.26977885430575
      ],
      [
        -104.62322232867838,
        38.2698424462517
      ],
      [
        -104.62330514643865,
        38.269904515539196
      ],
      [
        -104.62339110420844,
        38.269963958543734
      ],
      [
        -104.62347712578966,
        38.27002334355303
      ],
      [
        -104.62356454159294,
        38.27008146141904
      ],
      [
        -104.6236519573962,
        38.27013957928506
      ],
      [
        -104.62373937319947,
        38.27019769715107
      ],
      [
        -104.62382678900275,
        38.27025581501708
      ],
      [
        -104.62391424351921,
        38.27031389614724
      ],
      [
        -104.62400334733866,
        38.27037041221519
      ],
      [
        -104.62409245115812,
        38.27042692828315
      ],
      [
        -104.62418155497758,
        38.27048344435111
      ],
      [
        -104.62427065879703,
        38.27053996041906
      ],
      [
        -104.62435976261649,
        38.270596476487015
      ],
      [
        -104.62444865911868,
        38.27065319253635
      ],
      [
        -104.62453719395788,
        38.27071025745128
      ],
      [
        -104.62462572879708,
        38.2707673223662
      ],
      [
        -104.62471426363629,
        38.270824387281124
      ],
      [
        -104.6248027984755,
        38.27088145219605
      ],
      [
        -104.62489212406905,
        38.27093774366795
      ],
      [
        -104.62498225244401,
        38.27099324993305
      ],
      [
        -104.62507448484362,
        38.27104657320503
      ],
      [
        -104.62516762475919,
        38.27109891013315
      ],
      [
        -104.62526222268745,
        38.271149625793804
      ],
      [
        -104.6253568206157,
        38.27120034145447
      ],
      [
        -104.62545141854397,
        38.27125105711513
      ],
      [
        -104.62554616343378,
        38.27130160499769
      ],
      [
        -104.62564092003377,
        38.27135213951135
      ],
      [
        -104.62573567663378,
        38.27140267402501
      ],
      [
        -104.62583043323377,
        38.271453208538674
      ],
      [
        -104.62592518983378,
        38.271503743052335
      ],
      [
        -104.62601994643377,
        38.271554277566004
      ],
      [
        -104.62611470303376,
        38.271604812079666
      ],
      [
        -104.62620945963377,
        38.27165534659333
      ],
      [
        -104.62630421623376,
        38.27170588110699
      ],
      [
        -104.62639897283377,
        38.27175641562065
      ],
      [
        -104.62649372943376,
        38.27180695013432
      ],
      [
        -104.62658848603377,
        38.27185748464798
      ],
      [
        -104.62668324263376,
        38.27190801916164
      ],
      [
        -104.62677799923375,
        38.271958553675304
      ],
      [
        -104.62687275583376,
        38.272009088188966
      ],
      [
        -104.62696751243375,
        38.272059622702635
      ],
      [
        -104.62706226903376,
        38.2721101572163
      ],
      [
        -104.62715702563375,
        38.27216069172996
      ],
      [
        -104.62725178223376,
        38.27221122624362
      ],
      [
        -104.62734653883375,
        38.27226176075728
      ],
      [
        -104.62744129543374,
        38.27231229527095
      ],
      [
        -104.62753605203375,
        38.27236282978461
      ],
      [
        -104.62763080863374,
        38.272413364298274
      ],
      [
        -104.62772556523375,
        38.272463898811935
      ],
      [
        -104.62782032183374,
        38.2725144333256
      ],
      [
        -104.62791507843374,
        38.272564967839266
      ],
      [
        -104.62800983503374,
        38.27261550235293
      ],
      [
        -104.62810459163373,
        38.27266603686659
      ],
      [
        -104.62819934823374,
        38.27271657138025
      ],
      [
        -104.62829410483373,
        38.27276710589391
      ],
      [
        -104.62838886143373,
        38.27281764040758
      ],
      [
        -104.62848361803373,
        38.27286817492124
      ],
      [
        -104.62857837463373,
        38.272918709434904
      ],
      [
        -104.62867313123373,
        38.272969243948566
      ],
      [
        -104.62876788783372,
        38.273019778462235
      ],
      [
        -104.62886264443372,
        38.2730703129759
      ],
      [
        -104.62895740103372,
        38.27312084748956
      ],
      [
        -104.62905215763372,
        38.27317138200322
      ],
      [
        -104.62914691423371,
        38.27322191651688
      ],
      [
        -104.62924167083372,
        38.27327245103055
      ],
      [
        -104.62933642743371,
        38.27332298554421
      ],
      [
        -104.6294311840337,
        38.27337352005787
      ],
      [
        -104.62952591615381,
        38.27342408329425
      ],
      [
        -104.6296205405105,
        38.273474772971475
      ],
      [
        -104.62971516486718,
        38.2735254626487
      ],
      [
        -104.62980978922387,
        38.273576152325916
      ],
      [
        -104.62990441358055,
        38.27362684200314
      ],
      [
        -104.62999903793722,
        38.273677531680356
      ],
      [
        -104.63009366229392,
        38.27372822135758
      ],
      [
        -104.6301882866506,
        38.2737789110348
      ],
      [
        -104.63028291100728,
        38.27382960071202
      ],
      [
        -104.63037753536396,
        38.27388029038924
      ],
      [
        -104.63047215972064,
        38.27393098006647
      ],
      [
        -104.63056678407733,
        38.273981669743684
      ],
      [
        -104.63066140843401,
        38.27403235942091
      ],
      [
        -104.6307560327907,
        38.274083049098124
      ],
      [
        -104.63085065714738,
        38.27413373877535
      ],
      [
        -104.63094528150407,
        38.27418442845257
      ],
      [
        -104.63103990586075,
        38.27423511812979
      ],
      [
        -104.63113453021742,
        38.27428580780701
      ],
      [
        -104.63122915457411,
        38.27433649748423
      ],
      [
        -104.63132377893079,
        38.27438718716145
      ],
      [
        -104.63141840328748,
        38.274437876838675
      ],
      [
        -104.63151302764416,
        38.27448856651589
      ],
      [
        -104.63160765200084,
        38.274539256193115
      ],
      [
        -104.63170227635753,
        38.27458994587034
      ],
      [
        -104.6317969007142,
        38.274640635547556
      ],
      [
        -104.6318915250709,
        38.27469132522478
      ],
      [
        -104.63198614942758,
        38.274742014901996
      ],
      [
        -104.63208077378425,
        38.27479270457922
      ],
      [
        -104.63217612170428,
        38.27484254551484
      ],
      [
        -104.63227194098133,
        38.2748918335475
      ],
      [
        -104.63236808074384,
        38.27494072712985
      ],
      [
        -104.63246541573136,
        38.27498814964121
      ],
      [
        -104.63256427219878,
        38.275033513168005
      ],
      [
        -104.63266503125024,
        38.27507630197056
      ],
      [
        -104.63276627093839,
        38.27511837897109
      ],
      [
        -104.63286795260782,
        38.27515980141652
      ],
      [
        -104.63296963427727,
        38.275201223861956
      ],
      [
        -104.63307131594672,
        38.27524264630739
      ],
      [
        -104.63317299761616,
        38.27528406875282
      ],
      [
        -104.6332746792856,
        38.27532549119825
      ],
      [
        -104.63337636095504,
        38.27536691364369
      ],
      [
        -104.63347804262449,
        38.27540833608912
      ],
      [
        -104.63357972429392,
        38.275449758534556
      ],
      [
        -104.63368140596337,
        38.27549118097999
      ],
      [
        -104.6337830876328,
        38.275532603425425
      ],
      [
        -104.63388552529926,
        38.27557285232364
      ],
      [
        -104.63398767068117,
        38.27561355879192
      ],
      [
        -104.63408950072171,
        38.27565475669722
      ],
      [
        -104.63419133076228,
        38.27569595460252
      ],
      [
        -104.63429517154226,
        38.275733843012056
      ],
      [
        -104.63440292134307,
        38.27576412591788
      ],
      [
        -104.63451211031023,
        38.27579133147875
      ],
      [
        -104.63462041454802,
        38.27582061394351
      ],
      [
        -104.63472830618535,
        38.27585084331375
      ],
      [
        -104.63483615736483,
        38.27588116218893
      ],
      [
        -104.63494100468586,
        38.27591708297609
      ],
      [
        -104.63504400664013,
        38.275956445197764
      ],
      [
        -104.6351470085944,
        38.275995807419434
      ],
      [
        -104.63516740000466,
        38.276003600001644
      ],
      [
        -104.63525121360456,
        38.27603315105477
      ],
      [
        -104.63535571557438,
        38.27606999642671
      ],
      [
        -104.63546021754419,
        38.27610684179865
      ],
      [
        -104.63556633660163,
        38.276140688663
      ],
      [
        -104.6356727738644,
        38.27617394549058
      ],
      [
        -104.63577989485745,
        38.27620569354711
      ],
      [
        -104.63588916703327,
        38.27623269662491
      ],
      [
        -104.6359984355012,
        38.276259708999405
      ],
      [
        -104.63610901090522,
        38.27628299404774
      ],
      [
        -104.636220496735,
        38.27630368260052
      ],
      [
        -104.63633244764884,
        38.276322602389
      ],
      [
        -104.63644525677843,
        38.27633825829125
      ],
      [
        -104.636558947987,
        38.276348862299336
      ],
      [
        -104.63667271135945,
        38.27635943921828
      ],
      [
        -104.63678670719476,
        38.27636803868925
      ],
      [
        -104.63690107069664,
        38.27637289598871
      ],
      [
        -104.63701561770588,
        38.276374167219885
      ],
      [
        -104.63713016471512,
        38.27637543845106
      ],
      [
        -104.63724471172435,
        38.27637670968224
      ],
      [
        -104.6373592587336,
        38.276377980913416
      ],
      [
        -104.63737900000571,
        38.27637819999989
      ],
      [
        -104.6374737830832,
        38.276376262394884
      ],
      [
        -104.6375883027144,
        38.27637392132498
      ],
      [
        -104.63770282234562,
        38.27637158025508
      ],
      [
        -104.63781720282711,
        38.27636768345748
      ],
      [
        -104.63793101553831,
        38.276357438849956
      ],
      [
        -104.63804476076191,
        38.27634678797923
      ],
      [
        -104.63815811431283,
        38.276333779309816
      ],
      [
        -104.63827146786373,
        38.276320770640396
      ],
      [
        -104.63838482141465,
        38.27630776197098
      ],
      [
        -104.63849809232511,
        38.2762943258879
      ],
      [
        -104.63861092032107,
        38.2762787884233
      ],
      [
        -104.63872360654015,
        38.276262597007616
      ],
      [
        -104.63883629275925,
        38.276246405591934
      ],
      [
        -104.63894897897835,
        38.276230214176245
      ],
      [
        -104.63906166519745,
        38.27621402276056
      ],
      [
        -104.63917435141654,
        38.27619783134488
      ],
      [
        -104.63928703763564,
        38.27618163992919
      ],
      [
        -104.63939972385474,
        38.27616544851351
      ],
      [
        -104.63951241007383,
        38.27614925709783
      ],
      [
        -104.63962509629293,
        38.27613306568214
      ],
      [
        -104.63965200000378,
        38.27612919999944
      ],
      [
        -104.63973769932664,
        38.27611652309859
      ],
      [
        -104.63975070000498,
        38.27611459999966
      ],
      [
        -104.63985165323115,
        38.27610775953534
      ],
      [
        -104.63988499999951,
        38.276105500000035
      ],
      [
        -104.6399653686474,
        38.27609704421599
      ],
      [
        -104.64007891141496,
        38.2760850981008
      ],
      [
        -104.64019245418251,
        38.276073151985614
      ],
      [
        -104.64030599695006,
        38.27606120587043
      ],
      [
        -104.64041953971763,
        38.27604925975525
      ],
      [
        -104.64053308248518,
        38.27603731364006
      ],
      [
        -104.64064662525273,
        38.27602536752487
      ],
      [
        -104.64075975192496,
        38.27601142277573
      ],
      [
        -104.64087223225228,
        38.2759943734329
      ],
      [
        -104.64098471257958,
        38.27597732409007
      ],
      [
        -104.64109719290688,
        38.275960274747234
      ],
      [
        -104.6412096732342,
        38.275943225404404
      ],
      [
        -104.6413221535615,
        38.275926176061574
      ],
      [
        -104.64143456404511,
        38.27590885344986
      ],
      [
        -104.64154672019653,
        38.27589053574383
      ],
      [
        -104.64165887634796,
        38.2758722180378
      ],
      [
        -104.64177103249938,
        38.27585390033176
      ],
      [
        -104.64188318865081,
        38.27583558262573
      ],
      [
        -104.6419948162229,
        38.27581545696525
      ],
      [
        -104.64210592394157,
        38.2757935531964
      ],
      [
        -104.64221703166025,
        38.275771649427554
      ],
      [
        -104.64232813937892,
        38.2757497456587
      ],
      [
        -104.6424392470976,
        38.275727841889854
      ],
      [
        -104.64254998738309,
        38.27570490944598
      ],
      [
        -104.64265940497663,
        38.275678273960956
      ],
      [
        -104.64276882257018,
        38.27565163847593
      ],
      [
        -104.64287824016371,
        38.2756250029909
      ],
      [
        -104.64298765775726,
        38.27559836750587
      ],
      [
        -104.6430965327833,
        38.275570465294024
      ],
      [
        -104.64320422337104,
        38.27553979778613
      ],
      [
        -104.64331191395878,
        38.27550913027823
      ],
      [
        -104.64341960454652,
        38.27547846277033
      ],
      [
        -104.64352729513428,
        38.27544779526244
      ],
      [
        -104.6436348708468,
        38.2754168840741
      ],
      [
        -104.64374207024434,
        38.27538517462308
      ],
      [
        -104.64384926964189,
        38.27535346517206
      ],
      [
        -104.64395646903944,
        38.27532175572104
      ],
      [
        -104.64406366843698,
        38.27529004627002
      ],
      [
        -104.64417086783455,
        38.275258336819
      ],
      [
        -104.6442780672321,
        38.275226627367985
      ],
      [
        -104.64438526662964,
        38.27519491791696
      ],
      [
        -104.64449246602719,
        38.27516320846595
      ],
      [
        -104.64459966542474,
        38.275131499014925
      ],
      [
        -104.64470686482228,
        38.27509978956391
      ],
      [
        -104.64481406421983,
        38.27506808011289
      ],
      [
        -104.64492126361738,
        38.27503637066187
      ],
      [
        -104.64502846301492,
        38.27500466121085
      ],
      [
        -104.64513568171343,
        38.27497299259888
      ],
      [
        -104.64524291210222,
        38.27494134872251
      ],
      [
        -104.64535014249103,
        38.27490970484613
      ],
      [
        -104.64545737287982,
        38.274878060969755
      ],
      [
        -104.64556460326861,
        38.27484641709338
      ],
      [
        -104.64567198701917,
        38.274815102603334
      ],
      [
        -104.64577992827878,
        38.274784985516426
      ],
      [
        -104.64588786953841,
        38.27475486842952
      ],
      [
        -104.64599581079803,
        38.2747247513426
      ],
      [
        -104.64610421508468,
        38.27469568424229
      ],
      [
        -104.64621276620967,
        38.27466695012097
      ],
      [
        -104.6463213804451,
        38.27463836752616
      ],
      [
        -104.6464305829432,
        38.27461119733461
      ],
      [
        -104.64653978544128,
        38.27458402714306
      ],
      [
        -104.6466497392477,
        38.2745588494366
      ],
      [
        -104.64676018319389,
        38.27453497159087
      ],
      [
        -104.64687062714009,
        38.274511093745126
      ],
      [
        -104.64698176471636,
        38.27448931680404
      ],
      [
        -104.64709307652592,
        38.2744680675903
      ],
      [
        -104.64720467036972,
        38.27444776842772
      ],
      [
        -104.64731647822238,
        38.27442819016825
      ],
      [
        -104.64742849543639,
        38.27440941645011
      ],
      [
        -104.64754112503243,
        38.27439299601559
      ],
      [
        -104.6476537546285,
        38.274376575581066
      ],
      [
        -104.64776638422454,
        38.274360155146546
      ],
      [
        -104.64787924180158,
        38.27434483455722
      ],
      [
        -104.64799269139995,
        38.27433237004753
      ],
      [
        -104.64810614099834,
        38.274319905537844
      ],
      [
        -104.64821959059671,
        38.27430744102816
      ],
      [
        -104.64833348966435,
        38.2742980088093
      ],
      [
        -104.64844755332808,
        38.27428968701841
      ],
      [
        -104.64856161699181,
        38.27428136522752
      ],
      [
        -104.64867568065556,
        38.27427304343664
      ],
      [
        -104.64879002201225,
        38.27426761661426
      ],
      [
        -104.64890438663929,
        38.27426243238668
      ],
      [
        -104.64901875126631,
        38.274257248159095
      ],
      [
        -104.64913318668955,
        38.27425362829092
      ],
      [
        -104.64924773157755,
        38.27425242722759
      ],
      [
        -104.64936227646554,
        38.27425122616426
      ],
      [
        -104.64947682135353,
        38.274250025100926
      ],
      [
        -104.64959133535189,
        38.27425120620895
      ],
      [
        -104.64970582535456,
        38.274254237834626
      ],
      [
        -104.64982031535722,
        38.2742572694603
      ],
      [
        -104.64993480535989,
        38.274260301085974
      ],
      [
        -104.65004902672892,
        38.274266879613656
      ],
      [
        -104.65016316761145,
        38.27427452084428
      ],
      [
        -104.65027730849398,
        38.27428216207491
      ],
      [
        -104.65031969999544,
        38.27428499999969
      ],
      [
        -104.65039139793188,
        38.274290255667
      ],
      [
        -104.65050545697487,
        38.27429861652668
      ],
      [
        -104.65061951601785,
        38.27430697738637
      ],
      [
        -104.65073310486346,
        38.27431831912413
      ],
      [
        -104.65084616501154,
        38.274332782891584
      ],
      [
        -104.65095907759029,
        38.27434795817238
      ],
      [
        -104.65107199016903,
        38.274363133453164
      ],
      [
        -104.65118490274779,
        38.27437830873396
      ],
      [
        -104.65129729483951,
        38.27439565326128
      ],
      [
        -104.65140950118378,
        38.274413771932785
      ],
      [
        -104.65152170752805,
        38.2744318906043
      ],
      [
        -104.65163342183935,
        38.27445175146353
      ],
      [
        -104.6517448668228,
        38.27447256595737
      ],
      [
        -104.65185631180624,
        38.2744933804512
      ],
      [
        -104.65196690369314,
        38.2745167762551
      ],
      [
        -104.65207718007919,
        38.27454112670529
      ],
      [
        -104.65218745646524,
        38.274565477155484
      ],
      [
        -104.652297033074,
        38.27459165320625
      ],
      [
        -104.65240611179601,
        38.27461912815939
      ],
      [
        -104.652515190518,
        38.27464660311252
      ],
      [
        -104.65262376381962,
        38.274675248362996
      ],
      [
        -104.65273163272093,
        38.27470552464742
      ],
      [
        -104.65283950162224,
        38.27473580093185
      ],
      [
        -104.65294737052355,
        38.274766077216285
      ],
      [
        -104.65305427298223,
        38.274798334725304
      ],
      [
        -104.65316030778503,
        38.27483237094433
      ],
      [
        -104.65326634258783,
        38.274866407163366
      ],
      [
        -104.65337225588222,
        38.27490066329621
      ],
      [
        -104.65347636117103,
        38.27493819167547
      ],
      [
        -104.65358046645984,
        38.274975720054734
      ],
      [
        -104.65368457174864,
        38.27501324843399
      ],
      [
        -104.6537884656021,
        38.27505111916128
      ],
      [
        -104.65389046995939,
        38.27509204928847
      ],
      [
        -104.65399247431668,
        38.27513297941565
      ],
      [
        -104.65409447867397,
        38.275173909542836
      ],
      [
        -104.65419457937058,
        38.27521761723025
      ],
      [
        -104.65429428797563,
        38.27526189700383
      ],
      [
        -104.65439399658067,
        38.275306176777406
      ],
      [
        -104.65449370518571,
        38.27535045655098
      ],
      [
        -104.65459143774046,
        38.27539733543581
      ],
      [
        -104.65468840654809,
        38.275445218881984
      ],
      [
        -104.65478537535571,
        38.27549310232816
      ],
      [
        -104.65488234416334,
        38.275540985774335
      ],
      [
        -104.65497907323947,
        38.27558914926774
      ],
      [
        -104.65507217599207,
        38.27564154892491
      ],
      [
        -104.65516527874466,
        38.27569394858208
      ],
      [
        -104.65525838149726,
        38.27574634823926
      ],
      [
        -104.65535148424986,
        38.27579874789643
      ],
      [
        -104.65544261198532,
        38.275853230428524
      ],
      [
        -104.6555332593114,
        38.27590821960567
      ],
      [
        -104.65562390663749,
        38.27596320878282
      ],
      [
        -104.65571129268933,
        38.27602135716829
      ],
      [
        -104.65579859408982,
        38.276079587555856
      ],
      [
        -104.65588589549029,
        38.27613781794342
      ],
      [
        -104.65597319689077,
        38.27619604833099
      ],
      [
        -104.65606049829125,
        38.27625427871856
      ],
      [
        -104.65614621762923,
        38.27631387815857
      ],
      [
        -104.65622851476104,
        38.276376439036376
      ],
      [
        -104.65631081189284,
        38.276438999914184
      ],
      [
        -104.65639310902465,
        38.276501560791985
      ],
      [
        -104.65647540615646,
        38.27656412166979
      ],
      [
        -104.65655770328826,
        38.2766266825476
      ],
      [
        -104.65663581289664,
        38.27669241247857
      ],
      [
        -104.65671243261852,
        38.27675926993267
      ],
      [
        -104.6567890523404,
        38.27682612738676
      ],
      [
        -104.65686567206228,
        38.27689298484086
      ],
      [
        -104.65694096331035,
        38.27696075059469
      ],
      [
        -104.65701479371138,
        38.27702951515403
      ],
      [
        -104.6570886241124,
        38.277098279713364
      ],
      [
        -104.65716245451344,
        38.2771670442727
      ],
      [
        -104.65723553364091,
        38.27723629391942
      ],
      [
        -104.65730722121748,
        38.27730644207214
      ],
      [
        -104.65737890879404,
        38.277376590224854
      ],
      [
        -104.6574505963706,
        38.27744673837756
      ],
      [
        -104.65752228394716,
        38.27751688653028
      ],
      [
        -104.65759397152372,
        38.277587034682995
      ],
      [
        -104.65766565910029,
        38.27765718283571
      ],
      [
        -104.65773734667685,
        38.27772733098843
      ],
      [
        -104.65780874488678,
        38.2777976607253
      ],
      [
        -104.6578800102733,
        38.277868073811895
      ],
      [
        -104.65795127565984,
        38.27793848689849
      ],
      [
        -104.65802254104636,
        38.27800889998509
      ],
      [
        -104.65809380643289,
        38.278079313071686
      ],
      [
        -104.65816507181941,
        38.27814972615828
      ],
      [
        -104.65823633720593,
        38.27822013924488
      ],
      [
        -104.65830760988234,
        38.27829054780378
      ],
      [
        -104.6583789988869,
        38.27836088411203
      ],
      [
        -104.65845038789146,
        38.27843122042029
      ],
      [
        -104.65852177689601,
        38.27850155672854
      ],
      [
        -104.65859316590057,
        38.2785718930368
      ],
      [
        -104.65866455490513,
        38.27864222934505
      ],
      [
        -104.65873594390969,
        38.27871256565331
      ],
      [
        -104.65880733291424,
        38.27878290196156
      ],
      [
        -104.6588787219188,
        38.27885323826982
      ],
      [
        -104.65895011092336,
        38.27892357457807
      ],
      [
        -104.6590214999279,
        38.27899391088633
      ],
      [
        -104.65909288893246,
        38.27906424719458
      ],
      [
        -104.65916427793702,
        38.27913458350284
      ],
      [
        -104.65923609398979,
        38.279204651154565
      ],
      [
        -104.65930808469925,
        38.27927460892957
      ],
      [
        -104.6593800754087,
        38.279344566704566
      ],
      [
        -104.65945206611816,
        38.27941452447957
      ],
      [
        -104.65952405682762,
        38.279484482254574
      ],
      [
        -104.65959604753708,
        38.27955444002957
      ],
      [
        -104.65966962621607,
        38.27962331777664
      ],
      [
        -104.65974759025507,
        38.279689212902696
      ],
      [
        -104.65982555429406,
        38.279755108028745
      ],
      [
        -104.65990351833304,
        38.2798210031548
      ],
      [
        -104.65998148237203,
        38.27988689828086
      ],
      [
        -104.66005944641103,
        38.279952793406906
      ],
      [
        -104.66013741045,
        38.28001868853296
      ],
      [
        -104.6602161857277,
        38.28008396739242
      ],
      [
        -104.66029753660348,
        38.28014728966989
      ],
      [
        -104.66037888747924,
        38.28021061194736
      ],
      [
        -104.66046068480283,
        38.28027355730695
      ],
      [
        -104.66054705324429,
        38.2803326434562
      ],
      [
        -104.66063342168574,
        38.28039172960545
      ],
      [
        -104.6607197901272,
        38.2804508157547
      ],
      [
        -104.66080615856866,
        38.28050990190395
      ],
      [
        -104.66089310716794,
        38.28056845752182
      ],
      [
        -104.66098061113449,
        38.280626505278285
      ],
      [
        -104.66106811510105,
        38.28068455303475
      ],
      [
        -104.6611557555069,
        38.2807424680018
      ],
      [
        -104.66124655838382,
        38.28079730509684
      ],
      [
        -104.66133736126073,
        38.280852142191875
      ],
      [
        -104.66142816413766,
        38.28090697928691
      ],
      [
        -104.66152098300456,
        38.280959676497424
      ],
      [
        -104.66161437997862,
        38.281011760072666
      ],
      [
        -104.66170777695267,
        38.281063843647914
      ],
      [
        -104.66180117392672,
        38.28111592722316
      ],
      [
        -104.66189457090078,
        38.28116801079841
      ],
      [
        -104.66199151351888,
        38.28121592772013
      ],
      [
        -104.66208857498573,
        38.2812637049771
      ],
      [
        -104.66218559373353,
        38.28131153486802
      ],
      [
        -104.66228176090145,
        38.28136041398646
      ],
      [
        -104.66237792806939,
        38.28140929310491
      ],
      [
        -104.66247541623774,
        38.28145645121966
      ],
      [
        -104.66257541036639,
        38.28150034456111
      ],
      [
        -104.66267540449503,
        38.28154423790256
      ],
      [
        -104.6627753986237,
        38.28158813124401
      ],
      [
        -104.66287539275234,
        38.281632024585456
      ],
      [
        -104.66297538688099,
        38.281675917926904
      ],
      [
        -104.66307731918144,
        38.28171692565014
      ],
      [
        -104.6631799543994,
        38.28175688684511
      ],
      [
        -104.66328262649974,
        38.281796788426135
      ],
      [
        -104.66338610486983,
        38.2818353868123
      ],
      [
        -104.66348958323992,
        38.28187398519846
      ],
      [
        -104.66359306161002,
        38.28191258358463
      ],
      [
        -104.66369770956173,
        38.28194913901455
      ],
      [
        -104.66380318704711,
        38.28198424546395
      ],
      [
        -104.66390866453249,
        38.28201935191336
      ],
      [
        -104.66401508960854,
        38.28205256499435
      ],
      [
        -104.66412280600439,
        38.282083197906296
      ],
      [
        -104.66423052240022,
        38.28211383081823
      ],
      [
        -104.66433823879606,
        38.28214446373018
      ],
      [
        -104.66444595519191,
        38.28217509664211
      ],
      [
        -104.66455367158775,
        38.28220572955406
      ],
      [
        -104.66466148064058,
        38.28223616057629
      ],
      [
        -104.66476936945003,
        38.282266417817304
      ],
      [
        -104.66487725825947,
        38.282296675058326
      ],
      [
        -104.66498514706892,
        38.28232693229935
      ],
      [
        -104.66509372655847,
        38.28235543843846
      ],
      [
        -104.66520452210092,
        38.28237832615237
      ],
      [
        -104.66531531764338,
        38.28240121386629
      ],
      [
        -104.66542611318583,
        38.282424101580204
      ],
      [
        -104.66553725889156,
        38.28244588171311
      ],
      [
        -104.66564883334428,
        38.28246630570144
      ],
      [
        -104.66576040779698,
        38.28248672968977
      ],
      [
        -104.6658719822497,
        38.2825071536781
      ],
      [
        -104.66598456030027,
        38.28252378475734
      ],
      [
        -104.66609726860902,
        38.282539923550374
      ],
      [
        -104.66620997691777,
        38.28255606234342
      ],
      [
        -104.66632268522652,
        38.28257220113646
      ],
      [
        -104.66643539353527,
        38.2825883399295
      ],
      [
        -104.66654853987109,
        38.28260245653823
      ],
      [
        -104.66666171086436,
        38.28261645931408
      ],
      [
        -104.66677488185762,
        38.28263046208993
      ],
      [
        -104.66688861759232,
        38.28264107925772
      ],
      [
        -104.66700256655432,
        38.28265041813425
      ],
      [
        -104.66711651551631,
        38.28265975701078
      ],
      [
        -104.66723046447831,
        38.2826690958873
      ],
      [
        -104.66734467241399,
        38.28267597456293
      ],
      [
        -104.66745902889403,
        38.28268144209544
      ],
      [
        -104.66757338537406,
        38.282686909627955
      ],
      [
        -104.6676877418541,
        38.282692377160465
      ],
      [
        -104.66780220511683,
        38.28269550653147
      ],
      [
        -104.66791676683442,
        38.28269648009076
      ],
      [
        -104.66803132855203,
        38.28269745365006
      ],
      [
        -104.66814589026963,
        38.282698427209354
      ],
      [
        -104.66826045198722,
        38.28269940076864
      ],
      [
        -104.66837501102734,
        38.282699886854545
      ],
      [
        -104.66848955779209,
        38.28269813804898
      ],
      [
        -104.66860410455685,
        38.282696389243405
      ],
      [
        -104.6687186513216,
        38.28269464043784
      ],
      [
        -104.66883319808636,
        38.28269289163227
      ],
      [
        -104.6689475852434,
        38.28268913366829
      ],
      [
        -104.66906152146755,
        38.28267969931454
      ],
      [
        -104.66917545769171,
        38.28267026496079
      ],
      [
        -104.66928939391586,
        38.28266083060705
      ],
      [
        -104.66940333014001,
        38.2826513962533
      ],
      [
        -104.6695171752669,
        38.282641311400944
      ],
      [
        -104.66963100322286,
        38.28263110393604
      ],
      [
        -104.66974483117883,
        38.28262089647114
      ],
      [
        -104.66985865913479,
        38.28261068900623
      ],
      [
        -104.6699716015785,
        38.28259581882468
      ],
      [
        -104.67008427344531,
        38.282579523904616
      ],
      [
        -104.67019694531214,
        38.28256322898455
      ],
      [
        -104.67030961717896,
        38.282546934064484
      ],
      [
        -104.67042228904577,
        38.28253063914442
      ],
      [
        -104.67053466235885,
        38.28251323815447
      ],
      [
        -104.67064607250568,
        38.28249226886482
      ],
      [
        -104.6707574826525,
        38.28247129957517
      ],
      [
        -104.67086889279932,
        38.28245033028552
      ],
      [
        -104.67098030294615,
        38.28242936099587
      ],
      [
        -104.67109171309298,
        38.28240839170622
      ],
      [
        -104.67120252619405,
        38.28238564772879
      ],
      [
        -104.6713126012821,
        38.28236071004552
      ],
      [
        -104.67142267637013,
        38.28233577236225
      ],
      [
        -104.67153275145817,
        38.28231083467899
      ],
      [
        -104.67164267704588,
        38.28228549687782
      ],
      [
        -104.6717524820339,
        38.282259836307475
      ],
      [
        -104.67186228702191,
        38.28223417573712
      ],
      [
        -104.67197046698557,
        38.282204696841575
      ],
      [
        -104.67207787338562,
        38.282173400301
      ],
      [
        -104.67218527978567,
        38.28214210376042
      ],
      [
        -104.67229268618571,
        38.282110807219844
      ],
      [
        -104.67239866512206,
        38.28207667167614
      ],
      [
        -104.67250435255932,
        38.28204195638608
      ],
      [
        -104.67261003999657,
        38.282007241096025
      ],
      [
        -104.67271572743383,
        38.28197252580597
      ],
      [
        -104.67282141487108,
        38.28193781051591
      ],
      [
        -104.67292515161591,
        38.281899678017815
      ],
      [
        -104.67302850430467,
        38.28186087273319
      ],
      [
        -104.67313185699341,
        38.28182206744857
      ],
      [
        -104.67323520968216,
        38.281783262163955
      ],
      [
        -104.67333747266508,
        38.28174277989604
      ],
      [
        -104.6734381730284,
        38.28169989286261
      ],
      [
        -104.67353887339172,
        38.28165700582918
      ],
      [
        -104.67363957375504,
        38.281614118795744
      ],
      [
        -104.67374027411836,
        38.281571231762314
      ],
      [
        -104.67384097448168,
        38.28152834472888
      ],
      [
        -104.673941674845,
        38.28148545769545
      ],
      [
        -104.67404017130292,
        38.28143958158834
      ],
      [
        -104.67413771359556,
        38.28139241138288
      ],
      [
        -104.67423525588819,
        38.28134524117743
      ],
      [
        -104.67433279818083,
        38.281298070971985
      ],
      [
        -104.67443034047346,
        38.28125090076654
      ],
      [
        -104.67452430177683,
        38.28119946852995
      ],
      [
        -104.67461794925313,
        38.28114766278184
      ],
      [
        -104.67471159672942,
        38.28109585703373
      ],
      [
        -104.67480524420573,
        38.28104405128562
      ],
      [
        -104.67489889168202,
        38.28099224553751
      ],
      [
        -104.67499168069682,
        38.280939521696276
      ],
      [
        -104.6750827213331,
        38.28088492802825
      ],
      [
        -104.67517376196938,
        38.280830334360225
      ],
      [
        -104.67526480260565,
        38.28077574069219
      ],
      [
        -104.67535420450892,
        38.280719554176805
      ],
      [
        -104.67544136432538,
        38.280661188354564
      ],
      [
        -104.67552852414184,
        38.280602822532316
      ],
      [
        -104.67561568395828,
        38.28054445671007
      ],
      [
        -104.67570284377474,
        38.28048609088783
      ],
      [
        -104.67579000359119,
        38.28042772506558
      ],
      [
        -104.67587716340765,
        38.28036935924333
      ],
      [
        -104.67596364718848,
        38.28031038729555
      ],
      [
        -104.67604888287242,
        38.280250296318876
      ],
      [
        -104.67613411855636,
        38.2801902053422
      ],
      [
        -104.67621935424032,
        38.28013011436553
      ],
      [
        -104.67630458992426,
        38.28007002338885
      ],
      [
        -104.6763898256082,
        38.28000993241218
      ],
      [
        -104.67647492634681,
        38.279949724013434
      ],
      [
        -104.67655999572156,
        38.27988948832358
      ],
      [
        -104.67664506509632,
        38.279829252633725
      ],
      [
        -104.67673013447109,
        38.279769016943874
      ],
      [
        -104.67681520384585,
        38.27970878125402
      ]
    ]
  },
  "properties": {
    "relation_id": -1,
    "relation_tags": {
      "line_group": "2"
    },
    "length_m": 32605.442164620385,
    "num_vertices": 3277,
    "maxspeed_coverage": 1.0,
    "is_service": false,
    "service_kind": null,
    "line_group": 2,
    "group_order": null,
    "used_way_ids": [
      46721080,
      46822956,
      52341508,
      52341523,
      99210829,
      99210840,
      319337872,
      319337875,
      319337876,
      319338255,
      319338256,
      319338257,
      319652506,
      319654242,
      319948239,
      507667352,
      507667358
    ],
    "n_gaps": 0,
    "n_branches": 0,
    "dropped_way_ids": [],
    "order": [],
    "s_m": [
      0.0,
      10.0,
      20.0,
      30.0,
      40.0,
      50.0,
      60.0,
      70.0,
      80.0,
      90.0,
      100.0,
      110.0,
      120.0,
      130.0,
      140.0,
      150.0,
      160.0,
      170.0,
      180.0,
      190.0,
      200.0,
      210.0,
      220.0,
      230.0,
      240.0,
      250.0,
      260.0,
      270.0,
      280.0,
      290.0,
      300.0,
      310.0,
      320.0,
      330.0,
      340.0,
      350.0,
      360.0,
      370.0,
      380.0,
      390.0,
      400.0,
      410.0,
      420.0,
      430.0,
      440.0,
      450.0,
      460.0,
      470.0,
      480.0,
      490.0,
      500.0,
      510.0,
      520.0,
      530.0,
      540.0,
      550.0,
      560.0,
      570.0,
      580.0,
      590.0,
      600.0,
      610.0,
      620.0,
      630.0,
      640.0,
      650.0,
      660.0,
      670.0,
      680.0,
      690.0,
      700.0,
      710.0,
      720.0,
      730.0,
      740.0,
      750.0,
      760.0,
      770.0,
      780.0,
      790.0,
      800.0,
      810.0,
      820.0,
      830.0,
      840.0,
      850.0,
      860.0,
      870.0,
      880.0,
      890.0,
      900.0,
      910.0,
      920.0,
      930.0,
      940.0,
      950.0,
      960.0,
      970.0,
      980.0,
      990.0,
      1000.0,
      1010.0,
      1020.0,
      1030.0,
      1040.0,
      1050.0,
      1060.0,
      1070.0,
      1080.0,
      1090.0,
      1100.0,
      1110.0,
      1120.0,
      1130.0,
      1140.0,
      1150.0,
      1160.0,
      1170.0,
      1180.0,
      1190.0,
      1200.0,
      1210.0,
      1220.0,
      1230.0,
      1240.0,
      1250.0,
      1260.0,
      1270.0,
      1280.0,
      1290.0,
      1300.0,
      1310.0,
      1320.0,
      1330.0,
      1340.0,
      1350.0,
      1360.0,
      1370.0,
      1380.0,
      1390.0,
      1400.0,
      1410.0,
      1420.0,
      1430.0,
      1440.0,
      1450.0,
      1460.0,
      1470.0,
      1480.0,
      1490.0,
      1500.0,
      1510.0,
      1520.0,
      1530.0,
      1540.0,
      1550.0,
      1560.0,
      1570.0,
      1580.0,
      1590.0,
      1600.0,
      1610.0,
      1620.0,
      1630.0,
      1640.0,
      1650.0,
      1660.0,
      1670.0,
      1680.0,
      1690.0,
      1700.0,
      1710.0,
      1720.0,
      1730.0,
      1740.0,
      1750.0,
      1760.0,
      1770.0,
      1780.0,
      1790.0,
      1800.0,
      1810.0,
      1820.0,
      1830.0,
      1840.0,
      1850.0,
      1860.0,
      1870.0,
      1880.0,
      1890.0,
      1900.0,
      1910.0,
      1920.0,
      1930.0,
      1940.0,
      1950.0,
      1960.0,
      1970.0,
      1980.0,
      1990.0,
      2000.0,
      2010.0,
      2020.0,
      2030.0,
      2040.0,
      2050.0,
      2060.0,
      2070.0,
      2080.0,
      2090.0,
      2100.0,
      2110.0,
      2120.0,
      2130.0,
      2140.0,
      2150.0,
      2160.0,
      2170.0,
      2180.0,
      2190.0,
      2200.0,
      2210.0,
      2220.0,
      2230.0,
      2240.0,
      2250.0,
      2260.0,
      2270.0,
      2280.0,
      2290.0,
      2300.0,
      2310.0,
      2320.0,
      2330.0,
      2340.0,
      2350.0,
      2360.0,
      2370.0,
      2380.0,
      2390.0,
      2400.0,
      2410.0,
      2420.0,
      2430.0,
      2440.0,
      2450.0,
      2460.0,
      2470.0,
      2480.0,
      2490.0,
      2500.0,
      2510.0,
      2520.0,
      2530.0,
      2540.0,
      2550.0,
      2560.0,
      2570.0,
      2580.0,
      2590.0,
      2600.0,
      2610.0,
      2620.0,
      2630.0,
      2640.0,
      2650.0,
      2660.0,
      2670.0,
      2680.0,
      2690.0,
      2700.0,
      2710.0,
      2720.0,
      2730.0,
      2740.0,
      2750.0,
      2760.0,
      2770.0,
      2780.0,
      2790.0,
      2800.0,
      2810.0,
      2820.0,
      2830.0,
      2840.0,
      2850.0,
      2860.0,
      2870.0,
      2880.0,
      2890.0,
      2900.0,
      2910.0,
      2920.0,
      2930.0,
      2940.0,
      2950.0,
      2960.0,
      2970.0,
      2980.0,
      2990.0,
      3000.0,
      3010.0,
      3020.0,
      3030.0,
      3040.0,
      3050.0,
      3060.0,
      3070.0,
      3080.0,
      3090.0,
      3100.0,
      3110.0,
      3120.0,
      3130.0,
      3140.0,
      3150.0,
      3160.0,
      3170.0,
      3180.0,
      3190.0,
      3200.0,
      3210.0,
      3220.0,
      3230.0,
      3240.0,
      3250.0,
      3260.0,
      3270.0,
      3280.0,
      3290.0,
      3300.0,
      3310.0,
      3320.0,
      3330.0,
      3340.0,
      3350.0,
      3360.0,
      3370.0,
      3380.0,
      3390.0,
      3400.0,
      3410.0,
      3420.0,
      3430.0,
      3440.0,
      3450.0,
      3460.0,
      3470.0,
      3480.0,
      3490.0,
      3500.0,
      3510.0,
      3520.0,
      3530.0,
      3540.0,
      3550.0,
      3560.0,
      3570.0,
      3580.0,
      3590.0,
      3600.0,
      3610.0,
      3620.0,
      3630.0,
      3640.0,
      3650.0,
      3660.0,
      3670.0,
      3680.0,
      3690.0,
      3700.0,
      3710.0,
      3720.0,
      3730.0,
      3740.0,
      3750.0,
      3760.0,
      3770.0,
      3780.0,
      3790.0,
      3800.0,
      3810.0,
      3820.0,
      3830.0,
      3840.0,
      3850.0,
      3860.0,
      3870.0,
      3880.0,
      3890.0,
      3900.0,
      3910.0,
      3920.0,
      3930.0,
      3940.0,
      3950.0,
      3960.0,
      3970.0,
      3980.0,
      3990.0,
      4000.0,
      4010.0,
      4020.0,
      4030.0,
      4040.0,
      4050.0,
      4060.0,
      4070.0,
      4080.0,
      4090.0,
      4100.0,
      4110.0,
      4120.0,
      4130.0,
      4140.0,
      4150.0,
      4160.0,
      4170.0,
      4180.0,
      4190.0,
      4200.0,
      4210.0,
      4220.0,
      4230.0,
      4240.0,
      4250.0,
      4260.0,
      4270.0,
      4280.0,
      4290.0,
      4300.0,
      4310.0,
      4320.0,
      4330.0,
      4340.0,
      4350.0,
      4360.0,
      4370.0,
      4380.0,
      4390.0,
      4400.0,
      4410.0,
      4420.0,
      4430.0,
      4440.0,
      4450.0,
      4460.0,
      4470.0,
      4480.0,
      4490.0,
      4500.0,
      4510.0,
      4520.0,
      4530.0,
      4540.0,
      4550.0,
      4560.0,
      4570.0,
      4580.0,
      4590.0,
      4600.0,
      4610.0,
      4620.0,
      4630.0,
      4640.0,
      4650.0,
      4660.0,
      4670.0,
      4680.0,
      4690.0,
      4700.0,
      4710.0,
      4720.0,
      4730.0,
      4740.0,
      4750.0,
      4760.0,
      4770.0,
      4780.0,
      4790.0,
      4800.0,
      4810.0,
      4820.0,
      4830.0,
      4840.0,
      4850.0,
      4860.0,
      4870.0,
      4880.0,
      4890.0,
      4900.0,
      4910.0,
      4920.0,
      4930.0,
      4940.0,
      4950.0,
      4960.0,
      4970.0,
      4980.0,
      4990.0,
      5000.0,
      5010.0,
      5020.0,
      5030.0,
      5040.0,
      5050.0,
      5060.0,
      5070.0,
      5080.0,
      5090.0,
      5100.0,
      5110.0,
      5120.0,
      5130.0,
      5140.0,
      5150.0,
      5160.0,
      5170.0,
      5180.0,
      5190.0,
      5200.0,
      5210.0,
      5220.0,
      5230.0,
      5240.0,
      5250.0,
      5260.0,
      5270.0,
      5280.0,
      5290.0,
      5300.0,
      5310.0,
      5320.0,
      5330.0,
      5340.0,
      5350.0,
      5360.0,
      5370.0,
      5380.0,
      5390.0,
      5400.0,
      5410.0,
      5420.0,
      5430.0,
      5440.0,
      5450.0,
      5460.0,
      5470.0,
      5480.0,
      5490.0,
      5500.0,
      5510.0,
      5520.0,
      5530.0,
      5540.0,
      5550.0,
      5560.0,
      5570.0,
      5580.0,
      5590.0,
      5600.0,
      5610.0,
      5620.0,
      5630.0,
      5640.0,
      5650.0,
      5660.0,
      5670.0,
      5680.0,
      5690.0,
      5700.0,
      5710.0,
      5720.0,
      5730.0,
      5740.0,
      5750.0,
      5760.0,
      5770.0,
      5780.0,
      5790.0,
      5800.0,
      5810.0,
      5820.0,
      5830.0,
      5840.0,
      5850.0,
      5860.0,
      5870.0,
      5880.0,
      5890.0,
      5900.0,
      5910.0,
      5920.0,
      5930.0,
      5940.0,
      5950.0,
      5960.0,
      5970.0,
      5980.0,
      5990.0,
      6000.0,
      6010.0,
      6020.0,
      6030.0,
      6040.0,
      6050.0,
      6060.0,
      6070.0,
      6080.0,
      6090.0,
      6100.0,
      6110.0,
      6120.0,
      6130.0,
      6140.0,
      6150.0,
      6160.0,
      6170.0,
      6177.074446,
      6180.0,
      6190.0,
      6200.0,
      6210.0,
      6220.0,
      6230.0,
      6240.0,
      6250.0,
      6260.0,
      6270.0,
      6280.0,
      6290.0,
      6300.0,
      6310.0,
      6316.677223,
      6320.0,
      6330.0,
      6340.0,
      6350.0,
      6360.0,
      6370.0,
      6380.0,
      6390.0,
      6400.0,
      6410.0,
      6420.0,
      6430.0,
      6440.0,
      6450.0,
      6460.0,
      6470.0,
      6480.0,
      6490.0,
      6500.0,
      6510.0,
      6520.0,
      6530.0,
      6540.0,
      6550.0,
      6560.0,
      6570.0,
      6580.0,
      6590.0,
      6600.0,
      6610.0,
      6620.0,
      6630.0,
      6640.0,
      6650.0,
      6660.0,
      6670.0,
      6680.0,
      6690.0,
      6700.0,
      6710.0,
      6720.0,
      6730.0,
      6740.0,
      6750.0,
      6760.0,
      6770.0,
      6780.0,
      6790.0,
      6800.0,
      6810.0,
      6820.0,
      6830.0,
      6840.0,
      6850.0,
      6860.0,
      6870.0,
      6880.0,
      6890.0,
      6900.0,
      6910.0,
      6920.0,
      6930.0,
      6940.0,
      6950.0,
      6960.0,
      6970.0,
      6980.0,
      6990.0,
      7000.0,
      7010.0,
      7020.0,
      7030.0,
      7040.0,
      7050.0,
      7060.0,
      7070.0,
      7080.0,
      7090.0,
      7100.0,
      7110.0,
      7120.0,
      7130.0,
      7140.0,
      7150.0,
      7160.0,
      7170.0,
      7180.0,
      7190.0,
      7200.0,
      7210.0,
      7220.0,
      7230.0,
      7240.0,
      7250.0,
      7260.0,
      7270.0,
      7280.0,
      7290.0,
      7300.0,
      7310.0,
      7320.0,
      7330.0,
      7340.0,
      7350.0,
      7360.0,
      7370.0,
      7380.0,
      7390.0,
      7400.0,
      7410.0,
      7420.0,
      7430.0,
      7440.0,
      7450.0,
      7460.0,
      7470.0,
      7480.0,
      7490.0,
      7500.0,
      7510.0,
      7520.0,
      7530.0,
      7540.0,
      7550.0,
      7560.0,
      7570.0,
      7580.0,
      7590.0,
      7600.0,
      7610.0,
      7620.0,
      7630.0,
      7640.0,
      7650.0,
      7660.0,
      7670.0,
      7680.0,
      7690.0,
      7700.0,
      7710.0,
      7720.0,
      7730.0,
      7740.0,
      7750.0,
      7760.0,
      7770.0,
      7780.0,
      7790.0,
      7800.0,
      7810.0,
      7820.0,
      7830.0,
      7840.0,
      7850.0,
      7860.0,
      7870.0,
      7880.0,
      7890.0,
      7900.0,
      7910.0,
      7920.0,
      7930.0,
      7940.0,
      7950.0,
      7960.0,
      7970.0,
      7980.0,
      7990.0,
      8000.0,
      8010.0,
      8020.0,
      8030.0,
      8040.0,
      8050.0,
      8060.0,
      8070.0,
      8080.0,
      8090.0,
      8100.0,
      8110.0,
      8120.0,
      8130.0,
      8140.0,
      8150.0,
      8160.0,
      8170.0,
      8180.0,
      8190.0,
      8200.0,
      8210.0,
      8220.0,
      8230.0,
      8240.0,
      8250.0,
      8260.0,
      8270.0,
      8280.0,
      8290.0,
      8300.0,
      8310.0,
      8320.0,
      8330.0,
      8340.0,
      8350.0,
      8360.0,
      8370.0,
      8380.0,
      8390.0,
      8400.0,
      8410.0,
      8420.0,
      8430.0,
      8440.0,
      8450.0,
      8460.0,
      8470.0,
      8480.0,
      8490.0,
      8500.0,
      8510.0,
      8520.0,
      8530.0,
      8540.0,
      8550.0,
      8560.0,
      8570.0,
      8580.0,
      8590.0,
      8600.0,
      8610.0,
      8620.0,
      8630.0,
      8640.0,
      8650.0,
      8660.0,
      8670.0,
      8680.0,
      8690.0,
      8700.0,
      8710.0,
      8720.0,
      8730.0,
      8740.0,
      8750.0,
      8760.0,
      8770.0,
      8780.0,
      8790.0,
      8800.0,
      8810.0,
      8820.0,
      8830.0,
      8840.0,
      8850.0,
      8860.0,
      8870.0,
      8880.0,
      8890.0,
      8900.0,
      8910.0,
      8920.0,
      8930.0,
      8940.0,
      8950.0,
      8960.0,
      8970.0,
      8980.0,
      8990.0,
      9000.0,
      9010.0,
      9020.0,
      9030.0,
      9040.0,
      9050.0,
      9060.0,
      9070.0,
      9080.0,
      9090.0,
      9100.0,
      9110.0,
      9120.0,
      9130.0,
      9140.0,
      9150.0,
      9160.0,
      9170.0,
      9180.0,
      9190.0,
      9200.0,
      9210.0,
      9220.0,
      9230.0,
      9240.0,
      9250.0,
      9260.0,
      9270.0,
      9280.0,
      9290.0,
      9300.0,
      9310.0,
      9320.0,
      9330.0,
      9340.0,
      9350.0,
      9360.0,
      9370.0,
      9380.0,
      9390.0,
      9400.0,
      9410.0,
      9420.0,
      9430.0,
      9440.0,
      9450.0,
      9460.0,
      9470.0,
      9480.0,
      9490.0,
      9500.0,
      9510.0,
      9520.0,
      9530.0,
      9540.0,
      9550.0,
      9560.0,
      9570.0,
      9580.0,
      9590.0,
      9600.0,
      9610.0,
      9620.0,
      9630.0,
      9640.0,
      9650.0,
      9660.0,
      9670.0,
      9680.0,
      9690.0,
      9700.0,
      9710.0,
      9720.0,
      9730.0,
      9740.0,
      9750.0,
      9760.0,
      9770.0,
      9780.0,
      9790.0,
      9800.0,
      9810.0,
      9820.0,
      9830.0,
      9840.0,
      9850.0,
      9860.0,
      9870.0,
      9880.0,
      9890.0,
      9900.0,
      9910.0,
      9920.0,
      9930.0,
      9940.0,
      9950.0,
      9960.0,
      9970.0,
      9980.0,
      9990.0,
      10000.0,
      10010.0,
      10020.0,
      10030.0,
      10040.0,
      10050.0,
      10060.0,
      10070.0,
      10080.0,
      10090.0,
      10100.0,
      10110.0,
      10120.0,
      10130.0,
      10140.0,
      10150.0,
      10160.0,
      10170.0,
      10180.0,
      10190.0,
      10200.0,
      10210.0,
      10220.0,
      10230.0,
      10240.0,
      10250.0,
      10260.0,
      10270.0,
      10280.0,
      10290.0,
      10300.0,
      10310.0,
      10320.0,
      10330.0,
      10340.0,
      10350.0,
      10360.0,
      10370.0,
      10380.0,
      10390.0,
      10400.0,
      10410.0,
      10420.0,
      10430.0,
      10440.0,
      10450.0,
      10460.0,
      10470.0,
      10480.0,
      10490.0,
      10500.0,
      10510.0,
      10520.0,
      10530.0,
      10540.0,
      10550.0,
      10560.0,
      10570.0,
      10580.0,
      10590.0,
      10600.0,
      10610.0,
      10620.0,
      10630.0,
      10640.0,
      10650.0,
      10660.0,
      10670.0,
      10680.0,
      10690.0,
      10700.0,
      10710.0,
      10720.0,
      10730.0,
      10740.0,
      10750.0,
      10760.0,
      10770.0,
      10780.0,
      10790.0,
      10800.0,
      10810.0,
      10820.0,
      10830.0,
      10840.0,
      10850.0,
      10860.0,
      10870.0,
      10880.0,
      10890.0,
      10900.0,
      10910.0,
      10920.0,
      10930.0,
      10940.0,
      10950.0,
      10960.0,
      10970.0,
      10980.0,
      10990.0,
      11000.0,
      11010.0,
      11020.0,
      11030.0,
      11040.0,
      11050.0,
      11060.0,
      11070.0,
      11080.0,
      11090.0,
      11100.0,
      11110.0,
      11120.0,
      11130.0,
      11140.0,
      11150.0,
      11160.0,
      11170.0,
      11180.0,
      11190.0,
      11200.0,
      11210.0,
      11220.0,
      11230.0,
      11240.0,
      11250.0,
      11260.0,
      11270.0,
      11280.0,
      11290.0,
      11300.0,
      11310.0,
      11320.0,
      11330.0,
      11340.0,
      11350.0,
      11360.0,
      11370.0,
      11380.0,
      11390.0,
      11400.0,
      11410.0,
      11420.0,
      11429.638871,
      11430.0,
      11440.0,
      11450.0,
      11460.0,
      11470.0,
      11480.0,
      11490.0,
      11500.0,
      11510.0,
      11520.0,
      11522.673978,
      11530.0,
      11540.0,
      11550.0,
      11560.0,
      11570.0,
      11580.0,
      11590.0,
      11600.0,
      11610.0,
      11620.0,
      11630.0,
      11640.0,
      11650.0,
      11660.0,
      11670.0,
      11680.0,
      11690.0,
      11700.0,
      11710.0,
      11720.0,
      11730.0,
      11740.0,
      11750.0,
      11760.0,
      11770.0,
      11780.0,
      11790.0,
      11800.0,
      11810.0,
      11820.0,
      11830.0,
      11840.0,
      11850.0,
      11860.0,
      11870.0,
      11880.0,
      11890.0,
      11900.0,
      11910.0,
      11920.0,
      11930.0,
      11940.0,
      11950.0,
      11960.0,
      11970.0,
      11980.0,
      11990.0,
      12000.0,
      12010.0,
      12020.0,
      12030.0,
      12040.0,
      12050.0,
      12060.0,
      12070.0,
      12080.0,
      12090.0,
      12100.0,
      12110.0,
      12120.0,
      12130.0,
      12140.0,
      12150.0,
      12160.0,
      12170.0,
      12180.0,
      12190.0,
      12200.0,
      12210.0,
      12220.0,
      12230.0,
      12240.0,
      12250.0,
      12260.0,
      12270.0,
      12280.0,
      12290.0,
      12300.0,
      12310.0,
      12320.0,
      12330.0,
      12340.0,
      12350.0,
      12352.477456,
      12360.0,
      12370.0,
      12380.0,
      12390.0,
      12400.0,
      12410.0,
      12420.0,
      12430.0,
      12440.0,
      12450.0,
      12460.0,
      12470.0,
      12480.0,
      12490.0,
      12500.0,
      12510.0,
      12520.0,
      12530.0,
      12540.0,
      12550.0,
      12560.0,
      12570.0,
      12580.0,
      12590.0,
      12600.0,
      12610.0,
      12620.0,
      12630.0,
      12640.0,
      12650.0,
      12660.0,
      12670.0,
      12680.0,
      12690.0,
      12700.0,
      12710.0,
      12720.0,
      12730.0,
      12740.0,
      12750.0,
      12760.0,
      12770.0,
      12780.0,
      12790.0,
      12800.0,
      12810.0,
      12820.0,
      12830.0,
      12840.0,
      12850.0,
      12860.0,
      12870.0,
      12880.0,
      12890.0,
      12900.0,
      12910.0,
      12920.0,
      12930.0,
      12940.0,
      12950.0,
      12960.0,
      12970.0,
      12980.0,
      12990.0,
      13000.0,
      13010.0,
      13020.0,
      13030.0,
      13040.0,
      13050.0,
      13060.0,
      13070.0,
      13080.0,
      13090.0,
      13100.0,
      13110.0,
      13120.0,
      13130.0,
      13140.0,
      13150.0,
      13160.0,
      13170.0,
      13180.0,
      13190.0,
      13200.0,
      13210.0,
      13220.0,
      13230.0,
      13240.0,
      13250.0,
      13260.0,
      13270.0,
      13280.0,
      13290.0,
      13300.0,
      13310.0,
      13320.0,
      13330.0,
      13340.0,
      13350.0,
      13360.0,
      13370.0,
      13380.0,
      13390.0,
      13400.0,
      13410.0,
      13420.0,
      13430.0,
      13440.0,
      13450.0,
      13460.0,
      13470.0,
      13480.0,
      13490.0,
      13500.0,
      13510.0,
      13520.0,
      13530.0,
      13540.0,
      13550.0,
      13560.0,
      13570.0,
      13580.0,
      13590.0,
      13600.0,
      13610.0,
      13620.0,
      13630.0,
      13640.0,
      13650.0,
      13660.0,
      13670.0,
      13680.0,
      13690.0,
      13700.0,
      13710.0,
      13720.0,
      13730.0,
      13740.0,
      13750.0,
      13760.0,
      13770.0,
      13780.0,
      13790.0,
      13800.0,
      13810.0,
      13820.0,
      13830.0,
      13840.0,
      13850.0,
      13860.0,
      13870.0,
      13880.0,
      13890.0,
      13900.0,
      13910.0,
      13920.0,
      13930.0,
      13940.0,
      13950.0,
      13960.0,
      13970.0,
      13980.0,
      13990.0,
      14000.0,
      14010.0,
      14020.0,
      14030.0,
      14040.0,
      14050.0,
      14060.0,
      14070.0,
      14080.0,
      14090.0,
      14100.0,
      14110.0,
      14120.0,
      14130.0,
      14140.0,
      14150.0,
      14160.0,
      14170.0,
      14180.0,
      14190.0,
      14200.0,
      14210.0,
      14220.0,
      14230.0,
      14240.0,
      14250.0,
      14260.0,
      14270.0,
      14280.0,
      14290.0,
      14300.0,
      14310.0,
      14320.0,
      14330.0,
      14340.0,
      14350.0,
      14360.0,
      14370.0,
      14380.0,
      14390.0,
      14400.0,
      14410.0,
      14420.0,
      14430.0,
      14440.0,
      14450.0,
      14460.0,
      14470.0,
      14480.0,
      14490.0,
      14500.0,
      14510.0,
      14520.0,
      14530.0,
      14540.0,
      14550.0,
      14560.0,
      14570.0,
      14580.0,
      14590.0,
      14600.0,
      14610.0,
      14620.0,
      14630.0,
      14640.0,
      14650.0,
      14660.0,
      14670.0,
      14680.0,
      14690.0,
      14700.0,
      14710.0,
      14720.0,
      14730.0,
      14740.0,
      14750.0,
      14760.0,
      14770.0,
      14780.0,
      14790.0,
      14800.0,
      14810.0,
      14820.0,
      14830.0,
      14840.0,
      14850.0,
      14860.0,
      14870.0,
      14880.0,
      14890.0,
      14900.0,
      14910.0,
      14920.0,
      14930.0,
      14940.0,
      14950.0,
      14960.0,
      14970.0,
      14980.0,
      14990.0,
      15000.0,
      15010.0,
      15020.0,
      15030.0,
      15040.0,
      15050.0,
      15060.0,
      15070.0,
      15080.0,
      15090.0,
      15100.0,
      15110.0,
      15120.0,
      15130.0,
      15140.0,
      15150.0,
      15160.0,
      15170.0,
      15180.0,
      15190.0,
      15200.0,
      15210.0,
      15220.0,
      15230.0,
      15240.0,
      15250.0,
      15260.0,
      15270.0,
      15280.0,
      15290.0,
      15300.0,
      15310.0,
      15320.0,
      15330.0,
      15340.0,
      15350.0,
      15360.0,
      15370.0,
      15380.0,
      15390.0,
      15400.0,
      15410.0,
      15420.0,
      15430.0,
      15440.0,
      15450.0,
      15460.0,
      15470.0,
      15480.0,
      15490.0,
      15500.0,
      15510.0,
      15520.0,
      15530.0,
      15540.0,
      15550.0,
      15560.0,
      15570.0,
      15580.0,
      15590.0,
      15600.0,
      15610.0,
      15620.0,
      15630.0,
      15640.0,
      15650.0,
      15660.0,
      15670.0,
      15680.0,
      15690.0,
      15700.0,
      15710.0,
      15720.0,
      15730.0,
      15740.0,
      15750.0,
      15760.0,
      15770.0,
      15780.0,
      15790.0,
      15800.0,
      15810.0,
      15820.0,
      15830.0,
      15840.0,
      15850.0,
      15860.0,
      15870.0,
      15880.0,
      15890.0,
      15900.0,
      15910.0,
      15920.0,
      15930.0,
      15940.0,
      15950.0,
      15960.0,
      15970.0,
      15980.0,
      15990.0,
      16000.0,
      16010.0,
      16020.0,
      16030.0,
      16040.0,
      16050.0,
      16060.0,
      16070.0,
      16080.0,
      16090.0,
      16100.0,
      16110.0,
      16120.0,
      16130.0,
      16140.0,
      16150.0,
      16160.0,
      16170.0,
      16180.0,
      16190.0,
      16200.0,
      16210.0,
      16220.0,
      16230.0,
      16240.0,
      16250.0,
      16260.0,
      16270.0,
      16280.0,
      16290.0,
      16300.0,
      16310.0,
      16320.0,
      16330.0,
      16340.0,
      16350.0,
      16360.0,
      16370.0,
      16380.0,
      16390.0,
      16400.0,
      16410.0,
      16420.0,
      16430.0,
      16440.0,
      16450.0,
      16460.0,
      16470.0,
      16480.0,
      16490.0,
      16500.0,
      16510.0,
      16520.0,
      16530.0,
      16540.0,
      16550.0,
      16560.0,
      16570.0,
      16580.0,
      16590.0,
      16600.0,
      16610.0,
      16620.0,
      16630.0,
      16640.0,
      16650.0,
      16660.0,
      16670.0,
      16680.0,
      16690.0,
      16700.0,
      16710.0,
      16720.0,
      16730.0,
      16740.0,
      16750.0,
      16760.0,
      16770.0,
      16780.0,
      16790.0,
      16800.0,
      16810.0,
      16820.0,
      16830.0,
      16840.0,
      16850.0,
      16860.0,
      16870.0,
      16880.0,
      16890.0,
      16900.0,
      16910.0,
      16920.0,
      16930.0,
      16940.0,
      16950.0,
      16960.0,
      16970.0,
      16980.0,
      16990.0,
      17000.0,
      17010.0,
      17020.0,
      17030.0,
      17040.0,
      17050.0,
      17060.0,
      17070.0,
      17080.0,
      17090.0,
      17100.0,
      17110.0,
      17120.0,
      17130.0,
      17140.0,
      17150.0,
      17160.0,
      17170.0,
      17180.0,
      17190.0,
      17200.0,
      17210.0,
      17220.0,
      17230.0,
      17240.0,
      17250.0,
      17260.0,
      17270.0,
      17280.0,
      17290.0,
      17300.0,
      17310.0,
      17320.0,
      17330.0,
      17340.0,
      17350.0,
      17360.0,
      17370.0,
      17380.0,
      17390.0,
      17400.0,
      17410.0,
      17420.0,
      17430.0,
      17440.0,
      17450.0,
      17460.0,
      17470.0,
      17480.0,
      17490.0,
      17500.0,
      17510.0,
      17520.0,
      17530.0,
      17540.0,
      17550.0,
      17560.0,
      17570.0,
      17580.0,
      17590.0,
      17600.0,
      17610.0,
      17620.0,
      17630.0,
      17640.0,
      17650.0,
      17660.0,
      17670.0,
      17680.0,
      17690.0,
      17700.0,
      17710.0,
      17720.0,
      17730.0,
      17740.0,
      17750.0,
      17760.0,
      17770.0,
      17780.0,
      17790.0,
      17800.0,
      17810.0,
      17820.0,
      17830.0,
      17840.0,
      17850.0,
      17860.0,
      17870.0,
      17880.0,
      17890.0,
      17900.0,
      17910.0,
      17920.0,
      17930.0,
      17940.0,
      17950.0,
      17960.0,
      17970.0,
      17980.0,
      17990.0,
      18000.0,
      18010.0,
      18020.0,
      18030.0,
      18040.0,
      18050.0,
      18060.0,
      18070.0,
      18080.0,
      18090.0,
      18100.0,
      18110.0,
      18120.0,
      18130.0,
      18140.0,
      18150.0,
      18160.0,
      18170.0,
      18180.0,
      18190.0,
      18200.0,
      18210.0,
      18220.0,
      18230.0,
      18240.0,
      18250.0,
      18260.0,
      18270.0,
      18280.0,
      18290.0,
      18300.0,
      18310.0,
      18320.0,
      18330.0,
      18340.0,
      18350.0,
      18360.0,
      18370.0,
      18380.0,
      18390.0,
      18400.0,
      18410.0,
      18420.0,
      18430.0,
      18440.0,
      18450.0,
      18460.0,
      18470.0,
      18480.0,
      18490.0,
      18500.0,
      18510.0,
      18520.0,
      18530.0,
      18540.0,
      18550.0,
      18560.0,
      18570.0,
      18580.0,
      18590.0,
      18600.0,
      18610.0,
      18620.0,
      18630.0,
      18640.0,
      18650.0,
      18660.0,
      18670.0,
      18680.0,
      18690.0,
      18700.0,
      18710.0,
      18720.0,
      18730.0,
      18740.0,
      18750.0,
      18760.0,
      18770.0,
      18780.0,
      18790.0,
      18800.0,
      18810.0,
      18820.0,
      18830.0,
      18840.0,
      18850.0,
      18860.0,
      18870.0,
      18880.0,
      18890.0,
      18900.0,
      18910.0,
      18920.0,
      18930.0,
      18940.0,
      18950.0,
      18960.0,
      18970.0,
      18980.0,
      18990.0,
      19000.0,
      19010.0,
      19020.0,
      19030.0,
      19040.0,
      19050.0,
      19060.0,
      19070.0,
      19080.0,
      19090.0,
      19100.0,
      19110.0,
      19120.0,
      19130.0,
      19140.0,
      19150.0,
      19160.0,
      19170.0,
      19180.0,
      19190.0,
      19200.0,
      19210.0,
      19220.0,
      19230.0,
      19240.0,
      19250.0,
      19260.0,
      19270.0,
      19280.0,
      19290.0,
      19300.0,
      19310.0,
      19320.0,
      19330.0,
      19340.0,
      19350.0,
      19360.0,
      19370.0,
      19380.0,
      19390.0,
      19400.0,
      19410.0,
      19420.0,
      19430.0,
      19440.0,
      19450.0,
      19460.0,
      19470.0,
      19480.0,
      19490.0,
      19500.0,
      19510.0,
      19520.0,
      19530.0,
      19540.0,
      19550.0,
      19560.0,
      19570.0,
      19580.0,
      19590.0,
      19600.0,
      19610.0,
      19620.0,
      19630.0,
      19640.0,
      19650.0,
      19660.0,
      19670.0,
      19680.0,
      19690.0,
      19700.0,
      19710.0,
      19720.0,
      19730.0,
      19740.0,
      19750.0,
      19760.0,
      19770.0,
      19780.0,
      19790.0,
      19800.0,
      19810.0,
      19820.0,
      19830.0,
      19840.0,
      19850.0,
      19860.0,
      19870.0,
      19880.0,
      19890.0,
      19900.0,
      19910.0,
      19920.0,
      19930.0,
      19940.0,
      19950.0,
      19960.0,
      19970.0,
      19980.0,
      19990.0,
      20000.0,
      20010.0,
      20020.0,
      20030.0,
      20040.0,
      20050.0,
      20060.0,
      20070.0,
      20080.0,
      20090.0,
      20100.0,
      20110.0,
      20120.0,
      20130.0,
      20140.0,
      20150.0,
      20160.0,
      20170.0,
      20180.0,
      20190.0,
      20200.0,
      20210.0,
      20220.0,
      20230.0,
      20240.0,
      20250.0,
      20260.0,
      20270.0,
      20280.0,
      20290.0,
      20300.0,
      20310.0,
      20320.0,
      20330.0,
      20340.0,
      20350.0,
      20360.0,
      20370.0,
      20380.0,
      20390.0,
      20400.0,
      20410.0,
      20420.0,
      20430.0,
      20440.0,
      20450.0,
      20460.0,
      20470.0,
      20480.0,
      20490.0,
      20500.0,
      20510.0,
      20520.0,
      20530.0,
      20540.0,
      20550.0,
      20560.0,
      20570.0,
      20580.0,
      20590.0,
      20600.0,
      20610.0,
      20620.0,
      20630.0,
      20640.0,
      20650.0,
      20660.0,
      20670.0,
      20680.0,
      20690.0,
      20700.0,
      20710.0,
      20720.0,
      20730.0,
      20740.0,
      20750.0,
      20760.0,
      20770.0,
      20780.0,
      20790.0,
      20800.0,
      20810.0,
      20820.0,
      20830.0,
      20840.0,
      20850.0,
      20860.0,
      20870.0,
      20880.0,
      20890.0,
      20900.0,
      20910.0,
      20920.0,
      20930.0,
      20940.0,
      20950.0,
      20960.0,
      20970.0,
      20980.0,
      20990.0,
      21000.0,
      21010.0,
      21020.0,
      21030.0,
      21040.0,
      21050.0,
      21060.0,
      21070.0,
      21080.0,
      21090.0,
      21100.0,
      21110.0,
      21120.0,
      21130.0,
      21140.0,
      21150.0,
      21160.0,
      21170.0,
      21180.0,
      21190.0,
      21190.096924,
      21200.0,
      21210.0,
      21220.0,
      21230.0,
      21240.0,
      21250.0,
      21260.0,
      21270.0,
      21280.0,
      21290.0,
      21300.0,
      21310.0,
      21320.0,
      21330.0,
      21340.0,
      21350.0,
      21360.0,
      21370.0,
      21380.0,
      21390.0,
      21400.0,
      21410.0,
      21420.0,
      21430.0,
      21440.0,
      21450.0,
      21460.0,
      21470.0,
      21480.0,
      21490.0,
      21500.0,
      21510.0,
      21520.0,
      21530.0,
      21540.0,
      21550.0,
      21560.0,
      21570.0,
      21580.0,
      21590.0,
      21600.0,
      21610.0,
      21620.0,
      21630.0,
      21640.0,
      21650.0,
      21660.0,
      21670.0,
      21680.0,
      21690.0,
      21700.0,
      21710.0,
      21720.0,
      21730.0,
      21740.0,
      21750.0,
      21760.0,
      21770.0,
      21780.0,
      21790.0,
      21800.0,
      21810.0,
      21820.0,
      21830.0,
      21840.0,
      21850.0,
      21860.0,
      21870.0,
      21880.0,
      21890.0,
      21900.0,
      21910.0,
      21920.0,
      21930.0,
      21940.0,
      21950.0,
      21960.0,
      21970.0,
      21980.0,
      21990.0,
      22000.0,
      22010.0,
      22020.0,
      22030.0,
      22040.0,
      22050.0,
      22060.0,
      22070.0,
      22080.0,
      22090.0,
      22100.0,
      22110.0,
      22120.0,
      22130.0,
      22140.0,
      22150.0,
      22160.0,
      22170.0,
      22180.0,
      22190.0,
      22200.0,
      22210.0,
      22220.0,
      22230.0,
      22240.0,
      22250.0,
      22260.0,
      22270.0,
      22280.0,
      22290.0,
      22300.0,
      22310.0,
      22320.0,
      22330.0,
      22340.0,
      22350.0,
      22360.0,
      22370.0,
      22380.0,
      22390.0,
      22400.0,
      22410.0,
      22420.0,
      22430.0,
      22440.0,
      22450.0,
      22460.0,
      22470.0,
      22480.0,
      22490.0,
      22500.0,
      22510.0,
      22520.0,
      22530.0,
      22540.0,
      22550.0,
      22560.0,
      22570.0,
      22580.0,
      22590.0,
      22600.0,
      22610.0,
      22620.0,
      22630.0,
      22640.0,
      22650.0,
      22660.0,
      22670.0,
      22680.0,
      22690.0,
      22700.0,
      22710.0,
      22720.0,
      22730.0,
      22740.0,
      22750.0,
      22760.0,
      22770.0,
      22780.0,
      22790.0,
      22800.0,
      22810.0,
      22820.0,
      22830.0,
      22840.0,
      22850.0,
      22860.0,
      22870.0,
      22880.0,
      22890.0,
      22900.0,
      22910.0,
      22920.0,
      22930.0,
      22940.0,
      22950.0,
      22960.0,
      22970.0,
      22980.0,
      22990.0,
      23000.0,
      23010.0,
      23020.0,
      23030.0,
      23040.0,
      23050.0,
      23060.0,
      23070.0,
      23080.0,
      23090.0,
      23100.0,
      23110.0,
      23120.0,
      23130.0,
      23140.0,
      23150.0,
      23160.0,
      23170.0,
      23180.0,
      23190.0,
      23200.0,
      23210.0,
      23220.0,
      23230.0,
      23240.0,
      23250.0,
      23260.0,
      23270.0,
      23280.0,
      23290.0,
      23300.0,
      23310.0,
      23320.0,
      23330.0,
      23340.0,
      23350.0,
      23360.0,
      23370.0,
      23380.0,
      23390.0,
      23400.0,
      23410.0,
      23420.0,
      23430.0,
      23440.0,
      23450.0,
      23460.0,
      23470.0,
      23480.0,
      23490.0,
      23500.0,
      23510.0,
      23520.0,
      23530.0,
      23540.0,
      23550.0,
      23560.0,
      23570.0,
      23580.0,
      23590.0,
      23600.0,
      23610.0,
      23620.0,
      23630.0,
      23640.0,
      23650.0,
      23660.0,
      23670.0,
      23680.0,
      23690.0,
      23700.0,
      23710.0,
      23720.0,
      23730.0,
      23740.0,
      23750.0,
      23760.0,
      23770.0,
      23780.0,
      23790.0,
      23800.0,
      23810.0,
      23820.0,
      23830.0,
      23840.0,
      23850.0,
      23860.0,
      23870.0,
      23880.0,
      23890.0,
      23900.0,
      23910.0,
      23920.0,
      23930.0,
      23940.0,
      23950.0,
      23960.0,
      23970.0,
      23980.0,
      23990.0,
      24000.0,
      24010.0,
      24020.0,
      24030.0,
      24040.0,
      24050.0,
      24060.0,
      24070.0,
      24080.0,
      24090.0,
      24100.0,
      24110.0,
      24120.0,
      24130.0,
      24140.0,
      24150.0,
      24160.0,
      24170.0,
      24180.0,
      24190.0,
      24200.0,
      24210.0,
      24220.0,
      24230.0,
      24240.0,
      24250.0,
      24260.0,
      24270.0,
      24280.0,
      24290.0,
      24300.0,
      24310.0,
      24320.0,
      24330.0,
      24340.0,
      24350.0,
      24360.0,
      24370.0,
      24380.0,
      24390.0,
      24400.0,
      24410.0,
      24420.0,
      24430.0,
      24440.0,
      24450.0,
      24460.0,
      24470.0,
      24480.0,
      24490.0,
      24500.0,
      24510.0,
      24520.0,
      24530.0,
      24540.0,
      24550.0,
      24560.0,
      24570.0,
      24580.0,
      24590.0,
      24600.0,
      24610.0,
      24620.0,
      24630.0,
      24640.0,
      24650.0,
      24660.0,
      24670.0,
      24680.0,
      24690.0,
      24700.0,
      24710.0,
      24720.0,
      24730.0,
      24740.0,
      24750.0,
      24760.0,
      24770.0,
      24780.0,
      24790.0,
      24800.0,
      24810.0,
      24820.0,
      24830.0,
      24840.0,
      24850.0,
      24860.0,
      24870.0,
      24880.0,
      24890.0,
      24900.0,
      24910.0,
      24920.0,
      24930.0,
      24935.241703,
      24940.0,
      24950.0,
      24952.380127,
      24960.0,
      24970.0,
      24980.0,
      24990.0,
      25000.0,
      25010.0,
      25020.0,
      25030.0,
      25040.0,
      25050.0,
      25060.0,
      25070.0,
      25080.0,
      25090.0,
      25100.0,
      25110.0,
      25120.0,
      25130.0,
      25140.0,
      25150.0,
      25160.0,
      25170.0,
      25180.0,
      25190.0,
      25200.0,
      25210.0,
      25220.0,
      25230.0,
      25240.0,
      25250.0,
      25260.0,
      25270.0,
      25280.0,
      25290.0,
      25300.0,
      25310.0,
      25320.0,
      25330.0,
      25340.0,
      25350.0,
      25360.0,
      25370.0,
      25380.0,
      25390.0,
      25400.0,
      25410.0,
      25420.0,
      25430.0,
      25440.0,
      25450.0,
      25460.0,
      25470.0,
      25480.0,
      25490.0,
      25500.0,
      25510.0,
      25520.0,
      25530.0,
      25540.0,
      25550.0,
      25560.0,
      25570.0,
      25580.0,
      25590.0,
      25600.0,
      25610.0,
      25620.0,
      25630.0,
      25640.0,
      25650.0,
      25660.0,
      25670.0,
      25680.0,
      25690.0,
      25700.0,
      25710.0,
      25720.0,
      25730.0,
      25740.0,
      25750.0,
      25760.0,
      25770.0,
      25780.0,
      25790.0,
      25800.0,
      25810.0,
      25820.0,
      25830.0,
      25840.0,
      25850.0,
      25860.0,
      25870.0,
      25880.0,
      25890.0,
      25900.0,
      25910.0,
      25920.0,
      25930.0,
      25940.0,
      25950.0,
      25960.0,
      25970.0,
      25980.0,
      25990.0,
      26000.0,
      26010.0,
      26020.0,
      26030.0,
      26040.0,
      26050.0,
      26060.0,
      26070.0,
      26080.0,
      26090.0,
      26100.0,
      26110.0,
      26120.0,
      26130.0,
      26140.0,
      26150.0,
      26160.0,
      26170.0,
      26180.0,
      26190.0,
      26200.0,
      26210.0,
      26220.0,
      26230.0,
      26240.0,
      26250.0,
      26260.0,
      26270.0,
      26280.0,
      26290.0,
      26300.0,
      26310.0,
      26320.0,
      26330.0,
      26340.0,
      26350.0,
      26360.0,
      26370.0,
      26380.0,
      26390.0,
      26400.0,
      26410.0,
      26420.0,
      26430.0,
      26440.0,
      26450.0,
      26460.0,
      26470.0,
      26480.0,
      26490.0,
      26500.0,
      26510.0,
      26520.0,
      26530.0,
      26540.0,
      26550.0,
      26560.0,
      26570.0,
      26580.0,
      26590.0,
      26600.0,
      26610.0,
      26620.0,
      26630.0,
      26640.0,
      26650.0,
      26660.0,
      26670.0,
      26680.0,
      26690.0,
      26700.0,
      26707.529256,
      26710.0,
      26720.0,
      26730.0,
      26740.0,
      26750.0,
      26760.0,
      26770.0,
      26780.0,
      26790.0,
      26800.0,
      26810.0,
      26820.0,
      26830.0,
      26840.0,
      26850.0,
      26860.0,
      26870.0,
      26880.0,
      26890.0,
      26898.833855,
      26900.0,
      26910.0,
      26920.0,
      26930.0,
      26940.0,
      26950.0,
      26960.0,
      26970.0,
      26980.0,
      26990.0,
      27000.0,
      27010.0,
      27020.0,
      27030.0,
      27040.0,
      27050.0,
      27060.0,
      27070.0,
      27080.0,
      27090.0,
      27100.0,
      27110.0,
      27120.0,
      27130.0,
      27140.0,
      27150.0,
      27160.0,
      27170.0,
      27180.0,
      27190.0,
      27200.0,
      27210.0,
      27220.0,
      27230.0,
      27240.0,
      27250.0,
      27260.0,
      27270.0,
      27280.0,
      27290.0,
      27300.0,
      27310.0,
      27320.0,
      27330.0,
      27340.0,
      27350.0,
      27360.0,
      27370.0,
      27380.0,
      27390.0,
      27400.0,
      27410.0,
      27420.0,
      27430.0,
      27440.0,
      27450.0,
      27460.0,
      27470.0,
      27480.0,
      27490.0,
      27500.0,
      27510.0,
      27520.0,
      27530.0,
      27540.0,
      27550.0,
      27560.0,
      27570.0,
      27580.0,
      27590.0,
      27600.0,
      27610.0,
      27620.0,
      27630.0,
      27640.0,
      27650.0,
      27660.0,
      27670.0,
      27680.0,
      27690.0,
      27700.0,
      27710.0,
      27720.0,
      27730.0,
      27740.0,
      27750.0,
      27760.0,
      27770.0,
      27780.0,
      27790.0,
      27800.0,
      27810.0,
      27820.0,
      27830.0,
      27840.0,
      27850.0,
      27860.0,
      27870.0,
      27880.0,
      27890.0,
      27900.0,
      27910.0,
      27920.0,
      27930.0,
      27940.0,
      27950.0,
      27960.0,
      27970.0,
      27980.0,
      27990.0,
      28000.0,
      28010.0,
      28020.0,
      28030.0,
      28040.0,
      28050.0,
      28060.0,
      28070.0,
      28080.0,
      28090.0,
      28100.0,
      28110.0,
      28120.0,
      28130.0,
      28140.0,
      28150.0,
      28160.0,
      28170.0,
      28180.0,
      28190.0,
      28200.0,
      28210.0,
      28220.0,
      28230.0,
      28240.0,
      28250.0,
      28260.0,
      28270.0,
      28280.0,
      28290.0,
      28300.0,
      28310.0,
      28320.0,
      28330.0,
      28340.0,
      28350.0,
      28360.0,
      28370.0,
      28380.0,
      28390.0,
      28400.0,
      28410.0,
      28420.0,
      28430.0,
      28440.0,
      28450.0,
      28460.0,
      28470.0,
      28480.0,
      28490.0,
      28500.0,
      28501.979711,
      28510.0,
      28520.0,
      28530.0,
      28540.0,
      28550.0,
      28560.0,
      28570.0,
      28580.0,
      28590.0,
      28600.0,
      28610.0,
      28620.0,
      28630.0,
      28640.0,
      28650.0,
      28660.0,
      28670.0,
      28680.0,
      28690.0,
      28700.0,
      28701.723421,
      28710.0,
      28720.0,
      28730.0,
      28740.0,
      28750.0,
      28760.0,
      28770.0,
      28780.0,
      28790.0,
      28800.0,
      28810.0,
      28820.0,
      28830.0,
      28840.0,
      28850.0,
      28860.0,
      28870.0,
      28880.0,
      28890.0,
      28900.0,
      28902.387489,
      28910.0,
      28911.154826,
      28920.0,
      28922.921729,
      28930.0,
      28940.0,
      28950.0,
      28960.0,
      28970.0,
      28980.0,
      28990.0,
      29000.0,
      29010.0,
      29020.0,
      29030.0,
      29040.0,
      29050.0,
      29060.0,
      29070.0,
      29080.0,
      29090.0,
      29100.0,
      29110.0,
      29120.0,
      29130.0,
      29140.0,
      29150.0,
      29160.0,
      29170.0,
      29180.0,
      29190.0,
      29200.0,
      29210.0,
      29220.0,
      29230.0,
      29240.0,
      29250.0,
      29260.0,
      29270.0,
      29280.0,
      29290.0,
      29300.0,
      29310.0,
      29320.0,
      29330.0,
      29340.0,
      29350.0,
      29360.0,
      29370.0,
      29380.0,
      29390.0,
      29400.0,
      29410.0,
      29420.0,
      29430.0,
      29440.0,
      29450.0,
      29460.0,
      29470.0,
      29480.0,
      29490.0,
      29500.0,
      29510.0,
      29520.0,
      29530.0,
      29540.0,
      29550.0,
      29560.0,
      29570.0,
      29580.0,
      29590.0,
      29600.0,
      29610.0,
      29620.0,
      29630.0,
      29640.0,
      29650.0,
      29660.0,
      29670.0,
      29680.0,
      29690.0,
      29700.0,
      29710.0,
      29720.0,
      29730.0,
      29740.0,
      29750.0,
      29760.0,
      29770.0,
      29780.0,
      29790.0,
      29800.0,
      29810.0,
      29820.0,
      29830.0,
      29840.0,
      29850.0,
      29860.0,
      29863.713963,
      29870.0,
      29880.0,
      29890.0,
      29900.0,
      29910.0,
      29920.0,
      29930.0,
      29940.0,
      29950.0,
      29960.0,
      29970.0,
      29980.0,
      29990.0,
      30000.0,
      30010.0,
      30020.0,
      30030.0,
      30040.0,
      30050.0,
      30060.0,
      30070.0,
      30080.0,
      30090.0,
      30100.0,
      30110.0,
      30120.0,
      30130.0,
      30140.0,
      30150.0,
      30160.0,
      30170.0,
      30180.0,
      30190.0,
      30200.0,
      30210.0,
      30220.0,
      30230.0,
      30240.0,
      30250.0,
      30260.0,
      30270.0,
      30280.0,
      30290.0,
      30300.0,
      30310.0,
      30320.0,
      30330.0,
      30340.0,
      30350.0,
      30360.0,
      30370.0,
      30380.0,
      30390.0,
      30400.0,
      30410.0,
      30420.0,
      30430.0,
      30440.0,
      30450.0,
      30460.0,
      30470.0,
      30480.0,
      30490.0,
      30500.0,
      30510.0,
      30520.0,
      30530.0,
      30540.0,
      30550.0,
      30560.0,
      30570.0,
      30580.0,
      30590.0,
      30600.0,
      30610.0,
      30620.0,
      30630.0,
      30640.0,
      30650.0,
      30660.0,
      30670.0,
      30680.0,
      30690.0,
      30700.0,
      30710.0,
      30720.0,
      30730.0,
      30740.0,
      30750.0,
      30760.0,
      30770.0,
      30780.0,
      30790.0,
      30800.0,
      30810.0,
      30820.0,
      30830.0,
      30840.0,
      30850.0,
      30860.0,
      30870.0,
      30880.0,
      30890.0,
      30900.0,
      30910.0,
      30920.0,
      30930.0,
      30940.0,
      30950.0,
      30960.0,
      30970.0,
      30980.0,
      30990.0,
      31000.0,
      31010.0,
      31020.0,
      31030.0,
      31040.0,
      31050.0,
      31060.0,
      31070.0,
      31080.0,
      31090.0,
      31100.0,
      31110.0,
      31120.0,
      31130.0,
      31140.0,
      31150.0,
      31160.0,
      31170.0,
      31180.0,
      31190.0,
      31200.0,
      31210.0,
      31220.0,
      31230.0,
      31240.0,
      31250.0,
      31260.0,
      31270.0,
      31280.0,
      31290.0,
      31300.0,
      31310.0,
      31320.0,
      31330.0,
      31340.0,
      31350.0,
      31360.0,
      31370.0,
      31380.0,
      31390.0,
      31400.0,
      31410.0,
      31420.0,
      31430.0,
      31440.0,
      31450.0,
      31460.0,
      31470.0,
      31480.0,
      31490.0,
      31500.0,
      31510.0,
      31520.0,
      31530.0,
      31540.0,
      31550.0,
      31560.0,
      31570.0,
      31580.0,
      31590.0,
      31600.0,
      31610.0,
      31620.0,
      31630.0,
      31640.0,
      31650.0,
      31660.0,
      31670.0,
      31680.0,
      31690.0,
      31700.0,
      31710.0,
      31720.0,
      31730.0,
      31740.0,
      31750.0,
      31760.0,
      31770.0,
      31780.0,
      31790.0,
      31800.0,
      31810.0,
      31820.0,
      31830.0,
      31840.0,
      31850.0,
      31860.0,
      31870.0,
      31880.0,
      31890.0,
      31900.0,
      31910.0,
      31920.0,
      31930.0,
      31940.0,
      31950.0,
      31960.0,
      31970.0,
      31980.0,
      31990.0,
      32000.0,
      32010.0,
      32020.0,
      32030.0,
      32040.0,
      32050.0,
      32060.0,
      32070.0,
      32080.0,
      32090.0,
      32100.0,
      32110.0,
      32120.0,
      32130.0,
      32140.0,
      32150.0,
      32160.0,
      32170.0,
      32180.0,
      32190.0,
      32200.0,
      32210.0,
      32220.0,
      32230.0,
      32240.0,
      32250.0,
      32260.0,
      32270.0,
      32280.0,
      32290.0,
      32300.0,
      32310.0,
      32320.0,
      32330.0,
      32340.0,
      32350.0,
      32360.0,
      32370.0,
      32380.0,
      32390.0,
      32400.0,
      32410.0,
      32420.0,
      32430.0,
      32440.0,
      32450.0,
      32460.0,
      32470.0,
      32480.0,
      32490.0,
      32500.0,
      32510.0,
      32520.0,
      32530.0,
      32540.0,
      32550.0,
      32560.0,
      32570.0,
      32580.0,
      32590.0,
      32600.0
    ],
    "way_id": [
      99210829,
      99210829,
      99210829,
      99210829,
      99210829,
      99210829,
      99210829,
      99210829,
      99210829,
      99210829,
      99210829,
      99210829,
      99210829,
      99210829,
      99210829,
      99210829,
      99210829,
      99210829,
      99210829,
      99210829,
      99210829,
      99210829,
      99210829,
      99210829,
      99210829,
      99210829,
      99210829,
      99210829,
      99210829,
      99210829,
      99210829,
      99210829,
      99210829,
      99210829,
      99210829,
      99210829,
      99210829,
      99210829,
      99210829,
      99210829,
      99210829,
      99210829,
      99210829,
      99210829,
      99210829,
      99210829,
      99210829,
      99210829,
      99210829,
      99210829,
      99210829,
      99210829,
      99210829,
      99210829,
      99210829,
      99210829,
      99210829,
      99210829,
      99210829,
      99210829,
      99210829,
      99210829,
      99210829,
      99210829,
      99210829,
      99210829,
      99210829,
      99210829,
      99210829,
      99210829,
      99210829,
      99210829,
      99210829,
      99210829,
      99210829,
      99210829,
      99210829,
      99210829,
      99210829,
      99210829,
      99210829,
      99210829,
      99210829,
      99210829,
      99210829,
      99210829,
      99210829,
      99210829,
      99210829,
      99210829,
      99210829,
      99210829,
      99210829,
      99210829,
      99210829,
      99210829,
      99210829,
      99210829,
      99210829,
      99210829,
      99210829,
      99210829,
      99210829,
      99210829,
      99210829,
      99210829,
      99210829,
      99210829,
      99210829,
      99210829,
      99210829,
      99210829,
      99210829,
      99210829,
      99210829,
      99210829,
      99210829,
      99210829,
      99210829,
      99210829,
      99210829,
      99210829,
      99210829,
      99210829,
      99210829,
      99210829,
      99210829,
      99210829,
      99210829,
      99210829,
      99210829,
      99210829,
      99210829,
      99210829,
      99210829,
      99210829,
      99210829,
      99210829,
      99210829,
      99210829,
      99210829,
      99210829,
      99210829,
      99210829,
      99210829,
      99210829,
      99210829,
      99210829,
      99210829,
      99210829,
      99210829,
      99210829,
      99210829,
      99210829,
      99210829,
      99210829,
      99210829,
      99210829,
      99210829,
      99210829,
      99210829,
      99210829,
      99210829,
      99210829,
      99210829,
      99210829,
      99210829,
      99210829,
      99210829,
      99210829,
      99210829,
      99210829,
      99210829,
      99210829,
      99210829,
      99210829,
      99210829,
      99210829,
      99210829,
      99210829,
      99210829,
      99210829,
      99210829,
      99210829,
      99210829,
      99210829,
      99210829,
      99210829,
      99210829,
      99210829,
      99210829,
      99210829,
      99210829,
      99210829,
      99210829,
      99210829,
      99210829,
      99210829,
      99210829,
      99210829,
      99210829,
      99210829,
      99210829,
      99210829,
      99210829,
      99210829,
      99210829,
      99210829,
      99210829,
      99210829,
      99210829,
      99210829,
      99210829,
      99210829,
      99210829,
      99210829,
      99210829,
      99210829,
      99210829,
      99210829,
      99210829,
      99210829,
      99210829,
      99210829,
      99210829,
      99210829,
      99210829,
      99210829,
      99210829,
      99210829,
      99210829,
      99210829,
      99210829,
      99210829,
      99210829,
      99210829,
      99210829,
      99210829,
      99210829,
      99210829,
      99210829,
      99210829,
      99210829,
      99210829,
      99210829,
      99210829,
      99210829,
      99210829,
      99210829,
      99210829,
      99210829,
      99210829,
      99210829,
      99210829,
      99210829,
      99210829,
      99210829,
      99210829,
      99210829,
      99210829,
      99210829,
      99210829,
      99210829,
      99210829,
      99210829,
      99210829,
      99210829,
      99210829,
      99210829,
      99210829,
      99210829,
      99210829,
      99210829,
      99210829,
      99210829,
      99210829,
      99210829,
      99210829,
      99210829,
      99210829,
      99210829,
      99210829,
      99210829,
      99210829,
      99210829,
      99210829,
      99210829,
      99210829,
      99210829,
      99210829,
      99210829,
      99210829,
      99210829,
      99210829,
      99210829,
      99210829,
      99210829,
      99210829,
      99210829,
      99210829,
      99210829,
      99210829,
      99210829,
      99210829,
      99210829,
      99210829,
      99210829,
      99210829,
      99210829,
      99210829,
      99210829,
      99210829,
      99210829,
      99210829,
      99210829,
      99210829,
      99210829,
      99210829,
      99210829,
      99210829,
      99210829,
      99210829,
      99210829,
      99210829,
      99210829,
      99210829,
      99210829,
      99210829,
      99210829,
      99210829,
      99210829,
      99210829,
      99210829,
      99210829,
      99210829,
      99210829,
      99210829,
      99210829,
      99210829,
      99210829,
      99210829,
      99210829,
      99210829,
      99210829,
      99210829,
      99210829,
      99210829,
      99210829,
      99210829,
      99210829,
      99210829,
      99210829,
      99210829,
      99210829,
      99210829,
      99210829,
      99210829,
      99210829,
      99210829,
      99210829,
      99210829,
      99210829,
      99210829,
      99210829,
      99210829,
      99210829,
      99210829,
      99210829,
      99210829,
      99210829,
      99210829,
      99210829,
      99210829,
      99210829,
      99210829,
      99210829,
      99210829,
      99210829,
      99210829,
      99210829,
      99210829,
      99210829,
      99210829,
      99210829,
      99210829,
      99210829,
      99210829,
      99210829,
      99210829,
      99210829,
      99210829,
      99210829,
      99210829,
      99210829,
      99210829,
      99210829,
      99210829,
      99210829,
      99210829,
      99210829,
      99210829,
      99210829,
      99210829,
      99210829,
      99210829,
      99210829,
      99210829,
      99210829,
      99210829,
      99210829,
      99210829,
      99210829,
      99210829,
      99210829,
      99210829,
      99210829,
      99210829,
      99210829,
      99210829,
      99210829,
      99210829,
      99210829,
      99210829,
      99210829,
      99210829,
      99210829,
      99210829,
      99210829,
      99210829,
      99210829,
      99210829,
      99210829,
      99210829,
      99210829,
      99210829,
      99210829,
      99210829,
      99210829,
      99210829,
      99210829,
      99210829,
      99210829,
      99210829,
      99210829,
      99210829,
      99210829,
      99210829,
      99210829,
      99210829,
      99210829,
      99210829,
      99210829,
      99210829,
      99210829,
      99210829,
      99210829,
      99210829,
      99210829,
      99210829,
      99210829,
      99210829,
      99210829,
      99210829,
      99210829,
      99210829,
      99210829,
      99210829,
      99210829,
      99210829,
      99210829,
      99210829,
      99210829,
      99210829,
      99210829,
      99210829,
      99210829,
      99210829,
      99210829,
      99210829,
      99210829,
      99210829,
      99210829,
      99210829,
      99210829,
      99210829,
      99210829,
      99210829,
      99210829,
      99210829,
      99210829,
      99210829,
      99210829,
      99210829,
      99210829,
      99210829,
      99210829,
      99210829,
      99210829,
      99210829,
      99210829,
      99210829,
      99210829,
      99210829,
      99210829,
      99210829,
      99210829,
      99210829,
      99210829,
      99210829,
      99210829,
      99210829,
      99210829,
      99210829,
      99210829,
      99210829,
      99210829,
      99210829,
      99210829,
      99210829,
      99210829,
      99210829,
      99210829,
      99210829,
      99210829,
      99210829,
      99210829,
      99210829,
      99210829,
      99210829,
      99210829,
      99210829,
      99210829,
      99210829,
      99210829,
      99210829,
      99210829,
      99210829,
      99210829,
      99210829,
      99210829,
      99210829,
      99210829,
      99210829,
      99210829,
      99210829,
      99210829,
      99210829,
      99210829,
      99210829,
      99210829,
      99210829,
      99210829,
      99210829,
      99210829,
      99210829,
      99210829,
      99210829,
      99210829,
      99210829,
      99210829,
      99210829,
      99210829,
      99210829,
      99210829,
      99210829,
      99210829,
      99210829,
      99210829,
      99210829,
      99210829,
      99210829,
      99210829,
      99210829,
      99210829,
      99210829,
      99210829,
      99210829,
      99210829,
      99210829,
      99210829,
      99210829,
      99210829,
      99210829,
      99210829,
      99210829,
      99210829,
      99210829,
      99210829,
      99210829,
      99210829,
      99210829,
      99210829,
      99210829,
      99210829,
      99210829,
      99210829,
      99210829,
      99210829,
      99210829,
      99210829,
      99210829,
      99210829,
      99210829,
      99210829,
      99210829,
      99210829,
      99210829,
      99210829,
      99210829,
      99210829,
      99210829,
      99210829,
      99210829,
      99210829,
      99210829,
      99210829,
      99210829,
      99210829,
      99210829,
      52341508,
      52341508,
      52341508,
      52341508,
      52341508,
      52341508,
      52341508,
      52341508,
      52341508,
      52341508,
      52341508,
      52341508,
      52341508,
      52341508,
      52341508,
      52341523,
      52341523,
      52341523,
      52341523,
      52341523,
      52341523,
      52341523,
      52341523,
      52341523,
      52341523,
      52341523,
      52341523,
      52341523,
      52341523,
      52341523,
      52341523,
      52341523,
      52341523,
      52341523,
      52341523,
      52341523,
      52341523,
      52341523,
      52341523,
      52341523,
      52341523,
      52341523,
      52341523,
      52341523,
      52341523,
      52341523,
      52341523,
      52341523,
      52341523,
      52341523,
      52341523,
      52341523,
      52341523,
      52341523,
      52341523,
      52341523,
      52341523,
      52341523,
      52341523,
      52341523,
      52341523,
      52341523,
      52341523,
      52341523,
      52341523,
      52341523,
      52341523,
      52341523,
      52341523,
      52341523,
      52341523,
      52341523,
      52341523,
      52341523,
      52341523,
      52341523,
      52341523,
      52341523,
      52341523,
      52341523,
      52341523,
      52341523,
      52341523,
      52341523,
      52341523,
      52341523,
      52341523,
      52341523,
      52341523,
      52341523,
      52341523,
      52341523,
      52341523,
      52341523,
      52341523,
      52341523,
      52341523,
      52341523,
      52341523,
      52341523,
      52341523,
      52341523,
      52341523,
      52341523,
      52341523,
      52341523,
      52341523,
      52341523,
      52341523,
      52341523,
      52341523,
      52341523,
      52341523,
      52341523,
      52341523,
      52341523,
      52341523,
      52341523,
      52341523,
      52341523,
      52341523,
      52341523,
      52341523,
      52341523,
      52341523,
      52341523,
      52341523,
      52341523,
      52341523,
      52341523,
      52341523,
      52341523,
      52341523,
      52341523,
      52341523,
      52341523,
      52341523,
      52341523,
      52341523,
      52341523,
      52341523,
      52341523,
      52341523,
      52341523,
      52341523,
      52341523,
      52341523,
      52341523,
      52341523,
      52341523,
      52341523,
      52341523,
      52341523,
      52341523,
      52341523,
      52341523,
      52341523,
      52341523,
      52341523,
      52341523,
      52341523,
      52341523,
      52341523,
      52341523,
      52341523,
      52341523,
      52341523,
      52341523,
      52341523,
      52341523,
      52341523,
      52341523,
      52341523,
      52341523,
      52341523,
      52341523,
      52341523,
      52341523,
      52341523,
      52341523,
      52341523,
      52341523,
      52341523,
      52341523,
      52341523,
      52341523,
      52341523,
      52341523,
      52341523,
      52341523,
      52341523,
      52341523,
      52341523,
      52341523,
      52341523,
      52341523,
      52341523,
      52341523,
      52341523,
      52341523,
      52341523,
      52341523,
      52341523,
      52341523,
      52341523,
      52341523,
      52341523,
      52341523,
      52341523,
      52341523,
      52341523,
      52341523,
      52341523,
      52341523,
      52341523,
      52341523,
      52341523,
      52341523,
      52341523,
      52341523,
      52341523,
      52341523,
      52341523,
      52341523,
      52341523,
      52341523,
      52341523,
      52341523,
      52341523,
      52341523,
      52341523,
      52341523,
      52341523,
      52341523,
      52341523,
      52341523,
      52341523,
      52341523,
      52341523,
      52341523,
      52341523,
      52341523,
      52341523,
      52341523,
      52341523,
      52341523,
      52341523,
      52341523,
      52341523,
      52341523,
      52341523,
      52341523,
      52341523,
      52341523,
      52341523,
      52341523,
      52341523,
      52341523,
      52341523,
      52341523,
      52341523,
      52341523,
      52341523,
      52341523,
      52341523,
      52341523,
      52341523,
      52341523,
      52341523,
      52341523,
      52341523,
      52341523,
      52341523,
      52341523,
      52341523,
      52341523,
      52341523,
      52341523,
      52341523,
      52341523,
      52341523,
      52341523,
      52341523,
      52341523,
      52341523,
      52341523,
      52341523,
      52341523,
      52341523,
      52341523,
      52341523,
      52341523,
      52341523,
      52341523,
      52341523,
      52341523,
      52341523,
      52341523,
      52341523,
      52341523,
      52341523,
      52341523,
      52341523,
      52341523,
      52341523,
      52341523,
      52341523,
      52341523,
      52341523,
      52341523,
      52341523,
      52341523,
      52341523,
      52341523,
      52341523,
      52341523,
      52341523,
      52341523,
      52341523,
      52341523,
      52341523,
      52341523,
      52341523,
      52341523,
      52341523,
      52341523,
      52341523,
      52341523,
      52341523,
      52341523,
      52341523,
      52341523,
      52341523,
      52341523,
      52341523,
      52341523,
      52341523,
      52341523,
      52341523,
      52341523,
      52341523,
      52341523,
      52341523,
      52341523,
      52341523,
      52341523,
      52341523,
      52341523,
      52341523,
      52341523,
      52341523,
      52341523,
      52341523,
      52341523,
      52341523,
      52341523,
      52341523,
      52341523,
      52341523,
      52341523,
      52341523,
      52341523,
      52341523,
      52341523,
      52341523,
      52341523,
      52341523,
      52341523,
      52341523,
      52341523,
      52341523,
      52341523,
      52341523,
      52341523,
      52341523,
      52341523,
      52341523,
      52341523,
      52341523,
      52341523,
      52341523,
      52341523,
      52341523,
      52341523,
      52341523,
      52341523,
      52341523,
      52341523,
      52341523,
      52341523,
      52341523,
      52341523,
      52341523,
      52341523,
      52341523,
      52341523,
      52341523,
      52341523,
      52341523,
      52341523,
      52341523,
      52341523,
      52341523,
      52341523,
      52341523,
      52341523,
      52341523,
      52341523,
      52341523,
      52341523,
      52341523,
      52341523,
      52341523,
      52341523,
      52341523,
      52341523,
      52341523,
      52341523,
      52341523,
      52341523,
      52341523,
      52341523,
      52341523,
      52341523,
      52341523,
      52341523,
      52341523,
      52341523,
      52341523,
      52341523,
      52341523,
      52341523,
      52341523,
      52341523,
      52341523,
      52341523,
      52341523,
      52341523,
      52341523,
      52341523,
      52341523,
      52341523,
      52341523,
      52341523,
      52341523,
      52341523,
      52341523,
      52341523,
      52341523,
      52341523,
      52341523,
      52341523,
      52341523,
      52341523,
      52341523,
      52341523,
      52341523,
      52341523,
      52341523,
      52341523,
      52341523,
      52341523,
      52341523,
      52341523,
      52341523,
      52341523,
      52341523,
      52341523,
      52341523,
      52341523,
      52341523,
      52341523,
      52341523,
      52341523,
      52341523,
      52341523,
      52341523,
      52341523,
      52341523,
      52341523,
      52341523,
      52341523,
      52341523,
      52341523,
      52341523,
      52341523,
      52341523,
      52341523,
      52341523,
      52341523,
      52341523,
      52341523,
      52341523,
      52341523,
      52341523,
      52341523,
      52341523,
      52341523,
      52341523,
      52341523,
      52341523,
      52341523,
      52341523,
      52341523,
      52341523,
      52341523,
      52341523,
      52341523,
      52341523,
      52341523,
      52341523,
      52341523,
      52341523,
      52341523,
      52341523,
      52341523,
      52341523,
      52341523,
      52341523,
      52341523,
      52341523,
      52341523,
      52341523,
      52341523,
      52341523,
      52341523,
      52341523,
      507667352,
      507667352,
      507667352,
      507667352,
      507667352,
      507667352,
      507667352,
      507667352,
      507667352,
      507667352,
      507667358,
      507667358,
      507667358,
      507667358,
      507667358,
      507667358,
      507667358,
      507667358,
      507667358,
      507667358,
      507667358,
      507667358,
      507667358,
      507667358,
      507667358,
      507667358,
      507667358,
      507667358,
      507667358,
      507667358,
      507667358,
      507667358,
      507667358,
      507667358,
      507667358,
      507667358,
      507667358,
      507667358,
      507667358,
      507667358,
      507667358,
      507667358,
      507667358,
      507667358,
      507667358,
      507667358,
      507667358,
      507667358,
      507667358,
      507667358,
      507667358,
      507667358,
      507667358,
      507667358,
      507667358,
      507667358,
      507667358,
      507667358,
      507667358,
      507667358,
      507667358,
      507667358,
      507667358,
      507667358,
      507667358,
      507667358,
      507667358,
      507667358,
      507667358,
      507667358,
      507667358,
      507667358,
      507667358,
      507667358,
      507667358,
      507667358,
      507667358,
      507667358,
      507667358,
      507667358,
      507667358,
      507667358,
      507667358,
      507667358,
      507667358,
      507667358,
      507667358,
      507667358,
      507667358,
      507667358,
      507667358,
      507667358,
      507667358,
      507667358,
      46721080,
      46721080,
      46721080,
      46721080,
      46721080,
      46721080,
      46721080,
      46721080,
      46721080,
      46721080,
      46721080,
      46721080,
      46721080,
      46721080,
      46721080,
      46721080,
      46721080,
      46721080,
      46721080,
      46721080,
      46721080,
      46721080,
      46721080,
      46721080,
      46721080,
      46721080,
      46721080,
      46721080,
      46721080,
      46721080,
      46721080,
      46721080,
      46721080,
      46721080,
      46721080,
      46721080,
      46721080,
      46721080,
      46721080,
      46721080,
      46721080,
      46721080,
      46721080,
      46721080,
      46721080,
      46721080,
      46721080,
      46721080,
      46721080,
      46721080,
      46721080,
      46721080,
      46721080,
      46721080,
      46721080,
      46721080,
      46721080,
      46721080,
      46721080,
      46721080,
      46721080,
      46721080,
      46721080,
      46721080,
      46721080,
      46721080,
      46721080,
      46721080,
      46721080,
      46721080,
      46721080,
      46721080,
      46721080,
      46721080,
      46721080,
      46721080,
      46721080,
      46721080,
      46721080,
      46721080,
      46721080,
      46721080,
      46721080,
      46721080,
      46721080,
      46721080,
      46721080,
      46721080,
      46721080,
      46721080,
      46721080,
      46721080,
      46721080,
      46721080,
      46721080,
      46721080,
      46721080,
      46721080,
      46721080,
      46721080,
      46721080,
      46721080,
      46721080,
      46721080,
      46721080,
      46721080,
      46721080,
      46721080,
      46721080,
      46721080,
      46721080,
      46721080,
      46721080,
      46721080,
      46721080,
      46721080,
      46721080,
      46721080,
      46721080,
      46721080,
      46721080,
      46721080,
      46721080,
      46721080,
      46721080,
      46721080,
      46721080,
      46721080,
      46721080,
      46721080,
      46721080,
      46721080,
      46721080,
      46721080,
      46721080,
      46721080,
      46721080,
      46721080,
      46721080,
      46721080,
      46721080,
      46721080,
      46721080,
      46721080,
      46721080,
      46721080,
      46721080,
      46721080,
      46721080,
      46721080,
      46721080,
      46721080,
      46721080,
      46721080,
      46721080,
      46721080,
      46721080,
      46721080,
      46721080,
      46721080,
      46721080,
      46721080,
      46721080,
      46721080,
      46721080,
      46721080,
      46721080,
      46721080,
      46721080,
      46721080,
      46721080,
      46721080,
      46721080,
      46721080,
      46721080,
      46721080,
      46721080,
      46721080,
      46721080,
      46721080,
      46721080,
      46721080,
      46721080,
      46721080,
      46721080,
      46721080,
      46721080,
      46721080,
      46721080,
      46721080,
      46721080,
      46721080,
      46721080,
      46721080,
      46721080,
      46721080,
      46721080,
      46721080,
      46721080,
      46721080,
      46721080,
      46721080,
      46721080,
      46721080,
      46721080,
      46721080,
      46721080,
      46721080,
      46721080,
      46721080,
      46721080,
      46721080,
      46721080,
      46721080,
      46721080,
      46721080,
      46721080,
      46721080,
      46721080,
      46721080,
      46721080,
      46721080,
      46721080,
      46721080,
      46721080,
      46721080,
      46721080,
      46721080,
      46721080,
      46721080,
      46721080,
      46721080,
      46721080,
      46721080,
      46721080,
      46721080,
      46721080,
      46721080,
      46721080,
      46721080,
      46721080,
      46721080,
      46721080,
      46721080,
      46721080,
      46721080,
      46721080,
      46721080,
      46721080,
      46721080,
      46721080,
      46721080,
      46721080,
      46721080,
      46721080,
      46721080,
      46721080,
      46721080,
      46721080,
      46721080,
      46721080,
      46721080,
      46721080,
      46721080,
      46721080,
      46721080,
      46721080,
      46721080,
      46721080,
      46721080,
      46721080,
      46721080,
      46721080,
      46721080,
      46721080,
      46721080,
      46721080,
      46721080,
      46721080,
      46721080,
      46721080,
      46721080,
      46721080,
      46721080,
      46721080,
      46721080,
      46721080,
      46721080,
      46721080,
      46721080,
      46721080,
      46721080,
      46721080,
      46721080,
      46721080,
      46721080,
      46721080,
      46721080,
      46721080,
      46721080,
      46721080,
      46721080,
      46721080,
      46721080,
      46721080,
      46721080,
      46721080,
      46721080,
      46721080,
      46721080,
      46721080,
      46721080,
      46721080,
      46721080,
      46721080,
      46721080,
      46721080,
      46721080,
      46721080,
      46721080,
      46721080,
      46721080,
      46721080,
      46721080,
      46721080,
      46721080,
      46721080,
      46721080,
      46721080,
      46721080,
      46721080,
      46721080,
      46721080,
      46721080,
      46721080,
      46721080,
      46721080,
      46721080,
      46721080,
      46721080,
      46721080,
      46721080,
      46721080,
      46721080,
      46721080,
      46721080,
      46721080,
      46721080,
      46721080,
      46721080,
      46721080,
      46721080,
      46721080,
      46721080,
      46721080,
      46721080,
      46721080,
      46721080,
      46721080,
      46721080,
      46721080,
      46721080,
      46721080,
      46721080,
      46721080,
      46721080,
      46721080,
      46721080,
      46721080,
      46721080,
      46721080,
      46721080,
      46721080,
      46721080,
      46721080,
      46721080,
      46721080,
      46721080,
      46721080,
      46721080,
      46721080,
      46721080,
      46721080,
      46721080,
      46721080,
      46721080,
      46721080,
      46721080,
      46721080,
      46721080,
      46721080,
      46721080,
      46721080,
      46721080,
      46721080,
      46721080,
      46721080,
      46721080,
      46721080,
      46721080,
      46721080,
      46721080,
      46721080,
      46721080,
      46721080,
      46721080,
      46721080,
      46721080,
      46721080,
      46721080,
      46721080,
      46721080,
      46721080,
      46721080,
      46721080,
      46721080,
      46721080,
      46721080,
      46721080,
      46721080,
      46721080,
      46721080,
      46721080,
      46721080,
      46721080,
      46721080,
      46721080,
      46721080,
      46721080,
      46721080,
      46721080,
      46721080,
      46721080,
      46721080,
      46721080,
      46721080,
      46721080,
      46721080,
      46721080,
      46721080,
      46721080,
      46721080,
      46721080,
      46721080,
      46721080,
      46721080,
      46721080,
      46721080,
      46721080,
      46721080,
      46721080,
      46721080,
      46721080,
      46721080,
      46721080,
      46721080,
      46721080,
      46721080,
      46721080,
      46721080,
      46721080,
      46721080,
      46721080,
      46721080,
      46721080,
      46721080,
      46721080,
      46721080,
      46721080,
      46721080,
      46721080,
      46721080,
      46721080,
      46721080,
      46721080,
      46721080,
      46721080,
      46721080,
      46721080,
      46721080,
      46721080,
      46721080,
      46721080,
      46721080,
      46721080,
      46721080,
      46721080,
      46721080,
      46721080,
      46721080,
      46721080,
      46721080,
      46721080,
      46721080,
      46721080,
      46721080,
      46721080,
      46721080,
      46721080,
      46721080,
      46721080,
      46721080,
      46721080,
      46721080,
      46721080,
      46721080,
      46721080,
      46721080,
      46721080,
      46721080,
      46721080,
      46721080,
      46721080,
      46721080,
      46721080,
      46721080,
      46721080,
      46721080,
      46721080,
      46721080,
      46721080,
      46721080,
      46721080,
      46721080,
      46721080,
      46721080,
      46721080,
      46721080,
      46721080,
      46721080,
      46721080,
      46721080,
      46721080,
      46721080,
      46721080,
      46721080,
      46721080,
      46721080,
      46721080,
      46721080,
      46721080,
      46721080,
      46721080,
      46721080,
      46721080,
      46721080,
      46721080,
      46721080,
      46721080,
      46721080,
      46721080,
      46721080,
      46721080,
      46721080,
      46721080,
      46721080,
      46721080,
      46721080,
      46721080,
      46721080,
      46721080,
      46721080,
      46721080,
      46721080,
      46721080,
      46721080,
      46721080,
      46721080,
      46721080,
      46721080,
      46721080,
      46721080,
      46721080,
      46721080,
      46721080,
      46721080,
      46721080,
      46721080,
      46721080,
      46721080,
      46721080,
      46721080,
      46721080,
      46721080,
      46721080,
      46721080,
      46721080,
      46721080,
      46721080,
      46721080,
      46721080,
      46721080,
      46721080,
      46721080,
      46721080,
      46721080,
      46721080,
      46721080,
      46721080,
      46721080,
      46721080,
      46721080,
      46721080,
      46721080,
      46721080,
      46721080,
      46721080,
      46721080,
      46721080,
      46721080,
      46721080,
      46721080,
      46721080,
      46721080,
      46721080,
      46721080,
      46721080,
      46721080,
      46721080,
      46721080,
      46721080,
      46721080,
      46721080,
      46721080,
      46721080,
      46721080,
      46721080,
      46721080,
      46721080,
      46721080,
      46721080,
      46721080,
      46721080,
      46721080,
      46721080,
      46721080,
      46721080,
      46721080,
      46721080,
      46721080,
      46721080,
      46721080,
      46721080,
      46721080,
      46721080,
      46721080,
      46721080,
      46721080,
      46721080,
      46721080,
      46721080,
      46721080,
      46721080,
      46721080,
      46721080,
      46721080,
      46721080,
      46721080,
      46721080,
      46721080,
      46721080,
      46721080,
      46721080,
      46721080,
      46721080,
      46721080,
      46721080,
      46721080,
      46721080,
      46721080,
      46721080,
      46721080,
      46721080,
      46721080,
      46721080,
      46721080,
      46721080,
      46721080,
      46721080,
      46721080,
      46721080,
      46721080,
      46721080,
      46721080,
      46721080,
      46721080,
      46721080,
      46721080,
      46721080,
      46721080,
      46721080,
      46721080,
      46721080,
      46721080,
      46721080,
      46721080,
      46721080,
      46721080,
      46721080,
      46721080,
      46721080,
      46721080,
      46721080,
      46721080,
      46721080,
      46721080,
      46721080,
      46721080,
      46721080,
      46721080,
      46721080,
      46721080,
      46721080,
      46721080,
      46721080,
      46721080,
      46721080,
      46721080,
      46721080,
      46721080,
      46721080,
      46721080,
      46721080,
      46721080,
      46721080,
      46721080,
      46721080,
      46721080,
      46721080,
      46721080,
      46721080,
      46721080,
      46721080,
      46721080,
      46721080,
      46721080,
      46721080,
      46721080,
      46721080,
      46721080,
      46721080,
      46721080,
      46721080,
      46721080,
      46721080,
      46721080,
      46721080,
      46721080,
      46721080,
      46721080,
      46721080,
      46721080,
      46721080,
      46721080,
      46721080,
      46721080,
      46721080,
      46721080,
      46721080,
      46721080,
      46721080,
      46721080,
      46721080,
      46721080,
      46721080,
      46721080,
      46721080,
      46721080,
      46721080,
      46721080,
      46721080,
      46721080,
      46721080,
      46721080,
      46721080,
      46721080,
      46721080,
      46721080,
      46721080,
      46721080,
      46721080,
      46721080,
      46721080,
      46721080,
      46721080,
      46721080,
      46721080,
      46721080,
      46721080,
      46721080,
      46721080,
      46721080,
      46721080,
      46721080,
      46721080,
      46721080,
      46721080,
      46721080,
      46721080,
      46721080,
      46721080,
      46721080,
      46721080,
      46721080,
      46721080,
      46721080,
      46721080,
      46721080,
      46721080,
      46721080,
      46721080,
      46721080,
      46721080,
      46721080,
      46721080,
      46721080,
      46721080,
      46721080,
      46721080,
      46721080,
      46721080,
      46721080,
      46721080,
      46721080,
      46721080,
      46721080,
      46721080,
      46721080,
      46721080,
      46721080,
      46721080,
      46721080,
      46721080,
      46721080,
      46721080,
      46721080,
      46721080,
      46721080,
      46721080,
      46721080,
      46721080,
      46721080,
      46721080,
      46721080,
      46721080,
      46721080,
      46721080,
      46721080,
      46721080,
      46721080,
      46721080,
      46721080,
      46721080,
      46721080,
      46721080,
      46721080,
      46721080,
      46721080,
      46721080,
      46721080,
      46721080,
      46721080,
      46721080,
      46721080,
      46721080,
      46721080,
      46721080,
      46721080,
      46721080,
      46721080,
      46721080,
      46721080,
      46721080,
      46721080,
      46721080,
      46721080,
      46721080,
      46721080,
      46721080,
      46721080,
      46721080,
      46721080,
      46721080,
      46721080,
      46721080,
      319338256,
      319338256,
      319338256,
      319338256,
      319338256,
      319338256,
      319338256,
      319338256,
      319338256,
      319338256,
      319338256,
      319338256,
      319338256,
      319338256,
      319338256,
      319338256,
      319338256,
      319338256,
      319338256,
      319338256,
      319338256,
      319338256,
      319338256,
      319338256,
      319338256,
      319338256,
      319338256,
      319338256,
      319338256,
      319338256,
      319338256,
      319338256,
      319338256,
      319338256,
      319338256,
      319338256,
      319338256,
      319338256,
      319338256,
      319338256,
      319338256,
      319338256,
      319338256,
      319338256,
      319338256,
      319338256,
      319338256,
      319338256,
      319338256,
      319338256,
      319338256,
      319338256,
      319338256,
      319338256,
      319338256,
      319338256,
      319338256,
      319338256,
      319338256,
      319338256,
      319338256,
      319338256,
      319338256,
      319338256,
      319338256,
      319338256,
      319338256,
      319338256,
      319338256,
      319338256,
      319338256,
      319338256,
      319338256,
      319338256,
      319338256,
      319338256,
      319338256,
      319338256,
      319338256,
      319338256,
      319338256,
      319338256,
      319338256,
      319338256,
      319338256,
      319338256,
      319338256,
      319338256,
      319338256,
      319338256,
      319338256,
      319338256,
      319338256,
      319338256,
      319338256,
      319338256,
      319338256,
      319338256,
      319338256,
      319338256,
      319338256,
      319338256,
      319338256,
      319338256,
      319338256,
      319338256,
      319338256,
      319338256,
      319338256,
      319338256,
      319338256,
      319338256,
      319338256,
      319338256,
      319338256,
      319338256,
      319338256,
      319338256,
      319338256,
      319338256,
      319338256,
      319338256,
      319338256,
      319338256,
      319338256,
      319338256,
      319338256,
      319338256,
      319338256,
      319338256,
      319338256,
      319338256,
      319338256,
      319338256,
      319338256,
      319338256,
      319338256,
      319338256,
      319338256,
      319338256,
      319338256,
      319338256,
      319338256,
      319338256,
      319338256,
      319338256,
      319338256,
      319338256,
      319338256,
      319338256,
      319338256,
      319338256,
      319338256,
      319338256,
      319338256,
      319338256,
      319338256,
      319338256,
      319338256,
      319338256,
      319338256,
      319338256,
      319338256,
      319338256,
      319338256,
      319338256,
      319338256,
      319338256,
      319338256,
      319338256,
      319338256,
      319338256,
      319338256,
      319338256,
      319338256,
      319338256,
      319338256,
      319338256,
      319338256,
      319338256,
      319338256,
      319338256,
      319338256,
      319338256,
      319338256,
      319338256,
      319338256,
      319338256,
      319338256,
      319338256,
      319338256,
      319338256,
      319338256,
      319338256,
      319338256,
      319338256,
      319338256,
      319338256,
      319338256,
      319338256,
      319338256,
      319338256,
      319338256,
      319338256,
      319338256,
      319338256,
      319338256,
      319338256,
      319338256,
      319338256,
      319338256,
      319338256,
      319338256,
      319338256,
      319338256,
      319338256,
      319338256,
      319338256,
      319338256,
      319338256,
      319338256,
      319338256,
      319338256,
      319338256,
      319338256,
      319338256,
      319338256,
      319338256,
      319338256,
      319338256,
      319338256,
      319338256,
      319338256,
      319338256,
      319338256,
      319338256,
      319338256,
      319338256,
      319338256,
      319338256,
      319338256,
      319338256,
      319338256,
      319338256,
      319338256,
      319338256,
      319338256,
      319338256,
      319338256,
      319338256,
      319338256,
      319338256,
      319338256,
      319338256,
      319338256,
      319338256,
      319338256,
      319338256,
      319338256,
      319338256,
      319338256,
      319338256,
      319338256,
      319338256,
      319338256,
      319338256,
      319338256,
      319338256,
      319338256,
      319338256,
      319338256,
      319338256,
      319338256,
      319338256,
      319338256,
      319338256,
      319338256,
      319338256,
      319338256,
      319338256,
      319338256,
      319338256,
      319338256,
      319338256,
      319338256,
      319338256,
      319338256,
      319338256,
      319338256,
      319338256,
      319338256,
      319338256,
      319338256,
      319338256,
      319338256,
      319338256,
      319338256,
      319338256,
      319338256,
      319338256,
      319338256,
      319338256,
      319338256,
      319338256,
      319338256,
      319338256,
      319338256,
      319338256,
      319338256,
      319338256,
      319338256,
      319338256,
      319338256,
      319338256,
      319338256,
      319338256,
      319338256,
      319338256,
      319338256,
      319338256,
      319338256,
      319338256,
      319338256,
      319338256,
      319338256,
      319338256,
      319338256,
      319338256,
      319338256,
      319338256,
      319338256,
      319338256,
      319338256,
      319338256,
      319338256,
      319338256,
      319338256,
      319338256,
      319338256,
      319338256,
      319338256,
      319338256,
      319338256,
      319338256,
      319338256,
      319338256,
      319338256,
      319338256,
      319338256,
      319338256,
      319338256,
      319338256,
      319338256,
      319338256,
      319338256,
      319338256,
      319338256,
      319338256,
      319338256,
      319338256,
      319338256,
      319338256,
      319338256,
      319338256,
      319338256,
      319338256,
      319338256,
      319338256,
      319338256,
      319338256,
      319338256,
      319338256,
      319338256,
      319338256,
      319338256,
      319338256,
      319338255,
      319338255,
      319338257,
      319338257,
      319338257,
      319338257,
      319338257,
      319338257,
      319338257,
      319338257,
      319338257,
      319338257,
      319338257,
      319338257,
      319338257,
      319338257,
      319338257,
      319338257,
      319338257,
      319338257,
      319338257,
      319338257,
      319338257,
      319338257,
      319338257,
      319338257,
      319338257,
      319338257,
      319338257,
      319338257,
      319338257,
      319338257,
      319338257,
      319338257,
      319338257,
      319338257,
      319338257,
      319338257,
      319338257,
      319338257,
      319338257,
      319338257,
      319338257,
      319338257,
      319338257,
      319338257,
      319338257,
      319338257,
      319338257,
      319338257,
      319338257,
      319338257,
      319338257,
      319338257,
      319338257,
      319338257,
      319338257,
      319338257,
      319338257,
      319338257,
      319338257,
      319338257,
      319338257,
      319338257,
      319338257,
      319338257,
      319338257,
      319338257,
      319338257,
      319338257,
      319338257,
      319338257,
      319338257,
      319338257,
      319338257,
      319338257,
      319338257,
      319338257,
      319338257,
      319338257,
      319338257,
      319338257,
      319338257,
      319338257,
      319338257,
      319338257,
      319338257,
      319338257,
      319338257,
      319338257,
      319338257,
      319338257,
      319338257,
      319338257,
      319338257,
      319338257,
      319338257,
      319338257,
      319338257,
      319338257,
      319338257,
      319338257,
      319338257,
      319338257,
      319338257,
      319338257,
      319338257,
      319338257,
      319338257,
      319338257,
      319338257,
      319338257,
      319338257,
      319338257,
      319338257,
      319338257,
      319338257,
      319338257,
      319338257,
      319338257,
      319338257,
      319338257,
      319338257,
      319338257,
      319338257,
      319338257,
      319338257,
      319338257,
      319338257,
      319338257,
      319338257,
      319338257,
      319338257,
      319338257,
      319338257,
      319338257,
      319338257,
      319338257,
      319338257,
      319338257,
      319338257,
      319338257,
      319338257,
      319338257,
      319338257,
      319338257,
      319338257,
      319338257,
      319338257,
      319338257,
      319338257,
      319338257,
      319338257,
      319338257,
      319338257,
      319338257,
      319338257,
      319338257,
      319338257,
      319338257,
      319338257,
      319338257,
      319338257,
      319338257,
      319338257,
      319338257,
      319338257,
      319338257,
      319338257,
      319338257,
      319338257,
      319338257,
      319338257,
      319338257,
      319338257,
      319338257,
      319338257,
      319338257,
      319338257,
      46822956,
      46822956,
      46822956,
      46822956,
      46822956,
      46822956,
      46822956,
      46822956,
      46822956,
      46822956,
      46822956,
      46822956,
      46822956,
      46822956,
      46822956,
      46822956,
      46822956,
      46822956,
      46822956,
      46822956,
      319652506,
      319652506,
      319652506,
      319652506,
      319652506,
      319652506,
      319652506,
      319652506,
      319652506,
      319652506,
      319652506,
      319652506,
      319652506,
      319652506,
      319652506,
      319652506,
      319652506,
      319652506,
      319652506,
      319652506,
      319652506,
      319652506,
      319652506,
      319652506,
      319652506,
      319652506,
      319652506,
      319652506,
      319652506,
      319652506,
      319652506,
      319652506,
      319652506,
      319652506,
      319652506,
      319652506,
      319652506,
      319652506,
      319652506,
      319652506,
      319652506,
      319652506,
      319652506,
      319652506,
      319652506,
      319652506,
      319652506,
      319652506,
      319652506,
      319652506,
      319652506,
      319652506,
      319652506,
      319652506,
      319652506,
      319652506,
      319652506,
      319652506,
      319652506,
      319652506,
      319652506,
      319652506,
      319652506,
      319652506,
      319652506,
      319652506,
      319652506,
      319652506,
      319652506,
      319652506,
      319652506,
      319652506,
      319652506,
      319652506,
      319652506,
      319652506,
      319652506,
      319652506,
      319652506,
      319652506,
      319652506,
      319652506,
      319652506,
      319652506,
      319652506,
      319652506,
      319652506,
      319652506,
      319652506,
      319652506,
      319652506,
      319652506,
      319652506,
      319652506,
      319652506,
      319652506,
      319652506,
      319652506,
      319652506,
      319652506,
      319652506,
      319652506,
      319652506,
      319652506,
      319652506,
      319652506,
      319652506,
      319652506,
      319652506,
      319652506,
      319652506,
      319652506,
      319652506,
      319652506,
      319652506,
      319652506,
      319652506,
      319652506,
      319652506,
      319652506,
      319652506,
      319652506,
      319652506,
      319652506,
      319652506,
      319652506,
      319652506,
      319652506,
      319652506,
      319652506,
      319652506,
      319652506,
      319652506,
      319652506,
      319652506,
      319652506,
      319652506,
      319652506,
      319652506,
      319652506,
      319652506,
      319652506,
      319652506,
      319652506,
      319652506,
      319652506,
      319652506,
      319652506,
      319652506,
      319652506,
      319652506,
      319652506,
      319652506,
      319652506,
      319652506,
      319652506,
      319652506,
      319652506,
      319652506,
      319652506,
      319652506,
      319654242,
      319654242,
      319654242,
      319654242,
      319654242,
      319654242,
      319654242,
      319654242,
      319654242,
      319654242,
      319654242,
      319654242,
      319654242,
      319654242,
      319654242,
      319654242,
      319654242,
      319654242,
      319654242,
      319654242,
      319654242,
      319337872,
      319337872,
      319337872,
      319337872,
      319337872,
      319337872,
      319337872,
      319337872,
      319337872,
      319337872,
      319337872,
      319337872,
      319337872,
      319337872,
      319337872,
      319337872,
      319337872,
      319337872,
      319337872,
      319337872,
      319337872,
      319337876,
      319337876,
      319337875,
      319337875,
      319337875,
      99210840,
      99210840,
      99210840,
      99210840,
      99210840,
      99210840,
      99210840,
      99210840,
      99210840,
      99210840,
      99210840,
      99210840,
      99210840,
      99210840,
      99210840,
      99210840,
      99210840,
      99210840,
      99210840,
      99210840,
      99210840,
      99210840,
      99210840,
      99210840,
      99210840,
      99210840,
      99210840,
      99210840,
      99210840,
      99210840,
      99210840,
      99210840,
      99210840,
      99210840,
      99210840,
      99210840,
      99210840,
      99210840,
      99210840,
      99210840,
      99210840,
      99210840,
      99210840,
      99210840,
      99210840,
      99210840,
      99210840,
      99210840,
      99210840,
      99210840,
      99210840,
      99210840,
      99210840,
      99210840,
      99210840,
      99210840,
      99210840,
      99210840,
      99210840,
      99210840,
      99210840,
      99210840,
      99210840,
      99210840,
      99210840,
      99210840,
      99210840,
      99210840,
      99210840,
      99210840,
      99210840,
      99210840,
      99210840,
      99210840,
      99210840,
      99210840,
      99210840,
      99210840,
      99210840,
      99210840,
      99210840,
      99210840,
      99210840,
      99210840,
      99210840,
      99210840,
      99210840,
      99210840,
      99210840,
      99210840,
      99210840,
      99210840,
      99210840,
      99210840,
      99210840,
      319948239,
      319948239,
      319948239,
      319948239,
      319948239,
      319948239,
      319948239,
      319948239,
      319948239,
      319948239,
      319948239,
      319948239,
      319948239,
      319948239,
      319948239,
      319948239,
      319948239,
      319948239,
      319948239,
      319948239,
      319948239,
      319948239,
      319948239,
      319948239,
      319948239,
      319948239,
      319948239,
      319948239,
      319948239,
      319948239,
      319948239,
      319948239,
      319948239,
      319948239,
      319948239,
      319948239,
      319948239,
      319948239,
      319948239,
      319948239,
      319948239,
      319948239,
      319948239,
      319948239,
      319948239,
      319948239,
      319948239,
      319948239,
      319948239,
      319948239,
      319948239,
      319948239,
      319948239,
      319948239,
      319948239,
      319948239,
      319948239,
      319948239,
      319948239,
      319948239,
      319948239,
      319948239,
      319948239,
      319948239,
      319948239,
      319948239,
      319948239,
      319948239,
      319948239,
      319948239,
      319948239,
      319948239,
      319948239,
      319948239,
      319948239,
      319948239,
      319948239,
      319948239,
      319948239,
      319948239,
      319948239,
      319948239,
      319948239,
      319948239,
      319948239,
      319948239,
      319948239,
      319948239,
      319948239,
      319948239,
      319948239,
      319948239,
      319948239,
      319948239,
      319948239,
      319948239,
      319948239,
      319948239,
      319948239,
      319948239,
      319948239,
      319948239,
      319948239,
      319948239,
      319948239,
      319948239,
      319948239,
      319948239,
      319948239,
      319948239,
      319948239,
      319948239,
      319948239,
      319948239,
      319948239,
      319948239,
      319948239,
      319948239,
      319948239,
      319948239,
      319948239,
      319948239,
      319948239,
      319948239,
      319948239,
      319948239,
      319948239,
      319948239,
      319948239,
      319948239,
      319948239,
      319948239,
      319948239,
      319948239,
      319948239,
      319948239,
      319948239,
      319948239,
      319948239,
      319948239,
      319948239,
      319948239,
      319948239,
      319948239,
      319948239,
      319948239,
      319948239,
      319948239,
      319948239,
      319948239,
      319948239,
      319948239,
      319948239,
      319948239,
      319948239,
      319948239,
      319948239,
      319948239,
      319948239,
      319948239,
      319948239,
      319948239,
      319948239,
      319948239,
      319948239,
      319948239,
      319948239,
      319948239,
      319948239,
      319948239,
      319948239,
      319948239,
      319948239,
      319948239,
      319948239,
      319948239,
      319948239,
      319948239,
      319948239,
      319948239,
      319948239,
      319948239,
      319948239,
      319948239,
      319948239,
      319948239,
      319948239,
      319948239,
      319948239,
      319948239,
      319948239,
      319948239,
      319948239,
      319948239,
      319948239,
      319948239,
      319948239,
      319948239,
      319948239,
      319948239,
      319948239,
      319948239,
      319948239,
      319948239,
      319948239,
      319948239,
      319948239,
      319948239,
      319948239,
      319948239,
      319948239,
      319948239,
      319948239,
      319948239,
      319948239,
      319948239,
      319948239,
      319948239,
      319948239,
      319948239,
      319948239,
      319948239,
      319948239,
      319948239,
      319948239,
      319948239,
      319948239,
      319948239,
      319948239,
      319948239,
      319948239,
      319948239,
      319948239,
      319948239,
      319948239,
      319948239,
      319948239,
      319948239,
      319948239,
      319948239,
      319948239,
      319948239,
      319948239,
      319948239,
      319948239,
      319948239,
      319948239,
      319948239,
      319948239,
      319948239,
      319948239,
      319948239,
      319948239,
      319948239,
      319948239,
      319948239,
      319948239,
      319948239,
      319948239,
      319948239,
      319948239,
      319948239,
      319948239,
      319948239,
      319948239,
      319948239,
      319948239,
      319948239,
      319948239,
      319948239,
      319948239,
      319948239,
      319948239,
      319948239
    ],
    "maxspeed_kph": [
      64.37376,
      64.37376,
      64.37376,
      64.37376,
      64.37376,
      64.37376,
      64.37376,
      64.37376,
      64.37376,
      64.37376,
      64.37376,
      64.37376,
      64.37376,
      64.37376,
      64.37376,
      64.37376,
      64.37376,
      64.37376,
      64.37376,
      64.37376,
      64.37376,
      64.37376,
      64.37376,
      64.37376,
      64.37376,
      64.37376,
      64.37376,
      64.37376,
      64.37376,
      64.37376,
      64.37376,
      64.37376,
      64.37376,
      64.37376,
      64.37376,
      64.37376,
      64.37376,
      64.37376,
      64.37376,
      64.37376,
      64.37376,
      64.37376,
      64.37376,
      64.37376,
      64.37376,
      64.37376,
      64.37376,
      64.37376,
      64.37376,
      64.37376,
      64.37376,
      64.37376,
      64.37376,
      64.37376,
      64.37376,
      64.37376,
      64.37376,
      64.37376,
      64.37376,
      64.37376,
      64.37376,
      64.37376,
      64.37376,
      64.37376,
      64.37376,
      64.37376,
      64.37376,
      64.37376,
      64.37376,
      64.37376,
      64.37376,
      64.37376,
      64.37376,
      64.37376,
      64.37376,
      64.37376,
      64.37376,
      64.37376,
      64.37376,
      64.37376,
      64.37376,
      64.37376,
      64.37376,
      64.37376,
      64.37376,
      64.37376,
      64.37376,
      64.37376,
      64.37376,
      64.37376,
      64.37376,
      64.37376,
      64.37376,
      64.37376,
      64.37376,
      64.37376,
      64.37376,
      64.37376,
      64.37376,
      64.37376,
      64.37376,
      64.37376,
      64.37376,
      64.37376,
      64.37376,
      64.37376,
      64.37376,
      64.37376,
      64.37376,
      64.37376,
      64.37376,
      64.37376,
      64.37376,
      64.37376,
      64.37376,
      64.37376,
      64.37376,
      64.37376,
      64.37376,
      64.37376,
      64.37376,
      64.37376,
      64.37376,
      64.37376,
      64.37376,
      64.37376,
      64.37376,
      64.37376,
      64.37376,
      64.37376,
      64.37376,
      64.37376,
      64.37376,
      64.37376,
      64.37376,
      64.37376,
      64.37376,
      64.37376,
      64.37376,
      64.37376,
      64.37376,
      64.37376,
      64.37376,
      64.37376,
      64.37376,
      64.37376,
      64.37376,
      64.37376,
      64.37376,
      64.37376,
      64.37376,
      64.37376,
      64.37376,
      64.37376,
      64.37376,
      64.37376,
      64.37376,
      64.37376,
      64.37376,
      64.37376,
      64.37376,
      64.37376,
      64.37376,
      64.37376,
      64.37376,
      64.37376,
      64.37376,
      64.37376,
      64.37376,
      64.37376,
      64.37376,
      64.37376,
      64.37376,
      64.37376,
      64.37376,
      64.37376,
      64.37376,
      64.37376,
      64.37376,
      64.37376,
      64.37376,
      64.37376,
      64.37376,
      64.37376,
      64.37376,
      64.37376,
      64.37376,
      64.37376,
      64.37376,
      64.37376,
      64.37376,
      64.37376,
      64.37376,
      64.37376,
      64.37376,
      64.37376,
      64.37376,
      64.37376,
      64.37376,
      64.37376,
      64.37376,
      64.37376,
      64.37376,
      64.37376,
      64.37376,
      64.37376,
      64.37376,
      64.37376,
      64.37376,
      64.37376,
      64.37376,
      64.37376,
      64.37376,
      64.37376,
      64.37376,
      64.37376,
      64.37376,
      64.37376,
      64.37376,
      64.37376,
      64.37376,
      64.37376,
      64.37376,
      64.37376,
      64.37376,
      64.37376,
      64.37376,
      64.37376,
      64.37376,
      64.37376,
      64.37376,
      64.37376,
      64.37376,
      64.37376,
      64.37376,
      64.37376,
      64.37376,
      64.37376,
      64.37376,
      64.37376,
      64.37376,
      64.37376,
      64.37376,
      64.37376,
      64.37376,
      64.37376,
      64.37376,
      64.37376,
      64.37376,
      64.37376,
      64.37376,
      64.37376,
      64.37376,
      64.37376,
      64.37376,
      64.37376,
      64.37376,
      64.37376,
      64.37376,
      64.37376,
      64.37376,
      64.37376,
      64.37376,
      64.37376,
      64.37376,
      64.37376,
      64.37376,
      64.37376,
      64.37376,
      64.37376,
      64.37376,
      64.37376,
      64.37376,
      64.37376,
      64.37376,
      64.37376,
      64.37376,
      64.37376,
      64.37376,
      64.37376,
      64.37376,
      64.37376,
      64.37376,
      64.37376,
      64.37376,
      64.37376,
      64.37376,
      64.37376,
      64.37376,
      64.37376,
      64.37376,
      64.37376,
      64.37376,
      64.37376,
      64.37376,
      64.37376,
      64.37376,
      64.37376,
      64.37376,
      64.37376,
      64.37376,
      64.37376,
      64.37376,
      64.37376,
      64.37376,
      64.37376,
      64.37376,
      64.37376,
      64.37376,
      64.37376,
      64.37376,
      64.37376,
      64.37376,
      64.37376,
      64.37376,
      64.37376,
      64.37376,
      64.37376,
      64.37376,
      64.37376,
      64.37376,
      64.37376,
      64.37376,
      64.37376,
      64.37376,
      64.37376,
      64.37376,
      64.37376,
      64.37376,
      64.37376,
      64.37376,
      64.37376,
      64.37376,
      64.37376,
      64.37376,
      64.37376,
      64.37376,
      64.37376,
      64.37376,
      64.37376,
      64.37376,
      64.37376,
      64.37376,
      64.37376,
      64.37376,
      64.37376,
      64.37376,
      64.37376,
      64.37376,
      64.37376,
      64.37376,
      64.37376,
      64.37376,
      64.37376,
      64.37376,
      64.37376,
      64.37376,
      64.37376,
      64.37376,
      64.37376,
      64.37376,
      64.37376,
      64.37376,
      64.37376,
      64.37376,
      64.37376,
      64.37376,
      64.37376,
      64.37376,
      64.37376,
      64.37376,
      64.37376,
      64.37376,
      64.37376,
      64.37376,
      64.37376,
      64.37376,
      64.37376,
      64.37376,
      64.37376,
      64.37376,
      64.37376,
      64.37376,
      64.37376,
      64.37376,
      64.37376,
      64.37376,
      64.37376,
      64.37376,
      64.37376,
      64.37376,
      64.37376,
      64.37376,
      64.37376,
      64.37376,
      64.37376,
      64.37376,
      64.37376,
      64.37376,
      64.37376,
      64.37376,
      64.37376,
      64.37376,
      64.37376,
      64.37376,
      64.37376,
      64.37376,
      64.37376,
      64.37376,
      64.37376,
      64.37376,
      64.37376,
      64.37376,
      64.37376,
      64.37376,
      64.37376,
      64.37376,
      64.37376,
      64.37376,
      64.37376,
      64.37376,
      64.37376,
      64.37376,
      64.37376,
      64.37376,
      64.37376,
      64.37376,
      64.37376,
      64.37376,
      64.37376,
      64.37376,
      64.37376,
      64.37376,
      64.37376,
      64.37376,
      64.37376,
      64.37376,
      64.37376,
      64.37376,
      64.37376,
      64.37376,
      64.37376,
      64.37376,
      64.37376,
      64.37376,
      64.37376,
      64.37376,
      64.37376,
      64.37376,
      64.37376,
      64.37376,
      64.37376,
      64.37376,
      64.37376,
      64.37376,
      64.37376,
      64.37376,
      64.37376,
      64.37376,
      64.37376,
      64.37376,
      64.37376,
      64.37376,
      64.37376,
      64.37376,
      64.37376,
      64.37376,
      64.37376,
      64.37376,
      64.37376,
      64.37376,
      64.37376,
      64.37376,
      64.37376,
      64.37376,
      64.37376,
      64.37376,
      64.37376,
      64.37376,
      64.37376,
      64.37376,
      64.37376,
      64.37376,
      64.37376,
      64.37376,
      64.37376,
      64.37376,
      64.37376,
      64.37376,
      64.37376,
      64.37376,
      64.37376,
      64.37376,
      64.37376,
      64.37376,
      64.37376,
      64.37376,
      64.37376,
      64.37376,
      64.37376,
      64.37376,
      64.37376,
      64.37376,
      64.37376,
      64.37376,
      64.37376,
      64.37376,
      64.37376,
      64.37376,
      64.37376,
      64.37376,
      64.37376,
      64.37376,
      64.37376,
      64.37376,
      64.37376,
      64.37376,
      64.37376,
      64.37376,
      64.37376,
      64.37376,
      64.37376,
      64.37376,
      64.37376,
      64.37376,
      64.37376,
      64.37376,
      64.37376,
      64.37376,
      64.37376,
      64.37376,
      64.37376,
      64.37376,
      64.37376,
      64.37376,
      64.37376,
      64.37376,
      64.37376,
      64.37376,
      64.37376,
      64.37376,
      64.37376,
      64.37376,
      64.37376,
      64.37376,
      64.37376,
      64.37376,
      64.37376,
      64.37376,
      64.37376,
      64.37376,
      64.37376,
      64.37376,
      64.37376,
      64.37376,
      64.37376,
      64.37376,
      64.37376,
      64.37376,
      64.37376,
      64.37376,
      64.37376,
      64.37376,
      64.37376,
      64.37376,
      64.37376,
      64.37376,
      64.37376,
      64.37376,
      64.37376,
      64.37376,
      64.37376,
      64.37376,
      64.37376,
      64.37376,
      64.37376,
      64.37376,
      64.37376,
      64.37376,
      64.37376,
      64.37376,
      64.37376,
      64.37376,
      64.37376,
      64.37376,
      64.37376,
      64.37376,
      64.37376,
      64.37376,
      64.37376,
      64.37376,
      64.37376,
      64.37376,
      64.37376,
      64.37376,
      64.37376,
      64.37376,
      64.37376,
      64.37376,
      64.37376,
      64.37376,
      64.37376,
      64.37376,
      64.37376,
      64.37376,
      64.37376,
      64.37376,
      64.37376,
      64.37376,
      64.37376,
      64.37376,
      64.37376,
      64.37376,
      64.37376,
      64.37376,
      64.37376,
      64.37376,
      64.37376,
      64.37376,
      64.37376,
      64.37376,
      64.37376,
      64.37376,
      64.37376,
      64.37376,
      64.37376,
      64.37376,
      64.37376,
      64.37376,
      64.37376,
      64.37376,
      64.37376,
      64.37376,
      64.37376,
      64.37376,
      64.37376,
      64.37376,
      64.37376,
      64.37376,
      64.37376,
      64.37376,
      64.37376,
      64.37376,
      64.37376,
      64.37376,
      64.37376,
      64.37376,
      64.37376,
      64.37376,
      64.37376,
      64.37376,
      64.37376,
      64.37376,
      64.37376,
      64.37376,
      64.37376,
      64.37376,
      64.37376,
      64.37376,
      64.37376,
      64.37376,
      64.37376,
      64.37376,
      64.37376,
      64.37376,
      64.37376,
      64.37376,
      64.37376,
      64.37376,
      64.37376,
      64.37376,
      64.37376,
      64.37376,
      64.37376,
      64.37376,
      64.37376,
      64.37376,
      64.37376,
      64.37376,
      64.37376,
      64.37376,
      64.37376,
      64.37376,
      64.37376,
      64.37376,
      64.37376,
      64.37376,
      64.37376,
      64.37376,
      64.37376,
      64.37376,
      64.37376,
      64.37376,
      64.37376,
      64.37376,
      64.37376,
      64.37376,
      64.37376,
      64.37376,
      64.37376,
      64.37376,
      64.37376,
      64.37376,
      64.37376,
      64.37376,
      64.37376,
      64.37376,
      64.37376,
      64.37376,
      64.37376,
      64.37376,
      64.37376,
      64.37376,
      64.37376,
      64.37376,
      64.37376,
      64.37376,
      64.37376,
      64.37376,
      64.37376,
      64.37376,
      64.37376,
      64.37376,
      64.37376,
      64.37376,
      64.37376,
      64.37376,
      64.37376,
      64.37376,
      64.37376,
      64.37376,
      64.37376,
      64.37376,
      64.37376,
      64.37376,
      64.37376,
      64.37376,
      64.37376,
      64.37376,
      64.37376,
      64.37376,
      64.37376,
      64.37376,
      64.37376,
      64.37376,
      64.37376,
      64.37376,
      64.37376,
      64.37376,
      64.37376,
      64.37376,
      64.37376,
      64.37376,
      64.37376,
      64.37376,
      64.37376,
      64.37376,
      64.37376,
      64.37376,
      64.37376,
      64.37376,
      64.37376,
      64.37376,
      64.37376,
      64.37376,
      64.37376,
      64.37376,
      64.37376,
      64.37376,
      64.37376,
      64.37376,
      64.37376,
      64.37376,
      64.37376,
      64.37376,
      64.37376,
      64.37376,
      64.37376,
      64.37376,
      64.37376,
      64.37376,
      64.37376,
      64.37376,
      64.37376,
      64.37376,
      64.37376,
      64.37376,
      64.37376,
      64.37376,
      64.37376,
      64.37376,
      64.37376,
      64.37376,
      64.37376,
      64.37376,
      64.37376,
      64.37376,
      64.37376,
      64.37376,
      64.37376,
      64.37376,
      64.37376,
      64.37376,
      64.37376,
      64.37376,
      64.37376,
      64.37376,
      64.37376,
      64.37376,
      64.37376,
      64.37376,
      64.37376,
      64.37376,
      64.37376,
      64.37376,
      64.37376,
      64.37376,
      64.37376,
      64.37376,
      64.37376,
      64.37376,
      64.37376,
      64.37376,
      64.37376,
      64.37376,
      64.37376,
      64.37376,
      64.37376,
      64.37376,
      64.37376,
      64.37376,
      64.37376,
      64.37376,
      64.37376,
      64.37376,
      64.37376,
      64.37376,
      64.37376,
      64.37376,
      64.37376,
      64.37376,
      64.37376,
      64.37376,
      64.37376,
      64.37376,
      64.37376,
      64.37376,
      64.37376,
      64.37376,
      64.37376,
      64.37376,
      64.37376,
      64.37376,
      64.37376,
      64.37376,
      64.37376,
      64.37376,
      64.37376,
      64.37376,
      64.37376,
      64.37376,
      64.37376,
      64.37376,
      64.37376,
      64.37376,
      64.37376,
      64.37376,
      64.37376,
      64.37376,
      64.37376,
      64.37376,
      64.37376,
      64.37376,
      64.37376,
      64.37376,
      64.37376,
      64.37376,
      64.37376,
      64.37376,
      64.37376,
      64.37376,
      64.37376,
      64.37376,
      64.37376,
      64.37376,
      64.37376,
      64.37376,
      64.37376,
      64.37376,
      64.37376,
      64.37376,
      64.37376,
      64.37376,
      64.37376,
      64.37376,
      64.37376,
      64.37376,
      64.37376,
      64.37376,
      64.37376,
      64.37376,
      64.37376,
      64.37376,
      64.37376,
      64.37376,
      64.37376,
      64.37376,
      64.37376,
      64.37376,
      64.37376,
      64.37376,
      64.37376,
      64.37376,
      64.37376,
      64.37376,
      64.37376,
      64.37376,
      64.37376,
      64.37376,
      64.37376,
      64.37376,
      64.37376,
      64.37376,
      64.37376,
      64.37376,
      64.37376,
      64.37376,
      64.37376,
      64.37376,
      64.37376,
      64.37376,
      64.37376,
      64.37376,
      64.37376,
      64.37376,
      64.37376,
      64.37376,
      64.37376,
      64.37376,
      64.37376,
      64.37376,
      64.37376,
      64.37376,
      64.37376,
      64.37376,
      64.37376,
      64.37376,
      64.37376,
      64.37376,
      64.37376,
      64.37376,
      64.37376,
      64.37376,
      64.37376,
      64.37376,
      64.37376,
      64.37376,
      64.37376,
      64.37376,
      64.37376,
      64.37376,
      64.37376,
      64.37376,
      64.37376,
      64.37376,
      64.37376,
      64.37376,
      64.37376,
      64.37376,
      64.37376,
      64.37376,
      64.37376,
      64.37376,
      64.37376,
      64.37376,
      64.37376,
      64.37376,
      64.37376,
      64.37376,
      64.37376,
      64.37376,
      64.37376,
      64.37376,
      64.37376,
      64.37376,
      64.37376,
      64.37376,
      64.37376,
      64.37376,
      64.37376,
      64.37376,
      64.37376,
      64.37376,
      64.37376,
      64.37376,
      64.37376,
      64.37376,
      64.37376,
      64.37376,
      64.37376,
      64.37376,
      64.37376,
      64.37376,
      64.37376,
      64.37376,
      64.37376,
      64.37376,
      64.37376,
      64.37376,
      64.37376,
      64.37376,
      64.37376,
      64.37376,
      64.37376,
      64.37376,
      64.37376,
      64.37376,
      64.37376,
      64.37376,
      64.37376,
      64.37376,
      64.37376,
      64.37376,
      64.37376,
      64.37376,
      64.37376,
      64.37376,
      64.37376,
      64.37376,
      64.37376,
      64.37376,
      64.37376,
      64.37376,
      64.37376,
      64.37376,
      64.37376,
      64.37376,
      64.37376,
      64.37376,
      64.37376,
      64.37376,
      64.37376,
      64.37376,
      64.37376,
      64.37376,
      64.37376,
      64.37376,
      64.37376,
      64.37376,
      64.37376,
      64.37376,
      64.37376,
      64.37376,
      64.37376,
      64.37376,
      64.37376,
      64.37376,
      64.37376,
      64.37376,
      64.37376,
      64.37376,
      64.37376,
      64.37376,
      64.37376,
      64.37376,
      64.37376,
      64.37376,
      64.37376,
      64.37376,
      64.37376,
      64.37376,
      64.37376,
      64.37376,
      64.37376,
      64.37376,
      64.37376,
      64.37376,
      64.37376,
      64.37376,
      64.37376,
      64.37376,
      64.37376,
      64.37376,
      64.37376,
      64.37376,
      64.37376,
      64.37376,
      64.37376,
      64.37376,
      64.37376,
      64.37376,
      64.37376,
      64.37376,
      64.37376,
      64.37376,
      64.37376,
      64.37376,
      64.37376,
      64.37376,
      64.37376,
      64.37376,
      64.37376,
      64.37376,
      64.37376,
      64.37376,
      64.37376,
      64.37376,
      64.37376,
      64.37376,
      64.37376,
      64.37376,
      64.37376,
      64.37376,
      64.37376,
      64.37376,
      64.37376,
      64.37376,
      64.37376,
      64.37376,
      64.37376,
      64.37376,
      64.37376,
      64.37376,
      64.37376,
      64.37376,
      64.37376,
      64.37376,
      64.37376,
      64.37376,
      64.37376,
      64.37376,
      64.37376,
      64.37376,
      64.37376,
      64.37376,
      64.37376,
      64.37376,
      64.37376,
      64.37376,
      64.37376,
      64.37376,
      64.37376,
      64.37376,
      64.37376,
      64.37376,
      64.37376,
      64.37376,
      64.37376,
      64.37376,
      64.37376,
      64.37376,
      64.37376,
      64.37376,
      64.37376,
      64.37376,
      64.37376,
      64.37376,
      64.37376,
      64.37376,
      64.37376,
      64.37376,
      64.37376,
      64.37376,
      64.37376,
      64.37376,
      64.37376,
      64.37376,
      64.37376,
      64.37376,
      64.37376,
      64.37376,
      64.37376,
      64.37376,
      64.37376,
      64.37376,
      64.37376,
      64.37376,
      64.37376,
      64.37376,
      64.37376,
      64.37376,
      64.37376,
      64.37376,
      64.37376,
      64.37376,
      64.37376,
      64.37376,
      64.37376,
      64.37376,
      64.37376,
      64.37376,
      64.37376,
      64.37376,
      64.37376,
      64.37376,
      64.37376,
      64.37376,
      64.37376,
      64.37376,
      64.37376,
      64.37376,
      64.37376,
      64.37376,
      64.37376,
      64.37376,
      64.37376,
      64.37376,
      64.37376,
      64.37376,
      64.37376,
      64.37376,
      64.37376,
      64.37376,
      64.37376,
      64.37376,
      64.37376,
      64.37376,
      64.37376,
      64.37376,
      64.37376,
      64.37376,
      64.37376,
      64.37376,
      64.37376,
      64.37376,
      64.37376,
      64.37376,
      64.37376,
      64.37376,
      64.37376,
      64.37376,
      64.37376,
      64.37376,
      64.37376,
      64.37376,
      64.37376,
      64.37376,
      64.37376,
      64.37376,
      64.37376,
      64.37376,
      64.37376,
      64.37376,
      64.37376,
      64.37376,
      64.37376,
      64.37376,
      64.37376,
      64.37376,
      64.37376,
      64.37376,
      64.37376,
      64.37376,
      64.37376,
      64.37376,
      64.37376,
      64.37376,
      64.37376,
      64.37376,
      64.37376,
      64.37376,
      64.37376,
      64.37376,
      64.37376,
      64.37376,
      64.37376,
      64.37376,
      64.37376,
      64.37376,
      64.37376,
      64.37376,
      64.37376,
      64.37376,
      64.37376,
      64.37376,
      64.37376,
      64.37376,
      64.37376,
      64.37376,
      64.37376,
      64.37376,
      64.37376,
      64.37376,
      64.37376,
      64.37376,
      64.37376,
      64.37376,
      64.37376,
      64.37376,
      64.37376,
      64.37376,
      64.37376,
      64.37376,
      64.37376,
      64.37376,
      64.37376,
      64.37376,
      64.37376,
      64.37376,
      64.37376,
      64.37376,
      64.37376,
      64.37376,
      64.37376,
      64.37376,
      64.37376,
      64.37376,
      64.37376,
      64.37376,
      64.37376,
      64.37376,
      64.37376,
      64.37376,
      64.37376,
      64.37376,
      64.37376,
      64.37376,
      64.37376,
      64.37376,
      64.37376,
      64.37376,
      64.37376,
      64.37376,
      64.37376,
      64.37376,
      64.37376,
      64.37376,
      64.37376,
      64.37376,
      64.37376,
      64.37376,
      64.37376,
      64.37376,
      64.37376,
      64.37376,
      64.37376,
      64.37376,
      64.37376,
      64.37376,
      64.37376,
      64.37376,
      64.37376,
      64.37376,
      64.37376,
      64.37376,
      64.37376,
      64.37376,
      64.37376,
      64.37376,
      64.37376,
      64.37376,
      64.37376,
      64.37376,
      64.37376,
      64.37376,
      64.37376,
      64.37376,
      64.37376,
      64.37376,
      64.37376,
      64.37376,
      64.37376,
      64.37376,
      64.37376,
      64.37376,
      64.37376,
      64.37376,
      64.37376,
      64.37376,
      64.37376,
      64.37376,
      64.37376,
      64.37376,
      64.37376,
      64.37376,
      64.37376,
      64.37376,
      64.37376,
      64.37376,
      64.37376,
      64.37376,
      64.37376,
      64.37376,
      64.37376,
      64.37376,
      64.37376,
      64.37376,
      64.37376,
      64.37376,
      64.37376,
      64.37376,
      64.37376,
      64.37376,
      64.37376,
      64.37376,
      64.37376,
      64.37376,
      64.37376,
      64.37376,
      64.37376,
      64.37376,
      64.37376,
      64.37376,
      64.37376,
      64.37376,
      64.37376,
      64.37376,
      64.37376,
      64.37376,
      64.37376,
      64.37376,
      64.37376,
      64.37376,
      64.37376,
      64.37376,
      64.37376,
      64.37376,
      64.37376,
      64.37376,
      64.37376,
      64.37376,
      64.37376,
      64.37376,
      64.37376,
      64.37376,
      64.37376,
      64.37376,
      64.37376,
      64.37376,
      64.37376,
      64.37376,
      64.37376,
      64.37376,
      64.37376,
      64.37376,
      64.37376,
      64.37376,
      64.37376,
      64.37376,
      64.37376,
      64.37376,
      64.37376,
      64.37376,
      64.37376,
      64.37376,
      64.37376,
      64.37376,
      64.37376,
      64.37376,
      64.37376,
      64.37376,
      64.37376,
      64.37376,
      64.37376,
      64.37376,
      64.37376,
      64.37376,
      64.37376,
      64.37376,
      64.37376,
      64.37376,
      64.37376,
      64.37376,
      64.37376,
      64.37376,
      64.37376,
      64.37376,
      64.37376,
      64.37376,
      64.37376,
      64.37376,
      64.37376,
      64.37376,
      64.37376,
      64.37376,
      64.37376,
      64.37376,
      64.37376,
      64.37376,
      64.37376,
      64.37376,
      64.37376,
      64.37376,
      64.37376,
      64.37376,
      64.37376,
      64.37376,
      64.37376,
      64.37376,
      64.37376,
      64.37376,
      64.37376,
      64.37376,
      64.37376,
      64.37376,
      64.37376,
      64.37376,
      64.37376,
      64.37376,
      64.37376,
      64.37376,
      64.37376,
      64.37376,
      64.37376,
      64.37376,
      64.37376,
      64.37376,
      64.37376,
      64.37376,
      64.37376,
      64.37376,
      64.37376,
      64.37376,
      64.37376,
      64.37376,
      64.37376,
      64.37376,
      64.37376,
      64.37376,
      64.37376,
      64.37376,
      64.37376,
      64.37376,
      64.37376,
      64.37376,
      64.37376,
      64.37376,
      64.37376,
      64.37376,
      64.37376,
      64.37376,
      64.37376,
      64.37376,
      64.37376,
      64.37376,
      64.37376,
      64.37376,
      64.37376,
      64.37376,
      64.37376,
      64.37376,
      64.37376,
      64.37376,
      64.37376,
      64.37376,
      64.37376,
      64.37376,
      64.37376,
      64.37376,
      64.37376,
      64.37376,
      64.37376,
      64.37376,
      64.37376,
      64.37376,
      64.37376,
      64.37376,
      64.37376,
      64.37376,
      64.37376,
      64.37376,
      64.37376,
      64.37376,
      64.37376,
      64.37376,
      64.37376,
      64.37376,
      64.37376,
      64.37376,
      64.37376,
      64.37376,
      64.37376,
      64.37376,
      64.37376,
      64.37376,
      64.37376,
      64.37376,
      64.37376,
      64.37376,
      64.37376,
      64.37376,
      64.37376,
      64.37376,
      64.37376,
      64.37376,
      64.37376,
      64.37376,
      64.37376,
      64.37376,
      64.37376,
      64.37376,
      64.37376,
      64.37376,
      64.37376,
      64.37376,
      64.37376,
      64.37376,
      64.37376,
      64.37376,
      64.37376,
      64.37376,
      64.37376,
      64.37376,
      64.37376,
      64.37376,
      64.37376,
      64.37376,
      64.37376,
      64.37376,
      64.37376,
      64.37376,
      64.37376,
      64.37376,
      64.37376,
      64.37376,
      64.37376,
      64.37376,
      64.37376,
      64.37376,
      64.37376,
      64.37376,
      64.37376,
      64.37376,
      64.37376,
      64.37376,
      64.37376,
      64.37376,
      64.37376,
      64.37376,
      64.37376,
      64.37376,
      64.37376,
      64.37376,
      64.37376,
      64.37376,
      64.37376,
      64.37376,
      64.37376,
      64.37376,
      64.37376,
      64.37376,
      64.37376,
      64.37376,
      64.37376,
      64.37376,
      64.37376,
      64.37376,
      64.37376,
      64.37376,
      64.37376,
      64.37376,
      64.37376,
      64.37376,
      64.37376,
      64.37376,
      64.37376,
      64.37376,
      64.37376,
      64.37376,
      64.37376,
      64.37376,
      64.37376,
      64.37376,
      64.37376,
      64.37376,
      64.37376,
      64.37376,
      64.37376,
      64.37376,
      64.37376,
      64.37376,
      64.37376,
      64.37376,
      64.37376,
      64.37376,
      64.37376,
      64.37376,
      64.37376,
      64.37376,
      64.37376,
      64.37376,
      64.37376,
      64.37376,
      64.37376,
      64.37376,
      64.37376,
      64.37376,
      64.37376,
      64.37376,
      64.37376,
      64.37376,
      64.37376,
      64.37376,
      64.37376,
      64.37376,
      64.37376,
      64.37376,
      64.37376,
      64.37376,
      64.37376,
      64.37376,
      64.37376,
      64.37376,
      64.37376,
      64.37376,
      64.37376,
      64.37376,
      64.37376,
      64.37376,
      64.37376,
      64.37376,
      64.37376,
      64.37376,
      64.37376,
      64.37376,
      64.37376,
      64.37376,
      64.37376,
      64.37376,
      64.37376,
      64.37376,
      64.37376,
      64.37376,
      64.37376,
      64.37376,
      64.37376,
      64.37376,
      64.37376,
      64.37376,
      64.37376,
      64.37376,
      64.37376,
      64.37376,
      64.37376,
      64.37376,
      64.37376,
      64.37376,
      64.37376,
      64.37376,
      64.37376,
      64.37376,
      64.37376,
      64.37376,
      64.37376,
      64.37376,
      64.37376,
      64.37376,
      64.37376,
      64.37376,
      64.37376,
      64.37376,
      64.37376,
      64.37376,
      64.37376,
      64.37376,
      64.37376,
      64.37376,
      64.37376,
      64.37376,
      64.37376,
      64.37376,
      64.37376,
      64.37376,
      64.37376,
      64.37376,
      64.37376,
      64.37376,
      64.37376,
      64.37376,
      64.37376,
      64.37376,
      64.37376,
      64.37376,
      64.37376,
      64.37376,
      64.37376,
      64.37376,
      64.37376,
      64.37376,
      64.37376,
      64.37376,
      64.37376,
      64.37376,
      64.37376,
      64.37376,
      64.37376,
      64.37376,
      64.37376,
      64.37376,
      64.37376,
      64.37376,
      64.37376,
      64.37376,
      64.37376,
      64.37376,
      64.37376,
      64.37376,
      64.37376,
      64.37376,
      64.37376,
      64.37376,
      64.37376,
      64.37376,
      64.37376,
      64.37376,
      64.37376,
      64.37376,
      64.37376,
      64.37376,
      64.37376,
      64.37376,
      64.37376,
      64.37376,
      64.37376,
      64.37376,
      64.37376,
      64.37376,
      64.37376,
      64.37376,
      64.37376,
      64.37376,
      64.37376,
      64.37376,
      64.37376,
      64.37376,
      64.37376,
      64.37376,
      64.37376,
      64.37376,
      64.37376,
      64.37376,
      64.37376,
      64.37376,
      64.37376,
      64.37376,
      64.37376,
      64.37376,
      64.37376,
      64.37376,
      64.37376,
      64.37376,
      64.37376,
      64.37376,
      64.37376,
      64.37376,
      64.37376,
      64.37376,
      64.37376,
      64.37376,
      64.37376,
      64.37376,
      64.37376,
      64.37376,
      64.37376,
      64.37376,
      64.37376,
      64.37376,
      64.37376,
      64.37376,
      64.37376,
      64.37376,
      64.37376,
      64.37376,
      64.37376,
      64.37376,
      64.37376,
      64.37376,
      64.37376,
      64.37376,
      64.37376,
      64.37376,
      64.37376,
      64.37376,
      64.37376,
      64.37376,
      64.37376,
      64.37376,
      64.37376,
      64.37376,
      64.37376,
      64.37376,
      64.37376,
      64.37376,
      64.37376,
      64.37376,
      64.37376,
      64.37376,
      64.37376,
      64.37376,
      64.37376,
      64.37376,
      64.37376,
      64.37376,
      64.37376,
      64.37376,
      64.37376,
      64.37376,
      64.37376,
      64.37376,
      64.37376,
      64.37376,
      64.37376,
      64.37376,
      64.37376,
      64.37376,
      64.37376,
      64.37376,
      64.37376,
      64.37376,
      64.37376,
      64.37376,
      64.37376,
      64.37376,
      64.37376,
      64.37376,
      64.37376,
      64.37376,
      64.37376,
      64.37376,
      64.37376,
      64.37376,
      64.37376,
      64.37376,
      64.37376,
      64.37376,
      64.37376,
      64.37376,
      64.37376,
      64.37376,
      64.37376,
      64.37376,
      64.37376,
      64.37376,
      64.37376,
      64.37376,
      64.37376,
      64.37376,
      64.37376,
      64.37376,
      64.37376,
      64.37376,
      64.37376,
      64.37376,
      64.37376,
      64.37376,
      64.37376,
      64.37376,
      64.37376,
      64.37376,
      64.37376,
      64.37376,
      64.37376,
      64.37376,
      64.37376,
      64.37376,
      64.37376,
      64.37376,
      64.37376,
      64.37376,
      64.37376,
      64.37376,
      64.37376,
      64.37376,
      64.37376,
      64.37376,
      64.37376,
      64.37376,
      64.37376,
      64.37376,
      64.37376,
      64.37376,
      64.37376,
      64.37376,
      64.37376,
      64.37376,
      64.37376,
      64.37376,
      64.37376,
      64.37376,
      64.37376,
      64.37376,
      64.37376,
      64.37376,
      64.37376,
      64.37376,
      64.37376,
      64.37376,
      64.37376,
      64.37376,
      64.37376,
      64.37376,
      64.37376,
      64.37376,
      64.37376,
      64.37376,
      64.37376,
      64.37376,
      64.37376,
      64.37376,
      64.37376,
      64.37376,
      64.37376,
      64.37376,
      64.37376,
      64.37376,
      64.37376,
      64.37376,
      64.37376,
      64.37376,
      64.37376,
      64.37376,
      64.37376,
      64.37376,
      64.37376,
      64.37376,
      64.37376,
      64.37376,
      64.37376,
      64.37376,
      64.37376,
      64.37376,
      64.37376,
      64.37376,
      64.37376,
      64.37376,
      64.37376,
      64.37376,
      64.37376,
      64.37376,
      64.37376,
      64.37376,
      64.37376,
      64.37376,
      64.37376,
      64.37376,
      64.37376,
      64.37376,
      64.37376,
      64.37376,
      64.37376,
      64.37376,
      64.37376,
      64.37376,
      64.37376,
      64.37376,
      64.37376,
      64.37376,
      64.37376,
      64.37376,
      64.37376,
      64.37376,
      64.37376,
      64.37376,
      64.37376,
      64.37376,
      64.37376,
      64.37376,
      64.37376,
      64.37376,
      64.37376,
      64.37376,
      64.37376,
      64.37376,
      64.37376,
      64.37376,
      64.37376,
      64.37376,
      64.37376,
      64.37376,
      64.37376,
      64.37376,
      64.37376,
      64.37376,
      64.37376,
      64.37376,
      64.37376,
      64.37376,
      64.37376,
      64.37376,
      64.37376,
      64.37376,
      64.37376,
      64.37376,
      64.37376,
      64.37376,
      64.37376,
      64.37376,
      64.37376,
      64.37376,
      64.37376,
      64.37376,
      64.37376,
      64.37376,
      64.37376,
      64.37376,
      64.37376,
      64.37376,
      64.37376,
      64.37376,
      64.37376,
      64.37376,
      64.37376,
      64.37376,
      64.37376,
      64.37376,
      64.37376,
      64.37376,
      64.37376,
      64.37376,
      64.37376,
      64.37376,
      64.37376,
      64.37376,
      64.37376,
      64.37376,
      64.37376,
      64.37376,
      64.37376,
      64.37376,
      64.37376,
      64.37376,
      64.37376,
      64.37376,
      64.37376,
      64.37376,
      64.37376,
      64.37376,
      64.37376,
      64.37376,
      64.37376,
      64.37376,
      64.37376,
      64.37376,
      64.37376,
      64.37376,
      64.37376,
      64.37376,
      64.37376,
      64.37376,
      64.37376,
      64.37376,
      64.37376,
      64.37376,
      64.37376,
      64.37376,
      64.37376,
      64.37376,
      64.37376,
      64.37376,
      64.37376,
      64.37376,
      64.37376,
      64.37376,
      64.37376,
      64.37376,
      64.37376,
      64.37376,
      64.37376,
      64.37376,
      64.37376,
      64.37376,
      64.37376,
      64.37376,
      64.37376,
      64.37376,
      64.37376,
      64.37376,
      64.37376,
      64.37376,
      64.37376,
      64.37376,
      64.37376,
      64.37376,
      64.37376,
      64.37376,
      64.37376,
      64.37376,
      64.37376,
      64.37376,
      64.37376,
      64.37376,
      64.37376,
      64.37376,
      64.37376,
      64.37376,
      64.37376,
      64.37376,
      64.37376,
      64.37376,
      64.37376,
      64.37376,
      64.37376,
      64.37376,
      64.37376,
      64.37376,
      64.37376,
      64.37376,
      64.37376,
      64.37376,
      64.37376,
      64.37376,
      64.37376,
      64.37376,
      64.37376,
      64.37376,
      64.37376,
      64.37376,
      64.37376,
      64.37376,
      64.37376,
      64.37376,
      64.37376,
      64.37376,
      64.37376,
      64.37376,
      64.37376,
      64.37376,
      64.37376,
      64.37376,
      64.37376,
      64.37376,
      64.37376,
      64.37376,
      64.37376,
      64.37376,
      64.37376,
      64.37376,
      64.37376,
      64.37376,
      64.37376,
      64.37376,
      64.37376,
      64.37376,
      64.37376,
      64.37376,
      64.37376,
      64.37376,
      64.37376,
      64.37376,
      64.37376,
      64.37376,
      64.37376,
      64.37376,
      64.37376,
      64.37376,
      64.37376,
      64.37376,
      64.37376,
      64.37376,
      64.37376,
      64.37376,
      64.37376,
      64.37376,
      64.37376,
      64.37376,
      64.37376,
      64.37376,
      64.37376,
      64.37376,
      64.37376,
      64.37376,
      64.37376,
      64.37376,
      64.37376,
      64.37376,
      64.37376,
      64.37376,
      64.37376,
      64.37376,
      64.37376,
      64.37376,
      64.37376,
      64.37376,
      64.37376,
      64.37376,
      64.37376,
      64.37376,
      64.37376,
      64.37376,
      64.37376,
      64.37376,
      64.37376,
      64.37376,
      64.37376,
      64.37376,
      64.37376,
      64.37376,
      64.37376,
      64.37376,
      64.37376,
      64.37376,
      64.37376,
      64.37376,
      64.37376,
      64.37376,
      64.37376,
      64.37376,
      64.37376,
      64.37376,
      64.37376,
      64.37376,
      64.37376,
      64.37376,
      64.37376,
      64.37376,
      64.37376,
      64.37376,
      64.37376,
      64.37376,
      64.37376,
      64.37376,
      64.37376,
      64.37376,
      64.37376,
      64.37376,
      64.37376,
      64.37376,
      64.37376,
      64.37376,
      64.37376,
      64.37376,
      64.37376,
      64.37376,
      64.37376,
      64.37376,
      64.37376,
      64.37376,
      64.37376,
      64.37376,
      64.37376,
      64.37376,
      64.37376,
      64.37376,
      64.37376,
      64.37376,
      64.37376,
      64.37376,
      64.37376,
      64.37376,
      64.37376,
      64.37376,
      64.37376,
      64.37376,
      64.37376,
      64.37376,
      64.37376,
      64.37376,
      64.37376,
      64.37376,
      64.37376,
      64.37376,
      64.37376,
      64.37376,
      64.37376,
      64.37376,
      64.37376,
      64.37376,
      64.37376,
      64.37376,
      64.37376,
      64.37376,
      64.37376,
      64.37376,
      64.37376,
      64.37376,
      64.37376,
      64.37376,
      64.37376,
      64.37376,
      64.37376,
      64.37376,
      64.37376,
      64.37376,
      64.37376,
      64.37376,
      64.37376,
      64.37376,
      64.37376,
      64.37376,
      64.37376,
      64.37376,
      64.37376,
      64.37376,
      64.37376,
      64.37376,
      64.37376,
      64.37376,
      64.37376,
      64.37376,
      64.37376,
      64.37376,
      64.37376,
      64.37376,
      64.37376,
      64.37376,
      64.37376,
      64.37376,
      64.37376,
      64.37376,
      64.37376,
      64.37376,
      64.37376,
      64.37376,
      64.37376,
      64.37376,
      64.37376,
      64.37376,
      64.37376,
      64.37376,
      64.37376,
      64.37376,
      64.37376,
      64.37376,
      64.37376,
      64.37376,
      64.37376,
      64.37376,
      64.37376,
      64.37376,
      64.37376,
      64.37376,
      64.37376,
      64.37376,
      64.37376,
      64.37376,
      64.37376,
      64.37376,
      64.37376,
      64.37376,
      64.37376,
      64.37376,
      64.37376,
      64.37376,
      64.37376,
      64.37376,
      64.37376,
      64.37376,
      64.37376,
      64.37376,
      64.37376,
      64.37376,
      64.37376,
      64.37376,
      64.37376,
      64.37376,
      64.37376,
      64.37376,
      64.37376,
      64.37376,
      64.37376,
      64.37376,
      64.37376,
      64.37376,
      64.37376,
      64.37376,
      64.37376,
      64.37376,
      64.37376,
      64.37376,
      64.37376,
      64.37376,
      64.37376,
      64.37376,
      64.37376,
      64.37376,
      64.37376,
      64.37376,
      64.37376,
      64.37376,
      64.37376,
      64.37376,
      64.37376,
      64.37376,
      64.37376,
      64.37376,
      64.37376,
      64.37376,
      64.37376,
      64.37376,
      64.37376,
      64.37376,
      64.37376,
      64.37376,
      64.37376,
      64.37376,
      64.37376,
      64.37376,
      64.37376,
      64.37376,
      64.37376,
      64.37376,
      64.37376,
      64.37376,
      64.37376,
      64.37376,
      64.37376,
      64.37376,
      64.37376,
      64.37376,
      64.37376,
      64.37376,
      64.37376,
      64.37376,
      64.37376,
      64.37376,
      64.37376,
      64.37376,
      64.37376,
      64.37376,
      64.37376,
      64.37376,
      64.37376,
      64.37376,
      64.37376,
      64.37376,
      64.37376,
      64.37376,
      64.37376,
      64.37376,
      64.37376,
      64.37376,
      64.37376,
      64.37376,
      64.37376,
      64.37376,
      64.37376,
      64.37376,
      64.37376,
      64.37376,
      64.37376,
      64.37376,
      64.37376,
      64.37376,
      64.37376,
      64.37376,
      64.37376,
      64.37376,
      64.37376,
      64.37376,
      64.37376,
      64.37376,
      64.37376,
      64.37376,
      64.37376,
      64.37376,
      64.37376,
      64.37376,
      64.37376,
      64.37376,
      64.37376,
      64.37376,
      64.37376,
      64.37376,
      64.37376,
      64.37376,
      64.37376,
      64.37376,
      64.37376,
      64.37376,
      64.37376,
      64.37376,
      64.37376,
      64.37376,
      64.37376,
      64.37376,
      64.37376,
      64.37376,
      64.37376,
      64.37376,
      64.37376,
      64.37376,
      64.37376,
      64.37376,
      64.37376,
      64.37376,
      64.37376,
      64.37376,
      64.37376,
      64.37376,
      64.37376,
      64.37376,
      64.37376,
      64.37376,
      64.37376,
      64.37376,
      64.37376,
      64.37376,
      64.37376,
      64.37376,
      64.37376,
      64.37376,
      64.37376,
      64.37376,
      64.37376,
      64.37376,
      64.37376,
      64.37376,
      64.37376,
      64.37376,
      64.37376,
      64.37376,
      64.37376,
      64.37376,
      64.37376,
      64.37376,
      64.37376,
      64.37376,
      64.37376,
      64.37376,
      64.37376,
      64.37376,
      64.37376,
      64.37376,
      64.37376,
      64.37376,
      64.37376,
      64.37376,
      64.37376,
      64.37376,
      64.37376,
      64.37376,
      64.37376,
      64.37376,
      64.37376,
      64.37376,
      64.37376,
      64.37376,
      64.37376,
      64.37376,
      64.37376,
      64.37376,
      64.37376,
      64.37376,
      64.37376,
      64.37376,
      64.37376,
      64.37376,
      64.37376,
      64.37376,
      64.37376,
      64.37376,
      64.37376,
      64.37376,
      64.37376,
      64.37376,
      64.37376,
      64.37376,
      64.37376,
      64.37376,
      64.37376,
      64.37376,
      64.37376,
      64.37376,
      64.37376,
      64.37376,
      64.37376,
      64.37376,
      64.37376,
      64.37376,
      64.37376,
      64.37376,
      64.37376,
      64.37376,
      64.37376,
      64.37376,
      64.37376,
      64.37376,
      64.37376,
      64.37376,
      64.37376,
      64.37376,
      64.37376,
      64.37376,
      64.37376,
      64.37376,
      64.37376,
      64.37376,
      64.37376,
      64.37376,
      64.37376,
      64.37376,
      64.37376,
      64.37376,
      64.37376,
      64.37376,
      64.37376,
      64.37376,
      64.37376,
      64.37376,
      64.37376,
      64.37376,
      64.37376,
      64.37376,
      64.37376,
      64.37376,
      64.37376,
      64.37376,
      64.37376,
      64.37376,
      64.37376,
      64.37376,
      64.37376,
      64.37376,
      64.37376,
      64.37376,
      64.37376,
      64.37376,
      64.37376,
      64.37376,
      64.37376,
      64.37376,
      64.37376,
      64.37376,
      64.37376,
      64.37376,
      64.37376,
      64.37376,
      64.37376,
      64.37376,
      64.37376,
      64.37376,
      64.37376,
      64.37376,
      64.37376,
      64.37376,
      64.37376,
      64.37376,
      64.37376,
      64.37376,
      64.37376,
      64.37376,
      64.37376,
      64.37376,
      64.37376,
      64.37376,
      64.37376,
      64.37376,
      64.37376,
      64.37376,
      64.37376,
      64.37376,
      64.37376,
      64.37376,
      64.37376,
      64.37376,
      64.37376,
      64.37376,
      64.37376,
      64.37376,
      64.37376,
      64.37376,
      64.37376,
      64.37376,
      64.37376,
      64.37376,
      64.37376,
      64.37376,
      64.37376,
      64.37376,
      64.37376,
      64.37376,
      64.37376,
      64.37376,
      64.37376,
      64.37376,
      64.37376,
      64.37376,
      64.37376,
      64.37376,
      64.37376,
      64.37376,
      64.37376,
      64.37376,
      64.37376,
      64.37376,
      64.37376,
      64.37376,
      64.37376,
      64.37376,
      64.37376,
      64.37376,
      64.37376,
      64.37376,
      64.37376,
      64.37376,
      64.37376,
      64.37376,
      64.37376,
      64.37376,
      64.37376,
      64.37376,
      64.37376,
      64.37376,
      64.37376,
      64.37376,
      64.37376,
      64.37376,
      64.37376,
      64.37376,
      64.37376,
      64.37376,
      64.37376,
      64.37376,
      64.37376,
      64.37376,
      64.37376,
      64.37376,
      64.37376,
      64.37376,
      64.37376,
      64.37376,
      64.37376,
      64.37376,
      64.37376,
      64.37376,
      64.37376,
      64.37376,
      64.37376,
      64.37376,
      64.37376,
      64.37376,
      64.37376,
      64.37376,
      64.37376,
      64.37376,
      64.37376,
      64.37376,
      64.37376,
      64.37376,
      64.37376,
      64.37376,
      64.37376,
      64.37376,
      64.37376,
      64.37376,
      64.37376,
      64.37376,
      64.37376,
      64.37376,
      64.37376,
      64.37376,
      64.37376,
      64.37376,
      64.37376,
      64.37376,
      64.37376,
      64.37376,
      64.37376,
      64.37376,
      64.37376,
      64.37376,
      64.37376,
      64.37376,
      64.37376,
      64.37376,
      64.37376,
      64.37376,
      64.37376,
      64.37376,
      64.37376,
      64.37376,
      64.37376,
      64.37376,
      64.37376,
      64.37376,
      64.37376,
      64.37376,
      64.37376,
      64.37376,
      64.37376,
      64.37376,
      64.37376,
      64.37376,
      64.37376,
      64.37376,
      64.37376,
      64.37376,
      64.37376,
      64.37376,
      64.37376,
      64.37376,
      64.37376,
      64.37376,
      64.37376,
      64.37376,
      64.37376,
      64.37376,
      64.37376,
      64.37376,
      64.37376,
      64.37376,
      64.37376,
      64.37376,
      64.37376,
      64.37376,
      64.37376,
      64.37376,
      64.37376,
      64.37376,
      64.37376,
      64.37376,
      64.37376,
      64.37376,
      64.37376,
      64.37376,
      64.37376,
      64.37376,
      64.37376,
      64.37376,
      64.37376,
      64.37376,
      64.37376,
      64.37376,
      64.37376,
      64.37376,
      64.37376,
      64.37376,
      64.37376,
      64.37376,
      64.37376,
      64.37376,
      64.37376,
      64.37376,
      64.37376,
      64.37376,
      64.37376,
      64.37376,
      64.37376,
      64.37376,
      64.37376,
      64.37376,
      64.37376,
      64.37376,
      64.37376,
      64.37376,
      64.37376,
      64.37376,
      64.37376,
      64.37376,
      64.37376,
      64.37376,
      64.37376,
      64.37376,
      64.37376,
      64.37376,
      64.37376,
      64.37376,
      64.37376,
      64.37376,
      64.37376,
      64.37376,
      64.37376,
      64.37376,
      64.37376,
      64.37376,
      64.37376,
      64.37376,
      64.37376,
      64.37376,
      64.37376,
      64.37376,
      64.37376,
      64.37376,
      64.37376,
      64.37376,
      64.37376,
      64.37376,
      64.37376,
      64.37376,
      64.37376,
      64.37376,
      64.37376,
      64.37376,
      64.37376,
      64.37376,
      64.37376,
      64.37376,
      64.37376,
      64.37376,
      64.37376,
      64.37376,
      64.37376,
      64.37376,
      64.37376,
      64.37376,
      64.37376,
      64.37376,
      64.37376,
      64.37376,
      64.37376,
      64.37376,
      64.37376,
      64.37376,
      64.37376,
      64.37376,
      64.37376,
      64.37376,
      64.37376,
      64.37376,
      64.37376,
      64.37376,
      64.37376,
      64.37376,
      64.37376,
      64.37376,
      64.37376,
      64.37376,
      64.37376,
      64.37376,
      64.37376,
      64.37376,
      64.37376,
      64.37376,
      64.37376,
      64.37376,
      64.37376,
      64.37376,
      64.37376,
      64.37376,
      64.37376,
      64.37376,
      64.37376,
      64.37376,
      64.37376,
      64.37376,
      64.37376,
      64.37376,
      64.37376,
      64.37376,
      64.37376,
      64.37376,
      64.37376,
      64.37376,
      64.37376,
      64.37376,
      64.37376,
      64.37376,
      64.37376,
      64.37376,
      64.37376,
      64.37376,
      64.37376,
      64.37376,
      64.37376,
      64.37376,
      64.37376,
      64.37376,
      64.37376,
      64.37376,
      64.37376,
      64.37376,
      64.37376,
      64.37376,
      64.37376,
      64.37376,
      64.37376,
      64.37376,
      64.37376,
      64.37376,
      64.37376,
      64.37376,
      64.37376,
      64.37376,
      64.37376,
      64.37376,
      64.37376,
      64.37376,
      64.37376,
      64.37376,
      64.37376,
      64.37376,
      64.37376,
      64.37376,
      64.37376,
      64.37376,
      64.37376,
      64.37376,
      64.37376,
      64.37376,
      64.37376,
      64.37376,
      64.37376,
      64.37376,
      64.37376,
      64.37376,
      64.37376,
      64.37376,
      64.37376,
      64.37376,
      64.37376,
      64.37376,
      64.37376,
      64.37376,
      64.37376,
      64.37376,
      64.37376,
      64.37376,
      64.37376,
      64.37376,
      64.37376,
      64.37376,
      64.37376,
      64.37376,
      64.37376,
      64.37376,
      64.37376,
      64.37376,
      64.37376,
      64.37376,
      64.37376,
      64.37376,
      64.37376,
      64.37376,
      64.37376,
      64.37376,
      64.37376,
      64.37376,
      64.37376,
      64.37376,
      64.37376,
      64.37376,
      64.37376,
      64.37376,
      64.37376,
      64.37376,
      64.37376,
      64.37376,
      64.37376,
      64.37376,
      64.37376,
      64.37376,
      64.37376,
      64.37376,
      64.37376,
      64.37376,
      64.37376,
      64.37376,
      64.37376,
      64.37376,
      64.37376,
      64.37376,
      64.37376,
      64.37376,
      64.37376,
      64.37376,
      64.37376,
      64.37376,
      64.37376,
      64.37376,
      64.37376,
      64.37376,
      64.37376,
      64.37376,
      64.37376,
      64.37376,
      64.37376,
      64.37376,
      64.37376,
      64.37376,
      64.37376,
      64.37376,
      64.37376,
      64.37376,
      64.37376,
      64.37376,
      64.37376,
      64.37376,
      64.37376,
      64.37376,
      64.37376,
      64.37376,
      64.37376,
      64.37376,
      64.37376,
      64.37376,
      64.37376,
      64.37376,
      64.37376,
      64.37376,
      64.37376,
      64.37376,
      64.37376,
      64.37376,
      64.37376,
      64.37376,
      64.37376,
      64.37376,
      64.37376,
      64.37376,
      64.37376,
      64.37376,
      64.37376,
      64.37376,
      64.37376,
      64.37376,
      64.37376,
      64.37376,
      64.37376,
      64.37376,
      64.37376,
      64.37376,
      64.37376,
      64.37376,
      64.37376,
      64.37376,
      64.37376,
      64.37376,
      64.37376,
      64.37376,
      64.37376,
      64.37376,
      64.37376,
      64.37376,
      64.37376,
      64.37376,
      64.37376,
      64.37376,
      64.37376,
      64.37376,
      64.37376,
      64.37376,
      64.37376,
      64.37376,
      64.37376,
      64.37376,
      64.37376,
      64.37376,
      64.37376,
      64.37376,
      64.37376,
      64.37376,
      64.37376,
      64.37376,
      64.37376,
      64.37376,
      64.37376,
      64.37376,
      64.37376,
      64.37376,
      64.37376,
      64.37376,
      64.37376,
      64.37376,
      64.37376,
      64.37376,
      64.37376,
      64.37376,
      64.37376,
      64.37376,
      64.37376,
      64.37376,
      64.37376,
      64.37376,
      64.37376,
      64.37376,
      64.37376,
      64.37376,
      64.37376,
      64.37376,
      64.37376,
      64.37376,
      64.37376,
      64.37376,
      64.37376,
      64.37376,
      64.37376,
      64.37376,
      64.37376,
      64.37376,
      64.37376,
      64.37376,
      64.37376,
      64.37376,
      64.37376,
      64.37376,
      64.37376,
      64.37376
    ],
    "is_bridge": [
      false,
      false,
      false,
      false,
      false,
      false,
      false,
      false,
      false,
      false,
      false,
      false,
      false,
      false,
      false,
      false,
      false,
      false,
      false,
      false,
      false,
      false,
      false,
      false,
      false,
      false,
      false,
      false,
      false,
      false,
      false,
      false,
      false,
      false,
      false,
      false,
      false,
      false,
      false,
      false,
      false,
      false,
      false,
      false,
      false,
      false,
      false,
      false,
      false,
      false,
      false,
      false,
      false,
      false,
      false,
      false,
      false,
      false,
      false,
      false,
      false,
      false,
      false,
      false,
      false,
      false,
      false,
      false,
      false,
      false,
      false,
      false,
      false,
      false,
      false,
      false,
      false,
      false,
      false,
      false,
      false,
      false,
      false,
      false,
      false,
      false,
      false,
      false,
      false,
      false,
      false,
      false,
      false,
      false,
      false,
      false,
      false,
      false,
      false,
      false,
      false,
      false,
      false,
      false,
      false,
      false,
      false,
      false,
      false,
      false,
      false,
      false,
      false,
      false,
      false,
      false,
      false,
      false,
      false,
      false,
      false,
      false,
      false,
      false,
      false,
      false,
      false,
      false,
      false,
      false,
      false,
      false,
      false,
      false,
      false,
      false,
      false,
      false,
      false,
      false,
      false,
      false,
      false,
      false,
      false,
      false,
      false,
      false,
      false,
      false,
      false,
      false,
      false,
      false,
      false,
      false,
      false,
      false,
      false,
      false,
      false,
      false,
      false,
      false,
      false,
      false,
      false,
      false,
      false,
      false,
      false,
      false,
      false,
      false,
      false,
      false,
      false,
      false,
      false,
      false,
      false,
      false,
      false,
      false,
      false,
      false,
      false,
      false,
      false,
      false,
      false,
      false,
      false,
      false,
      false,
      false,
      false,
      false,
      false,
      false,
      false,
      false,
      false,
      false,
      false,
      false,
      false,
      false,
      false,
      false,
      false,
      false,
      false,
      false,
      false,
      false,
      false,
      false,
      false,
      false,
      false,
      false,
      false,
      false,
      false,
      false,
      false,
      false,
      false,
      false,
      false,
      false,
      false,
      false,
      false,
      false,
      false,
      false,
      false,
      false,
      false,
      false,
      false,
      false,
      false,
      false,
      false,
      false,
      false,
      false,
      false,
      false,
      false,
      false,
      false,
      false,
      false,
      false,
      false,
      false,
      false,
      false,
      false,
      false,
      false,
      false,
      false,
      false,
      false,
      false,
      false,
      false,
      false,
      false,
      false,
      false,
      false,
      false,
      false,
      false,
      false,
      false,
      false,
      false,
      false,
      false,
      false,
      false,
      false,
      false,
      false,
      false,
      false,
      false,
      false,
      false,
      false,
      false,
      false,
      false,
      false,
      false,
      false,
      false,
      false,
      false,
      false,
      false,
      false,
      false,
      false,
      false,
      false,
      false,
      false,
      false,
      false,
      false,
      false,
      false,
      false,
      false,
      false,
      false,
      false,
      false,
      false,
      false,
      false,
      false,
      false,
      false,
      false,
      false,
      false,
      false,
      false,
      false,
      false,
      false,
      false,
      false,
      false,
      false,
      false,
      false,
      false,
      false,
      false,
      false,
      false,
      false,
      false,
      false,
      false,
      false,
      false,
      false,
      false,
      false,
      false,
      false,
      false,
      false,
      false,
      false,
      false,
      false,
      false,
      false,
      false,
      false,
      false,
      false,
      false,
      false,
      false,
      false,
      false,
      false,
      false,
      false,
      false,
      false,
      false,
      false,
      false,
      false,
      false,
      false,
      false,
      false,
      false,
      false,
      false,
      false,
      false,
      false,
      false,
      false,
      false,
      false,
      false,
      false,
      false,
      false,
      false,
      false,
      false,
      false,
      false,
      false,
      false,
      false,
      false,
      false,
      false,
      false,
      false,
      false,
      false,
      false,
      false,
      false,
      false,
      false,
      false,
      false,
      false,
      false,
      false,
      false,
      false,
      false,
      false,
      false,
      false,
      false,
      false,
      false,
      false,
      false,
      false,
      false,
      false,
      false,
      false,
      false,
      false,
      false,
      false,
      false,
      false,
      false,
      false,
      false,
      false,
      false,
      false,
      false,
      false,
      false,
      false,
      false,
      false,
      false,
      false,
      false,
      false,
      false,
      false,
      false,
      false,
      false,
      false,
      false,
      false,
      false,
      false,
      false,
      false,
      false,
      false,
      false,
      false,
      false,
      false,
      false,
      false,
      false,
      false,
      false,
      false,
      false,
      false,
      false,
      false,
      false,
      false,
      false,
      false,
      false,
      false,
      false,
      false,
      false,
      false,
      false,
      false,
      false,
      false,
      false,
      false,
      false,
      false,
      false,
      false,
      false,
      false,
      false,
      false,
      false,
      false,
      false,
      false,
      false,
      false,
      false,
      false,
      false,
      false,
      false,
      false,
      false,
      false,
      false,
      false,
      false,
      false,
      false,
      false,
      false,
      false,
      false,
      false,
      false,
      false,
      false,
      false,
      false,
      false,
      false,
      false,
      false,
      false,
      false,
      false,
      false,
      false,
      false,
      false,
      false,
      false,
      false,
      false,
      false,
      false,
      false,
      false,
      false,
      false,
      false,
      false,
      false,
      false,
      false,
      false,
      false,
      false,
      false,
      false,
      false,
      false,
      false,
      false,
      false,
      false,
      false,
      false,
      false,
      false,
      false,
      false,
      false,
      false,
      false,
      false,
      false,
      false,
      false,
      false,
      false,
      false,
      false,
      false,
      false,
      false,
      false,
      false,
      false,
      false,
      false,
      false,
      false,
      false,
      false,
      false,
      false,
      false,
      true,
      true,
      true,
      true,
      true,
      true,
      true,
      true,
      true,
      true,
      true,
      true,
      true,
      true,
      true,
      false,
      false,
      false,
      false,
      false,
      false,
      false,
      false,
      false,
      false,
      false,
      false,
      false,
      false,
      false,
      false,
      false,
      false,
      false,
      false,
      false,
      false,
      false,
      false,
      false,
      false,
      false,
      false,
      false,
      false,
      false,
      false,
      false,
      false,
      false,
      false,
      false,
      false,
      false,
      false,
      false,
      false,
      false,
      false,
      false,
      false,
      false,
      false,
      false,
      false,
      false,
      false,
      false,
      false,
      false,
      false,
      false,
      false,
      false,
      false,
      false,
      false,
      false,
      false,
      false,
      false,
      false,
      false,
      false,
      false,
      false,
      false,
      false,
      false,
      false,
      false,
      false,
      false,
      false,
      false,
      false,
      false,
      false,
      false,
      false,
      false,
      false,
      false,
      false,
      false,
      false,
      false,
      false,
      false,
      false,
      false,
      false,
      false,
      false,
      false,
      false,
      false,
      false,
      false,
      false,
      false,
      false,
      false,
      false,
      false,
      false,
      false,
      false,
      false,
      false,
      false,
      false,
      false,
      false,
      false,
      false,
      false,
      false,
      false,
      false,
      false,
      false,
      false,
      false,
      false,
      false,
      false,
      false,
      false,
      false,
      false,
      false,
      false,
      false,
      false,
      false,
      false,
      false,
      false,
      false,
      false,
      false,
      false,
      false,
      false,
      false,
      false,
      false,
      false,
      false,
      false,
      false,
      false,
      false,
      false,
      false,
      false,
      false,
      false,
      false,
      false,
      false,
      false,
      false,
      false,
      false,
      false,
      false,
      false,
      false,
      false,
      false,
      false,
      false,
      false,
      false,
      false,
      false,
      false,
      false,
      false,
      false,
      false,
      false,
      false,
      false,
      false,
      false,
      false,
      false,
      false,
      false,
      false,
      false,
      false,
      false,
      false,
      false,
      false,
      false,
      false,
      false,
      false,
      false,
      false,
      false,
      false,
      false,
      false,
      false,
      false,
      false,
      false,
      false,
      false,
      false,
      false,
      false,
      false,
      false,
      false,
      false,
      false,
      false,
      false,
      false,
      false,
      false,
      false,
      false,
      false,
      false,
      false,
      false,
      false,
      false,
      false,
      false,
      false,
      false,
      false,
      false,
      false,
      false,
      false,
      false,
      false,
      false,
      false,
      false,
      false,
      false,
      false,
      false,
      false,
      false,
      false,
      false,
      false,
      false,
      false,
      false,
      false,
      false,
      false,
      false,
      false,
      false,
      false,
      false,
      false,
      false,
      false,
      false,
      false,
      false,
      false,
      false,
      false,
      false,
      false,
      false,
      false,
      false,
      false,
      false,
      false,
      false,
      false,
      false,
      false,
      false,
      false,
      false,
      false,
      false,
      false,
      false,
      false,
      false,
      false,
      false,
      false,
      false,
      false,
      false,
      false,
      false,
      false,
      false,
      false,
      false,
      false,
      false,
      false,
      false,
      false,
      false,
      false,
      false,
      false,
      false,
      false,
      false,
      false,
      false,
      false,
      false,
      false,
      false,
      false,
      false,
      false,
      false,
      false,
      false,
      false,
      false,
      false,
      false,
      false,
      false,
      false,
      false,
      false,
      false,
      false,
      false,
      false,
      false,
      false,
      false,
      false,
      false,
      false,
      false,
      false,
      false,
      false,
      false,
      false,
      false,
      false,
      false,
      false,
      false,
      false,
      false,
      false,
      false,
      false,
      false,
      false,
      false,
      false,
      false,
      false,
      false,
      false,
      false,
      false,
      false,
      false,
      false,
      false,
      false,
      false,
      false,
      false,
      false,
      false,
      false,
      false,
      false,
      false,
      false,
      false,
      false,
      false,
      false,
      false,
      false,
      false,
      false,
      false,
      false,
      false,
      false,
      false,
      false,
      false,
      false,
      false,
      false,
      false,
      false,
      false,
      false,
      false,
      false,
      false,
      false,
      false,
      false,
      false,
      false,
      false,
      false,
      false,
      false,
      false,
      false,
      false,
      false,
      false,
      false,
      false,
      false,
      false,
      false,
      false,
      false,
      false,
      false,
      false,
      false,
      false,
      false,
      false,
      false,
      false,
      false,
      false,
      false,
      false,
      false,
      false,
      false,
      false,
      false,
      false,
      false,
      false,
      false,
      false,
      false,
      false,
      false,
      false,
      false,
      false,
      false,
      false,
      false,
      false,
      false,
      false,
      false,
      false,
      false,
      false,
      false,
      false,
      false,
      false,
      false,
      false,
      false,
      false,
      false,
      false,
      false,
      false,
      false,
      false,
      false,
      false,
      false,
      false,
      false,
      false,
      false,
      false,
      false,
      false,
      false,
      false,
      true,
      true,
      true,
      true,
      true,
      true,
      true,
      true,
      true,
      true,
      false,
      false,
      false,
      false,
      false,
      false,
      false,
      false,
      false,
      false,
      false,
      false,
      false,
      false,
      false,
      false,
      false,
      false,
      false,
      false,
      false,
      false,
      false,
      false,
      false,
      false,
      false,
      false,
      false,
      false,
      false,
      false,
      false,
      false,
      false,
      false,
      false,
      false,
      false,
      false,
      false,
      false,
      false,
      false,
      false,
      false,
      false,
      false,
      false,
      false,
      false,
      false,
      false,
      false,
      false,
      false,
      false,
      false,
      false,
      false,
      false,
      false,
      false,
      false,
      false,
      false,
      false,
      false,
      false,
      false,
      false,
      false,
      false,
      false,
      false,
      false,
      false,
      false,
      false,
      false,
      false,
      false,
      false,
      false,
      false,
      false,
      false,
      false,
      false,
      false,
      false,
      false,
      false,
      false,
      false,
      false,
      false,
      false,
      false,
      false,
      false,
      false,
      false,
      false,
      false,
      false,
      false,
      false,
      false,
      false,
      false,
      false,
      false,
      false,
      false,
      false,
      false,
      false,
      false,
      false,
      false,
      false,
      false,
      false,
      false,
      false,
      false,
      false,
      false,
      false,
      false,
      false,
      false,
      false,
      false,
      false,
      false,
      false,
      false,
      false,
      false,
      false,
      false,
      false,
      false,
      false,
      false,
      false,
      false,
      false,
      false,
      false,
      false,
      false,
      false,
      false,
      false,
      false,
      false,
      false,
      false,
      false,
      false,
      false,
      false,
      false,
      false,
      false,
      false,
      false,
      false,
      false,
      false,
      false,
      false,
      false,
      false,
      false,
      false,
      false,
      false,
      false,
      false,
      false,
      false,
      false,
      false,
      false,
      false,
      false,
      false,
      false,
      false,
      false,
      false,
      false,
      false,
      false,
      false,
      false,
      false,
      false,
      false,
      false,
      false,
      false,
      false,
      false,
      false,
      false,
      false,
      false,
      false,
      false,
      false,
      false,
      false,
      false,
      false,
      false,
      false,
      false,
      false,
      false,
      false,
      false,
      false,
      false,
      false,
      false,
      false,
      false,
      false,
      false,
      false,
      false,
      false,
      false,
      false,
      false,
      false,
      false,
      false,
      false,
      false,
      false,
      false,
      false,
      false,
      false,
      false,
      false,
      false,
      false,
      false,
      false,
      false,
      false,
      false,
      false,
      false,
      false,
      false,
      false,
      false,
      false,
      false,
      false,
      false,
      false,
      false,
      false,
      false,
      false,
      false,
      false,
      false,
      false,
      false,
      false,
      false,
      false,
      false,
      false,
      false,
      false,
      false,
      false,
      false,
      false,
      false,
      false,
      false,
      false,
      false,
      false,
      false,
      false,
      false,
      false,
      false,
      false,
      false,
      false,
      false,
      false,
      false,
      false,
      false,
      false,
      false,
      false,
      false,
      false,
      false,
      false,
      false,
      false,
      false,
      false,
      false,
      false,
      false,
      false,
      false,
      false,
      false,
      false,
      false,
      false,
      false,
      false,
      false,
      false,
      false,
      false,
      false,
      false,
      false,
      false,
      false,
      false,
      false,
      false,
      false,
      false,
      false,
      false,
      false,
      false,
      false,
      false,
      false,
      false,
      false,
      false,
      false,
      false,
      false,
      false,
      false,
      false,
      false,
      false,
      false,
      false,
      false,
      false,
      false,
      false,
      false,
      false,
      false,
      false,
      false,
      false,
      false,
      false,
      false,
      false,
      false,
      false,
      false,
      false,
      false,
      false,
      false,
      false,
      false,
      false,
      false,
      false,
      false,
      false,
      false,
      false,
      false,
      false,
      false,
      false,
      false,
      false,
      false,
      false,
      false,
      false,
      false,
      false,
      false,
      false,
      false,
      false,
      false,
      false,
      false,
      false,
      false,
      false,
      false,
      false,
      false,
      false,
      false,
      false,
      false,
      false,
      false,
      false,
      false,
      false,
      false,
      false,
      false,
      false,
      false,
      false,
      false,
      false,
      false,
      false,
      false,
      false,
      false,
      false,
      false,
      false,
      false,
      false,
      false,
      false,
      false,
      false,
      false,
      false,
      false,
      false,
      false,
      false,
      false,
      false,
      false,
      false,
      false,
      false,
      false,
      false,
      false,
      false,
      false,
      false,
      false,
      false,
      false,
      false,
      false,
      false,
      false,
      false,
      false,
      false,
      false,
      false,
      false,
      false,
      false,
      false,
      false,
      false,
      false,
      false,
      false,
      false,
      false,
      false,
      false,
      false,
      false,
      false,
      false,
      false,
      false,
      false,
      false,
      false,
      false,
      false,
      false,
      false,
      false,
      false,
      false,
      false,
      false,
      false,
      false,
      false,
      false,
      false,
      false,
      false,
      false,
      false,
      false,
      false,
      false,
      false,
      false,
      false,
      false,
      false,
      false,
      false,
      false,
      false,
      false,
      false,
      false,
      false,
      false,
      false,
      false,
      false,
      false,
      false,
      false,
      false,
      false,
      false,
      false,
      false,
      false,
      false,
      false,
      false,
      false,
      false,
      false,
      false,
      false,
      false,
      false,
      false,
      false,
      false,
      false,
      false,
      false,
      false,
      false,
      false,
      false,
      false,
      false,
      false,
      false,
      false,
      false,
      false,
      false,
      false,
      false,
      false,
      false,
      false,
      false,
      false,
      false,
      false,
      false,
      false,
      false,
      false,
      false,
      false,
      false,
      false,
      false,
      false,
      false,
      false,
      false,
      false,
      false,
      false,
      false,
      false,
      false,
      false,
      false,
      false,
      false,
      false,
      false,
      false,
      false,
      false,
      false,
      false,
      false,
      false,
      false,
      false,
      false,
      false,
      false,
      false,
      false,
      false,
      false,
      false,
      false,
      false,
      false,
      false,
      false,
      false,
      false,
      false,
      false,
      false,
      false,
      false,
      false,
      false,
      false,
      false,
      false,
      false,
      false,
      false,
      false,
      false,
      false,
      false,
      false,
      false,
      false,
      false,
      false,
      false,
      false,
      false,
      false,
      false,
      false,
      false,
      false,
      false,
      false,
      false,
      false,
      false,
      false,
      false,
      false,
      false,
      false,
      false,
      false,
      false,
      false,
      false,
      false,
      false,
      false,
      false,
      false,
      false,
      false,
      false,
      false,
      false,
      false,
      false,
      false,
      false,
      false,
      false,
      false,
      false,
      false,
      false,
      false,
      false,
      false,
      false,
      false,
      false,
      false,
      false,
      false,
      false,
      false,
      false,
      false,
      false,
      false,
      false,
      false,
      false,
      false,
      false,
      false,
      false,
      false,
      false,
      false,
      false,
      false,
      false,
      false,
      false,
      false,
      false,
      false,
      false,
      false,
      false,
      false,
      false,
      false,
      false,
      false,
      false,
      false,
      false,
      false,
      false,
      false,
      false,
      false,
      false,
      false,
      false,
      false,
      false,
      false,
      false,
      false,
      false,
      false,
      false,
      false,
      false,
      false,
      false,
      false,
      false,
      false,
      false,
      false,
      false,
      false,
      false,
      false,
      false,
      false,
      false,
      false,
      false,
      false,
      false,
      false,
      false,
      false,
      false,
      false,
      false,
      false,
      false,
      false,
      false,
      false,
      false,
      false,
      false,
      false,
      false,
      false,
      false,
      false,
      false,
      false,
      false,
      false,
      false,
      false,
      false,
      false,
      false,
      false,
      false,
      false,
      false,
      false,
      false,
      false,
      false,
      false,
      false,
      false,
      false,
      false,
      false,
      false,
      false,
      false,
      false,
      false,
      false,
      false,
      false,
      false,
      false,
      false,
      false,
      false,
      false,
      false,
      false,
      false,
      false,
      false,
      false,
      false,
      false,
      false,
      false,
      false,
      false,
      false,
      false,
      false,
      false,
      false,
      false,
      false,
      false,
      false,
      false,
      false,
      false,
      false,
      false,
      false,
      false,
      false,
      false,
      false,
      false,
      false,
      false,
      false,
      false,
      false,
      false,
      false,
      false,
      false,
      false,
      false,
      false,
      false,
      false,
      false,
      false,
      false,
      false,
      false,
      false,
      false,
      false,
      false,
      false,
      false,
      false,
      false,
      false,
      false,
      false,
      false,
      false,
      false,
      false,
      false,
      false,
      false,
      false,
      false,
      false,
      false,
      false,
      false,
      false,
      false,
      false,
      false,
      false,
      false,
      false,
      false,
      false,
      false,
      false,
      false,
      false,
      false,
      false,
      false,
      false,
      false,
      false,
      false,
      false,
      false,
      false,
      false,
      false,
      false,
      false,
      false,
      false,
      false,
      false,
      false,
      false,
      false,
      false,
      false,
      false,
      false,
      false,
      false,
      false,
      false,
      false,
      false,
      false,
      false,
      false,
      false,
      false,
      false,
      false,
      false,
      false,
      false,
      false,
      false,
      false,
      false,
      false,
      false,
      false,
      false,
      false,
      false,
      false,
      false,
      false,
      false,
      false,
      false,
      false,
      false,
      false,
      false,
      false,
      false,
      false,
      false,
      false,
      false,
      false,
      false,
      false,
      false,
      false,
      false,
      false,
      false,
      false,
      false,
      false,
      false,
      false,
      false,
      false,
      false,
      false,
      false,
      false,
      false,
      false,
      false,
      false,
      false,
      false,
      false,
      false,
      false,
      false,
      false,
      false,
      false,
      false,
      false,
      false,
      false,
      false,
      false,
      false,
      false,
      false,
      false,
      false,
      false,
      false,
      false,
      false,
      false,
      false,
      false,
      false,
      false,
      false,
      false,
      false,
      false,
      false,
      false,
      false,
      false,
      false,
      false,
      false,
      false,
      false,
      false,
      false,
      false,
      false,
      false,
      false,
      false,
      false,
      false,
      false,
      false,
      false,
      false,
      false,
      false,
      false,
      false,
      false,
      false,
      false,
      false,
      false,
      false,
      false,
      false,
      false,
      false,
      false,
      false,
      false,
      false,
      false,
      false,
      false,
      false,
      false,
      false,
      false,
      false,
      false,
      false,
      false,
      false,
      false,
      false,
      false,
      false,
      false,
      false,
      false,
      false,
      false,
      false,
      false,
      false,
      false,
      false,
      false,
      false,
      false,
      false,
      false,
      false,
      false,
      false,
      false,
      false,
      false,
      false,
      false,
      false,
      false,
      false,
      false,
      false,
      false,
      false,
      false,
      false,
      false,
      false,
      false,
      false,
      false,
      false,
      false,
      false,
      false,
      false,
      false,
      false,
      false,
      false,
      false,
      false,
      false,
      false,
      false,
      false,
      false,
      false,
      false,
      false,
      false,
      false,
      false,
      false,
      false,
      false,
      false,
      false,
      false,
      false,
      false,
      false,
      false,
      false,
      false,
      false,
      false,
      false,
      false,
      false,
      false,
      false,
      false,
      false,
      false,
      false,
      false,
      false,
      false,
      false,
      false,
      false,
      false,
      false,
      false,
      false,
      false,
      false,
      false,
      false,
      false,
      false,
      false,
      false,
      false,
      false,
      false,
      false,
      false,
      false,
      false,
      false,
      false,
      false,
      false,
      false,
      false,
      false,
      false,
      false,
      false,
      false,
      false,
      false,
      false,
      false,
      false,
      false,
      false,
      false,
      false,
      false,
      false,
      false,
      false,
      false,
      false,
      false,
      false,
      false,
      false,
      false,
      false,
      false,
      false,
      false,
      false,
      false,
      false,
      false,
      false,
      false,
      false,
      false,
      false,
      false,
      false,
      false,
      false,
      false,
      false,
      false,
      false,
      false,
      false,
      false,
      false,
      false,
      false,
      false,
      false,
      false,
      false,
      false,
      false,
      false,
      false,
      false,
      false,
      false,
      false,
      false,
      false,
      false,
      false,
      false,
      false,
      false,
      false,
      false,
      false,
      false,
      false,
      false,
      false,
      false,
      false,
      false,
      false,
      false,
      false,
      false,
      false,
      false,
      false,
      false,
      false,
      false,
      false,
      false,
      false,
      false,
      false,
      false,
      false,
      false,
      false,
      false,
      false,
      false,
      false,
      false,
      false,
      false,
      false,
      false,
      false,
      false,
      false,
      false,
      false,
      false,
      false,
      false,
      false,
      false,
      false,
      false,
      false,
      false,
      false,
      false,
      false,
      false,
      true,
      true,
      false,
      false,
      false,
      false,
      false,
      false,
      false,
      false,
      false,
      false,
      false,
      false,
      false,
      false,
      false,
      false,
      false,
      false,
      false,
      false,
      false,
      false,
      false,
      false,
      false,
      false,
      false,
      false,
      false,
      false,
      false,
      false,
      false,
      false,
      false,
      false,
      false,
      false,
      false,
      false,
      false,
      false,
      false,
      false,
      false,
      false,
      false,
      false,
      false,
      false,
      false,
      false,
      false,
      false,
      false,
      false,
      false,
      false,
      false,
      false,
      false,
      false,
      false,
      false,
      false,
      false,
      false,
      false,
      false,
      false,
      false,
      false,
      false,
      false,
      false,
      false,
      false,
      false,
      false,
      false,
      false,
      false,
      false,
      false,
      false,
      false,
      false,
      false,
      false,
      false,
      false,
      false,
      false,
      false,
      false,
      false,
      false,
      false,
      false,
      false,
      false,
      false,
      false,
      false,
      false,
      false,
      false,
      false,
      false,
      false,
      false,
      false,
      false,
      false,
      false,
      false,
      false,
      false,
      false,
      false,
      false,
      false,
      false,
      false,
      false,
      false,
      false,
      false,
      false,
      false,
      false,
      false,
      false,
      false,
      false,
      false,
      false,
      false,
      false,
      false,
      false,
      false,
      false,
      false,
      false,
      false,
      false,
      false,
      false,
      false,
      false,
      false,
      false,
      false,
      false,
      false,
      false,
      false,
      false,
      false,
      false,
      false,
      false,
      false,
      false,
      false,
      false,
      false,
      false,
      false,
      false,
      false,
      false,
      false,
      false,
      false,
      false,
      false,
      false,
      false,
      false,
      false,
      false,
      false,
      false,
      false,
      false,
      false,
      false,
      false,
      false,
      false,
      false,
      false,
      false,
      false,
      false,
      false,
      false,
      false,
      false,
      false,
      false,
      false,
      false,
      false,
      false,
      false,
      false,
      false,
      false,
      false,
      false,
      false,
      false,
      false,
      false,
      false,
      false,
      false,
      false,
      false,
      false,
      false,
      false,
      false,
      false,
      false,
      false,
      false,
      false,
      false,
      false,
      false,
      false,
      false,
      false,
      false,
      false,
      false,
      false,
      false,
      false,
      false,
      false,
      false,
      false,
      false,
      false,
      false,
      false,
      false,
      false,
      false,
      false,
      false,
      false,
      false,
      false,
      false,
      false,
      false,
      false,
      false,
      false,
      false,
      false,
      false,
      false,
      false,
      false,
      false,
      false,
      false,
      false,
      false,
      false,
      false,
      false,
      false,
      false,
      false,
      false,
      false,
      false,
      false,
      false,
      false,
      false,
      false,
      false,
      false,
      false,
      false,
      false,
      false,
      false,
      false,
      false,
      false,
      false,
      false,
      false,
      false,
      false,
      false,
      false,
      false,
      false,
      false,
      false,
      false,
      false,
      false,
      false,
      false,
      false,
      false,
      false,
      false,
      false,
      false,
      false,
      false,
      false,
      false,
      false,
      false,
      false,
      false,
      false,
      false,
      false,
      false,
      false,
      false,
      false,
      false,
      false,
      false,
      false,
      false,
      false,
      false,
      false,
      false,
      false,
      false,
      false,
      false,
      false,
      false,
      false,
      false,
      false,
      false,
      false,
      false,
      false,
      false,
      false,
      false,
      false,
      false,
      false,
      false,
      false,
      false,
      false,
      false,
      false,
      false,
      false,
      false,
      false,
      false,
      false,
      false,
      false,
      false,
      false,
      false,
      false,
      false,
      false,
      false,
      false,
      false,
      false,
      false,
      false,
      false,
      false,
      false,
      false,
      false,
      false,
      false,
      false,
      false,
      true,
      true,
      false,
      false,
      false,
      false,
      false,
      false,
      false,
      false,
      false,
      false,
      false,
      false,
      false,
      false,
      false,
      false,
      false,
      false,
      false,
      false,
      false,
      false,
      false,
      false,
      false,
      false,
      false,
      false,
      false,
      false,
      false,
      false,
      false,
      false,
      false,
      false,
      false,
      false,
      false,
      false,
      false,
      false,
      false,
      false,
      false,
      false,
      false,
      false,
      false,
      false,
      false,
      false,
      false,
      false,
      false,
      false,
      false,
      false,
      false,
      false,
      false,
      false,
      false,
      false,
      false,
      false,
      false,
      false,
      false,
      false,
      false,
      false,
      false,
      false,
      false,
      false,
      false,
      false,
      false,
      false,
      false,
      false,
      false,
      false,
      false,
      false,
      false,
      false,
      false,
      false,
      false,
      false,
      false,
      false,
      false,
      false,
      false,
      false,
      false,
      false,
      false,
      false,
      false,
      false,
      false,
      false,
      false,
      false,
      false,
      false,
      false,
      false,
      false,
      false,
      false,
      false,
      false,
      false,
      false,
      false,
      false,
      false,
      false,
      false,
      false,
      false,
      false,
      false,
      false,
      false,
      false,
      false,
      false,
      false,
      false,
      false,
      false,
      false,
      false,
      false,
      false,
      false,
      false,
      false,
      false,
      false,
      false,
      false,
      false,
      false,
      false,
      false,
      false,
      false,
      false,
      false,
      false,
      false,
      false,
      false,
      false,
      false,
      false,
      false,
      false,
      false,
      false,
      false,
      false,
      false,
      false,
      false,
      false,
      false,
      false,
      false,
      false,
      false,
      false,
      false,
      false,
      false,
      false,
      false,
      false,
      false,
      false,
      false,
      false,
      false,
      false,
      false,
      false,
      false,
      false,
      false,
      false,
      false,
      false,
      false,
      false,
      false,
      false,
      false,
      false,
      false,
      false,
      false,
      false,
      false,
      false,
      false,
      false,
      false,
      false,
      false,
      false,
      false,
      false,
      false,
      false,
      false,
      false,
      false,
      false,
      false,
      false,
      false,
      false,
      false,
      false,
      false,
      false,
      false,
      false,
      false,
      false,
      false,
      false,
      false,
      false,
      false,
      false,
      false,
      false,
      false,
      false,
      false,
      false,
      false,
      false,
      false,
      false,
      false,
      false,
      false,
      false,
      false,
      false,
      false,
      false,
      false,
      false,
      false,
      false,
      false,
      false,
      false,
      false,
      false,
      false,
      false,
      false,
      false,
      false,
      false,
      false,
      false,
      false,
      false,
      false,
      false,
      false,
      false,
      false,
      false,
      false,
      false,
      false,
      false,
      false,
      false,
      false,
      false,
      false,
      false,
      false,
      false,
      false,
      false,
      false,
      false,
      false,
      false,
      false,
      false,
      false,
      false,
      false,
      false,
      false,
      false,
      false,
      false,
      false,
      false,
      false,
      false,
      false,
      false,
      false,
      false,
      false,
      false,
      false,
      false,
      false,
      false,
      false,
      false,
      false,
      false,
      false,
      false,
      false,
      false,
      false,
      false,
      false,
      false,
      false,
      false,
      false,
      false,
      false,
      false,
      false,
      false,
      false,
      false,
      false,
      false,
      false,
      false,
      false,
      false,
      false,
      false,
      false,
      false,
      false,
      false,
      false,
      false,
      false,
      false,
      false,
      false,
      false,
      false,
      false,
      false
    ],
    "is_tunnel": [
      false,
      false,
      false,
      false,
      false,
      false,
      false,
      false,
      false,
      false,
      false,
      false,
      false,
      false,
      false,
      false,
      false,
      false,
      false,
      false,
      false,
      false,
      false,
      false,
      false,
      false,
      false,
      false,
      false,
      false,
      false,
      false,
      false,
      false,
      false,
      false,
      false,
      false,
      false,
      false,
      false,
      false,
      false,
      false,
      false,
      false,
      false,
      false,
      false,
      false,
      false,
      false,
      false,
      false,
      false,
      false,
      false,
      false,
      false,
      false,
      false,
      false,
      false,
      false,
      false,
      false,
      false,
      false,
      false,
      false,
      false,
      false,
      false,
      false,
      false,
      false,
      false,
      false,
      false,
      false,
      false,
      false,
      false,
      false,
      false,
      false,
      false,
      false,
      false,
      false,
      false,
      false,
      false,
      false,
      false,
      false,
      false,
      false,
      false,
      false,
      false,
      false,
      false,
      false,
      false,
      false,
      false,
      false,
      false,
      false,
      false,
      false,
      false,
      false,
      false,
      false,
      false,
      false,
      false,
      false,
      false,
      false,
      false,
      false,
      false,
      false,
      false,
      false,
      false,
      false,
      false,
      false,
      false,
      false,
      false,
      false,
      false,
      false,
      false,
      false,
      false,
      false,
      false,
      false,
      false,
      false,
      false,
      false,
      false,
      false,
      false,
      false,
      false,
      false,
      false,
      false,
      false,
      false,
      false,
      false,
      false,
      false,
      false,
      false,
      false,
      false,
      false,
      false,
      false,
      false,
      false,
      false,
      false,
      false,
      false,
      false,
      false,
      false,
      false,
      false,
      false,
      false,
      false,
      false,
      false,
      false,
      false,
      false,
      false,
      false,
      false,
      false,
      false,
      false,
      false,
      false,
      false,
      false,
      false,
      false,
      false,
      false,
      false,
      false,
      false,
      false,
      false,
      false,
      false,
      false,
      false,
      false,
      false,
      false,
      false,
      false,
      false,
      false,
      false,
      false,
      false,
      false,
      false,
      false,
      false,
      false,
      false,
      false,
      false,
      false,
      false,
      false,
      false,
      false,
      false,
      false,
      false,
      false,
      false,
      false,
      false,
      false,
      false,
      false,
      false,
      false,
      false,
      false,
      false,
      false,
      false,
      false,
      false,
      false,
      false,
      false,
      false,
      false,
      false,
      false,
      false,
      false,
      false,
      false,
      false,
      false,
      false,
      false,
      false,
      false,
      false,
      false,
      false,
      false,
      false,
      false,
      false,
      false,
      false,
      false,
      false,
      false,
      false,
      false,
      false,
      false,
      false,
      false,
      false,
      false,
      false,
      false,
      false,
      false,
      false,
      false,
      false,
      false,
      false,
      false,
      false,
      false,
      false,
      false,
      false,
      false,
      false,
      false,
      false,
      false,
      false,
      false,
      false,
      false,
      false,
      false,
      false,
      false,
      false,
      false,
      false,
      false,
      false,
      false,
      false,
      false,
      false,
      false,
      false,
      false,
      false,
      false,
      false,
      false,
      false,
      false,
      false,
      false,
      false,
      false,
      false,
      false,
      false,
      false,
      false,
      false,
      false,
      false,
      false,
      false,
      false,
      false,
      false,
      false,
      false,
      false,
      false,
      false,
      false,
      false,
      false,
      false,
      false,
      false,
      false,
      false,
      false,
      false,
      false,
      false,
      false,
      false,
      false,
      false,
      false,
      false,
      false,
      false,
      false,
      false,
      false,
      false,
      false,
      false,
      false,
      false,
      false,
      false,
      false,
      false,
      false,
      false,
      false,
      false,
      false,
      false,
      false,
      false,
      false,
      false,
      false,
      false,
      false,
      false,
      false,
      false,
      false,
      false,
      false,
      false,
      false,
      false,
      false,
      false,
      false,
      false,
      false,
      false,
      false,
      false,
      false,
      false,
      false,
      false,
      false,
      false,
      false,
      false,
      false,
      false,
      false,
      false,
      false,
      false,
      false,
      false,
      false,
      false,
      false,
      false,
      false,
      false,
      false,
      false,
      false,
      false,
      false,
      false,
      false,
      false,
      false,
      false,
      false,
      false,
      false,
      false,
      false,
      false,
      false,
      false,
      false,
      false,
      false,
      false,
      false,
      false,
      false,
      false,
      false,
      false,
      false,
      false,
      false,
      false,
      false,
      false,
      false,
      false,
      false,
      false,
      false,
      false,
      false,
      false,
      false,
      false,
      false,
      false,
      false,
      false,
      false,
      false,
      false,
      false,
      false,
      false,
      false,
      false,
      false,
      false,
      false,
      false,
      false,
      false,
      false,
      false,
      false,
      false,
      false,
      false,
      false,
      false,
      false,
      false,
      false,
      false,
      false,
      false,
      false,
      false,
      false,
      false,
      false,
      false,
      false,
      false,
      false,
      false,
      false,
      false,
      false,
      false,
      false,
      false,
      false,
      false,
      false,
      false,
      false,
      false,
      false,
      false,
      false,
      false,
      false,
      false,
      false,
      false,
      false,
      false,
      false,
      false,
      false,
      false,
      false,
      false,
      false,
      false,
      false,
      false,
      false,
      false,
      false,
      false,
      false,
      false,
      false,
      false,
      false,
      false,
      false,
      false,
      false,
      false,
      false,
      false,
      false,
      false,
      false,
      false,
      false,
      false,
      false,
      false,
      false,
      false,
      false,
      false,
      false,
      false,
      false,
      false,
      false,
      false,
      false,
      false,
      false,
      false,
      false,
      false,
      false,
      false,
      false,
      false,
      false,
      false,
      false,
      false,
      false,
      false,
      false,
      false,
      false,
      false,
      false,
      false,
      false,
      false,
      false,
      false,
      false,
      false,
      false,
      false,
      false,
      false,
      false,
      false,
      false,
      false,
      false,
      false,
      false,
      false,
      false,
      false,
      false,
      false,
      false,
      false,
      false,
      false,
      false,
      false,
      false,
      false,
      false,
      false,
      false,
      false,
      false,
      false,
      false,
      false,
      false,
      false,
      false,
      false,
      false,
      false,
      false,
      false,
      false,
      false,
      false,
      false,
      false,
      false,
      false,
      false,
      false,
      false,
      false,
      false,
      false,
      false,
      false,
      false,
      false,
      false,
      false,
      false,
      false,
      false,
      false,
      false,
      false,
      false,
      false,
      false,
      false,
      false,
      false,
      false,
      false,
      false,
      false,
      false,
      false,
      false,
      false,
      false,
      false,
      false,
      false,
      false,
      false,
      false,
      false,
      false,
      false,
      false,
      false,
      false,
      false,
      false,
      false,
      false,
      false,
      false,
      false,
      false,
      false,
      false,
      false,
      false,
      false,
      false,
      false,
      false,
      false,
      false,
      false,
      false,
      false,
      false,
      false,
      false,
      false,
      false,
      false,
      false,
      false,
      false,
      false,
      false,
      false,
      false,
      false,
      false,
      false,
      false,
      false,
      false,
      false,
      false,
      false,
      false,
      false,
      false,
      false,
      false,
      false,
      false,
      false,
      false,
      false,
      false,
      false,
      false,
      false,
      false,
      false,
      false,
      false,
      false,
      false,
      false,
      false,
      false,
      false,
      false,
      false,
      false,
      false,
      false,
      false,
      false,
      false,
      false,
      false,
      false,
      false,
      false,
      false,
      false,
      false,
      false,
      false,
      false,
      false,
      false,
      false,
      false,
      false,
      false,
      false,
      false,
      false,
      false,
      false,
      false,
      false,
      false,
      false,
      false,
      false,
      false,
      false,
      false,
      false,
      false,
      false,
      false,
      false,
      false,
      false,
      false,
      false,
      false,
      false,
      false,
      false,
      false,
      false,
      false,
      false,
      false,
      false,
      false,
      false,
      false,
      false,
      false,
      false,
      false,
      false,
      false,
      false,
      false,
      false,
      false,
      false,
      false,
      false,
      false,
      false,
      false,
      false,
      false,
      false,
      false,
      false,
      false,
      false,
      false,
      false,
      false,
      false,
      false,
      false,
      false,
      false,
      false,
      false,
      false,
      false,
      false,
      false,
      false,
      false,
      false,
      false,
      false,
      false,
      false,
      false,
      false,
      false,
      false,
      false,
      false,
      false,
      false,
      false,
      false,
      false,
      false,
      false,
      false,
      false,
      false,
      false,
      false,
      false,
      false,
      false,
      false,
      false,
      false,
      false,
      false,
      false,
      false,
      false,
      false,
      false,
      false,
      false,
      false,
      false,
      false,
      false,
      false,
      false,
      false,
      false,
      false,
      false,
      false,
      false,
      false,
      false,
      false,
      false,
      false,
      false,
      false,
      false,
      false,
      false,
      false,
      false,
      false,
      false,
      false,
      false,
      false,
      false,
      false,
      false,
      false,
      false,
      false,
      false,
      false,
      false,
      false,
      false,
      false,
      false,
      false,
      false,
      false,
      false,
      false,
      false,
      false,
      false,
      false,
      false,
      false,
      false,
      false,
      false,
      false,
      false,
      false,
      false,
      false,
      false,
      false,
      false,
      false,
      false,
      false,
      false,
      false,
      false,
      false,
      false,
      false,
      false,
      false,
      false,
      false,
      false,
      false,
      false,
      false,
      false,
      false,
      false,
      false,
      false,
      false,
      false,
      false,
      false,
      false,
      false,
      false,
      false,
      false,
      false,
      false,
      false,
      false,
      false,
      false,
      false,
      false,
      false,
      false,
      false,
      false,
      false,
      false,
      false,
      false,
      false,
      false,
      false,
      false,
      false,
      false,
      false,
      false,
      false,
      false,
      false,
      false,
      false,
      false,
      false,
      false,
      false,
      false,
      false,
      false,
      false,
      false,
      false,
      false,
      false,
      false,
      false,
      false,
      false,
      false,
      false,
      false,
      false,
      false,
      false,
      false,
      false,
      false,
      false,
      false,
      false,
      false,
      false,
      false,
      false,
      false,
      false,
      false,
      false,
      false,
      false,
      false,
      false,
      false,
      false,
      false,
      false,
      false,
      false,
      false,
      false,
      false,
      false,
      false,
      false,
      false,
      false,
      false,
      false,
      false,
      false,
      false,
      false,
      false,
      false,
      false,
      false,
      false,
      false,
      false,
      false,
      false,
      false,
      false,
      false,
      false,
      false,
      false,
      false,
      false,
      false,
      false,
      false,
      false,
      false,
      false,
      false,
      false,
      false,
      false,
      false,
      false,
      false,
      false,
      false,
      false,
      false,
      false,
      false,
      false,
      false,
      false,
      false,
      false,
      false,
      false,
      false,
      false,
      false,
      false,
      false,
      false,
      false,
      false,
      false,
      false,
      false,
      false,
      false,
      false,
      false,
      false,
      false,
      false,
      false,
      false,
      false,
      false,
      false,
      false,
      false,
      false,
      false,
      false,
      false,
      false,
      false,
      false,
      false,
      false,
      false,
      false,
      false,
      false,
      false,
      false,
      false,
      false,
      false,
      false,
      false,
      false,
      false,
      false,
      false,
      false,
      false,
      false,
      false,
      false,
      false,
      false,
      false,
      false,
      false,
      false,
      false,
      false,
      false,
      false,
      false,
      false,
      false,
      false,
      false,
      false,
      false,
      false,
      false,
      false,
      false,
      false,
      false,
      false,
      false,
      false,
      false,
      false,
      false,
      false,
      false,
      false,
      false,
      false,
      false,
      false,
      false,
      false,
      false,
      false,
      false,
      false,
      false,
      false,
      false,
      false,
      false,
      false,
      false,
      false,
      false,
      false,
      false,
      false,
      false,
      false,
      false,
      false,
      false,
      false,
      false,
      false,
      false,
      false,
      false,
      false,
      false,
      false,
      false,
      false,
      false,
      false,
      false,
      false,
      false,
      false,
      false,
      false,
      false,
      false,
      false,
      false,
      false,
      false,
      false,
      false,
      false,
      false,
      false,
      false,
      false,
      false,
      false,
      false,
      false,
      false,
      false,
      false,
      false,
      false,
      false,
      false,
      false,
      false,
      false,
      false,
      false,
      false,
      false,
      false,
      false,
      false,
      false,
      false,
      false,
      false,
      false,
      false,
      false,
      false,
      false,
      false,
      false,
      false,
      false,
      false,
      false,
      false,
      false,
      false,
      false,
      false,
      false,
      false,
      false,
      false,
      false,
      false,
      false,
      false,
      false,
      false,
      false,
      false,
      false,
      false,
      false,
      false,
      false,
      false,
      false,
      false,
      false,
      false,
      false,
      false,
      false,
      false,
      false,
      false,
      false,
      false,
      false,
      false,
      false,
      false,
      false,
      false,
      false,
      false,
      false,
      false,
      false,
      false,
      false,
      false,
      false,
      false,
      false,
      false,
      false,
      false,
      false,
      false,
      false,
      false,
      false,
      false,
      false,
      false,
      false,
      false,
      false,
      false,
      false,
      false,
      false,
      false,
      false,
      false,
      false,
      false,
      false,
      false,
      false,
      false,
      false,
      false,
      false,
      false,
      false,
      false,
      false,
      false,
      false,
      false,
      false,
      false,
      false,
      false,
      false,
      false,
      false,
      false,
      false,
      false,
      false,
      false,
      false,
      false,
      false,
      false,
      false,
      false,
      false,
      false,
      false,
      false,
      false,
      false,
      false,
      false,
      false,
      false,
      false,
      false,
      false,
      false,
      false,
      false,
      false,
      false,
      false,
      false,
      false,
      false,
      false,
      false,
      false,
      false,
      false,
      false,
      false,
      false,
      false,
      false,
      false,
      false,
      false,
      false,
      false,
      false,
      false,
      false,
      false,
      false,
      false,
      false,
      false,
      false,
      false,
      false,
      false,
      false,
      false,
      false,
      false,
      false,
      false,
      false,
      false,
      false,
      false,
      false,
      false,
      false,
      false,
      false,
      false,
      false,
      false,
      false,
      false,
      false,
      false,
      false,
      false,
      false,
      false,
      false,
      false,
      false,
      false,
      false,
      false,
      false,
      false,
      false,
      false,
      false,
      false,
      false,
      false,
      false,
      false,
      false,
      false,
      false,
      false,
      false,
      false,
      false,
      false,
      false,
      false,
      false,
      false,
      false,
      false,
      false,
      false,
      false,
      false,
      false,
      false,
      false,
      false,
      false,
      false,
      false,
      false,
      false,
      false,
      false,
      false,
      false,
      false,
      false,
      false,
      false,
      false,
      false,
      false,
      false,
      false,
      false,
      false,
      false,
      false,
      false,
      false,
      false,
      false,
      false,
      false,
      false,
      false,
      false,
      false,
      false,
      false,
      false,
      false,
      false,
      false,
      false,
      false,
      false,
      false,
      false,
      false,
      false,
      false,
      false,
      false,
      false,
      false,
      false,
      false,
      false,
      false,
      false,
      false,
      false,
      false,
      false,
      false,
      false,
      false,
      false,
      false,
      false,
      false,
      false,
      false,
      false,
      false,
      false,
      false,
      false,
      false,
      false,
      false,
      false,
      false,
      false,
      false,
      false,
      false,
      false,
      false,
      false,
      false,
      false,
      false,
      false,
      false,
      false,
      false,
      false,
      false,
      false,
      false,
      false,
      false,
      false,
      false,
      false,
      false,
      false,
      false,
      false,
      false,
      false,
      false,
      false,
      false,
      false,
      false,
      false,
      false,
      false,
      false,
      false,
      false,
      false,
      false,
      false,
      false,
      false,
      false,
      false,
      false,
      false,
      false,
      false,
      false,
      false,
      false,
      false,
      false,
      false,
      false,
      false,
      false,
      false,
      false,
      false,
      false,
      false,
      false,
      false,
      false,
      false,
      false,
      false,
      false,
      false,
      false,
      false,
      false,
      false,
      false,
      false,
      false,
      false,
      false,
      false,
      false,
      false,
      false,
      false,
      false,
      false,
      false,
      false,
      false,
      false,
      false,
      false,
      false,
      false,
      false,
      false,
      false,
      false,
      false,
      false,
      false,
      false,
      false,
      false,
      false,
      false,
      false,
      false,
      false,
      false,
      false,
      false,
      false,
      false,
      false,
      false,
      false,
      false,
      false,
      false,
      false,
      false,
      false,
      false,
      false,
      false,
      false,
      false,
      false,
      false,
      false,
      false,
      false,
      false,
      false,
      false,
      false,
      false,
      false,
      false,
      false,
      false,
      false,
      false,
      false,
      false,
      false,
      false,
      false,
      false,
      false,
      false,
      false,
      false,
      false,
      false,
      false,
      false,
      false,
      false,
      false,
      false,
      false,
      false,
      false,
      false,
      false,
      false,
      false,
      false,
      false,
      false,
      false,
      false,
      false,
      false,
      false,
      false,
      false,
      false,
      false,
      false,
      false,
      false,
      false,
      false,
      false,
      false,
      false,
      false,
      false,
      false,
      false,
      false,
      false,
      false,
      false,
      false,
      false,
      false,
      false,
      false,
      false,
      false,
      false,
      false,
      false,
      false,
      false,
      false,
      false,
      false,
      false,
      false,
      false,
      false,
      false,
      false,
      false,
      false,
      false,
      false,
      false,
      false,
      false,
      false,
      false,
      false,
      false,
      false,
      false,
      false,
      false,
      false,
      false,
      false,
      false,
      false,
      false,
      false,
      false,
      false,
      false,
      false,
      false,
      false,
      false,
      false,
      false,
      false,
      false,
      false,
      false,
      false,
      false,
      false,
      false,
      false,
      false,
      false,
      false,
      false,
      false,
      false,
      false,
      false,
      false,
      false,
      false,
      false,
      false,
      false,
      false,
      false,
      false,
      false,
      false,
      false,
      false,
      false,
      false,
      false,
      false,
      false,
      false,
      false,
      false,
      false,
      false,
      false,
      false,
      false,
      false,
      false,
      false,
      false,
      false,
      false,
      false,
      false,
      false,
      false,
      false,
      false,
      false,
      false,
      false,
      false,
      false,
      false,
      false,
      false,
      false,
      false,
      false,
      false,
      false,
      false,
      false,
      false,
      false,
      false,
      false,
      false,
      false,
      false,
      false,
      false,
      false,
      false,
      false,
      false,
      false,
      false,
      false,
      false,
      false,
      false,
      false,
      false,
      false,
      false,
      false,
      false,
      false,
      false,
      false,
      false,
      false,
      false,
      false,
      false,
      false,
      false,
      false,
      false,
      false,
      false,
      false,
      false,
      false,
      false,
      false,
      false,
      false,
      false,
      false,
      false,
      false,
      false,
      false,
      false,
      false,
      false,
      false,
      false,
      false,
      false,
      false,
      false,
      false,
      false,
      false,
      false,
      false,
      false,
      false,
      false,
      false,
      false,
      false,
      false,
      false,
      false,
      false,
      false,
      false,
      false,
      false,
      false,
      false,
      false,
      false,
      false,
      false,
      false,
      false,
      false,
      false,
      false,
      false,
      false,
      false,
      false,
      false,
      false,
      false,
      false,
      false,
      false,
      false,
      false,
      false,
      false,
      false,
      false,
      false,
      false,
      false,
      false,
      false,
      false,
      false,
      false,
      false,
      false,
      false,
      false,
      false,
      false,
      false,
      false,
      false,
      false,
      false,
      false,
      false,
      false,
      false,
      false,
      false,
      false,
      false,
      false,
      false,
      false,
      false,
      false,
      false,
      false,
      false,
      false,
      false,
      false,
      false,
      false,
      false,
      false,
      false,
      false,
      false,
      false,
      false,
      false,
      false,
      false,
      false,
      false,
      false,
      false,
      false,
      false,
      false,
      false,
      false,
      false,
      false,
      false,
      false,
      false,
      false,
      false,
      false,
      false,
      false,
      false,
      false,
      false,
      false,
      false,
      false,
      false,
      false,
      false,
      false,
      false,
      false,
      false,
      false,
      false,
      false,
      false,
      false,
      false,
      false,
      false,
      false,
      false,
      false,
      false,
      false,
      false,
      false,
      false,
      false,
      false,
      false,
      false,
      false,
      false,
      false,
      false,
      false,
      false,
      false,
      false,
      false,
      false,
      false,
      false,
      false,
      false,
      false,
      false,
      false,
      false,
      false,
      false,
      false,
      false,
      false,
      false,
      false,
      false,
      false,
      false,
      false,
      false,
      false,
      false,
      false,
      false,
      false,
      false,
      false,
      false,
      false,
      false,
      false,
      false,
      false,
      false,
      false,
      false,
      false,
      false,
      false,
      false,
      false,
      false,
      false,
      false,
      false,
      false,
      false,
      false,
      false,
      false,
      false,
      false,
      false,
      false,
      false,
      false,
      false,
      false,
      false,
      false,
      false,
      false,
      false,
      false,
      false,
      false,
      false,
      false,
      false,
      false,
      false,
      false,
      false,
      false,
      false,
      false,
      false,
      false,
      false,
      false,
      false,
      false,
      false,
      false,
      false,
      false,
      false,
      false,
      false,
      false,
      false,
      false,
      false,
      false,
      false,
      false,
      false,
      false,
      false,
      false,
      false,
      false,
      false,
      false,
      false,
      false,
      false,
      false,
      false,
      false,
      false,
      false,
      false,
      false,
      false,
      false,
      false,
      false,
      false,
      false,
      false,
      false,
      false,
      false,
      false,
      false,
      false,
      false,
      false,
      false,
      false,
      false,
      false,
      false,
      false,
      false,
      false,
      false,
      false,
      false,
      false,
      false,
      false,
      false,
      false,
      false,
      false,
      false,
      false,
      false,
      false,
      false,
      false,
      false,
      false,
      false,
      false,
      false,
      false,
      false,
      false,
      false,
      false,
      false,
      false,
      false,
      false,
      false,
      false,
      false,
      false,
      false,
      false,
      false,
      false,
      false,
      false,
      false,
      false,
      false,
      false,
      false,
      false,
      false,
      false,
      false,
      false,
      false,
      false,
      false,
      false,
      false,
      false,
      false,
      false,
      false,
      false,
      false,
      false,
      false,
      false,
      false,
      false,
      false,
      false,
      false,
      false,
      false,
      false,
      false,
      false,
      false,
      false,
      false,
      false,
      false,
      false,
      false,
      false,
      false,
      false,
      false,
      false,
      false,
      false,
      false,
      false,
      false,
      false,
      false,
      false,
      false,
      false,
      false,
      false,
      false,
      false,
      false,
      false,
      false,
      false,
      false,
      false,
      false,
      false,
      false,
      false,
      false,
      false,
      false,
      false,
      false,
      false,
      false,
      false,
      false,
      false,
      false,
      false,
      false,
      false,
      false,
      false,
      false,
      false,
      false,
      false,
      false,
      false,
      false,
      false,
      false,
      false,
      false,
      false,
      false,
      false,
      false,
      false,
      false,
      false,
      false,
      false,
      false,
      false,
      false,
      false,
      false,
      false,
      false,
      false,
      false,
      false,
      false,
      false,
      false,
      false,
      false,
      false,
      false,
      false,
      false,
      false,
      false,
      false,
      false,
      false,
      false,
      false,
      false,
      false,
      false,
      false,
      false,
      false,
      false,
      false,
      false,
      false,
      false,
      false,
      false,
      false,
      false,
      false,
      false,
      false,
      false,
      false,
      false,
      false,
      false,
      false,
      false,
      false,
      false,
      false,
      false,
      false,
      false,
      false,
      false,
      false,
      false,
      false,
      false,
      false,
      false,
      false,
      false,
      false,
      false,
      false,
      false,
      false,
      false,
      false,
      false,
      false,
      false,
      false,
      false,
      false,
      false,
      false,
      false,
      false,
      false,
      false,
      false,
      false,
      false,
      false,
      false,
      false,
      false,
      false,
      false,
      false,
      false,
      false,
      false,
      false,
      false,
      false,
      false,
      false,
      false,
      false,
      false,
      false,
      false,
      false,
      false,
      false,
      false,
      false,
      false,
      false,
      false,
      false,
      false,
      false,
      false,
      false,
      false,
      false,
      false,
      false,
      false,
      false,
      false,
      false,
      false,
      false,
      false,
      false,
      false,
      false,
      false,
      false,
      false,
      false,
      false,
      false,
      false,
      false,
      false,
      false,
      false,
      false,
      false,
      false,
      false,
      false,
      false,
      false,
      false,
      false,
      false,
      false,
      false,
      false,
      false,
      false,
      false,
      false,
      false,
      false,
      false,
      false,
      false,
      false,
      false,
      false,
      false,
      false,
      false,
      false,
      false,
      false,
      false,
      false,
      false,
      false,
      false,
      false,
      false,
      false,
      false,
      false,
      false,
      false,
      false,
      false,
      false,
      false,
      false,
      false,
      false,
      false,
      false,
      false,
      false,
      false,
      false,
      false,
      false,
      false,
      false,
      false,
      false,
      false,
      false,
      false,
      false,
      false,
      false,
      false,
      false,
      false,
      false,
      false,
      false,
      false,
      false,
      false,
      false,
      false,
      false,
      false,
      false,
      false,
      false,
      false,
      false,
      false,
      false,
      false,
      false,
      false,
      false,
      false,
      false,
      false,
      false,
      false,
      false,
      false,
      false,
      false,
      false,
      false,
      false,
      false,
      false,
      false,
      false,
      false,
      false,
      false,
      false,
      false,
      false,
      false,
      false,
      false,
      false,
      false,
      false,
      false,
      false,
      false,
      false,
      false,
      false,
      false,
      false,
      false,
      false,
      false,
      false,
      false,
      false,
      false,
      false,
      false,
      false,
      false,
      false,
      false,
      false,
      false,
      false,
      false,
      false,
      false,
      false,
      false,
      false,
      false,
      false,
      false,
      false,
      false,
      false,
      false,
      false,
      false,
      false,
      false,
      false,
      false,
      false,
      false,
      false,
      false,
      false,
      false,
      false,
      false,
      false,
      false,
      false,
      false,
      false,
      false,
      false,
      false,
      false,
      false,
      false,
      false,
      false,
      false,
      false,
      false,
      false,
      false,
      false,
      false,
      false,
      false,
      false,
      false,
      false,
      false,
      false,
      false,
      false,
      false,
      false,
      false,
      false,
      false,
      false,
      false,
      false,
      false,
      false,
      false,
      false,
      false,
      false,
      false,
      false,
      false,
      false,
      false,
      false,
      false,
      false,
      false,
      false,
      false,
      false,
      false,
      false,
      false,
      false,
      false,
      false,
      false,
      false,
      false,
      false,
      false,
      false,
      false,
      false,
      false,
      false,
      false,
      false,
      false,
      false,
      false,
      false,
      false,
      false,
      false,
      false,
      false,
      false,
      false,
      false,
      false,
      false,
      false,
      false,
      false,
      false,
      false,
      false,
      false,
      false,
      false,
      false,
      false,
      false,
      false,
      false,
      false,
      false,
      false,
      false,
      false,
      false,
      false,
      false,
      false,
      false,
      false,
      false,
      false,
      false,
      false,
      false,
      false,
      false,
      false,
      false,
      false,
      false,
      false,
      false,
      false,
      false,
      false,
      false,
      false,
      false,
      false,
      false,
      false,
      false,
      false,
      false,
      false,
      false,
      false,
      false,
      false,
      false,
      false,
      false,
      false,
      false,
      false,
      false,
      false,
      false,
      false,
      false,
      false,
      false,
      false,
      false,
      false,
      false,
      false,
      false,
      false,
      false,
      false,
      false,
      false,
      false,
      false,
      false,
      false,
      false,
      false,
      false,
      false,
      false,
      false,
      false,
      false,
      false,
      false,
      false,
      false,
      false,
      false,
      false,
      false,
      false,
      false,
      false,
      false,
      false,
      false,
      false,
      false,
      false,
      false,
      false,
      false,
      false,
      false,
      false,
      false,
      false,
      false,
      false,
      false,
      false,
      false,
      false,
      false,
      false,
      false,
      false,
      false,
      false,
      false,
      false,
      false,
      false,
      false,
      false,
      false,
      false,
      false,
      false,
      false,
      false,
      false,
      false,
      false,
      false,
      false,
      false,
      false,
      false,
      false,
      false,
      false,
      false,
      false,
      false,
      false,
      false,
      false,
      false,
      false,
      false,
      false,
      false,
      false,
      false,
      false,
      false,
      false,
      false,
      false,
      false,
      false,
      false,
      false,
      false,
      false,
      false,
      false,
      false,
      false,
      false,
      false,
      false,
      false,
      false,
      false,
      false,
      false,
      false,
      false,
      false,
      false,
      false,
      false,
      false,
      false,
      false,
      false,
      false,
      false,
      false,
      false,
      false,
      false,
      false,
      false,
      false,
      false,
      false,
      false,
      false,
      false,
      false,
      false,
      false,
      false,
      false,
      false,
      false,
      false,
      false,
      false,
      false,
      false,
      false,
      false,
      false,
      false,
      false,
      false,
      false,
      false,
      false,
      false,
      false,
      false,
      false,
      false,
      false,
      false,
      false,
      false,
      false,
      false,
      false,
      false,
      false,
      false,
      false,
      false,
      false,
      false,
      false,
      false,
      false,
      false,
      false,
      false,
      false,
      false,
      false,
      false,
      false,
      false,
      false,
      false,
      false,
      false,
      false,
      false,
      false,
      false,
      false,
      false,
      false,
      false,
      false,
      false,
      false,
      false,
      false,
      false,
      false,
      false,
      false,
      false,
      false,
      false,
      false,
      false,
      false,
      false,
      false,
      false,
      false,
      false,
      false,
      false,
      false,
      false,
      false,
      false,
      false,
      false,
      false,
      false,
      false,
      false,
      false,
      false,
      false,
      false,
      false,
      false,
      false,
      false,
      false,
      false,
      false,
      false,
      false,
      false,
      false,
      false,
      false,
      false,
      false,
      false,
      false,
      false,
      false,
      false,
      false,
      false,
      false,
      false,
      false,
      false,
      false,
      false,
      false,
      false,
      false,
      false,
      false,
      false,
      false,
      false,
      false,
      false,
      false,
      false,
      false,
      false,
      false,
      false,
      false,
      false,
      false,
      false,
      false,
      false,
      false,
      false,
      false,
      false,
      false,
      false,
      false,
      false,
      false,
      false,
      false,
      false,
      false,
      false,
      false,
      false,
      false,
      false,
      false,
      false,
      false,
      false,
      false,
      false,
      false,
      false,
      false,
      false,
      false,
      false,
      false,
      false,
      false,
      false,
      false,
      false,
      false,
      false,
      false,
      false,
      false,
      false,
      false,
      false,
      false,
      false,
      false,
      false,
      false,
      false,
      false,
      false,
      false,
      false,
      false,
      false,
      false,
      false,
      false,
      false,
      false,
      false
    ],
    "is_cutting": [
      false,
      false,
      false,
      false,
      false,
      false,
      false,
      false,
      false,
      false,
      false,
      false,
      false,
      false,
      false,
      false,
      false,
      false,
      false,
      false,
      false,
      false,
      false,
      false,
      false,
      false,
      false,
      false,
      false,
      false,
      false,
      false,
      false,
      false,
      false,
      false,
      false,
      false,
      false,
      false,
      false,
      false,
      false,
      false,
      false,
      false,
      false,
      false,
      false,
      false,
      false,
      false,
      false,
      false,
      false,
      false,
      false,
      false,
      false,
      false,
      false,
      false,
      false,
      false,
      false,
      false,
      false,
      false,
      false,
      false,
      false,
      false,
      false,
      false,
      false,
      false,
      false,
      false,
      false,
      false,
      false,
      false,
      false,
      false,
      false,
      false,
      false,
      false,
      false,
      false,
      false,
      false,
      false,
      false,
      false,
      false,
      false,
      false,
      false,
      false,
      false,
      false,
      false,
      false,
      false,
      false,
      false,
      false,
      false,
      false,
      false,
      false,
      false,
      false,
      false,
      false,
      false,
      false,
      false,
      false,
      false,
      false,
      false,
      false,
      false,
      false,
      false,
      false,
      false,
      false,
      false,
      false,
      false,
      false,
      false,
      false,
      false,
      false,
      false,
      false,
      false,
      false,
      false,
      false,
      false,
      false,
      false,
      false,
      false,
      false,
      false,
      false,
      false,
      false,
      false,
      false,
      false,
      false,
      false,
      false,
      false,
      false,
      false,
      false,
      false,
      false,
      false,
      false,
      false,
      false,
      false,
      false,
      false,
      false,
      false,
      false,
      false,
      false,
      false,
      false,
      false,
      false,
      false,
      false,
      false,
      false,
      false,
      false,
      false,
      false,
      false,
      false,
      false,
      false,
      false,
      false,
      false,
      false,
      false,
      false,
      false,
      false,
      false,
      false,
      false,
      false,
      false,
      false,
      false,
      false,
      false,
      false,
      false,
      false,
      false,
      false,
      false,
      false,
      false,
      false,
      false,
      false,
      false,
      false,
      false,
      false,
      false,
      false,
      false,
      false,
      false,
      false,
      false,
      false,
      false,
      false,
      false,
      false,
      false,
      false,
      false,
      false,
      false,
      false,
      false,
      false,
      false,
      false,
      false,
      false,
      false,
      false,
      false,
      false,
      false,
      false,
      false,
      false,
      false,
      false,
      false,
      false,
      false,
      false,
      false,
      false,
      false,
      false,
      false,
      false,
      false,
      false,
      false,
      false,
      false,
      false,
      false,
      false,
      false,
      false,
      false,
      false,
      false,
      false,
      false,
      false,
      false,
      false,
      false,
      false,
      false,
      false,
      false,
      false,
      false,
      false,
      false,
      false,
      false,
      false,
      false,
      false,
      false,
      false,
      false,
      false,
      false,
      false,
      false,
      false,
      false,
      false,
      false,
      false,
      false,
      false,
      false,
      false,
      false,
      false,
      false,
      false,
      false,
      false,
      false,
      false,
      false,
      false,
      false,
      false,
      false,
      false,
      false,
      false,
      false,
      false,
      false,
      false,
      false,
      false,
      false,
      false,
      false,
      false,
      false,
      false,
      false,
      false,
      false,
      false,
      false,
      false,
      false,
      false,
      false,
      false,
      false,
      false,
      false,
      false,
      false,
      false,
      false,
      false,
      false,
      false,
      false,
      false,
      false,
      false,
      false,
      false,
      false,
      false,
      false,
      false,
      false,
      false,
      false,
      false,
      false,
      false,
      false,
      false,
      false,
      false,
      false,
      false,
      false,
      false,
      false,
      false,
      false,
      false,
      false,
      false,
      false,
      false,
      false,
      false,
      false,
      false,
      false,
      false,
      false,
      false,
      false,
      false,
      false,
      false,
      false,
      false,
      false,
      false,
      false,
      false,
      false,
      false,
      false,
      false,
      false,
      false,
      false,
      false,
      false,
      false,
      false,
      false,
      false,
      false,
      false,
      false,
      false,
      false,
      false,
      false,
      false,
      false,
      false,
      false,
      false,
      false,
      false,
      false,
      false,
      false,
      false,
      false,
      false,
      false,
      false,
      false,
      false,
      false,
      false,
      false,
      false,
      false,
      false,
      false,
      false,
      false,
      false,
      false,
      false,
      false,
      false,
      false,
      false,
      false,
      false,
      false,
      false,
      false,
      false,
      false,
      false,
      false,
      false,
      false,
      false,
      false,
      false,
      false,
      false,
      false,
      false,
      false,
      false,
      false,
      false,
      false,
      false,
      false,
      false,
      false,
      false,
      false,
      false,
      false,
      false,
      false,
      false,
      false,
      false,
      false,
      false,
      false,
      false,
      false,
      false,
      false,
      false,
      false,
      false,
      false,
      false,
      false,
      false,
      false,
      false,
      false,
      false,
      false,
      false,
      false,
      false,
      false,
      false,
      false,
      false,
      false,
      false,
      false,
      false,
      false,
      false,
      false,
      false,
      false,
      false,
      false,
      false,
      false,
      false,
      false,
      false,
      false,
      false,
      false,
      false,
      false,
      false,
      false,
      false,
      false,
      false,
      false,
      false,
      false,
      false,
      false,
      false,
      false,
      false,
      false,
      false,
      false,
      false,
      false,
      false,
      false,
      false,
      false,
      false,
      false,
      false,
      false,
      false,
      false,
      false,
      false,
      false,
      false,
      false,
      false,
      false,
      false,
      false,
      false,
      false,
      false,
      false,
      false,
      false,
      false,
      false,
      false,
      false,
      false,
      false,
      false,
      false,
      false,
      false,
      false,
      false,
      false,
      false,
      false,
      false,
      false,
      false,
      false,
      false,
      false,
      false,
      false,
      false,
      false,
      false,
      false,
      false,
      false,
      false,
      false,
      false,
      false,
      false,
      false,
      false,
      false,
      false,
      false,
      false,
      false,
      false,
      false,
      false,
      false,
      false,
      false,
      false,
      false,
      false,
      false,
      false,
      false,
      false,
      false,
      false,
      false,
      false,
      false,
      false,
      false,
      false,
      false,
      false,
      false,
      false,
      false,
      false,
      false,
      false,
      false,
      false,
      false,
      false,
      false,
      false,
      false,
      false,
      false,
      false,
      false,
      false,
      false,
      false,
      false,
      false,
      false,
      false,
      false,
      false,
      false,
      false,
      false,
      false,
      false,
      false,
      false,
      false,
      false,
      false,
      false,
      false,
      false,
      false,
      false,
      false,
      false,
      false,
      false,
      false,
      false,
      false,
      false,
      false,
      false,
      false,
      false,
      false,
      false,
      false,
      false,
      false,
      false,
      false,
      false,
      false,
      false,
      false,
      false,
      false,
      false,
      false,
      false,
      false,
      false,
      false,
      false,
      false,
      false,
      false,
      false,
      false,
      false,
      false,
      false,
      false,
      false,
      false,
      false,
      false,
      false,
      false,
      false,
      false,
      false,
      false,
      false,
      false,
      false,
      false,
      false,
      false,
      false,
      false,
      false,
      false,
      false,
      false,
      false,
      false,
      false,
      false,
      false,
      false,
      false,
      false,
      false,
      false,
      false,
      false,
      false,
      false,
      false,
      false,
      false,
      false,
      false,
      false,
      false,
      false,
      false,
      false,
      false,
      false,
      false,
      false,
      false,
      false,
      false,
      false,
      false,
      false,
      false,
      false,
      false,
      false,
      false,
      false,
      false,
      false,
      false,
      false,
      false,
      false,
      false,
      false,
      false,
      false,
      false,
      false,
      false,
      false,
      false,
      false,
      false,
      false,
      false,
      false,
      false,
      false,
      false,
      false,
      false,
      false,
      false,
      false,
      false,
      false,
      false,
      false,
      false,
      false,
      false,
      false,
      false,
      false,
      false,
      false,
      false,
      false,
      false,
      false,
      false,
      false,
      false,
      false,
      false,
      false,
      false,
      false,
      false,
      false,
      false,
      false,
      false,
      false,
      false,
      false,
      false,
      false,
      false,
      false,
      false,
      false,
      false,
      false,
      false,
      false,
      false,
      false,
      false,
      false,
      false,
      false,
      false,
      false,
      false,
      false,
      false,
      false,
      false,
      false,
      false,
      false,
      false,
      false,
      false,
      false,
      false,
      false,
      false,
      false,
      false,
      false,
      false,
      false,
      false,
      false,
      false,
      false,
      false,
      false,
      false,
      false,
      false,
      false,
      false,
      false,
      false,
      false,
      false,
      false,
      false,
      false,
      false,
      false,
      false,
      false,
      false,
      false,
      false,
      false,
      false,
      false,
      false,
      false,
      false,
      false,
      false,
      false,
      false,
      false,
      false,
      false,
      false,
      false,
      false,
      false,
      false,
      false,
      false,
      false,
      false,
      false,
      false,
      false,
      false,
      false,
      false,
      false,
      false,
      false,
      false,
      false,
      false,
      false,
      false,
      false,
      false,
      false,
      false,
      false,
      false,
      false,
      false,
      false,
      false,
      false,
      false,
      false,
      false,
      false,
      false,
      false,
      false,
      false,
      false,
      false,
      false,
      false,
      false,
      false,
      false,
      false,
      false,
      false,
      false,
      false,
      false,
      false,
      false,
      false,
      false,
      false,
      false,
      false,
      false,
      false,
      false,
      false,
      false,
      false,
      false,
      false,
      false,
      false,
      false,
      false,
      false,
      false,
      false,
      false,
      false,
      false,
      false,
      false,
      false,
      false,
      false,
      false,
      false,
      false,
      false,
      false,
      false,
      false,
      false,
      false,
      false,
      false,
      false,
      false,
      false,
      false,
      false,
      false,
      false,
      false,
      false,
      false,
      false,
      false,
      false,
      false,
      false,
      false,
      false,
      false,
      false,
      false,
      false,
      false,
      false,
      false,
      false,
      false,
      false,
      false,
      false,
      false,
      false,
      false,
      false,
      false,
      false,
      false,
      false,
      false,
      false,
      false,
      false,
      false,
      false,
      false,
      false,
      false,
      false,
      false,
      false,
      false,
      false,
      false,
      false,
      false,
      false,
      false,
      false,
      false,
      false,
      false,
      false,
      false,
      false,
      false,
      false,
      false,
      false,
      false,
      false,
      false,
      false,
      false,
      false,
      false,
      false,
      false,
      false,
      false,
      false,
      false,
      false,
      false,
      false,
      false,
      false,
      false,
      false,
      false,
      false,
      false,
      false,
      false,
      false,
      false,
      false,
      false,
      false,
      false,
      false,
      false,
      false,
      false,
      false,
      false,
      false,
      false,
      false,
      false,
      false,
      false,
      false,
      false,
      false,
      false,
      false,
      false,
      false,
      false,
      false,
      false,
      false,
      false,
      false,
      false,
      false,
      false,
      false,
      false,
      false,
      false,
      false,
      false,
      false,
      false,
      false,
      false,
      false,
      false,
      false,
      false,
      false,
      false,
      false,
      false,
      false,
      false,
      false,
      false,
      false,
      false,
      false,
      false,
      false,
      false,
      false,
      false,
      false,
      false,
      false,
      false,
      false,
      false,
      false,
      false,
      false,
      false,
      false,
      false,
      false,
      false,
      false,
      false,
      false,
      false,
      false,
      false,
      false,
      false,
      false,
      false,
      false,
      false,
      false,
      false,
      false,
      false,
      false,
      false,
      false,
      false,
      false,
      false,
      false,
      false,
      false,
      false,
      false,
      false,
      false,
      false,
      false,
      false,
      false,
      false,
      false,
      false,
      false,
      false,
      false,
      false,
      false,
      false,
      false,
      false,
      false,
      false,
      false,
      false,
      false,
      false,
      false,
      false,
      false,
      false,
      false,
      false,
      false,
      false,
      false,
      false,
      false,
      false,
      false,
      false,
      false,
      false,
      false,
      false,
      false,
      false,
      false,
      false,
      false,
      false,
      false,
      false,
      false,
      false,
      false,
      false,
      false,
      false,
      false,
      false,
      false,
      false,
      false,
      false,
      false,
      false,
      false,
      false,
      false,
      false,
      false,
      false,
      false,
      false,
      false,
      false,
      false,
      false,
      false,
      false,
      false,
      false,
      false,
      false,
      false,
      false,
      false,
      false,
      false,
      false,
      false,
      false,
      false,
      false,
      false,
      false,
      false,
      false,
      false,
      false,
      false,
      false,
      false,
      false,
      false,
      false,
      false,
      false,
      false,
      false,
      false,
      false,
      false,
      false,
      false,
      false,
      false,
      false,
      false,
      false,
      false,
      false,
      false,
      false,
      false,
      false,
      false,
      false,
      false,
      false,
      false,
      false,
      false,
      false,
      false,
      false,
      false,
      false,
      false,
      false,
      false,
      false,
      false,
      false,
      false,
      false,
      false,
      false,
      false,
      false,
      false,
      false,
      false,
      false,
      false,
      false,
      false,
      false,
      false,
      false,
      false,
      false,
      false,
      false,
      false,
      false,
      false,
      false,
      false,
      false,
      false,
      false,
      false,
      false,
      false,
      false,
      false,
      false,
      false,
      false,
      false,
      false,
      false,
      false,
      false,
      false,
      false,
      false,
      false,
      false,
      false,
      false,
      false,
      false,
      false,
      false,
      false,
      false,
      false,
      false,
      false,
      false,
      false,
      false,
      false,
      false,
      false,
      false,
      false,
      false,
      false,
      false,
      false,
      false,
      false,
      false,
      false,
      false,
      false,
      false,
      false,
      false,
      false,
      false,
      false,
      false,
      false,
      false,
      false,
      false,
      false,
      false,
      false,
      false,
      false,
      false,
      false,
      false,
      false,
      false,
      false,
      false,
      false,
      false,
      false,
      false,
      false,
      false,
      false,
      false,
      false,
      false,
      false,
      false,
      false,
      false,
      false,
      false,
      false,
      false,
      false,
      false,
      false,
      false,
      false,
      false,
      false,
      false,
      false,
      false,
      false,
      false,
      false,
      false,
      false,
      false,
      false,
      false,
      false,
      false,
      false,
      false,
      false,
      false,
      false,
      false,
      false,
      false,
      false,
      false,
      false,
      false,
      false,
      false,
      false,
      false,
      false,
      false,
      false,
      false,
      false,
      false,
      false,
      false,
      false,
      false,
      false,
      false,
      false,
      false,
      false,
      false,
      false,
      false,
      false,
      false,
      false,
      false,
      false,
      false,
      false,
      false,
      false,
      false,
      false,
      false,
      false,
      false,
      false,
      false,
      false,
      false,
      false,
      false,
      false,
      false,
      false,
      false,
      false,
      false,
      false,
      false,
      false,
      false,
      false,
      false,
      false,
      false,
      false,
      false,
      false,
      false,
      false,
      false,
      false,
      false,
      false,
      false,
      false,
      false,
      false,
      false,
      false,
      false,
      false,
      false,
      false,
      false,
      false,
      false,
      false,
      false,
      false,
      false,
      false,
      false,
      false,
      false,
      false,
      false,
      false,
      false,
      false,
      false,
      false,
      false,
      false,
      false,
      false,
      false,
      false,
      false,
      false,
      false,
      false,
      false,
      false,
      false,
      false,
      false,
      false,
      false,
      false,
      false,
      false,
      false,
      false,
      false,
      false,
      false,
      false,
      false,
      false,
      false,
      false,
      false,
      false,
      false,
      false,
      false,
      false,
      false,
      false,
      false,
      false,
      false,
      false,
      false,
      false,
      false,
      false,
      false,
      false,
      false,
      false,
      false,
      false,
      false,
      false,
      false,
      false,
      false,
      false,
      false,
      false,
      false,
      false,
      false,
      false,
      false,
      false,
      false,
      false,
      false,
      false,
      false,
      false,
      false,
      false,
      false,
      false,
      false,
      false,
      false,
      false,
      false,
      false,
      false,
      false,
      false,
      false,
      false,
      false,
      false,
      false,
      false,
      false,
      false,
      false,
      false,
      false,
      false,
      false,
      false,
      false,
      false,
      false,
      false,
      false,
      false,
      false,
      false,
      false,
      false,
      false,
      false,
      false,
      false,
      false,
      false,
      false,
      false,
      false,
      false,
      false,
      false,
      false,
      false,
      false,
      false,
      false,
      false,
      false,
      false,
      false,
      false,
      false,
      false,
      false,
      false,
      false,
      false,
      false,
      false,
      false,
      false,
      false,
      false,
      false,
      false,
      false,
      false,
      false,
      false,
      false,
      false,
      false,
      false,
      false,
      false,
      false,
      false,
      false,
      false,
      false,
      false,
      false,
      false,
      false,
      false,
      false,
      false,
      false,
      false,
      false,
      false,
      false,
      false,
      false,
      false,
      false,
      false,
      false,
      false,
      false,
      false,
      false,
      false,
      false,
      false,
      false,
      false,
      false,
      false,
      false,
      false,
      false,
      false,
      false,
      false,
      false,
      false,
      false,
      false,
      false,
      false,
      false,
      false,
      false,
      false,
      false,
      false,
      false,
      false,
      false,
      false,
      false,
      false,
      false,
      false,
      false,
      false,
      false,
      false,
      false,
      false,
      false,
      false,
      false,
      false,
      false,
      false,
      false,
      false,
      false,
      false,
      false,
      false,
      false,
      false,
      false,
      false,
      false,
      false,
      false,
      false,
      false,
      false,
      false,
      false,
      false,
      false,
      false,
      false,
      false,
      false,
      false,
      false,
      false,
      false,
      false,
      false,
      false,
      false,
      false,
      false,
      false,
      false,
      false,
      false,
      false,
      false,
      false,
      false,
      false,
      false,
      false,
      false,
      false,
      false,
      false,
      false,
      false,
      false,
      false,
      false,
      false,
      false,
      false,
      false,
      false,
      false,
      false,
      false,
      false,
      false,
      false,
      false,
      false,
      false,
      false,
      false,
      false,
      false,
      false,
      false,
      false,
      false,
      false,
      false,
      false,
      false,
      false,
      false,
      false,
      false,
      false,
      false,
      false,
      false,
      false,
      false,
      false,
      false,
      false,
      false,
      false,
      false,
      false,
      false,
      false,
      false,
      false,
      false,
      false,
      false,
      false,
      false,
      false,
      false,
      false,
      false,
      false,
      false,
      false,
      false,
      false,
      false,
      false,
      false,
      false,
      false,
      false,
      false,
      false,
      false,
      false,
      false,
      false,
      false,
      false,
      false,
      false,
      false,
      false,
      false,
      false,
      false,
      false,
      false,
      false,
      false,
      false,
      false,
      false,
      false,
      false,
      false,
      false,
      false,
      false,
      false,
      false,
      false,
      false,
      false,
      false,
      false,
      false,
      false,
      false,
      false,
      false,
      false,
      false,
      false,
      false,
      false,
      false,
      false,
      false,
      false,
      false,
      false,
      false,
      false,
      false,
      false,
      false,
      false,
      false,
      false,
      false,
      false,
      false,
      false,
      false,
      false,
      false,
      false,
      false,
      false,
      false,
      false,
      false,
      false,
      false,
      false,
      false,
      false,
      false,
      false,
      false,
      false,
      false,
      false,
      false,
      false,
      false,
      false,
      false,
      false,
      false,
      false,
      false,
      false,
      false,
      false,
      false,
      false,
      false,
      false,
      false,
      false,
      false,
      false,
      false,
      false,
      false,
      false,
      false,
      false,
      false,
      false,
      false,
      false,
      false,
      false,
      false,
      false,
      false,
      false,
      false,
      false,
      false,
      false,
      false,
      false,
      false,
      false,
      false,
      false,
      false,
      false,
      false,
      false,
      false,
      false,
      false,
      false,
      false,
      false,
      false,
      false,
      false,
      false,
      false,
      false,
      false,
      false,
      false,
      false,
      false,
      false,
      false,
      false,
      false,
      false,
      false,
      false,
      false,
      false,
      false,
      false,
      false,
      false,
      false,
      false,
      false,
      false,
      false,
      false,
      false,
      false,
      false,
      false,
      false,
      false,
      false,
      false,
      false,
      false,
      false,
      false,
      false,
      false,
      false,
      false,
      false,
      false,
      false,
      false,
      false,
      false,
      false,
      false,
      false,
      false,
      false,
      false,
      false,
      false,
      false,
      false,
      false,
      false,
      false,
      false,
      false,
      false,
      false,
      false,
      false,
      false,
      false,
      false,
      false,
      false,
      false,
      false,
      false,
      false,
      false,
      false,
      false,
      false,
      false,
      false,
      false,
      false,
      false,
      false,
      false,
      false,
      false,
      false,
      false,
      false,
      false,
      false,
      false,
      false,
      false,
      false,
      false,
      false,
      false,
      false,
      false,
      false,
      false,
      false,
      false,
      false,
      false,
      false,
      false,
      false,
      false,
      false,
      false,
      false,
      false,
      false,
      false,
      false,
      false,
      false,
      false,
      false,
      false,
      false,
      false,
      false,
      false,
      false,
      false,
      false,
      false,
      false,
      false,
      false,
      false,
      false,
      false,
      false,
      false,
      false,
      false,
      false,
      false,
      false,
      false,
      false,
      false,
      false,
      false,
      false,
      false,
      false,
      false,
      false,
      false,
      false,
      false,
      false,
      false,
      false,
      false,
      false,
      false,
      false,
      false,
      false,
      false,
      false,
      false,
      false,
      false,
      false,
      false,
      false,
      false,
      false,
      false,
      false,
      false,
      false,
      false,
      false,
      false,
      false,
      false,
      false,
      false,
      false,
      false,
      false,
      false,
      false,
      false,
      false,
      false,
      false,
      false,
      false,
      false,
      false,
      false,
      false,
      false,
      false,
      false,
      false,
      false,
      false,
      false,
      false,
      false,
      false,
      false,
      false,
      false,
      false,
      false,
      false,
      false,
      false,
      false,
      false,
      false,
      false,
      false,
      false,
      false,
      false,
      false,
      false,
      false,
      false,
      false,
      false,
      false,
      false,
      false,
      false,
      false,
      false,
      false,
      false,
      false,
      false,
      false,
      false,
      false,
      false,
      false,
      false,
      false,
      false,
      false,
      false,
      false,
      false,
      false,
      false,
      false,
      false,
      false,
      false,
      false,
      false,
      false,
      false,
      false,
      false,
      false,
      false,
      false,
      false,
      false,
      false,
      false,
      false,
      false,
      false,
      false,
      false,
      false,
      false,
      false,
      false,
      false,
      false,
      false,
      false,
      false,
      false,
      false,
      false,
      false,
      false,
      false,
      false,
      false,
      false,
      false,
      false,
      false,
      false,
      false,
      false,
      false,
      false,
      false,
      false,
      false,
      false,
      false,
      false,
      false,
      false,
      false,
      false,
      false,
      false,
      false,
      false,
      false,
      false,
      false,
      false,
      false,
      false,
      false,
      false,
      false,
      false,
      false,
      false,
      false,
      false,
      false,
      false,
      false,
      false,
      false,
      false,
      false,
      false,
      false,
      false,
      false,
      false,
      false,
      false,
      false,
      false,
      false,
      false,
      false,
      false,
      false,
      false,
      false,
      false,
      false,
      false,
      false,
      false,
      false,
      false,
      false,
      false,
      false,
      false,
      false,
      false,
      false,
      false,
      false,
      false,
      false,
      false,
      false,
      false,
      false,
      false,
      false,
      false,
      false,
      false,
      false,
      false,
      false,
      false,
      false,
      false,
      false,
      false,
      false,
      false,
      false,
      false,
      false,
      false,
      false,
      false,
      false,
      false,
      false,
      false,
      false,
      false,
      false,
      false,
      false,
      false,
      false,
      false,
      false,
      false,
      false,
      false,
      false,
      false,
      false,
      false,
      false,
      false,
      false,
      false,
      false,
      false,
      false,
      false,
      false,
      false,
      false,
      false,
      false,
      false,
      false,
      false,
      false,
      false,
      false,
      false,
      false,
      false,
      false,
      false,
      false,
      false,
      false,
      false,
      false,
      false,
      false,
      false,
      false,
      false,
      false,
      false,
      false,
      false,
      false,
      false,
      false,
      false,
      false,
      false,
      false,
      false,
      false,
      false,
      false,
      false,
      false,
      false,
      false,
      false,
      false,
      false,
      false,
      false,
      false,
      false,
      false,
      false,
      false,
      false,
      false,
      false,
      false,
      false,
      false,
      false,
      false,
      false,
      false,
      false,
      false,
      false,
      false,
      false,
      false,
      false,
      false,
      false,
      false,
      false,
      false,
      false,
      false,
      false,
      false,
      false,
      false,
      false,
      false,
      false,
      false,
      false,
      false,
      false,
      false,
      false,
      false,
      false,
      false,
      false,
      false,
      false,
      false,
      false,
      false,
      false,
      false,
      false,
      false,
      false,
      false,
      false,
      false,
      false,
      false,
      false,
      false,
      false,
      false,
      false,
      false,
      false,
      false,
      false,
      false,
      false,
      false,
      false,
      false,
      false,
      false,
      false,
      false,
      false,
      false,
      false,
      false,
      false,
      false,
      false,
      false,
      false,
      false,
      false,
      false,
      false,
      false,
      false,
      false,
      false,
      false,
      false,
      false,
      false,
      false,
      false,
      false,
      false,
      false,
      false,
      false,
      false,
      false,
      false,
      false,
      false,
      false,
      false,
      false,
      false,
      false,
      false,
      false,
      false,
      false,
      false,
      false,
      false,
      false,
      false,
      false,
      false,
      false,
      false,
      false,
      false,
      false,
      false,
      false,
      false,
      false,
      false,
      false,
      false,
      false,
      false,
      false,
      false,
      false,
      false,
      false,
      false,
      false,
      false,
      false,
      false,
      false,
      false,
      false,
      false,
      false,
      false,
      false,
      false,
      false,
      false,
      false,
      false,
      false,
      false,
      false,
      false,
      false,
      false,
      false,
      false,
      false,
      false,
      false,
      false,
      false,
      false,
      false,
      false,
      false,
      false,
      false,
      false,
      false,
      false,
      false,
      false,
      false,
      false,
      false,
      false,
      false,
      false,
      false,
      false,
      false,
      false,
      false,
      false,
      false,
      false,
      false,
      false,
      false,
      false,
      false,
      false,
      false,
      false,
      false,
      false,
      false,
      false,
      false,
      false,
      false,
      false,
      false,
      false,
      false,
      false,
      false,
      false,
      false,
      false,
      false,
      false,
      false,
      false,
      false,
      false,
      false,
      false,
      false,
      false,
      false,
      false,
      false,
      false,
      false,
      false,
      false,
      false,
      false,
      false,
      false,
      false,
      false,
      false,
      false,
      false,
      false,
      false,
      false,
      false,
      false,
      false,
      false,
      false,
      false,
      false,
      false,
      false,
      false,
      false,
      false,
      false,
      false,
      false,
      false,
      false,
      false,
      false,
      false,
      false,
      false,
      false,
      false,
      false,
      false,
      false,
      false,
      false,
      false,
      false,
      false,
      false,
      false,
      false,
      false,
      false,
      false,
      false,
      false,
      false,
      false,
      false,
      false,
      false,
      false,
      false,
      false,
      false,
      false,
      false,
      false,
      false,
      false,
      false,
      false,
      false,
      false,
      false,
      false,
      false,
      false,
      false,
      false,
      false,
      false,
      false,
      false,
      false,
      false,
      false,
      false,
      false,
      false,
      false,
      false,
      false,
      false,
      false,
      false,
      false,
      false,
      false,
      false,
      false,
      false,
      false,
      false,
      false,
      false,
      false,
      false,
      false,
      false,
      false,
      false,
      false,
      false,
      false,
      false,
      false,
      false,
      false,
      false,
      false,
      false,
      false,
      false,
      false,
      false,
      false,
      false,
      false,
      false,
      false,
      false,
      false,
      false,
      false,
      false,
      false,
      false,
      false,
      false,
      false,
      false,
      false,
      false,
      false,
      false,
      false,
      false,
      false,
      false,
      false,
      false,
      false,
      false,
      false,
      false,
      false,
      false,
      false,
      false,
      false,
      false,
      false,
      false,
      false,
      false,
      false,
      false,
      false,
      false,
      false,
      false,
      false,
      false,
      false,
      false,
      false,
      false,
      false,
      false,
      false,
      false,
      false,
      false,
      false,
      false,
      false,
      false,
      false,
      false,
      false,
      false,
      false,
      false,
      false,
      false,
      false,
      false,
      false,
      false,
      false,
      false,
      false,
      false,
      false,
      false,
      false,
      false,
      false,
      false,
      false,
      false,
      false,
      false,
      false,
      false,
      false,
      false,
      false,
      false,
      false,
      false,
      false,
      false,
      false,
      false,
      false,
      false,
      false,
      false,
      false,
      false,
      false,
      false,
      false,
      false,
      false,
      false,
      false,
      false,
      false,
      false,
      false,
      false,
      false,
      false,
      false,
      false,
      false,
      false,
      false,
      false,
      false,
      false,
      false,
      false,
      false,
      false,
      false,
      false,
      false,
      false,
      false,
      false,
      false,
      false,
      false,
      false,
      false,
      false,
      false,
      false,
      false,
      false,
      false,
      false,
      false,
      false,
      false,
      false,
      false,
      false,
      false,
      false,
      false,
      false,
      false,
      false,
      false,
      false,
      false,
      false,
      false,
      false,
      false,
      false,
      false,
      false,
      false,
      false,
      false,
      false,
      false,
      false,
      false,
      false,
      false,
      false,
      false,
      false,
      false,
      false,
      false,
      false,
      false,
      false,
      false,
      false,
      false,
      false,
      false,
      false,
      false,
      false,
      false,
      false,
      false,
      false,
      false,
      false,
      false,
      false,
      false,
      false,
      false,
      false,
      false,
      false,
      false,
      false,
      false,
      false,
      false,
      false,
      false,
      false,
      false,
      false,
      false,
      false,
      false,
      false,
      false,
      false,
      false,
      false,
      false,
      false,
      false,
      false,
      false,
      false,
      false,
      false,
      false,
      false,
      false,
      false,
      false,
      false,
      false,
      false,
      false,
      false,
      false,
      false,
      false,
      false,
      false,
      false,
      false,
      false,
      false,
      false,
      false,
      false,
      false,
      false,
      false,
      false,
      false,
      false,
      false,
      false,
      false,
      false,
      false,
      false,
      false,
      false,
      false,
      false,
      false,
      false,
      false,
      false,
      false,
      false,
      false,
      false,
      false,
      false,
      false,
      false,
      false,
      false,
      false,
      false,
      false,
      false,
      false,
      false,
      false,
      false,
      false,
      false,
      false,
      false,
      false,
      false,
      false,
      false,
      false,
      false,
      false,
      false,
      false,
      false,
      false,
      false,
      false,
      false,
      false,
      false,
      false,
      false,
      false,
      false,
      false,
      false,
      false,
      false,
      false
    ],
    "is_embankment": [
      false,
      false,
      false,
      false,
      false,
      false,
      false,
      false,
      false,
      false,
      false,
      false,
      false,
      false,
      false,
      false,
      false,
      false,
      false,
      false,
      false,
      false,
      false,
      false,
      false,
      false,
      false,
      false,
      false,
      false,
      false,
      false,
      false,
      false,
      false,
      false,
      false,
      false,
      false,
      false,
      false,
      false,
      false,
      false,
      false,
      false,
      false,
      false,
      false,
      false,
      false,
      false,
      false,
      false,
      false,
      false,
      false,
      false,
      false,
      false,
      false,
      false,
      false,
      false,
      false,
      false,
      false,
      false,
      false,
      false,
      false,
      false,
      false,
      false,
      false,
      false,
      false,
      false,
      false,
      false,
      false,
      false,
      false,
      false,
      false,
      false,
      false,
      false,
      false,
      false,
      false,
      false,
      false,
      false,
      false,
      false,
      false,
      false,
      false,
      false,
      false,
      false,
      false,
      false,
      false,
      false,
      false,
      false,
      false,
      false,
      false,
      false,
      false,
      false,
      false,
      false,
      false,
      false,
      false,
      false,
      false,
      false,
      false,
      false,
      false,
      false,
      false,
      false,
      false,
      false,
      false,
      false,
      false,
      false,
      false,
      false,
      false,
      false,
      false,
      false,
      false,
      false,
      false,
      false,
      false,
      false,
      false,
      false,
      false,
      false,
      false,
      false,
      false,
      false,
      false,
      false,
      false,
      false,
      false,
      false,
      false,
      false,
      false,
      false,
      false,
      false,
      false,
      false,
      false,
      false,
      false,
      false,
      false,
      false,
      false,
      false,
      false,
      false,
      false,
      false,
      false,
      false,
      false,
      false,
      false,
      false,
      false,
      false,
      false,
      false,
      false,
      false,
      false,
      false,
      false,
      false,
      false,
      false,
      false,
      false,
      false,
      false,
      false,
      false,
      false,
      false,
      false,
      false,
      false,
      false,
      false,
      false,
      false,
      false,
      false,
      false,
      false,
      false,
      false,
      false,
      false,
      false,
      false,
      false,
      false,
      false,
      false,
      false,
      false,
      false,
      false,
      false,
      false,
      false,
      false,
      false,
      false,
      false,
      false,
      false,
      false,
      false,
      false,
      false,
      false,
      false,
      false,
      false,
      false,
      false,
      false,
      false,
      false,
      false,
      false,
      false,
      false,
      false,
      false,
      false,
      false,
      false,
      false,
      false,
      false,
      false,
      false,
      false,
      false,
      false,
      false,
      false,
      false,
      false,
      false,
      false,
      false,
      false,
      false,
      false,
      false,
      false,
      false,
      false,
      false,
      false,
      false,
      false,
      false,
      false,
      false,
      false,
      false,
      false,
      false,
      false,
      false,
      false,
      false,
      false,
      false,
      false,
      false,
      false,
      false,
      false,
      false,
      false,
      false,
      false,
      false,
      false,
      false,
      false,
      false,
      false,
      false,
      false,
      false,
      false,
      false,
      false,
      false,
      false,
      false,
      false,
      false,
      false,
      false,
      false,
      false,
      false,
      false,
      false,
      false,
      false,
      false,
      false,
      false,
      false,
      false,
      false,
      false,
      false,
      false,
      false,
      false,
      false,
      false,
      false,
      false,
      false,
      false,
      false,
      false,
      false,
      false,
      false,
      false,
      false,
      false,
      false,
      false,
      false,
      false,
      false,
      false,
      false,
      false,
      false,
      false,
      false,
      false,
      false,
      false,
      false,
      false,
      false,
      false,
      false,
      false,
      false,
      false,
      false,
      false,
      false,
      false,
      false,
      false,
      false,
      false,
      false,
      false,
      false,
      false,
      false,
      false,
      false,
      false,
      false,
      false,
      false,
      false,
      false,
      false,
      false,
      false,
      false,
      false,
      false,
      false,
      false,
      false,
      false,
      false,
      false,
      false,
      false,
      false,
      false,
      false,
      false,
      false,
      false,
      false,
      false,
      false,
      false,
      false,
      false,
      false,
      false,
      false,
      false,
      false,
      false,
      false,
      false,
      false,
      false,
      false,
      false,
      false,
      false,
      false,
      false,
      false,
      false,
      false,
      false,
      false,
      false,
      false,
      false,
      false,
      false,
      false,
      false,
      false,
      false,
      false,
      false,
      false,
      false,
      false,
      false,
      false,
      false,
      false,
      false,
      false,
      false,
      false,
      false,
      false,
      false,
      false,
      false,
      false,
      false,
      false,
      false,
      false,
      false,
      false,
      false,
      false,
      false,
      false,
      false,
      false,
      false,
      false,
      false,
      false,
      false,
      false,
      false,
      false,
      false,
      false,
      false,
      false,
      false,
      false,
      false,
      false,
      false,
      false,
      false,
      false,
      false,
      false,
      false,
      false,
      false,
      false,
      false,
      false,
      false,
      false,
      false,
      false,
      false,
      false,
      false,
      false,
      false,
      false,
      false,
      false,
      false,
      false,
      false,
      false,
      false,
      false,
      false,
      false,
      false,
      false,
      false,
      false,
      false,
      false,
      false,
      false,
      false,
      false,
      false,
      false,
      false,
      false,
      false,
      false,
      false,
      false,
      false,
      false,
      false,
      false,
      false,
      false,
      false,
      false,
      false,
      false,
      false,
      false,
      false,
      false,
      false,
      false,
      false,
      false,
      false,
      false,
      false,
      false,
      false,
      false,
      false,
      false,
      false,
      false,
      false,
      false,
      false,
      false,
      false,
      false,
      false,
      false,
      false,
      false,
      false,
      false,
      false,
      false,
      false,
      false,
      false,
      false,
      false,
      false,
      false,
      false,
      false,
      false,
      false,
      false,
      false,
      false,
      false,
      false,
      false,
      false,
      false,
      false,
      false,
      false,
      false,
      false,
      false,
      false,
      false,
      false,
      false,
      false,
      false,
      false,
      false,
      false,
      false,
      false,
      false,
      false,
      false,
      false,
      false,
      false,
      false,
      false,
      false,
      false,
      false,
      false,
      false,
      false,
      false,
      false,
      false,
      false,
      false,
      false,
      false,
      false,
      false,
      false,
      false,
      false,
      false,
      false,
      false,
      false,
      false,
      false,
      false,
      false,
      false,
      false,
      false,
      false,
      false,
      false,
      false,
      false,
      false,
      false,
      false,
      false,
      false,
      false,
      false,
      false,
      false,
      false,
      false,
      false,
      false,
      false,
      false,
      false,
      false,
      false,
      false,
      false,
      false,
      false,
      false,
      false,
      false,
      false,
      false,
      false,
      false,
      false,
      false,
      false,
      false,
      false,
      false,
      false,
      false,
      false,
      false,
      false,
      false,
      false,
      false,
      false,
      false,
      false,
      false,
      false,
      false,
      false,
      false,
      false,
      false,
      false,
      false,
      false,
      false,
      false,
      false,
      false,
      false,
      false,
      false,
      false,
      false,
      false,
      false,
      false,
      false,
      false,
      false,
      false,
      false,
      false,
      false,
      false,
      false,
      false,
      false,
      false,
      false,
      false,
      false,
      false,
      false,
      false,
      false,
      false,
      false,
      false,
      false,
      false,
      false,
      false,
      false,
      false,
      false,
      false,
      false,
      false,
      false,
      false,
      false,
      false,
      false,
      false,
      false,
      false,
      false,
      false,
      false,
      false,
      false,
      false,
      false,
      false,
      false,
      false,
      false,
      false,
      false,
      false,
      false,
      false,
      false,
      false,
      false,
      false,
      false,
      false,
      false,
      false,
      false,
      false,
      false,
      false,
      false,
      false,
      false,
      false,
      false,
      false,
      false,
      false,
      false,
      false,
      false,
      false,
      false,
      false,
      false,
      false,
      false,
      false,
      false,
      false,
      false,
      false,
      false,
      false,
      false,
      false,
      false,
      false,
      false,
      false,
      false,
      false,
      false,
      false,
      false,
      false,
      false,
      false,
      false,
      false,
      false,
      false,
      false,
      false,
      false,
      false,
      false,
      false,
      false,
      false,
      false,
      false,
      false,
      false,
      false,
      false,
      false,
      false,
      false,
      false,
      false,
      false,
      false,
      false,
      false,
      false,
      false,
      false,
      false,
      false,
      false,
      false,
      false,
      false,
      false,
      false,
      false,
      false,
      false,
      false,
      false,
      false,
      false,
      false,
      false,
      false,
      false,
      false,
      false,
      false,
      false,
      false,
      false,
      false,
      false,
      false,
      false,
      false,
      false,
      false,
      false,
      false,
      false,
      false,
      false,
      false,
      false,
      false,
      false,
      false,
      false,
      false,
      false,
      false,
      false,
      false,
      false,
      false,
      false,
      false,
      false,
      false,
      false,
      false,
      false,
      false,
      false,
      false,
      false,
      false,
      false,
      false,
      false,
      false,
      false,
      false,
      false,
      false,
      false,
      false,
      false,
      false,
      false,
      false,
      false,
      false,
      false,
      false,
      false,
      false,
      false,
      false,
      false,
      false,
      false,
      false,
      false,
      false,
      false,
      false,
      false,
      false,
      false,
      false,
      false,
      false,
      false,
      false,
      false,
      false,
      false,
      false,
      false,
      false,
      false,
      false,
      false,
      false,
      false,
      false,
      false,
      false,
      false,
      false,
      false,
      false,
      false,
      false,
      false,
      false,
      false,
      false,
      false,
      false,
      false,
      false,
      false,
      false,
      false,
      false,
      false,
      false,
      false,
      false,
      false,
      false,
      false,
      false,
      false,
      false,
      false,
      false,
      false,
      false,
      false,
      false,
      false,
      false,
      false,
      false,
      false,
      false,
      false,
      false,
      false,
      false,
      false,
      false,
      false,
      false,
      false,
      false,
      false,
      false,
      false,
      false,
      false,
      false,
      false,
      false,
      false,
      false,
      false,
      false,
      false,
      false,
      false,
      false,
      false,
      false,
      false,
      false,
      false,
      false,
      false,
      false,
      false,
      false,
      false,
      false,
      false,
      false,
      false,
      false,
      false,
      false,
      false,
      false,
      false,
      false,
      false,
      false,
      false,
      false,
      false,
      false,
      false,
      false,
      false,
      false,
      false,
      false,
      false,
      false,
      false,
      false,
      false,
      false,
      false,
      false,
      false,
      false,
      false,
      false,
      false,
      false,
      false,
      false,
      false,
      false,
      false,
      false,
      false,
      false,
      false,
      false,
      false,
      false,
      false,
      false,
      false,
      false,
      false,
      false,
      false,
      false,
      false,
      false,
      false,
      false,
      false,
      false,
      false,
      false,
      false,
      false,
      false,
      false,
      false,
      false,
      false,
      false,
      false,
      false,
      false,
      false,
      false,
      false,
      false,
      false,
      false,
      false,
      false,
      false,
      false,
      false,
      false,
      false,
      false,
      false,
      false,
      false,
      false,
      false,
      false,
      false,
      false,
      false,
      false,
      false,
      false,
      false,
      false,
      false,
      false,
      false,
      false,
      false,
      false,
      false,
      false,
      false,
      false,
      false,
      false,
      false,
      false,
      false,
      false,
      false,
      false,
      false,
      false,
      false,
      false,
      false,
      false,
      false,
      false,
      false,
      false,
      false,
      false,
      false,
      false,
      false,
      false,
      false,
      false,
      false,
      false,
      false,
      false,
      false,
      false,
      false,
      false,
      false,
      false,
      false,
      false,
      false,
      false,
      false,
      false,
      false,
      false,
      false,
      false,
      false,
      false,
      false,
      false,
      false,
      false,
      false,
      false,
      false,
      false,
      false,
      false,
      false,
      false,
      false,
      false,
      false,
      false,
      false,
      false,
      false,
      false,
      false,
      false,
      false,
      false,
      false,
      false,
      false,
      false,
      false,
      false,
      false,
      false,
      false,
      false,
      false,
      false,
      false,
      false,
      false,
      false,
      false,
      false,
      false,
      false,
      false,
      false,
      false,
      false,
      false,
      false,
      false,
      false,
      false,
      false,
      false,
      false,
      false,
      false,
      false,
      false,
      false,
      false,
      false,
      false,
      false,
      false,
      false,
      false,
      false,
      false,
      false,
      false,
      false,
      false,
      false,
      false,
      false,
      false,
      false,
      false,
      false,
      false,
      false,
      false,
      false,
      false,
      false,
      false,
      false,
      false,
      false,
      false,
      false,
      false,
      false,
      false,
      false,
      false,
      false,
      false,
      false,
      false,
      false,
      false,
      false,
      false,
      false,
      false,
      false,
      false,
      false,
      false,
      false,
      false,
      false,
      false,
      false,
      false,
      false,
      false,
      false,
      false,
      false,
      false,
      false,
      false,
      false,
      false,
      false,
      false,
      false,
      false,
      false,
      false,
      false,
      false,
      false,
      false,
      false,
      false,
      false,
      false,
      false,
      false,
      false,
      false,
      false,
      false,
      false,
      false,
      false,
      false,
      false,
      false,
      false,
      false,
      false,
      false,
      false,
      false,
      false,
      false,
      false,
      false,
      false,
      false,
      false,
      false,
      false,
      false,
      false,
      false,
      false,
      false,
      false,
      false,
      false,
      false,
      false,
      false,
      false,
      false,
      false,
      false,
      false,
      false,
      false,
      false,
      false,
      false,
      false,
      false,
      false,
      false,
      false,
      false,
      false,
      false,
      false,
      false,
      false,
      false,
      false,
      false,
      false,
      false,
      false,
      false,
      false,
      false,
      false,
      false,
      false,
      false,
      false,
      false,
      false,
      false,
      false,
      false,
      false,
      false,
      false,
      false,
      false,
      false,
      false,
      false,
      false,
      false,
      false,
      false,
      false,
      false,
      false,
      false,
      false,
      false,
      false,
      false,
      false,
      false,
      false,
      false,
      false,
      false,
      false,
      false,
      false,
      false,
      false,
      false,
      false,
      false,
      false,
      false,
      false,
      false,
      false,
      false,
      false,
      false,
      false,
      false,
      false,
      false,
      false,
      false,
      false,
      false,
      false,
      false,
      false,
      false,
      false,
      false,
      false,
      false,
      false,
      false,
      false,
      false,
      false,
      false,
      false,
      false,
      false,
      false,
      false,
      false,
      false,
      false,
      false,
      false,
      false,
      false,
      false,
      false,
      false,
      false,
      false,
      false,
      false,
      false,
      false,
      false,
      false,
      false,
      false,
      false,
      false,
      false,
      false,
      false,
      false,
      false,
      false,
      false,
      false,
      false,
      false,
      false,
      false,
      false,
      false,
      false,
      false,
      false,
      false,
      false,
      false,
      false,
      false,
      false,
      false,
      false,
      false,
      false,
      false,
      false,
      false,
      false,
      false,
      false,
      false,
      false,
      false,
      false,
      false,
      false,
      false,
      false,
      false,
      false,
      false,
      false,
      false,
      false,
      false,
      false,
      false,
      false,
      false,
      false,
      false,
      false,
      false,
      false,
      false,
      false,
      false,
      false,
      false,
      false,
      false,
      false,
      false,
      false,
      false,
      false,
      false,
      false,
      false,
      false,
      false,
      false,
      false,
      false,
      false,
      false,
      false,
      false,
      false,
      false,
      false,
      false,
      false,
      false,
      false,
      false,
      false,
      false,
      false,
      false,
      false,
      false,
      false,
      false,
      false,
      false,
      false,
      false,
      false,
      false,
      false,
      false,
      false,
      false,
      false,
      false,
      false,
      false,
      false,
      false,
      false,
      false,
      false,
      false,
      false,
      false,
      false,
      false,
      false,
      false,
      false,
      false,
      false,
      false,
      false,
      false,
      false,
      false,
      false,
      false,
      false,
      false,
      false,
      false,
      false,
      false,
      false,
      false,
      false,
      false,
      false,
      false,
      false,
      false,
      false,
      false,
      false,
      false,
      false,
      false,
      false,
      false,
      false,
      false,
      false,
      false,
      false,
      false,
      false,
      false,
      false,
      false,
      false,
      false,
      false,
      false,
      false,
      false,
      false,
      false,
      false,
      false,
      false,
      false,
      false,
      false,
      false,
      false,
      false,
      false,
      false,
      false,
      false,
      false,
      false,
      false,
      false,
      false,
      false,
      false,
      false,
      false,
      false,
      false,
      false,
      false,
      false,
      false,
      false,
      false,
      false,
      false,
      false,
      false,
      false,
      false,
      false,
      false,
      false,
      false,
      false,
      false,
      false,
      false,
      false,
      false,
      false,
      false,
      false,
      false,
      false,
      false,
      false,
      false,
      false,
      false,
      false,
      false,
      false,
      false,
      false,
      false,
      false,
      false,
      false,
      false,
      false,
      false,
      false,
      false,
      false,
      false,
      false,
      false,
      false,
      false,
      false,
      false,
      false,
      false,
      false,
      false,
      false,
      false,
      false,
      false,
      false,
      false,
      false,
      false,
      false,
      false,
      false,
      false,
      false,
      false,
      false,
      false,
      false,
      false,
      false,
      false,
      false,
      false,
      false,
      false,
      false,
      false,
      false,
      false,
      false,
      false,
      false,
      false,
      false,
      false,
      false,
      false,
      false,
      false,
      false,
      false,
      false,
      false,
      false,
      false,
      false,
      false,
      false,
      false,
      false,
      false,
      false,
      false,
      false,
      false,
      false,
      false,
      false,
      false,
      false,
      false,
      false,
      false,
      false,
      false,
      false,
      false,
      false,
      false,
      false,
      false,
      false,
      false,
      false,
      false,
      false,
      false,
      false,
      false,
      false,
      false,
      false,
      false,
      false,
      false,
      false,
      false,
      false,
      false,
      false,
      false,
      false,
      false,
      false,
      false,
      false,
      false,
      false,
      false,
      false,
      false,
      false,
      false,
      false,
      false,
      false,
      false,
      false,
      false,
      false,
      false,
      false,
      false,
      false,
      false,
      false,
      false,
      false,
      false,
      false,
      false,
      false,
      false,
      false,
      false,
      false,
      false,
      false,
      false,
      false,
      false,
      false,
      false,
      false,
      false,
      false,
      false,
      false,
      false,
      false,
      false,
      false,
      false,
      false,
      false,
      false,
      false,
      false,
      false,
      false,
      false,
      false,
      false,
      false,
      false,
      false,
      false,
      false,
      false,
      false,
      false,
      false,
      false,
      false,
      false,
      false,
      false,
      false,
      false,
      false,
      false,
      false,
      false,
      false,
      false,
      false,
      false,
      false,
      false,
      false,
      false,
      false,
      false,
      false,
      false,
      false,
      false,
      false,
      false,
      false,
      false,
      false,
      false,
      false,
      false,
      false,
      false,
      false,
      false,
      false,
      false,
      false,
      false,
      false,
      false,
      false,
      false,
      false,
      false,
      false,
      false,
      false,
      false,
      false,
      false,
      false,
      false,
      false,
      false,
      false,
      false,
      false,
      false,
      false,
      false,
      false,
      false,
      false,
      false,
      false,
      false,
      false,
      false,
      false,
      false,
      false,
      false,
      false,
      false,
      false,
      false,
      false,
      false,
      false,
      false,
      false,
      false,
      false,
      false,
      false,
      false,
      false,
      false,
      false,
      false,
      false,
      false,
      false,
      false,
      false,
      false,
      false,
      false,
      false,
      false,
      false,
      false,
      false,
      false,
      false,
      false,
      false,
      false,
      false,
      false,
      false,
      false,
      false,
      false,
      false,
      false,
      false,
      false,
      false,
      false,
      false,
      false,
      false,
      false,
      false,
      false,
      false,
      false,
      false,
      false,
      false,
      false,
      false,
      false,
      false,
      false,
      false,
      false,
      false,
      false,
      false,
      false,
      false,
      false,
      false,
      false,
      false,
      false,
      false,
      false,
      false,
      false,
      false,
      false,
      false,
      false,
      false,
      false,
      false,
      false,
      false,
      false,
      false,
      false,
      false,
      false,
      false,
      false,
      false,
      false,
      false,
      false,
      false,
      false,
      false,
      false,
      false,
      false,
      false,
      false,
      false,
      false,
      false,
      false,
      false,
      false,
      false,
      false,
      false,
      false,
      false,
      false,
      false,
      false,
      false,
      false,
      false,
      false,
      false,
      false,
      false,
      false,
      false,
      false,
      false,
      false,
      false,
      false,
      false,
      false,
      false,
      false,
      false,
      false,
      false,
      false,
      false,
      false,
      false,
      false,
      false,
      false,
      false,
      false,
      false,
      false,
      false,
      false,
      false,
      false,
      false,
      false,
      false,
      false,
      false,
      false,
      false,
      false,
      false,
      false,
      false,
      false,
      false,
      false,
      false,
      false,
      false,
      false,
      false,
      false,
      false,
      false,
      false,
      false,
      false,
      false,
      false,
      false,
      false,
      false,
      false,
      false,
      false,
      false,
      false,
      false,
      false,
      false,
      false,
      false,
      false,
      false,
      false,
      false,
      false,
      false,
      false,
      false,
      false,
      false,
      false,
      false,
      false,
      false,
      false,
      false,
      false,
      false,
      false,
      false,
      false,
      false,
      false,
      false,
      false,
      false,
      false,
      false,
      false,
      false,
      false,
      false,
      false,
      false,
      false,
      false,
      false,
      false,
      false,
      false,
      false,
      false,
      false,
      false,
      false,
      false,
      false,
      false,
      false,
      false,
      false,
      false,
      false,
      false,
      false,
      false,
      false,
      false,
      false,
      false,
      false,
      false,
      false,
      false,
      false,
      false,
      false,
      false,
      false,
      false,
      false,
      false,
      false,
      false,
      false,
      false,
      false,
      false,
      false,
      false,
      false,
      false,
      false,
      false,
      false,
      false,
      false,
      false,
      false,
      false,
      false,
      false,
      false,
      false,
      false,
      false,
      false,
      false,
      false,
      false,
      false,
      false,
      false,
      false,
      false,
      false,
      false,
      false,
      false,
      false,
      false,
      false,
      false,
      false,
      false,
      false,
      false,
      false,
      false,
      false,
      false,
      false,
      false,
      false,
      false,
      false,
      false,
      false,
      false,
      false,
      false,
      false,
      false,
      false,
      false,
      false,
      false,
      false,
      false,
      false,
      false,
      false,
      false,
      false,
      false,
      false,
      false,
      false,
      false,
      false,
      false,
      false,
      false,
      false,
      false,
      false,
      false,
      false,
      false,
      false,
      false,
      false,
      false,
      false,
      false,
      false,
      false,
      false,
      false,
      false,
      false,
      false,
      false,
      false,
      false,
      false,
      false,
      false,
      false,
      false,
      false,
      false,
      false,
      false,
      false,
      false,
      false,
      false,
      false,
      false,
      false,
      false,
      false,
      false,
      false,
      false,
      false,
      false,
      false,
      false,
      false,
      false,
      false,
      false,
      false,
      false,
      false,
      false,
      false,
      false,
      false,
      false,
      false,
      false,
      false,
      false,
      false,
      false,
      false,
      false,
      false,
      false,
      false,
      false,
      false,
      false,
      false,
      false,
      false,
      false,
      false,
      false,
      false,
      false,
      false,
      false,
      false,
      false,
      false,
      false,
      false,
      false,
      false,
      false,
      false,
      false,
      false,
      false,
      false,
      false,
      false,
      false,
      false,
      false,
      false,
      false,
      false,
      false,
      false,
      false,
      false,
      false,
      false,
      false,
      false,
      false,
      false,
      false,
      false,
      false,
      false,
      false,
      false,
      false,
      false,
      false,
      false,
      false,
      false,
      false,
      false,
      false,
      false,
      false,
      false,
      false,
      false,
      false,
      false,
      false,
      false,
      false,
      false,
      false,
      false,
      false,
      false,
      false,
      false,
      false,
      false,
      false,
      false,
      false,
      false,
      false,
      false,
      false,
      false,
      false,
      false,
      false,
      false,
      false,
      false,
      false,
      false,
      false,
      false,
      false,
      false,
      false,
      false,
      false,
      false,
      false,
      false,
      false,
      false,
      false,
      false,
      false,
      false,
      false,
      false,
      false,
      false,
      false,
      false,
      false,
      false,
      false,
      false,
      false,
      false,
      false,
      false,
      false,
      false,
      false,
      false,
      false,
      false,
      false,
      false,
      false,
      false,
      false,
      false,
      false,
      false,
      false,
      false,
      false,
      false,
      false,
      false,
      false,
      false,
      false,
      false,
      false,
      false,
      false,
      false,
      false,
      false,
      false,
      false,
      false,
      false,
      false,
      false,
      false,
      false,
      false,
      false,
      false,
      false,
      false,
      false,
      false,
      false,
      false,
      false,
      false,
      false,
      false,
      false,
      false,
      false,
      false,
      false,
      false,
      false,
      false,
      false,
      false,
      false,
      false,
      false,
      false,
      false,
      false,
      false,
      false,
      false,
      false,
      false,
      false,
      false,
      false,
      false,
      false,
      false,
      false,
      false,
      false,
      false,
      false,
      false,
      false,
      false,
      false,
      false,
      false,
      false,
      false,
      false,
      false,
      false,
      false,
      false,
      false,
      false,
      false,
      false,
      false,
      false,
      false,
      false,
      false,
      false,
      false,
      false,
      false,
      false,
      false,
      false,
      false,
      false,
      false,
      false,
      false,
      false,
      false,
      false,
      false,
      false,
      false,
      false,
      false,
      false,
      false,
      false,
      false,
      false,
      false,
      false,
      false,
      false,
      false,
      false,
      false,
      false,
      false,
      false,
      false,
      false,
      false,
      false,
      false,
      false,
      false,
      false,
      false,
      false,
      false,
      false,
      false,
      false,
      false,
      false,
      false,
      false,
      false,
      false,
      false,
      false,
      false,
      false,
      false,
      false,
      false,
      false,
      false,
      false,
      false,
      false,
      false,
      false,
      false,
      false,
      false,
      false,
      false,
      false,
      false,
      false,
      false,
      false,
      false,
      false,
      false,
      false,
      false,
      false,
      false,
      false,
      false,
      false,
      false,
      false,
      false,
      false,
      false,
      false,
      false,
      false,
      false,
      false,
      false,
      false,
      false,
      false,
      false,
      false,
      false,
      false,
      false,
      false,
      false,
      false,
      false,
      false,
      false,
      false,
      false,
      false,
      false,
      false,
      false,
      false,
      false,
      false,
      false,
      false,
      false,
      false,
      false,
      false,
      false,
      false,
      false,
      false,
      false,
      false,
      false,
      false,
      false,
      false,
      false,
      false,
      false,
      false,
      false,
      false,
      false,
      false,
      false,
      false,
      false,
      false,
      false,
      false,
      false,
      false,
      false,
      false,
      false,
      false,
      false,
      false,
      false,
      false,
      false,
      false,
      false,
      false,
      false,
      false,
      false,
      false,
      false,
      false,
      false,
      false,
      false,
      false,
      false,
      false,
      false,
      false,
      false,
      false,
      false,
      false,
      false,
      false,
      false,
      false,
      false,
      false,
      false,
      false,
      false,
      false,
      false,
      false,
      false,
      false,
      false,
      false,
      false,
      false,
      false,
      false,
      false,
      false,
      false,
      false,
      false,
      false,
      false,
      false,
      false,
      false,
      false,
      false,
      false,
      false,
      false,
      false,
      false,
      false,
      false,
      false,
      false,
      false,
      false,
      false,
      false,
      false,
      false,
      false,
      false,
      false,
      false,
      false,
      false,
      false,
      false,
      false,
      false,
      false,
      false,
      false,
      false,
      false,
      false,
      false,
      false,
      false,
      false,
      false,
      false,
      false,
      false,
      false,
      false,
      false,
      false,
      false,
      false,
      false,
      false,
      false,
      false,
      false,
      false,
      false,
      false,
      false,
      false,
      false,
      false,
      false,
      false,
      false,
      false,
      false,
      false,
      false,
      false,
      false,
      false,
      false,
      false,
      false,
      false,
      false,
      false,
      false,
      false,
      false,
      false,
      false,
      false,
      false,
      false,
      false,
      false,
      false,
      false,
      false,
      false,
      false,
      false,
      false,
      false,
      false,
      false,
      false,
      false,
      false,
      false,
      false,
      false,
      false,
      false,
      false,
      false,
      false,
      false,
      false,
      false,
      false,
      false,
      false,
      false,
      false,
      false,
      false,
      false,
      false,
      false,
      false,
      false,
      false,
      false,
      false,
      false,
      false,
      false,
      false,
      false,
      false,
      false,
      false,
      false,
      false,
      false,
      false,
      false,
      false,
      false,
      false,
      false,
      false,
      false,
      false,
      false,
      false,
      false,
      false,
      false,
      false,
      false,
      false,
      false,
      false,
      false,
      false,
      false,
      false,
      false,
      false,
      false,
      false,
      false,
      false,
      false,
      false,
      false,
      false,
      false,
      false,
      false,
      false,
      false,
      false,
      false,
      false,
      false,
      false,
      false,
      false,
      false,
      false,
      false,
      false,
      false,
      false,
      false,
      false,
      false,
      false,
      false,
      false,
      false,
      false,
      false,
      false,
      false,
      false,
      false,
      false,
      false,
      false,
      false,
      false,
      false,
      false,
      false,
      false,
      false,
      false,
      false,
      false,
      false,
      false,
      false,
      false,
      false,
      false,
      false,
      false,
      false,
      false,
      false,
      false,
      false,
      false,
      false,
      false,
      false,
      false,
      false,
      false,
      false,
      false,
      false,
      false,
      false,
      false,
      false,
      false,
      false,
      false,
      false,
      false,
      false,
      false,
      false,
      false,
      false,
      false,
      false,
      false,
      false,
      false,
      false,
      false,
      false,
      false,
      false,
      false,
      false,
      false,
      false,
      false,
      false,
      false,
      false,
      false,
      false,
      false,
      false,
      false,
      false,
      false,
      false,
      false,
      false,
      false,
      false,
      false,
      false,
      false,
      false,
      false,
      false,
      false,
      false,
      false,
      false,
      false,
      false,
      false,
      false,
      false,
      false,
      false,
      false,
      false,
      false,
      false,
      false,
      false,
      false,
      false,
      false,
      false,
      false,
      false,
      false,
      false,
      false,
      false,
      false,
      false,
      false,
      false,
      false,
      false,
      false,
      false,
      false,
      false,
      false,
      false,
      false,
      false,
      false,
      false,
      false,
      false,
      false,
      false,
      false,
      false,
      false,
      false,
      false,
      false,
      false,
      false,
      false,
      false,
      false,
      false,
      false,
      false,
      false,
      false,
      false,
      false,
      false,
      false,
      false,
      false,
      false,
      false,
      false,
      false,
      false,
      false,
      false,
      false,
      false,
      false,
      false,
      false,
      false,
      false,
      false,
      false,
      false,
      false,
      false,
      false,
      false,
      false
    ],
    "name": "route_line2_33km",
    "seg_len_m": [
      87.97071263473256,
      87.97071263473256,
      87.97071263473256,
      87.97071263473256,
      87.97071263473256,
      87.97071263473256,
      87.97071263473256,
      87.97071263473256,
      87.97071263473256,
      88.7643077504371,
      88.7643077504371,
      88.7643077504371,
      88.7643077504371,
      88.7643077504371,
      88.7643077504371,
      88.7643077504371,
      88.7643077504371,
      88.7643077504371,
      68.97151303616681,
      68.97151303616681,
      68.97151303616681,
      68.97151303616681,
      68.97151303616681,
      68.97151303616681,
      68.97151303616681,
      49.272490208282136,
      49.272490208282136,
      49.272490208282136,
      49.272490208282136,
      49.272490208282136,
      52.002748658340465,
      52.002748658340465,
      52.002748658340465,
      52.002748658340465,
      52.002748658340465,
      118.458545384062,
      118.458545384062,
      118.458545384062,
      118.458545384062,
      118.458545384062,
      118.458545384062,
      118.458545384062,
      118.458545384062,
      118.458545384062,
      118.458545384062,
      118.458545384062,
      118.458545384062,
      90.6556626287749,
      90.6556626287749,
      90.6556626287749,
      90.6556626287749,
      90.6556626287749,
      90.6556626287749,
      90.6556626287749,
      90.6556626287749,
      90.6556626287749,
      195.67490152424045,
      195.67490152424045,
      195.67490152424045,
      195.67490152424045,
      195.67490152424045,
      195.67490152424045,
      195.67490152424045,
      195.67490152424045,
      195.67490152424045,
      195.67490152424045,
      195.67490152424045,
      195.67490152424045,
      195.67490152424045,
      195.67490152424045,
      195.67490152424045,
      195.67490152424045,
      195.67490152424045,
      195.67490152424045,
      195.67490152424045,
      195.67490152424045,
      87.22271512549537,
      87.22271512549537,
      87.22271512549537,
      87.22271512549537,
      87.22271512549537,
      87.22271512549537,
      87.22271512549537,
      87.22271512549537,
      538.0804470119933,
      538.0804470119933,
      538.0804470119933,
      538.0804470119933,
      538.0804470119933,
      538.0804470119933,
      538.0804470119933,
      538.0804470119933,
      538.0804470119933,
      538.0804470119933,
      538.0804470119933,
      538.0804470119933,
      538.0804470119933,
      538.0804470119933,
      538.0804470119933,
      538.0804470119933,
      538.0804470119933,
      538.0804470119933,
      538.0804470119933,
      538.0804470119933,
      538.0804470119933,
      538.0804470119933,
      538.0804470119933,
      538.0804470119933,
      538.0804470119933,
      538.0804470119933,
      538.0804470119933,
      538.0804470119933,
      538.0804470119933,
      538.0804470119933,
      538.0804470119933,
      538.0804470119933,
      538.0804470119933,
      538.0804470119933,
      538.0804470119933,
      538.0804470119933,
      538.0804470119933,
      538.0804470119933,
      538.0804470119933,
      538.0804470119933,
      538.0804470119933,
      538.0804470119933,
      538.0804470119933,
      538.0804470119933,
      538.0804470119933,
      538.0804470119933,
      538.0804470119933,
      538.0804470119933,
      538.0804470119933,
      538.0804470119933,
      538.0804470119933,
      538.0804470119933,
      538.0804470119933,
      538.0804470119933,
      115.65400361727507,
      115.65400361727507,
      115.65400361727507,
      115.65400361727507,
      115.65400361727507,
      115.65400361727507,
      115.65400361727507,
      115.65400361727507,
      115.65400361727507,
      115.65400361727507,
      115.65400361727507,
      115.65400361727507,
      53.21801032556459,
      53.21801032556459,
      53.21801032556459,
      53.21801032556459,
      53.21801032556459,
      51.822810382746866,
      51.822810382746866,
      51.822810382746866,
      51.822810382746866,
      51.822810382746866,
      50.08940520054239,
      50.08940520054239,
      50.08940520054239,
      50.08940520054239,
      50.08940520054239,
      61.09752688811227,
      61.09752688811227,
      61.09752688811227,
      61.09752688811227,
      61.09752688811227,
      61.09752688811227,
      37.96283350184444,
      37.96283350184444,
      37.96283350184444,
      37.96283350184444,
      1147.6785731867085,
      1147.6785731867085,
      1147.6785731867085,
      1147.6785731867085,
      1147.6785731867085,
      1147.6785731867085,
      1147.6785731867085,
      1147.6785731867085,
      1147.6785731867085,
      1147.6785731867085,
      1147.6785731867085,
      1147.6785731867085,
      1147.6785731867085,
      1147.6785731867085,
      1147.6785731867085,
      1147.6785731867085,
      1147.6785731867085,
      1147.6785731867085,
      1147.6785731867085,
      1147.6785731867085,
      1147.6785731867085,
      1147.6785731867085,
      1147.6785731867085,
      1147.6785731867085,
      1147.6785731867085,
      1147.6785731867085,
      1147.6785731867085,
      1147.6785731867085,
      1147.6785731867085,
      1147.6785731867085,
      1147.6785731867085,
      1147.6785731867085,
      1147.6785731867085,
      1147.6785731867085,
      1147.6785731867085,
      1147.6785731867085,
      1147.6785731867085,
      1147.6785731867085,
      1147.6785731867085,
      1147.6785731867085,
      1147.6785731867085,
      1147.6785731867085,
      1147.6785731867085,
      1147.6785731867085,
      1147.6785731867085,
      1147.6785731867085,
      1147.6785731867085,
      1147.6785731867085,
      1147.6785731867085,
      1147.6785731867085,
      1147.6785731867085,
      1147.6785731867085,
      1147.6785731867085,
      1147.6785731867085,
      1147.6785731867085,
      1147.6785731867085,
      1147.6785731867085,
      1147.6785731867085,
      1147.6785731867085,
      1147.6785731867085,
      1147.6785731867085,
      1147.6785731867085,
      1147.6785731867085,
      1147.6785731867085,
      1147.6785731867085,
      1147.6785731867085,
      1147.6785731867085,
      1147.6785731867085,
      1147.6785731867085,
      1147.6785731867085,
      1147.6785731867085,
      1147.6785731867085,
      1147.6785731867085,
      1147.6785731867085,
      1147.6785731867085,
      1147.6785731867085,
      1147.6785731867085,
      1147.6785731867085,
      1147.6785731867085,
      1147.6785731867085,
      1147.6785731867085,
      1147.6785731867085,
      1147.6785731867085,
      1147.6785731867085,
      1147.6785731867085,
      1147.6785731867085,
      1147.6785731867085,
      1147.6785731867085,
      1147.6785731867085,
      1147.6785731867085,
      1147.6785731867085,
      1147.6785731867085,
      1147.6785731867085,
      1147.6785731867085,
      1147.6785731867085,
      1147.6785731867085,
      1147.6785731867085,
      1147.6785731867085,
      1147.6785731867085,
      1147.6785731867085,
      1147.6785731867085,
      1147.6785731867085,
      1147.6785731867085,
      1147.6785731867085,
      1147.6785731867085,
      1147.6785731867085,
      1147.6785731867085,
      1147.6785731867085,
      1147.6785731867085,
      1147.6785731867085,
      1147.6785731867085,
      1147.6785731867085,
      1147.6785731867085,
      1147.6785731867085,
      1147.6785731867085,
      82.3068332064272,
      82.3068332064272,
      82.3068332064272,
      82.3068332064272,
      82.3068332064272,
      82.3068332064272,
      82.3068332064272,
      82.3068332064272,
      74.79557899215934,
      74.79557899215934,
      74.79557899215934,
      74.79557899215934,
      74.79557899215934,
      74.79557899215934,
      74.79557899215934,
      74.79557899215934,
      81.25265590382787,
      81.25265590382787,
      81.25265590382787,
      81.25265590382787,
      81.25265590382787,
      81.25265590382787,
      81.25265590382787,
      81.25265590382787,
      93.89117785813778,
      93.89117785813778,
      93.89117785813778,
      93.89117785813778,
      93.89117785813778,
      93.89117785813778,
      93.89117785813778,
      93.89117785813778,
      93.89117785813778,
      47.9055164535107,
      47.9055164535107,
      47.9055164535107,
      47.9055164535107,
      47.9055164535107,
      54.09862199746931,
      54.09862199746931,
      54.09862199746931,
      54.09862199746931,
      54.09862199746931,
      182.6158490467783,
      182.6158490467783,
      182.6158490467783,
      182.6158490467783,
      182.6158490467783,
      182.6158490467783,
      182.6158490467783,
      182.6158490467783,
      182.6158490467783,
      182.6158490467783,
      182.6158490467783,
      182.6158490467783,
      182.6158490467783,
      182.6158490467783,
      182.6158490467783,
      182.6158490467783,
      182.6158490467783,
      182.6158490467783,
      182.6158490467783,
      197.28565895953352,
      197.28565895953352,
      197.28565895953352,
      197.28565895953352,
      197.28565895953352,
      197.28565895953352,
      197.28565895953352,
      197.28565895953352,
      197.28565895953352,
      197.28565895953352,
      197.28565895953352,
      197.28565895953352,
      197.28565895953352,
      197.28565895953352,
      197.28565895953352,
      197.28565895953352,
      197.28565895953352,
      197.28565895953352,
      197.28565895953352,
      120.4900070775443,
      120.4900070775443,
      120.4900070775443,
      120.4900070775443,
      120.4900070775443,
      120.4900070775443,
      120.4900070775443,
      120.4900070775443,
      120.4900070775443,
      120.4900070775443,
      120.4900070775443,
      120.4900070775443,
      48.524977346302876,
      48.524977346302876,
      48.524977346302876,
      48.524977346302876,
      48.524977346302876,
      90.13346106806557,
      90.13346106806557,
      90.13346106806557,
      90.13346106806557,
      90.13346106806557,
      90.13346106806557,
      90.13346106806557,
      90.13346106806557,
      90.13346106806557,
      65.70738869753086,
      65.70738869753086,
      65.70738869753086,
      65.70738869753086,
      65.70738869753086,
      65.70738869753086,
      65.70738869753086,
      76.918362233077,
      76.918362233077,
      76.918362233077,
      76.918362233077,
      76.918362233077,
      76.918362233077,
      76.918362233077,
      76.918362233077,
      63.864344827807145,
      63.864344827807145,
      63.864344827807145,
      63.864344827807145,
      63.864344827807145,
      63.864344827807145,
      1378.7407982030954,
      1378.7407982030954,
      1378.7407982030954,
      1378.7407982030954,
      1378.7407982030954,
      1378.7407982030954,
      1378.7407982030954,
      1378.7407982030954,
      1378.7407982030954,
      1378.7407982030954,
      1378.7407982030954,
      1378.7407982030954,
      1378.7407982030954,
      1378.7407982030954,
      1378.7407982030954,
      1378.7407982030954,
      1378.7407982030954,
      1378.7407982030954,
      1378.7407982030954,
      1378.7407982030954,
      1378.7407982030954,
      1378.7407982030954,
      1378.7407982030954,
      1378.7407982030954,
      1378.7407982030954,
      1378.7407982030954,
      1378.7407982030954,
      1378.7407982030954,
      1378.7407982030954,
      1378.7407982030954,
      1378.7407982030954,
      1378.7407982030954,
      1378.7407982030954,
      1378.7407982030954,
      1378.7407982030954,
      1378.7407982030954,
      1378.7407982030954,
      1378.7407982030954,
      1378.7407982030954,
      1378.7407982030954,
      1378.7407982030954,
      1378.7407982030954,
      1378.7407982030954,
      1378.7407982030954,
      1378.7407982030954,
      1378.7407982030954,
      1378.7407982030954,
      1378.7407982030954,
      1378.7407982030954,
      1378.7407982030954,
      1378.7407982030954,
      1378.7407982030954,
      1378.7407982030954,
      1378.7407982030954,
      1378.7407982030954,
      1378.7407982030954,
      1378.7407982030954,
      1378.7407982030954,
      1378.7407982030954,
      1378.7407982030954,
      1378.7407982030954,
      1378.7407982030954,
      1378.7407982030954,
      1378.7407982030954,
      1378.7407982030954,
      1378.7407982030954,
      1378.7407982030954,
      1378.7407982030954,
      1378.7407982030954,
      1378.7407982030954,
      1378.7407982030954,
      1378.7407982030954,
      1378.7407982030954,
      1378.7407982030954,
      1378.7407982030954,
      1378.7407982030954,
      1378.7407982030954,
      1378.7407982030954,
      1378.7407982030954,
      1378.7407982030954,
      1378.7407982030954,
      1378.7407982030954,
      1378.7407982030954,
      1378.7407982030954,
      1378.7407982030954,
      1378.7407982030954,
      1378.7407982030954,
      1378.7407982030954,
      1378.7407982030954,
      1378.7407982030954,
      1378.7407982030954,
      1378.7407982030954,
      1378.7407982030954,
      1378.7407982030954,
      1378.7407982030954,
      1378.7407982030954,
      1378.7407982030954,
      1378.7407982030954,
      1378.7407982030954,
      1378.7407982030954,
      1378.7407982030954,
      1378.7407982030954,
      1378.7407982030954,
      1378.7407982030954,
      1378.7407982030954,
      1378.7407982030954,
      1378.7407982030954,
      1378.7407982030954,
      1378.7407982030954,
      1378.7407982030954,
      1378.7407982030954,
      1378.7407982030954,
      1378.7407982030954,
      1378.7407982030954,
      1378.7407982030954,
      1378.7407982030954,
      1378.7407982030954,
      1378.7407982030954,
      1378.7407982030954,
      1378.7407982030954,
      1378.7407982030954,
      1378.7407982030954,
      1378.7407982030954,
      1378.7407982030954,
      1378.7407982030954,
      1378.7407982030954,
      1378.7407982030954,
      1378.7407982030954,
      1378.7407982030954,
      1378.7407982030954,
      1378.7407982030954,
      1378.7407982030954,
      1378.7407982030954,
      1378.7407982030954,
      1378.7407982030954,
      1378.7407982030954,
      1378.7407982030954,
      1378.7407982030954,
      49.887453858005756,
      49.887453858005756,
      49.887453858005756,
      49.887453858005756,
      49.887453858005756,
      74.4853463482159,
      74.4853463482159,
      74.4853463482159,
      74.4853463482159,
      74.4853463482159,
      74.4853463482159,
      74.4853463482159,
      39.40838388546126,
      39.40838388546126,
      39.40838388546126,
      39.40838388546126,
      46.130692458878,
      46.130692458878,
      46.130692458878,
      46.130692458878,
      46.130692458878,
      48.44705370834345,
      48.44705370834345,
      48.44705370834345,
      48.44705370834345,
      48.44705370834345,
      44.15266618619262,
      44.15266618619262,
      44.15266618619262,
      44.15266618619262,
      48.72985776409041,
      48.72985776409041,
      48.72985776409041,
      48.72985776409041,
      48.72985776409041,
      49.1878307346542,
      49.1878307346542,
      49.1878307346542,
      49.1878307346542,
      49.1878307346542,
      50.1781314123964,
      50.1781314123964,
      50.1781314123964,
      50.1781314123964,
      50.1781314123964,
      74.38009038548898,
      74.38009038548898,
      74.38009038548898,
      74.38009038548898,
      74.38009038548898,
      74.38009038548898,
      74.38009038548898,
      98.95850049850287,
      98.95850049850287,
      98.95850049850287,
      98.95850049850287,
      98.95850049850287,
      98.95850049850287,
      98.95850049850287,
      98.95850049850287,
      98.95850049850287,
      98.95850049850287,
      98.95850049850287,
      139.60277693828903,
      139.60277693828903,
      139.60277693828903,
      139.60277693828903,
      139.60277693828903,
      139.60277693828903,
      139.60277693828903,
      139.60277693828903,
      139.60277693828903,
      139.60277693828903,
      139.60277693828903,
      139.60277693828903,
      139.60277693828903,
      139.60277693828903,
      139.60277693828903,
      109.59596210126983,
      109.59596210126983,
      109.59596210126983,
      109.59596210126983,
      109.59596210126983,
      109.59596210126983,
      109.59596210126983,
      109.59596210126983,
      109.59596210126983,
      109.59596210126983,
      109.59596210126983,
      73.57974249985637,
      73.57974249985637,
      73.57974249985637,
      73.57974249985637,
      73.57974249985637,
      73.57974249985637,
      73.57974249985637,
      64.84153519408119,
      64.84153519408119,
      64.84153519408119,
      64.84153519408119,
      64.84153519408119,
      64.84153519408119,
      64.84153519408119,
      52.93903358982516,
      52.93903358982516,
      52.93903358982516,
      52.93903358982516,
      52.93903358982516,
      49.87201159268534,
      49.87201159268534,
      49.87201159268534,
      49.87201159268534,
      49.87201159268534,
      102.94030014563305,
      102.94030014563305,
      102.94030014563305,
      102.94030014563305,
      102.94030014563305,
      102.94030014563305,
      102.94030014563305,
      102.94030014563305,
      102.94030014563305,
      102.94030014563305,
      102.94030014563305,
      126.8066675906266,
      126.8066675906266,
      126.8066675906266,
      126.8066675906266,
      126.8066675906266,
      126.8066675906266,
      126.8066675906266,
      126.8066675906266,
      126.8066675906266,
      126.8066675906266,
      126.8066675906266,
      126.8066675906266,
      58.708123033870834,
      58.708123033870834,
      58.708123033870834,
      58.708123033870834,
      58.708123033870834,
      58.708123033870834,
      82.11483422196488,
      82.11483422196488,
      82.11483422196488,
      82.11483422196488,
      82.11483422196488,
      82.11483422196488,
      82.11483422196488,
      82.11483422196488,
      50.20598548531052,
      50.20598548531052,
      50.20598548531052,
      50.20598548531052,
      50.20598548531052,
      80.10078649821116,
      80.10078649821116,
      80.10078649821116,
      80.10078649821116,
      80.10078649821116,
      80.10078649821116,
      80.10078649821116,
      80.10078649821116,
      263.1136906267102,
      263.1136906267102,
      263.1136906267102,
      263.1136906267102,
      263.1136906267102,
      263.1136906267102,
      263.1136906267102,
      263.1136906267102,
      263.1136906267102,
      263.1136906267102,
      263.1136906267102,
      263.1136906267102,
      263.1136906267102,
      263.1136906267102,
      263.1136906267102,
      263.1136906267102,
      263.1136906267102,
      263.1136906267102,
      263.1136906267102,
      263.1136906267102,
      263.1136906267102,
      263.1136906267102,
      263.1136906267102,
      263.1136906267102,
      263.1136906267102,
      263.1136906267102,
      263.1136906267102,
      145.35278664362704,
      145.35278664362704,
      145.35278664362704,
      145.35278664362704,
      145.35278664362704,
      145.35278664362704,
      145.35278664362704,
      145.35278664362704,
      145.35278664362704,
      145.35278664362704,
      145.35278664362704,
      145.35278664362704,
      145.35278664362704,
      145.35278664362704,
      132.8985535823067,
      132.8985535823067,
      132.8985535823067,
      132.8985535823067,
      132.8985535823067,
      132.8985535823067,
      132.8985535823067,
      132.8985535823067,
      132.8985535823067,
      132.8985535823067,
      132.8985535823067,
      132.8985535823067,
      132.8985535823067,
      183.8998255822653,
      183.8998255822653,
      183.8998255822653,
      183.8998255822653,
      183.8998255822653,
      183.8998255822653,
      183.8998255822653,
      183.8998255822653,
      183.8998255822653,
      183.8998255822653,
      183.8998255822653,
      183.8998255822653,
      183.8998255822653,
      183.8998255822653,
      183.8998255822653,
      183.8998255822653,
      183.8998255822653,
      183.8998255822653,
      183.8998255822653,
      152.05717596058184,
      152.05717596058184,
      152.05717596058184,
      152.05717596058184,
      152.05717596058184,
      152.05717596058184,
      152.05717596058184,
      152.05717596058184,
      152.05717596058184,
      152.05717596058184,
      152.05717596058184,
      152.05717596058184,
      152.05717596058184,
      152.05717596058184,
      152.05717596058184,
      118.80677341498631,
      118.80677341498631,
      118.80677341498631,
      118.80677341498631,
      118.80677341498631,
      118.80677341498631,
      118.80677341498631,
      118.80677341498631,
      118.80677341498631,
      118.80677341498631,
      118.80677341498631,
      118.80677341498631,
      202.72995274529967,
      202.72995274529967,
      202.72995274529967,
      202.72995274529967,
      202.72995274529967,
      202.72995274529967,
      202.72995274529967,
      202.72995274529967,
      202.72995274529967,
      202.72995274529967,
      202.72995274529967,
      202.72995274529967,
      202.72995274529967,
      202.72995274529967,
      202.72995274529967,
      202.72995274529967,
      202.72995274529967,
      202.72995274529967,
      202.72995274529967,
      202.72995274529967,
      143.02305649334085,
      143.02305649334085,
      143.02305649334085,
      143.02305649334085,
      143.02305649334085,
      143.02305649334085,
      143.02305649334085,
      143.02305649334085,
      143.02305649334085,
      143.02305649334085,
      143.02305649334085,
      143.02305649334085,
      143.02305649334085,
      143.02305649334085,
      143.02305649334085,
      17.43847217961411,
      170.7426800066478,
      170.7426800066478,
      170.7426800066478,
      170.7426800066478,
      170.7426800066478,
      170.7426800066478,
      170.7426800066478,
      170.7426800066478,
      170.7426800066478,
      170.7426800066478,
      170.7426800066478,
      170.7426800066478,
      170.7426800066478,
      170.7426800066478,
      170.7426800066478,
      170.7426800066478,
      170.7426800066478,
      139.9583544566176,
      139.9583544566176,
      139.9583544566176,
      139.9583544566176,
      139.9583544566176,
      139.9583544566176,
      139.9583544566176,
      139.9583544566176,
      139.9583544566176,
      139.9583544566176,
      139.9583544566176,
      139.9583544566176,
      139.9583544566176,
      139.9583544566176,
      98.4591646744284,
      98.4591646744284,
      98.4591646744284,
      98.4591646744284,
      98.4591646744284,
      98.4591646744284,
      98.4591646744284,
      98.4591646744284,
      98.4591646744284,
      98.4591646744284,
      60.77367322422833,
      60.77367322422833,
      60.77367322422833,
      60.77367322422833,
      60.77367322422833,
      60.77367322422833,
      86.67324675109194,
      86.67324675109194,
      86.67324675109194,
      86.67324675109194,
      86.67324675109194,
      86.67324675109194,
      86.67324675109194,
      86.67324675109194,
      86.67324675109194,
      73.51207874469583,
      73.51207874469583,
      73.51207874469583,
      73.51207874469583,
      73.51207874469583,
      73.51207874469583,
      73.51207874469583,
      64.89678736618225,
      64.89678736618225,
      64.89678736618225,
      64.89678736618225,
      64.89678736618225,
      64.89678736618225,
      64.89678736618225,
      83.51306523264066,
      83.51306523264066,
      83.51306523264066,
      83.51306523264066,
      83.51306523264066,
      83.51306523264066,
      83.51306523264066,
      83.51306523264066,
      109.54288548785553,
      109.54288548785553,
      109.54288548785553,
      109.54288548785553,
      109.54288548785553,
      109.54288548785553,
      109.54288548785553,
      109.54288548785553,
      109.54288548785553,
      109.54288548785553,
      109.54288548785553,
      148.43477008166337,
      148.43477008166337,
      148.43477008166337,
      148.43477008166337,
      148.43477008166337,
      148.43477008166337,
      148.43477008166337,
      148.43477008166337,
      148.43477008166337,
      148.43477008166337,
      148.43477008166337,
      148.43477008166337,
      148.43477008166337,
      148.43477008166337,
      148.43477008166337,
      110.82523942844273,
      110.82523942844273,
      110.82523942844273,
      110.82523942844273,
      110.82523942844273,
      110.82523942844273,
      110.82523942844273,
      110.82523942844273,
      110.82523942844273,
      110.82523942844273,
      110.82523942844273,
      144.01571058725494,
      144.01571058725494,
      144.01571058725494,
      144.01571058725494,
      144.01571058725494,
      144.01571058725494,
      144.01571058725494,
      144.01571058725494,
      144.01571058725494,
      144.01571058725494,
      144.01571058725494,
      144.01571058725494,
      144.01571058725494,
      144.01571058725494,
      138.17725306820103,
      138.17725306820103,
      138.17725306820103,
      138.17725306820103,
      138.17725306820103,
      138.17725306820103,
      138.17725306820103,
      138.17725306820103,
      138.17725306820103,
      138.17725306820103,
      138.17725306820103,
      138.17725306820103,
      138.17725306820103,
      138.17725306820103,
      54.07303629081434,
      54.07303629081434,
      54.07303629081434,
      54.07303629081434,
      54.07303629081434,
      54.07303629081434,
      293.12464191002255,
      293.12464191002255,
      293.12464191002255,
      293.12464191002255,
      293.12464191002255,
      293.12464191002255,
      293.12464191002255,
      293.12464191002255,
      293.12464191002255,
      293.12464191002255,
      293.12464191002255,
      293.12464191002255,
      293.12464191002255,
      293.12464191002255,
      293.12464191002255,
      293.12464191002255,
      293.12464191002255,
      293.12464191002255,
      293.12464191002255,
      293.12464191002255,
      293.12464191002255,
      293.12464191002255,
      293.12464191002255,
      293.12464191002255,
      293.12464191002255,
      293.12464191002255,
      293.12464191002255,
      293.12464191002255,
      293.12464191002255,
      713.425202874776,
      713.425202874776,
      713.425202874776,
      713.425202874776,
      713.425202874776,
      713.425202874776,
      713.425202874776,
      713.425202874776,
      713.425202874776,
      713.425202874776,
      713.425202874776,
      713.425202874776,
      713.425202874776,
      713.425202874776,
      713.425202874776,
      713.425202874776,
      713.425202874776,
      713.425202874776,
      713.425202874776,
      713.425202874776,
      713.425202874776,
      713.425202874776,
      713.425202874776,
      713.425202874776,
      713.425202874776,
      713.425202874776,
      713.425202874776,
      713.425202874776,
      713.425202874776,
      713.425202874776,
      713.425202874776,
      713.425202874776,
      713.425202874776,
      713.425202874776,
      713.425202874776,
      713.425202874776,
      713.425202874776,
      713.425202874776,
      713.425202874776,
      713.425202874776,
      713.425202874776,
      713.425202874776,
      713.425202874776,
      713.425202874776,
      713.425202874776,
      713.425202874776,
      713.425202874776,
      713.425202874776,
      713.425202874776,
      713.425202874776,
      713.425202874776,
      713.425202874776,
      713.425202874776,
      713.425202874776,
      713.425202874776,
      713.425202874776,
      713.425202874776,
      713.425202874776,
      713.425202874776,
      713.425202874776,
      713.425202874776,
      713.425202874776,
      713.425202874776,
      713.425202874776,
      713.425202874776,
      713.425202874776,
      713.425202874776,
      713.425202874776,
      713.425202874776,
      713.425202874776,
      713.425202874776,
      202.96973714842534,
      202.96973714842534,
      202.96973714842534,
      202.96973714842534,
      202.96973714842534,
      202.96973714842534,
      202.96973714842534,
      202.96973714842534,
      202.96973714842534,
      202.96973714842534,
      202.96973714842534,
      202.96973714842534,
      202.96973714842534,
      202.96973714842534,
      202.96973714842534,
      202.96973714842534,
      202.96973714842534,
      202.96973714842534,
      202.96973714842534,
      202.96973714842534,
      202.96973714842534,
      65.68411834888684,
      65.68411834888684,
      65.68411834888684,
      65.68411834888684,
      65.68411834888684,
      65.68411834888684,
      44.067537891329266,
      44.067537891329266,
      44.067537891329266,
      44.067537891329266,
      44.067537891329266,
      60.9153654737529,
      60.9153654737529,
      60.9153654737529,
      60.9153654737529,
      60.9153654737529,
      60.9153654737529,
      38.15182995943724,
      38.15182995943724,
      38.15182995943724,
      38.15182995943724,
      93.03510651238685,
      93.03510651238685,
      93.03510651238685,
      93.03510651238685,
      93.03510651238685,
      93.03510651238685,
      93.03510651238685,
      93.03510651238685,
      93.03510651238685,
      93.03510651238685,
      83.57937316387324,
      83.57937316387324,
      83.57937316387324,
      83.57937316387324,
      83.57937316387324,
      83.57937316387324,
      83.57937316387324,
      83.57937316387324,
      83.57937316387324,
      102.19223175783372,
      102.19223175783372,
      102.19223175783372,
      102.19223175783372,
      102.19223175783372,
      102.19223175783372,
      102.19223175783372,
      102.19223175783372,
      102.19223175783372,
      102.19223175783372,
      130.0601061363668,
      130.0601061363668,
      130.0601061363668,
      130.0601061363668,
      130.0601061363668,
      130.0601061363668,
      130.0601061363668,
      130.0601061363668,
      130.0601061363668,
      130.0601061363668,
      130.0601061363668,
      130.0601061363668,
      130.0601061363668,
      115.64384167032404,
      115.64384167032404,
      115.64384167032404,
      115.64384167032404,
      115.64384167032404,
      115.64384167032404,
      115.64384167032404,
      115.64384167032404,
      115.64384167032404,
      115.64384167032404,
      115.64384167032404,
      115.64384167032404,
      298.07450997395244,
      298.07450997395244,
      298.07450997395244,
      298.07450997395244,
      298.07450997395244,
      298.07450997395244,
      298.07450997395244,
      298.07450997395244,
      298.07450997395244,
      298.07450997395244,
      298.07450997395244,
      298.07450997395244,
      298.07450997395244,
      298.07450997395244,
      298.07450997395244,
      298.07450997395244,
      298.07450997395244,
      298.07450997395244,
      298.07450997395244,
      298.07450997395244,
      298.07450997395244,
      298.07450997395244,
      298.07450997395244,
      298.07450997395244,
      298.07450997395244,
      298.07450997395244,
      298.07450997395244,
      298.07450997395244,
      298.07450997395244,
      298.07450997395244,
      100.25341509110513,
      100.25341509110513,
      100.25341509110513,
      100.25341509110513,
      100.25341509110513,
      100.25341509110513,
      100.25341509110513,
      100.25341509110513,
      100.25341509110513,
      100.25341509110513,
      37.04546509631655,
      37.04546509631655,
      37.04546509631655,
      37.04546509631655,
      39.090358660088896,
      39.090358660088896,
      39.090358660088896,
      39.090358660088896,
      40.961013935286246,
      40.961013935286246,
      40.961013935286246,
      40.961013935286246,
      124.61176296987469,
      124.61176296987469,
      124.61176296987469,
      124.61176296987469,
      124.61176296987469,
      124.61176296987469,
      124.61176296987469,
      124.61176296987469,
      124.61176296987469,
      124.61176296987469,
      124.61176296987469,
      124.61176296987469,
      124.61176296987469,
      96.46248104736878,
      96.46248104736878,
      96.46248104736878,
      96.46248104736878,
      96.46248104736878,
      96.46248104736878,
      96.46248104736878,
      96.46248104736878,
      96.46248104736878,
      96.46248104736878,
      56.255521766726815,
      56.255521766726815,
      56.255521766726815,
      56.255521766726815,
      56.255521766726815,
      49.56348705504752,
      49.56348705504752,
      49.56348705504752,
      49.56348705504752,
      49.56348705504752,
      57.22868892141196,
      57.22868892141196,
      57.22868892141196,
      57.22868892141196,
      57.22868892141196,
      57.22868892141196,
      67.9765899093527,
      67.9765899093527,
      67.9765899093527,
      67.9765899093527,
      67.9765899093527,
      67.9765899093527,
      67.9765899093527,
      59.40495093249956,
      59.40495093249956,
      59.40495093249956,
      59.40495093249956,
      59.40495093249956,
      59.40495093249956,
      70.90698045590216,
      70.90698045590216,
      70.90698045590216,
      70.90698045590216,
      70.90698045590216,
      70.90698045590216,
      70.90698045590216,
      42.916687926210216,
      42.916687926210216,
      42.916687926210216,
      42.916687926210216,
      56.387621099676835,
      56.387621099676835,
      56.387621099676835,
      56.387621099676835,
      56.387621099676835,
      56.387621099676835,
      68.81311055664082,
      68.81311055664082,
      68.81311055664082,
      68.81311055664082,
      68.81311055664082,
      68.81311055664082,
      68.81311055664082,
      133.02758176935095,
      133.02758176935095,
      133.02758176935095,
      133.02758176935095,
      133.02758176935095,
      133.02758176935095,
      133.02758176935095,
      133.02758176935095,
      133.02758176935095,
      133.02758176935095,
      133.02758176935095,
      133.02758176935095,
      133.02758176935095,
      120.23638939210468,
      120.23638939210468,
      120.23638939210468,
      120.23638939210468,
      120.23638939210468,
      120.23638939210468,
      120.23638939210468,
      120.23638939210468,
      120.23638939210468,
      120.23638939210468,
      120.23638939210468,
      120.23638939210468,
      531.6051776567856,
      531.6051776567856,
      531.6051776567856,
      531.6051776567856,
      531.6051776567856,
      531.6051776567856,
      531.6051776567856,
      531.6051776567856,
      531.6051776567856,
      531.6051776567856,
      531.6051776567856,
      531.6051776567856,
      531.6051776567856,
      531.6051776567856,
      531.6051776567856,
      531.6051776567856,
      531.6051776567856,
      531.6051776567856,
      531.6051776567856,
      531.6051776567856,
      531.6051776567856,
      531.6051776567856,
      531.6051776567856,
      531.6051776567856,
      531.6051776567856,
      531.6051776567856,
      531.6051776567856,
      531.6051776567856,
      531.6051776567856,
      531.6051776567856,
      531.6051776567856,
      531.6051776567856,
      531.6051776567856,
      531.6051776567856,
      531.6051776567856,
      531.6051776567856,
      531.6051776567856,
      531.6051776567856,
      531.6051776567856,
      531.6051776567856,
      531.6051776567856,
      531.6051776567856,
      531.6051776567856,
      531.6051776567856,
      531.6051776567856,
      531.6051776567856,
      531.6051776567856,
      531.6051776567856,
      531.6051776567856,
      531.6051776567856,
      531.6051776567856,
      531.6051776567856,
      531.6051776567856,
      75.21811291220365,
      75.21811291220365,
      75.21811291220365,
      75.21811291220365,
      75.21811291220365,
      75.21811291220365,
      75.21811291220365,
      75.21811291220365,
      49.033461863067714,
      49.033461863067714,
      49.033461863067714,
      49.033461863067714,
      19.170443689912645,
      19.170443689912645,
      77.90040372921067,
      77.90040372921067,
      77.90040372921067,
      77.90040372921067,
      77.90040372921067,
      77.90040372921067,
      77.90040372921067,
      77.90040372921067,
      39.298416687621284,
      39.298416687621284,
      39.298416687621284,
      39.298416687621284,
      186.82475519279797,
      186.82475519279797,
      186.82475519279797,
      186.82475519279797,
      186.82475519279797,
      186.82475519279797,
      186.82475519279797,
      186.82475519279797,
      186.82475519279797,
      186.82475519279797,
      186.82475519279797,
      186.82475519279797,
      186.82475519279797,
      186.82475519279797,
      186.82475519279797,
      186.82475519279797,
      186.82475519279797,
      186.82475519279797,
      186.82475519279797,
      107.88990349058804,
      107.88990349058804,
      107.88990349058804,
      107.88990349058804,
      107.88990349058804,
      107.88990349058804,
      107.88990349058804,
      107.88990349058804,
      107.88990349058804,
      107.88990349058804,
      107.88990349058804,
      49.691272211151954,
      49.691272211151954,
      49.691272211151954,
      49.691272211151954,
      58.05940582731455,
      58.05940582731455,
      58.05940582731455,
      58.05940582731455,
      58.05940582731455,
      58.05940582731455,
      49.65529421073734,
      49.65529421073734,
      49.65529421073734,
      49.65529421073734,
      49.65529421073734,
      65.5225520024178,
      65.5225520024178,
      65.5225520024178,
      65.5225520024178,
      65.5225520024178,
      65.5225520024178,
      65.5225520024178,
      71.89823360857918,
      71.89823360857918,
      71.89823360857918,
      71.89823360857918,
      71.89823360857918,
      71.89823360857918,
      71.89823360857918,
      69.39904564528115,
      69.39904564528115,
      69.39904564528115,
      69.39904564528115,
      69.39904564528115,
      69.39904564528115,
      69.39904564528115,
      171.69030932960777,
      171.69030932960777,
      171.69030932960777,
      171.69030932960777,
      171.69030932960777,
      171.69030932960777,
      171.69030932960777,
      171.69030932960777,
      171.69030932960777,
      171.69030932960777,
      171.69030932960777,
      171.69030932960777,
      171.69030932960777,
      171.69030932960777,
      171.69030932960777,
      171.69030932960777,
      171.69030932960777,
      74.14728234643553,
      74.14728234643553,
      74.14728234643553,
      74.14728234643553,
      74.14728234643553,
      74.14728234643553,
      74.14728234643553,
      74.14728234643553,
      48.87016666884119,
      48.87016666884119,
      48.87016666884119,
      48.87016666884119,
      62.33405865782515,
      62.33405865782515,
      62.33405865782515,
      62.33405865782515,
      62.33405865782515,
      62.33405865782515,
      62.33405865782515,
      56.588039977972585,
      56.588039977972585,
      56.588039977972585,
      56.588039977972585,
      56.588039977972585,
      43.08349689807437,
      43.08349689807437,
      43.08349689807437,
      43.08349689807437,
      43.08349689807437,
      44.63756465440201,
      44.63756465440201,
      44.63756465440201,
      44.63756465440201,
      46.9247561285265,
      46.9247561285265,
      46.9247561285265,
      46.9247561285265,
      46.9247561285265,
      48.23829623731581,
      48.23829623731581,
      48.23829623731581,
      48.23829623731581,
      48.23829623731581,
      54.793785353498606,
      54.793785353498606,
      54.793785353498606,
      54.793785353498606,
      54.793785353498606,
      321.7814797055307,
      321.7814797055307,
      321.7814797055307,
      321.7814797055307,
      321.7814797055307,
      321.7814797055307,
      321.7814797055307,
      321.7814797055307,
      321.7814797055307,
      321.7814797055307,
      321.7814797055307,
      321.7814797055307,
      321.7814797055307,
      321.7814797055307,
      321.7814797055307,
      321.7814797055307,
      321.7814797055307,
      321.7814797055307,
      321.7814797055307,
      321.7814797055307,
      321.7814797055307,
      321.7814797055307,
      321.7814797055307,
      321.7814797055307,
      321.7814797055307,
      321.7814797055307,
      321.7814797055307,
      321.7814797055307,
      321.7814797055307,
      321.7814797055307,
      321.7814797055307,
      321.7814797055307,
      649.1837136691211,
      649.1837136691211,
      649.1837136691211,
      649.1837136691211,
      649.1837136691211,
      649.1837136691211,
      649.1837136691211,
      649.1837136691211,
      649.1837136691211,
      649.1837136691211,
      649.1837136691211,
      649.1837136691211,
      649.1837136691211,
      649.1837136691211,
      649.1837136691211,
      649.1837136691211,
      649.1837136691211,
      649.1837136691211,
      649.1837136691211,
      649.1837136691211,
      649.1837136691211,
      649.1837136691211,
      649.1837136691211,
      649.1837136691211,
      649.1837136691211,
      649.1837136691211,
      649.1837136691211,
      649.1837136691211,
      649.1837136691211,
      649.1837136691211,
      649.1837136691211,
      649.1837136691211,
      649.1837136691211,
      649.1837136691211,
      649.1837136691211,
      649.1837136691211,
      649.1837136691211,
      649.1837136691211,
      649.1837136691211,
      649.1837136691211,
      649.1837136691211,
      649.1837136691211,
      649.1837136691211,
      649.1837136691211,
      649.1837136691211,
      649.1837136691211,
      649.1837136691211,
      649.1837136691211,
      649.1837136691211,
      649.1837136691211,
      649.1837136691211,
      649.1837136691211,
      649.1837136691211,
      649.1837136691211,
      649.1837136691211,
      649.1837136691211,
      649.1837136691211,
      649.1837136691211,
      649.1837136691211,
      649.1837136691211,
      649.1837136691211,
      649.1837136691211,
      649.1837136691211,
      649.1837136691211,
      649.1837136691211,
      96.11491542479052,
      96.11491542479052,
      96.11491542479052,
      96.11491542479052,
      96.11491542479052,
      96.11491542479052,
      96.11491542479052,
      96.11491542479052,
      96.11491542479052,
      96.11491542479052,
      33.14339026459493,
      33.14339026459493,
      33.14339026459493,
      118.27670388122715,
      118.27670388122715,
      118.27670388122715,
      118.27670388122715,
      118.27670388122715,
      118.27670388122715,
      118.27670388122715,
      118.27670388122715,
      118.27670388122715,
      118.27670388122715,
      118.27670388122715,
      118.27670388122715,
      284.2933277359043,
      284.2933277359043,
      284.2933277359043,
      284.2933277359043,
      284.2933277359043,
      284.2933277359043,
      284.2933277359043,
      284.2933277359043,
      284.2933277359043,
      284.2933277359043,
      284.2933277359043,
      284.2933277359043,
      284.2933277359043,
      284.2933277359043,
      284.2933277359043,
      284.2933277359043,
      284.2933277359043,
      284.2933277359043,
      284.2933277359043,
      284.2933277359043,
      284.2933277359043,
      284.2933277359043,
      284.2933277359043,
      284.2933277359043,
      284.2933277359043,
      284.2933277359043,
      284.2933277359043,
      284.2933277359043,
      164.9096594094517,
      164.9096594094517,
      164.9096594094517,
      164.9096594094517,
      164.9096594094517,
      164.9096594094517,
      164.9096594094517,
      164.9096594094517,
      164.9096594094517,
      164.9096594094517,
      164.9096594094517,
      164.9096594094517,
      164.9096594094517,
      164.9096594094517,
      164.9096594094517,
      164.9096594094517,
      164.9096594094517,
      57.23751833510323,
      57.23751833510323,
      57.23751833510323,
      57.23751833510323,
      57.23751833510323,
      57.23751833510323,
      63.667730926030345,
      63.667730926030345,
      63.667730926030345,
      63.667730926030345,
      63.667730926030345,
      63.667730926030345,
      57.50700142506321,
      57.50700142506321,
      57.50700142506321,
      57.50700142506321,
      57.50700142506321,
      57.50700142506321,
      64.68812778651409,
      64.68812778651409,
      64.68812778651409,
      64.68812778651409,
      64.68812778651409,
      64.68812778651409,
      65.19215438906394,
      65.19215438906394,
      65.19215438906394,
      65.19215438906394,
      65.19215438906394,
      65.19215438906394,
      65.19215438906394,
      48.080613141490176,
      48.080613141490176,
      48.080613141490176,
      48.080613141490176,
      46.55151223678331,
      46.55151223678331,
      46.55151223678331,
      46.55151223678331,
      46.55151223678331,
      96.18130633053443,
      96.18130633053443,
      96.18130633053443,
      96.18130633053443,
      96.18130633053443,
      96.18130633053443,
      96.18130633053443,
      96.18130633053443,
      96.18130633053443,
      96.18130633053443,
      101.00566591342431,
      101.00566591342431,
      101.00566591342431,
      101.00566591342431,
      101.00566591342431,
      101.00566591342431,
      101.00566591342431,
      101.00566591342431,
      101.00566591342431,
      101.00566591342431,
      84.9297273843622,
      84.9297273843622,
      84.9297273843622,
      84.9297273843622,
      84.9297273843622,
      84.9297273843622,
      84.9297273843622,
      84.9297273843622,
      78.10838852231609,
      78.10838852231609,
      78.10838852231609,
      78.10838852231609,
      78.10838852231609,
      78.10838852231609,
      78.10838852231609,
      78.10838852231609,
      116.79971765641676,
      116.79971765641676,
      116.79971765641676,
      116.79971765641676,
      116.79971765641676,
      116.79971765641676,
      116.79971765641676,
      116.79971765641676,
      116.79971765641676,
      116.79971765641676,
      116.79971765641676,
      116.79971765641676,
      317.82773116600583,
      317.82773116600583,
      317.82773116600583,
      317.82773116600583,
      317.82773116600583,
      317.82773116600583,
      317.82773116600583,
      317.82773116600583,
      317.82773116600583,
      317.82773116600583,
      317.82773116600583,
      317.82773116600583,
      317.82773116600583,
      317.82773116600583,
      317.82773116600583,
      317.82773116600583,
      317.82773116600583,
      317.82773116600583,
      317.82773116600583,
      317.82773116600583,
      317.82773116600583,
      317.82773116600583,
      317.82773116600583,
      317.82773116600583,
      317.82773116600583,
      317.82773116600583,
      317.82773116600583,
      317.82773116600583,
      317.82773116600583,
      317.82773116600583,
      317.82773116600583,
      317.82773116600583,
      102.11009062439916,
      102.11009062439916,
      102.11009062439916,
      102.11009062439916,
      102.11009062439916,
      102.11009062439916,
      102.11009062439916,
      102.11009062439916,
      102.11009062439916,
      102.11009062439916,
      59.6837319379556,
      59.6837319379556,
      59.6837319379556,
      59.6837319379556,
      59.6837319379556,
      59.6837319379556,
      56.6088490083348,
      56.6088490083348,
      56.6088490083348,
      56.6088490083348,
      56.6088490083348,
      83.497876063484,
      83.497876063484,
      83.497876063484,
      83.497876063484,
      83.497876063484,
      83.497876063484,
      83.497876063484,
      83.497876063484,
      83.497876063484,
      96.31371146895253,
      96.31371146895253,
      96.31371146895253,
      96.31371146895253,
      96.31371146895253,
      96.31371146895253,
      96.31371146895253,
      96.31371146895253,
      96.31371146895253,
      58.683313941855886,
      58.683313941855886,
      58.683313941855886,
      58.683313941855886,
      58.683313941855886,
      58.683313941855886,
      57.124916283079074,
      57.124916283079074,
      57.124916283079074,
      57.124916283079074,
      57.124916283079074,
      57.124916283079074,
      44.89535908023754,
      44.89535908023754,
      44.89535908023754,
      44.89535908023754,
      44.89535908023754,
      51.68926922614264,
      51.68926922614264,
      51.68926922614264,
      51.68926922614264,
      51.68926922614264,
      39.53320477897796,
      39.53320477897796,
      39.53320477897796,
      39.53320477897796,
      45.00857907400132,
      45.00857907400132,
      45.00857907400132,
      45.00857907400132,
      43.21149693845291,
      43.21149693845291,
      43.21149693845291,
      43.21149693845291,
      39.36363551643444,
      39.36363551643444,
      39.36363551643444,
      39.36363551643444,
      50.37252751043343,
      50.37252751043343,
      50.37252751043343,
      50.37252751043343,
      50.37252751043343,
      38.18921364516427,
      38.18921364516427,
      38.18921364516427,
      38.18921364516427,
      41.8742091860986,
      41.8742091860986,
      41.8742091860986,
      41.8742091860986,
      41.4534735519228,
      41.4534735519228,
      41.4534735519228,
      41.4534735519228,
      41.4534735519228,
      44.24839018098646,
      44.24839018098646,
      44.24839018098646,
      44.24839018098646,
      72.72395062857322,
      72.72395062857322,
      72.72395062857322,
      72.72395062857322,
      72.72395062857322,
      72.72395062857322,
      72.72395062857322,
      43.76557583802423,
      43.76557583802423,
      43.76557583802423,
      43.76557583802423,
      43.76557583802423,
      56.83685119279107,
      56.83685119279107,
      56.83685119279107,
      56.83685119279107,
      56.83685119279107,
      46.26661466476071,
      46.26661466476071,
      46.26661466476071,
      46.26661466476071,
      46.26661466476071,
      50.43978345746291,
      50.43978345746291,
      50.43978345746291,
      50.43978345746291,
      50.43978345746291,
      26.99870952303172,
      26.99870952303172,
      26.99870952303172,
      34.56732091274171,
      34.56732091274171,
      34.56732091274171,
      59.24688053513091,
      59.24688053513091,
      59.24688053513091,
      59.24688053513091,
      59.24688053513091,
      59.24688053513091,
      112.02540098371901,
      112.02540098371901,
      112.02540098371901,
      112.02540098371901,
      112.02540098371901,
      112.02540098371901,
      112.02540098371901,
      112.02540098371901,
      112.02540098371901,
      112.02540098371901,
      112.02540098371901,
      172.0404760416459,
      172.0404760416459,
      172.0404760416459,
      172.0404760416459,
      172.0404760416459,
      172.0404760416459,
      172.0404760416459,
      172.0404760416459,
      172.0404760416459,
      172.0404760416459,
      172.0404760416459,
      172.0404760416459,
      172.0404760416459,
      172.0404760416459,
      172.0404760416459,
      172.0404760416459,
      172.0404760416459,
      172.0404760416459,
      157.4883096045305,
      157.4883096045305,
      157.4883096045305,
      157.4883096045305,
      157.4883096045305,
      157.4883096045305,
      157.4883096045305,
      157.4883096045305,
      157.4883096045305,
      157.4883096045305,
      157.4883096045305,
      157.4883096045305,
      157.4883096045305,
      157.4883096045305,
      157.4883096045305,
      97.12996683091114,
      97.12996683091114,
      97.12996683091114,
      97.12996683091114,
      97.12996683091114,
      97.12996683091114,
      97.12996683091114,
      97.12996683091114,
      97.12996683091114,
      97.12996683091114,
      335.9155160646151,
      335.9155160646151,
      335.9155160646151,
      335.9155160646151,
      335.9155160646151,
      335.9155160646151,
      335.9155160646151,
      335.9155160646151,
      335.9155160646151,
      335.9155160646151,
      335.9155160646151,
      335.9155160646151,
      335.9155160646151,
      335.9155160646151,
      335.9155160646151,
      335.9155160646151,
      335.9155160646151,
      335.9155160646151,
      335.9155160646151,
      335.9155160646151,
      335.9155160646151,
      335.9155160646151,
      335.9155160646151,
      335.9155160646151,
      335.9155160646151,
      335.9155160646151,
      335.9155160646151,
      335.9155160646151,
      335.9155160646151,
      335.9155160646151,
      335.9155160646151,
      335.9155160646151,
      335.9155160646151,
      335.9155160646151,
      246.27340670489866,
      246.27340670489866,
      246.27340670489866,
      246.27340670489866,
      246.27340670489866,
      246.27340670489866,
      246.27340670489866,
      246.27340670489866,
      246.27340670489866,
      246.27340670489866,
      246.27340670489866,
      246.27340670489866,
      246.27340670489866,
      246.27340670489866,
      246.27340670489866,
      246.27340670489866,
      246.27340670489866,
      246.27340670489866,
      246.27340670489866,
      246.27340670489866,
      246.27340670489866,
      246.27340670489866,
      246.27340670489866,
      246.27340670489866,
      184.32842463671477,
      184.32842463671477,
      184.32842463671477,
      184.32842463671477,
      184.32842463671477,
      184.32842463671477,
      184.32842463671477,
      184.32842463671477,
      184.32842463671477,
      184.32842463671477,
      184.32842463671477,
      184.32842463671477,
      184.32842463671477,
      184.32842463671477,
      184.32842463671477,
      184.32842463671477,
      184.32842463671477,
      184.32842463671477,
      184.32842463671477,
      58.86712059902493,
      58.86712059902493,
      58.86712059902493,
      58.86712059902493,
      58.86712059902493,
      58.86712059902493,
      49.26188136584824,
      49.26188136584824,
      49.26188136584824,
      49.26188136584824,
      49.26188136584824,
      35.87508131005961,
      35.87508131005961,
      35.87508131005961,
      35.87508131005961,
      37.50781205574094,
      37.50781205574094,
      37.50781205574094,
      37.50781205574094,
      36.47143332536143,
      36.47143332536143,
      36.47143332536143,
      34.184190892705374,
      34.184190892705374,
      34.184190892705374,
      34.184190892705374,
      34.23429245706575,
      34.23429245706575,
      34.23429245706575,
      24.641500563069712,
      24.641500563069712,
      24.641500563069712,
      31.04572147642466,
      31.04572147642466,
      31.04572147642466,
      35.213331605475105,
      35.213331605475105,
      35.213331605475105,
      34.498346717835375,
      34.498346717835375,
      34.498346717835375,
      34.498346717835375,
      39.76569973785445,
      39.76569973785445,
      39.76569973785445,
      39.76569973785445,
      45.050324724525126,
      45.050324724525126,
      45.050324724525126,
      45.050324724525126,
      59.388846680234565,
      59.388846680234565,
      59.388846680234565,
      59.388846680234565,
      59.388846680234565,
      59.388846680234565,
      39.86039893063571,
      39.86039893063571,
      39.86039893063571,
      39.86039893063571,
      40.96976024536707,
      40.96976024536707,
      40.96976024536707,
      40.96976024536707,
      35.165997126852744,
      35.165997126852744,
      35.165997126852744,
      35.165997126852744,
      37.11662318966046,
      37.11662318966046,
      37.11662318966046,
      37.11662318966046,
      35.3762551800246,
      35.3762551800246,
      35.3762551800246,
      31.33118565206314,
      31.33118565206314,
      31.33118565206314,
      40.96359796720208,
      40.96359796720208,
      40.96359796720208,
      40.96359796720208,
      35.68147237251105,
      35.68147237251105,
      35.68147237251105,
      35.68147237251105,
      37.606403549471,
      37.606403549471,
      37.606403549471,
      37.606403549471,
      31.66075582245685,
      31.66075582245685,
      31.66075582245685,
      34.07553478933551,
      34.07553478933551,
      34.07553478933551,
      36.49710785978459,
      36.49710785978459,
      36.49710785978459,
      36.49710785978459,
      36.00511142212781,
      36.00511142212781,
      36.00511142212781,
      44.28480944578769,
      44.28480944578769,
      44.28480944578769,
      44.28480944578769,
      44.28480944578769,
      37.64852709248953,
      37.64852709248953,
      37.64852709248953,
      37.64852709248953,
      36.28611345193349,
      36.28611345193349,
      36.28611345193349,
      38.239053305474954,
      38.239053305474954,
      38.239053305474954,
      38.239053305474954,
      37.21168184213093,
      37.21168184213093,
      37.21168184213093,
      37.21168184213093,
      48.840517182496114,
      48.840517182496114,
      48.840517182496114,
      48.840517182496114,
      48.840517182496114,
      53.55400003343311,
      53.55400003343311,
      53.55400003343311,
      53.55400003343311,
      53.55400003343311,
      33.80205305209529,
      33.80205305209529,
      33.80205305209529,
      50.033275822202995,
      50.033275822202995,
      50.033275822202995,
      50.033275822202995,
      50.033275822202995,
      49.36728502587357,
      49.36728502587357,
      49.36728502587357,
      49.36728502587357,
      49.36728502587357,
      52.75058459900538,
      52.75058459900538,
      52.75058459900538,
      52.75058459900538,
      52.75058459900538,
      52.75058459900538,
      66.56137244353158,
      66.56137244353158,
      66.56137244353158,
      66.56137244353158,
      66.56137244353158,
      66.56137244353158,
      24.443286752582935,
      24.443286752582935,
      24.443286752582935,
      40.3615712721803,
      40.3615712721803,
      40.3615712721803,
      40.3615712721803,
      23.587191695984075,
      23.587191695984075,
      27.576338929240592,
      27.576338929240592,
      27.576338929240592,
      35.683113633884204,
      35.683113633884204,
      35.683113633884204,
      28.79057684524014,
      28.79057684524014,
      28.79057684524014,
      47.547032944872626,
      47.547032944872626,
      47.547032944872626,
      47.547032944872626,
      47.547032944872626,
      103.51298584430333,
      103.51298584430333,
      103.51298584430333,
      103.51298584430333,
      103.51298584430333,
      103.51298584430333,
      103.51298584430333,
      103.51298584430333,
      103.51298584430333,
      103.51298584430333,
      183.86687352789158,
      183.86687352789158,
      183.86687352789158,
      183.86687352789158,
      183.86687352789158,
      183.86687352789158,
      183.86687352789158,
      183.86687352789158,
      183.86687352789158,
      183.86687352789158,
      183.86687352789158,
      183.86687352789158,
      183.86687352789158,
      183.86687352789158,
      183.86687352789158,
      183.86687352789158,
      183.86687352789158,
      183.86687352789158,
      183.86687352789158,
      21.068542576020263,
      21.068542576020263,
      28.315052677768108,
      28.315052677768108,
      28.315052677768108,
      28.161690911176265,
      28.161690911176265,
      28.161690911176265,
      37.0651739670393,
      37.0651739670393,
      37.0651739670393,
      46.64720248219237,
      46.64720248219237,
      46.64720248219237,
      46.64720248219237,
      46.64720248219237,
      19.983689734439395,
      19.983689734439395,
      27.816763980114047,
      27.816763980114047,
      27.816763980114047,
      29.250716904458386,
      29.250716904458386,
      29.250716904458386,
      31.462487482662254,
      31.462487482662254,
      31.462487482662254,
      39.70458580287959,
      39.70458580287959,
      39.70458580287959,
      39.70458580287959,
      27.593755967453035,
      27.593755967453035,
      27.593755967453035,
      34.788727525308786,
      34.788727525308786,
      34.788727525308786,
      31.01066338079545,
      31.01066338079545,
      31.01066338079545,
      33.816045454605046,
      33.816045454605046,
      33.816045454605046,
      33.816045454605046,
      31.011974567125435,
      31.011974567125435,
      31.011974567125435,
      32.89426937415192,
      32.89426937415192,
      32.89426937415192,
      33.26495723403423,
      33.26495723403423,
      33.26495723403423,
      26.49400810205043,
      26.49400810205043,
      26.49400810205043,
      24.415288971584232,
      24.415288971584232,
      22.492627555569925,
      22.492627555569925,
      22.492627555569925,
      15.864310254444717,
      30.580665900270105,
      30.580665900270105,
      30.580665900270105,
      26.687520716532163,
      26.687520716532163,
      26.687520716532163,
      20.245611685615586,
      20.245611685615586,
      24.05251727096038,
      24.05251727096038,
      23.02852916822667,
      23.02852916822667,
      23.02852916822667,
      25.2047789594435,
      25.2047789594435,
      19.882413704479404,
      19.882413704479404,
      21.33329943455101,
      21.33329943455101,
      18.409208483695693,
      18.409208483695693,
      29.864824189709907,
      29.864824189709907,
      29.864824189709907,
      31.83361843547027,
      31.83361843547027,
      31.83361843547027,
      33.19569413786667,
      33.19569413786667,
      33.19569413786667,
      33.19569413786667,
      32.37632444272094,
      32.37632444272094,
      32.37632444272094,
      27.338103375845094,
      27.338103375845094,
      27.338103375845094,
      36.19044539579045,
      36.19044539579045,
      36.19044539579045,
      37.53978614744847,
      37.53978614744847,
      37.53978614744847,
      37.53978614744847,
      26.91568841980552,
      26.91568841980552,
      26.91568841980552,
      196.05223126632336,
      196.05223126632336,
      196.05223126632336,
      196.05223126632336,
      196.05223126632336,
      196.05223126632336,
      196.05223126632336,
      196.05223126632336,
      196.05223126632336,
      196.05223126632336,
      196.05223126632336,
      196.05223126632336,
      196.05223126632336,
      196.05223126632336,
      196.05223126632336,
      196.05223126632336,
      196.05223126632336,
      196.05223126632336,
      196.05223126632336,
      39.02675141077634,
      39.02675141077634,
      39.02675141077634,
      39.02675141077634,
      35.47521674611198,
      35.47521674611198,
      35.47521674611198,
      35.47521674611198,
      38.63078748073531,
      38.63078748073531,
      38.63078748073531,
      38.63078748073531,
      43.85413206512385,
      43.85413206512385,
      43.85413206512385,
      43.85413206512385,
      65.84750033453383,
      65.84750033453383,
      65.84750033453383,
      65.84750033453383,
      65.84750033453383,
      65.84750033453383,
      65.84750033453383,
      106.47990416571338,
      106.47990416571338,
      106.47990416571338,
      106.47990416571338,
      106.47990416571338,
      106.47990416571338,
      106.47990416571338,
      106.47990416571338,
      106.47990416571338,
      106.47990416571338,
      98.57977971067521,
      98.57977971067521,
      98.57977971067521,
      98.57977971067521,
      98.57977971067521,
      98.57977971067521,
      98.57977971067521,
      98.57977971067521,
      98.57977971067521,
      98.57977971067521,
      98.57977971067521,
      17.1384234355246,
      17.1384234355246,
      21.202414017756382,
      21.202414017756382,
      21.202414017756382,
      25.062486437116604,
      25.062486437116604,
      27.837994460296613,
      27.837994460296613,
      27.837994460296613,
      74.28412039531395,
      74.28412039531395,
      74.28412039531395,
      74.28412039531395,
      74.28412039531395,
      74.28412039531395,
      74.28412039531395,
      74.28412039531395,
      10.079601401124819,
      17.394230526304455,
      17.394230526304455,
      14.185562104714336,
      12.266984545560263,
      12.266984545560263,
      14.37189619406854,
      13.409753047773847,
      12.066741569142323,
      12.066741569142323,
      15.635511402928387,
      16.100466939493344,
      16.100466939493344,
      77.40074133232702,
      77.40074133232702,
      77.40074133232702,
      77.40074133232702,
      77.40074133232702,
      77.40074133232702,
      77.40074133232702,
      77.40074133232702,
      19.50086167624977,
      102.46521118125384,
      102.46521118125384,
      102.46521118125384,
      102.46521118125384,
      102.46521118125384,
      102.46521118125384,
      102.46521118125384,
      102.46521118125384,
      102.46521118125384,
      102.46521118125384,
      102.46521118125384,
      57.706840551898495,
      57.706840551898495,
      57.706840551898495,
      57.706840551898495,
      57.706840551898495,
      29.301255258833407,
      29.301255258833407,
      29.301255258833407,
      28.881642438111157,
      28.881642438111157,
      28.881642438111157,
      269.9157917924349,
      269.9157917924349,
      269.9157917924349,
      269.9157917924349,
      269.9157917924349,
      269.9157917924349,
      269.9157917924349,
      269.9157917924349,
      269.9157917924349,
      269.9157917924349,
      269.9157917924349,
      269.9157917924349,
      269.9157917924349,
      269.9157917924349,
      269.9157917924349,
      269.9157917924349,
      269.9157917924349,
      269.9157917924349,
      269.9157917924349,
      269.9157917924349,
      269.9157917924349,
      269.9157917924349,
      269.9157917924349,
      269.9157917924349,
      269.9157917924349,
      269.9157917924349,
      269.9157917924349,
      436.30933143182847,
      436.30933143182847,
      436.30933143182847,
      436.30933143182847,
      436.30933143182847,
      436.30933143182847,
      436.30933143182847,
      436.30933143182847,
      436.30933143182847,
      436.30933143182847,
      436.30933143182847,
      436.30933143182847,
      436.30933143182847,
      436.30933143182847,
      436.30933143182847,
      436.30933143182847,
      436.30933143182847,
      436.30933143182847,
      436.30933143182847,
      436.30933143182847,
      436.30933143182847,
      436.30933143182847,
      436.30933143182847,
      436.30933143182847,
      436.30933143182847,
      436.30933143182847,
      436.30933143182847,
      436.30933143182847,
      436.30933143182847,
      436.30933143182847,
      436.30933143182847,
      436.30933143182847,
      436.30933143182847,
      436.30933143182847,
      436.30933143182847,
      436.30933143182847,
      436.30933143182847,
      436.30933143182847,
      436.30933143182847,
      436.30933143182847,
      436.30933143182847,
      436.30933143182847,
      436.30933143182847,
      436.30933143182847,
      36.606359904079,
      36.606359904079,
      36.606359904079,
      36.606359904079,
      32.980122566274076,
      32.980122566274076,
      32.980122566274076,
      91.83523437322583,
      91.83523437322583,
      91.83523437322583,
      91.83523437322583,
      91.83523437322583,
      91.83523437322583,
      91.83523437322583,
      91.83523437322583,
      91.83523437322583,
      38.78385978260849,
      38.78385978260849,
      38.78385978260849,
      38.78385978260849,
      34.482843677145866,
      34.482843677145866,
      34.482843677145866,
      32.44955735635813,
      32.44955735635813,
      32.44955735635813,
      32.44955735635813,
      36.59769500508264,
      36.59769500508264,
      36.59769500508264,
      20.059847758413525,
      20.059847758413525,
      20.024084198867058,
      20.024084198867058,
      39.9886588814079,
      39.9886588814079,
      39.9886588814079,
      39.9886588814079,
      69.58310701981827,
      69.58310701981827,
      69.58310701981827,
      69.58310701981827,
      69.58310701981827,
      69.58310701981827,
      69.58310701981827,
      69.58310701981827,
      96.64286523102783,
      96.64286523102783,
      96.64286523102783,
      96.64286523102783,
      96.64286523102783,
      96.64286523102783,
      96.64286523102783,
      96.64286523102783,
      96.64286523102783,
      96.64286523102783,
      18.03621333184128,
      18.03621333184128,
      31.122304368796904,
      31.122304368796904,
      31.122304368796904,
      20.27366162166072,
      20.27366162166072,
      25.229554103061673,
      25.229554103061673,
      25.229554103061673,
      11.547225167549186,
      11.547225167549186,
      47.7355106801042,
      47.7355106801042,
      47.7355106801042,
      47.7355106801042,
      150.41359561271383,
      150.41359561271383,
      150.41359561271383,
      150.41359561271383,
      150.41359561271383,
      150.41359561271383,
      150.41359561271383,
      150.41359561271383,
      150.41359561271383,
      150.41359561271383,
      150.41359561271383,
      150.41359561271383,
      150.41359561271383,
      150.41359561271383,
      150.41359561271383,
      31.798186086114583,
      31.798186086114583,
      31.798186086114583,
      31.798186086114583,
      20.548059166962048,
      20.548059166962048,
      22.71557403561019,
      22.71557403561019,
      23.648473515604564,
      23.648473515604564,
      20.40620212693102,
      20.40620212693102,
      11.102483059366932,
      17.580842718340136,
      17.580842718340136,
      23.232338450456155,
      23.232338450456155,
      50.20831286703469,
      50.20831286703469,
      50.20831286703469,
      50.20831286703469,
      50.20831286703469,
      56.58567759117432,
      56.58567759117432,
      56.58567759117432,
      56.58567759117432,
      56.58567759117432,
      56.58567759117432,
      48.681400887842756,
      48.681400887842756,
      48.681400887842756,
      48.681400887842756,
      48.681400887842756,
      16.232401844623382,
      16.232401844623382,
      15.809632274402247,
      33.65824240020447,
      33.65824240020447,
      33.65824240020447,
      33.65824240020447,
      427.41086109857497,
      427.41086109857497,
      427.41086109857497,
      427.41086109857497,
      427.41086109857497,
      427.41086109857497,
      427.41086109857497,
      427.41086109857497,
      427.41086109857497,
      427.41086109857497,
      427.41086109857497,
      427.41086109857497,
      427.41086109857497,
      427.41086109857497,
      427.41086109857497,
      427.41086109857497,
      427.41086109857497,
      427.41086109857497,
      427.41086109857497,
      427.41086109857497,
      427.41086109857497,
      427.41086109857497,
      427.41086109857497,
      427.41086109857497,
      427.41086109857497,
      427.41086109857497,
      427.41086109857497,
      427.41086109857497,
      427.41086109857497,
      427.41086109857497,
      427.41086109857497,
      427.41086109857497,
      427.41086109857497,
      427.41086109857497,
      427.41086109857497,
      427.41086109857497,
      427.41086109857497,
      427.41086109857497,
      427.41086109857497,
      427.41086109857497,
      427.41086109857497,
      427.41086109857497,
      275.79579840458246,
      275.79579840458246,
      275.79579840458246,
      275.79579840458246,
      275.79579840458246,
      275.79579840458246,
      275.79579840458246,
      275.79579840458246,
      275.79579840458246,
      275.79579840458246,
      275.79579840458246,
      275.79579840458246,
      275.79579840458246,
      275.79579840458246,
      275.79579840458246,
      275.79579840458246,
      275.79579840458246,
      275.79579840458246,
      275.79579840458246,
      275.79579840458246,
      275.79579840458246,
      275.79579840458246,
      275.79579840458246,
      275.79579840458246,
      275.79579840458246,
      275.79579840458246,
      275.79579840458246,
      275.79579840458246,
      23.94090281838362,
      23.94090281838362,
      17.670932559754874,
      17.670932559754874,
      19.234004011028446,
      19.234004011028446,
      108.2987726336105,
      108.2987726336105,
      108.2987726336105,
      108.2987726336105,
      108.2987726336105,
      108.2987726336105,
      108.2987726336105,
      108.2987726336105,
      108.2987726336105,
      108.2987726336105,
      108.2987726336105,
      10.24562065675127,
      30.050071503406798,
      30.050071503406798,
      30.050071503406798,
      9.421215386741096,
      8.900255026317609,
      10.315419281483628,
      9.883072206783254,
      21.900548620720656,
      21.900548620720656,
      28.174222717629164,
      28.174222717629164,
      28.174222717629164,
      29.664512595903943,
      29.664512595903943,
      29.664512595903943,
      29.664512595903943,
      25.949558717220498,
      25.949558717220498,
      6.00299544679001,
      20.509118893278355,
      20.509118893278355,
      22.3795257640013,
      22.3795257640013,
      16.160039585713093,
      16.160039585713093,
      16.261824523229734,
      16.261824523229734,
      11.941441594361095,
      44.051783050043014,
      44.051783050043014,
      44.051783050043014,
      44.051783050043014,
      44.051783050043014,
      36.308185382356896,
      36.308185382356896,
      36.308185382356896,
      36.308185382356896,
      20.498589087968867,
      20.498589087968867,
      37.052213771556126,
      37.052213771556126,
      37.052213771556126,
      37.052213771556126,
      7.369673446090019,
      99.43540647551708,
      99.43540647551708,
      99.43540647551708,
      99.43540647551708,
      99.43540647551708,
      99.43540647551708,
      99.43540647551708,
      99.43540647551708,
      99.43540647551708,
      99.43540647551708,
      8.76733689923276,
      8.76733689923276,
      11.766903479987377,
      11.766903479987377,
      11.766903479987377,
      73.16185943668825,
      73.16185943668825,
      73.16185943668825,
      73.16185943668825,
      73.16185943668825,
      73.16185943668825,
      73.16185943668825,
      61.761911315621546,
      61.761911315621546,
      61.761911315621546,
      61.761911315621546,
      61.761911315621546,
      61.761911315621546,
      47.112886212846206,
      47.112886212846206,
      47.112886212846206,
      47.112886212846206,
      47.112886212846206,
      52.86761415169167,
      52.86761415169167,
      52.86761415169167,
      52.86761415169167,
      52.86761415169167,
      49.03233407211883,
      49.03233407211883,
      49.03233407211883,
      49.03233407211883,
      49.03233407211883,
      50.80295422854033,
      50.80295422854033,
      50.80295422854033,
      50.80295422854033,
      50.80295422854033,
      136.11083955403228,
      136.11083955403228,
      136.11083955403228,
      136.11083955403228,
      136.11083955403228,
      136.11083955403228,
      136.11083955403228,
      136.11083955403228,
      136.11083955403228,
      136.11083955403228,
      136.11083955403228,
      136.11083955403228,
      136.11083955403228,
      136.11083955403228,
      54.07049312359959,
      54.07049312359959,
      54.07049312359959,
      54.07049312359959,
      54.07049312359959,
      34.56509599096171,
      34.56509599096171,
      34.56509599096171,
      34.56509599096171,
      26.623399805281224,
      26.623399805281224,
      24.917012409405288,
      24.917012409405288,
      24.917012409405288,
      28.059482723416295,
      28.059482723416295,
      28.059482723416295,
      22.306707704305154,
      22.306707704305154,
      23.13790971376875,
      23.13790971376875,
      39.767522542828374,
      39.767522542828374,
      39.767522542828374,
      39.767522542828374,
      35.460680844687886,
      35.460680844687886,
      35.460680844687886,
      35.460680844687886,
      38.0927620390612,
      38.0927620390612,
      38.0927620390612,
      38.0927620390612,
      35.29937625609455,
      35.29937625609455,
      35.29937625609455,
      38.29939578185076,
      38.29939578185076,
      38.29939578185076,
      38.29939578185076,
      37.933443085934414,
      37.933443085934414,
      37.933443085934414,
      37.933443085934414,
      31.408553363198735,
      31.408553363198735,
      31.408553363198735,
      31.408553363198735,
      30.738465869733773,
      30.738465869733773,
      30.738465869733773,
      10.48480339634989,
      37.69287750926742,
      37.69287750926742,
      37.69287750926742,
      37.69287750926742,
      30.907343274160667,
      30.907343274160667,
      30.907343274160667,
      29.16237141700185,
      29.16237141700185,
      29.16237141700185,
      31.457323949023703,
      31.457323949023703,
      31.457323949023703,
      31.665204146658652,
      31.665204146658652,
      31.665204146658652,
      38.908341040980304,
      38.908341040980304,
      38.908341040980304,
      38.908341040980304,
      34.63957024615229,
      34.63957024615229,
      34.63957024615229,
      39.623347164593724,
      39.623347164593724,
      39.623347164593724,
      39.623347164593724,
      32.71428876801292,
      32.71428876801292,
      32.71428876801292,
      32.71428876801292,
      41.079704185751325,
      41.079704185751325,
      41.079704185751325,
      41.079704185751325,
      46.592302314216795,
      46.592302314216795,
      46.592302314216795,
      46.592302314216795,
      42.576614434325165,
      42.576614434325165,
      42.576614434325165,
      42.576614434325165,
      42.576614434325165,
      28.296477248342853,
      28.296477248342853,
      28.296477248342853,
      56.58557563614886,
      56.58557563614886,
      56.58557563614886,
      56.58557563614886,
      56.58557563614886,
      55.785662260292156,
      55.785662260292156,
      55.785662260292156,
      55.785662260292156,
      55.785662260292156,
      55.785662260292156,
      42.61304948527322,
      42.61304948527322,
      42.61304948527322,
      42.61304948527322,
      41.25671752192284,
      41.25671752192284,
      41.25671752192284,
      41.25671752192284,
      76.652054143844,
      76.652054143844,
      76.652054143844,
      76.652054143844,
      76.652054143844,
      76.652054143844,
      76.652054143844,
      76.652054143844,
      76.26423239768701,
      76.26423239768701,
      76.26423239768701,
      76.26423239768701,
      76.26423239768701,
      76.26423239768701,
      76.26423239768701,
      123.49240691580417,
      123.49240691580417,
      123.49240691580417,
      123.49240691580417,
      123.49240691580417,
      123.49240691580417,
      123.49240691580417,
      123.49240691580417,
      123.49240691580417,
      123.49240691580417,
      123.49240691580417,
      123.49240691580417,
      123.49240691580417,
      64.43887044526127,
      64.43887044526127,
      64.43887044526127,
      64.43887044526127,
      64.43887044526127,
      64.43887044526127,
      70.26316326160668,
      70.26316326160668,
      70.26316326160668,
      70.26316326160668,
      70.26316326160668,
      70.26316326160668,
      70.26316326160668,
      31.505499798204255,
      31.505499798204255,
      31.505499798204255,
      45.78061075730875,
      45.78061075730875,
      45.78061075730875,
      45.78061075730875,
      45.78061075730875,
      34.695570035702985,
      34.695570035702985,
      34.695570035702985,
      32.64213756809477,
      32.64213756809477,
      32.64213756809477,
      32.64213756809477,
      48.09577660816649,
      48.09577660816649,
      48.09577660816649,
      48.09577660816649,
      48.09577660816649,
      29.197992696201254,
      29.197992696201254,
      27.025855662759568,
      27.025855662759568,
      27.025855662759568,
      56.11329460759589,
      56.11329460759589,
      56.11329460759589,
      56.11329460759589,
      56.11329460759589,
      56.11329460759589,
      26.901097447727807,
      26.901097447727807,
      34.58693828214746,
      34.58693828214746,
      34.58693828214746,
      34.58693828214746,
      31.61812199000269,
      31.61812199000269,
      31.61812199000269,
      58.85826340960557,
      58.85826340960557,
      58.85826340960557,
      58.85826340960557,
      58.85826340960557,
      58.85826340960557,
      42.997971928190964,
      42.997971928190964,
      42.997971928190964,
      42.997971928190964,
      37.88058532904324,
      37.88058532904324,
      37.88058532904324,
      37.88058532904324,
      35.64436036420375,
      35.64436036420375,
      35.64436036420375,
      35.64436036420375,
      49.3841142849451,
      49.3841142849451,
      49.3841142849451,
      49.3841142849451,
      49.3841142849451,
      32.20789969993348,
      32.20789969993348,
      32.20789969993348,
      40.90427783041741,
      40.90427783041741,
      40.90427783041741,
      40.90427783041741,
      41.15201865781637,
      41.15201865781637,
      41.15201865781637,
      41.15201865781637,
      53.41225784899507,
      53.41225784899507,
      53.41225784899507,
      53.41225784899507,
      53.41225784899507,
      49.17642163007258,
      49.17642163007258,
      49.17642163007258,
      49.17642163007258,
      49.17642163007258,
      44.200165815600485,
      44.200165815600485,
      44.200165815600485,
      44.200165815600485,
      44.200165815600485,
      40.75448742642038,
      40.75448742642038,
      40.75448742642038,
      40.75448742642038,
      55.29330591487451,
      55.29330591487451,
      55.29330591487451,
      55.29330591487451,
      55.29330591487451,
      57.89418813220982,
      57.89418813220982,
      57.89418813220982,
      57.89418813220982,
      57.89418813220982,
      57.89418813220982,
      38.93705720741127,
      38.93705720741127,
      38.93705720741127,
      38.93705720741127,
      28.760077816725243,
      28.760077816725243,
      28.760077816725243,
      38.470705639188964,
      38.470705639188964,
      38.470705639188964,
      38.470705639188964,
      49.949172172629915,
      49.949172172629915,
      49.949172172629915,
      49.949172172629915,
      49.949172172629915,
      44.24655086969506,
      44.24655086969506,
      44.24655086969506,
      44.24655086969506,
      67.12984717373547,
      67.12984717373547,
      67.12984717373547,
      67.12984717373547,
      67.12984717373547,
      67.12984717373547,
      67.12984717373547,
      47.78440073517413,
      47.78440073517413,
      47.78440073517413,
      47.78440073517413,
      47.78440073517413,
      55.90113270551228,
      55.90113270551228,
      55.90113270551228,
      55.90113270551228,
      55.90113270551228,
      39.070465074804815,
      39.070465074804815,
      39.070465074804815,
      39.070465074804815,
      70.70918974802771,
      70.70918974802771,
      70.70918974802771,
      70.70918974802771,
      70.70918974802771,
      70.70918974802771,
      70.70918974802771,
      55.399332550419786,
      55.399332550419786,
      55.399332550419786,
      55.399332550419786,
      55.399332550419786,
      55.399332550419786,
      53.55628876903211,
      53.55628876903211,
      53.55628876903211,
      53.55628876903211,
      53.55628876903211
    ],
    "is_long_segment": [
      false,
      false,
      false,
      false,
      false,
      false,
      false,
      false,
      false,
      false,
      false,
      false,
      false,
      false,
      false,
      false,
      false,
      false,
      false,
      false,
      false,
      false,
      false,
      false,
      false,
      false,
      false,
      false,
      false,
      false,
      false,
      false,
      false,
      false,
      false,
      false,
      false,
      false,
      false,
      false,
      false,
      false,
      false,
      false,
      false,
      false,
      false,
      false,
      false,
      false,
      false,
      false,
      false,
      false,
      false,
      false,
      false,
      false,
      false,
      false,
      false,
      false,
      false,
      false,
      false,
      false,
      false,
      false,
      false,
      false,
      false,
      false,
      false,
      false,
      false,
      false,
      false,
      false,
      false,
      false,
      false,
      false,
      false,
      false,
      true,
      true,
      true,
      true,
      true,
      true,
      true,
      true,
      true,
      true,
      true,
      true,
      true,
      true,
      true,
      true,
      true,
      true,
      true,
      true,
      true,
      true,
      true,
      true,
      true,
      true,
      true,
      true,
      true,
      true,
      true,
      true,
      true,
      true,
      true,
      true,
      true,
      true,
      true,
      true,
      true,
      true,
      true,
      true,
      true,
      true,
      true,
      true,
      true,
      true,
      true,
      true,
      true,
      true,
      false,
      false,
      false,
      false,
      false,
      false,
      false,
      false,
      false,
      false,
      false,
      false,
      false,
      false,
      false,
      false,
      false,
      false,
      false,
      false,
      false,
      false,
      false,
      false,
      false,
      false,
      false,
      false,
      false,
      false,
      false,
      false,
      false,
      false,
      false,
      false,
      false,
      true,
      true,
      true,
      true,
      true,
      true,
      true,
      true,
      true,
      true,
      true,
      true,
      true,
      true,
      true,
      true,
      true,
      true,
      true,
      true,
      true,
      true,
      true,
      true,
      true,
      true,
      true,
      true,
      true,
      true,
      true,
      true,
      true,
      true,
      true,
      true,
      true,
      true,
      true,
      true,
      true,
      true,
      true,
      true,
      true,
      true,
      true,
      true,
      true,
      true,
      true,
      true,
      true,
      true,
      true,
      true,
      true,
      true,
      true,
      true,
      true,
      true,
      true,
      true,
      true,
      true,
      true,
      true,
      true,
      true,
      true,
      true,
      true,
      true,
      true,
      true,
      true,
      true,
      true,
      true,
      true,
      true,
      true,
      true,
      true,
      true,
      true,
      true,
      true,
      true,
      true,
      true,
      true,
      true,
      true,
      true,
      true,
      true,
      true,
      true,
      true,
      true,
      true,
      true,
      true,
      true,
      true,
      true,
      true,
      true,
      true,
      true,
      true,
      true,
      true,
      false,
      false,
      false,
      false,
      false,
      false,
      false,
      false,
      false,
      false,
      false,
      false,
      false,
      false,
      false,
      false,
      false,
      false,
      false,
      false,
      false,
      false,
      false,
      false,
      false,
      false,
      false,
      false,
      false,
      false,
      false,
      false,
      false,
      false,
      false,
      false,
      false,
      false,
      false,
      false,
      false,
      false,
      false,
      false,
      false,
      false,
      false,
      false,
      false,
      false,
      false,
      false,
      false,
      false,
      false,
      false,
      false,
      false,
      false,
      false,
      false,
      false,
      false,
      false,
      false,
      false,
      false,
      false,
      false,
      false,
      false,
      false,
      false,
      false,
      false,
      false,
      false,
      false,
      false,
      false,
      false,
      false,
      false,
      false,
      false,
      false,
      false,
      false,
      false,
      false,
      false,
      false,
      false,
      false,
      false,
      false,
      false,
      false,
      false,
      false,
      false,
      false,
      false,
      false,
      false,
      false,
      false,
      false,
      false,
      false,
      false,
      false,
      false,
      false,
      false,
      false,
      false,
      false,
      false,
      false,
      false,
      false,
      false,
      false,
      false,
      false,
      false,
      false,
      true,
      true,
      true,
      true,
      true,
      true,
      true,
      true,
      true,
      true,
      true,
      true,
      true,
      true,
      true,
      true,
      true,
      true,
      true,
      true,
      true,
      true,
      true,
      true,
      true,
      true,
      true,
      true,
      true,
      true,
      true,
      true,
      true,
      true,
      true,
      true,
      true,
      true,
      true,
      true,
      true,
      true,
      true,
      true,
      true,
      true,
      true,
      true,
      true,
      true,
      true,
      true,
      true,
      true,
      true,
      true,
      true,
      true,
      true,
      true,
      true,
      true,
      true,
      true,
      true,
      true,
      true,
      true,
      true,
      true,
      true,
      true,
      true,
      true,
      true,
      true,
      true,
      true,
      true,
      true,
      true,
      true,
      true,
      true,
      true,
      true,
      true,
      true,
      true,
      true,
      true,
      true,
      true,
      true,
      true,
      true,
      true,
      true,
      true,
      true,
      true,
      true,
      true,
      true,
      true,
      true,
      true,
      true,
      true,
      true,
      true,
      true,
      true,
      true,
      true,
      true,
      true,
      true,
      true,
      true,
      true,
      true,
      true,
      true,
      true,
      true,
      true,
      true,
      true,
      true,
      true,
      true,
      true,
      true,
      true,
      true,
      true,
      true,
      false,
      false,
      false,
      false,
      false,
      false,
      false,
      false,
      false,
      false,
      false,
      false,
      false,
      false,
      false,
      false,
      false,
      false,
      false,
      false,
      false,
      false,
      false,
      false,
      false,
      false,
      false,
      false,
      false,
      false,
      false,
      false,
      false,
      false,
      false,
      false,
      false,
      false,
      false,
      false,
      false,
      false,
      false,
      false,
      false,
      false,
      false,
      false,
      false,
      false,
      false,
      false,
      false,
      false,
      false,
      false,
      false,
      false,
      false,
      false,
      false,
      false,
      false,
      false,
      false,
      false,
      false,
      false,
      false,
      false,
      false,
      false,
      false,
      false,
      false,
      false,
      false,
      false,
      false,
      false,
      false,
      false,
      false,
      false,
      false,
      false,
      false,
      false,
      false,
      false,
      false,
      false,
      false,
      false,
      false,
      false,
      false,
      false,
      false,
      false,
      false,
      false,
      false,
      false,
      false,
      false,
      false,
      false,
      false,
      false,
      false,
      false,
      false,
      false,
      false,
      false,
      false,
      false,
      false,
      false,
      false,
      false,
      false,
      false,
      false,
      false,
      false,
      false,
      false,
      false,
      false,
      false,
      false,
      false,
      false,
      false,
      false,
      false,
      false,
      false,
      false,
      false,
      false,
      false,
      false,
      false,
      false,
      false,
      false,
      false,
      false,
      false,
      false,
      false,
      false,
      false,
      false,
      false,
      false,
      false,
      false,
      false,
      false,
      false,
      false,
      false,
      false,
      false,
      false,
      false,
      false,
      false,
      false,
      false,
      false,
      false,
      false,
      false,
      false,
      false,
      false,
      false,
      false,
      false,
      false,
      false,
      false,
      false,
      false,
      false,
      false,
      false,
      false,
      false,
      false,
      false,
      false,
      false,
      false,
      false,
      false,
      false,
      false,
      false,
      false,
      false,
      false,
      false,
      false,
      false,
      false,
      false,
      false,
      false,
      false,
      false,
      false,
      false,
      false,
      false,
      false,
      false,
      false,
      false,
      false,
      false,
      false,
      false,
      false,
      false,
      false,
      false,
      false,
      false,
      false,
      false,
      false,
      false,
      false,
      false,
      false,
      false,
      false,
      false,
      false,
      false,
      false,
      false,
      false,
      false,
      false,
      false,
      false,
      false,
      false,
      false,
      false,
      false,
      false,
      false,
      false,
      false,
      false,
      false,
      false,
      false,
      false,
      false,
      false,
      false,
      false,
      false,
      false,
      false,
      false,
      false,
      false,
      false,
      false,
      false,
      false,
      false,
      false,
      false,
      false,
      false,
      false,
      false,
      false,
      false,
      false,
      false,
      false,
      false,
      false,
      false,
      false,
      false,
      false,
      false,
      false,
      false,
      false,
      false,
      false,
      false,
      false,
      false,
      false,
      false,
      false,
      false,
      false,
      false,
      false,
      false,
      false,
      false,
      false,
      false,
      false,
      false,
      false,
      false,
      false,
      false,
      false,
      false,
      false,
      false,
      false,
      false,
      false,
      false,
      false,
      false,
      false,
      false,
      false,
      false,
      false,
      false,
      false,
      false,
      false,
      false,
      false,
      false,
      false,
      false,
      false,
      false,
      false,
      false,
      false,
      false,
      false,
      false,
      false,
      false,
      false,
      false,
      false,
      false,
      false,
      false,
      false,
      false,
      false,
      false,
      false,
      false,
      false,
      false,
      false,
      false,
      false,
      false,
      false,
      false,
      false,
      false,
      false,
      false,
      false,
      false,
      false,
      false,
      false,
      false,
      false,
      false,
      false,
      false,
      false,
      false,
      false,
      false,
      false,
      false,
      false,
      false,
      false,
      false,
      false,
      false,
      false,
      false,
      false,
      false,
      false,
      false,
      false,
      false,
      false,
      false,
      false,
      false,
      false,
      false,
      false,
      false,
      false,
      false,
      false,
      false,
      false,
      false,
      false,
      false,
      false,
      false,
      false,
      false,
      false,
      false,
      false,
      false,
      false,
      false,
      false,
      false,
      false,
      false,
      false,
      false,
      false,
      false,
      false,
      false,
      false,
      false,
      false,
      false,
      false,
      false,
      false,
      false,
      false,
      false,
      false,
      false,
      false,
      false,
      false,
      false,
      false,
      false,
      false,
      false,
      false,
      false,
      false,
      false,
      false,
      false,
      false,
      true,
      true,
      true,
      true,
      true,
      true,
      true,
      true,
      true,
      true,
      true,
      true,
      true,
      true,
      true,
      true,
      true,
      true,
      true,
      true,
      true,
      true,
      true,
      true,
      true,
      true,
      true,
      true,
      true,
      true,
      true,
      true,
      true,
      true,
      true,
      true,
      true,
      true,
      true,
      true,
      true,
      true,
      true,
      true,
      true,
      true,
      true,
      true,
      true,
      true,
      true,
      true,
      true,
      true,
      true,
      true,
      true,
      true,
      true,
      true,
      true,
      true,
      true,
      true,
      true,
      true,
      true,
      true,
      true,
      true,
      true,
      false,
      false,
      false,
      false,
      false,
      false,
      false,
      false,
      false,
      false,
      false,
      false,
      false,
      false,
      false,
      false,
      false,
      false,
      false,
      false,
      false,
      false,
      false,
      false,
      false,
      false,
      false,
      false,
      false,
      false,
      false,
      false,
      false,
      false,
      false,
      false,
      false,
      false,
      false,
      false,
      false,
      false,
      false,
      false,
      false,
      false,
      false,
      false,
      false,
      false,
      false,
      false,
      false,
      false,
      false,
      false,
      false,
      false,
      false,
      false,
      false,
      false,
      false,
      false,
      false,
      false,
      false,
      false,
      false,
      false,
      false,
      false,
      false,
      false,
      false,
      false,
      false,
      false,
      false,
      false,
      false,
      false,
      false,
      false,
      false,
      false,
      false,
      false,
      false,
      false,
      false,
      false,
      false,
      false,
      false,
      false,
      false,
      false,
      false,
      false,
      false,
      false,
      false,
      false,
      false,
      false,
      false,
      false,
      false,
      false,
      false,
      false,
      false,
      false,
      false,
      false,
      false,
      false,
      false,
      false,
      false,
      false,
      false,
      false,
      false,
      false,
      false,
      false,
      false,
      false,
      false,
      false,
      false,
      false,
      false,
      false,
      false,
      false,
      false,
      false,
      false,
      false,
      false,
      false,
      false,
      false,
      false,
      false,
      false,
      false,
      false,
      false,
      false,
      false,
      false,
      false,
      false,
      false,
      false,
      false,
      false,
      false,
      false,
      false,
      false,
      false,
      false,
      false,
      false,
      false,
      false,
      false,
      false,
      false,
      false,
      false,
      false,
      false,
      false,
      false,
      false,
      false,
      false,
      false,
      false,
      false,
      false,
      false,
      false,
      false,
      false,
      false,
      false,
      false,
      false,
      false,
      false,
      false,
      false,
      false,
      false,
      false,
      false,
      false,
      false,
      false,
      false,
      false,
      false,
      false,
      false,
      false,
      false,
      false,
      false,
      false,
      false,
      false,
      false,
      false,
      false,
      false,
      false,
      false,
      false,
      false,
      false,
      false,
      false,
      false,
      false,
      false,
      false,
      false,
      false,
      false,
      false,
      false,
      false,
      false,
      false,
      false,
      false,
      false,
      false,
      false,
      false,
      false,
      false,
      true,
      true,
      true,
      true,
      true,
      true,
      true,
      true,
      true,
      true,
      true,
      true,
      true,
      true,
      true,
      true,
      true,
      true,
      true,
      true,
      true,
      true,
      true,
      true,
      true,
      true,
      true,
      true,
      true,
      true,
      true,
      true,
      true,
      true,
      true,
      true,
      true,
      true,
      true,
      true,
      true,
      true,
      true,
      true,
      true,
      true,
      true,
      true,
      true,
      true,
      true,
      true,
      true,
      false,
      false,
      false,
      false,
      false,
      false,
      false,
      false,
      false,
      false,
      false,
      false,
      false,
      false,
      false,
      false,
      false,
      false,
      false,
      false,
      false,
      false,
      false,
      false,
      false,
      false,
      false,
      false,
      false,
      false,
      false,
      false,
      false,
      false,
      false,
      false,
      false,
      false,
      false,
      false,
      false,
      false,
      false,
      false,
      false,
      false,
      false,
      false,
      false,
      false,
      false,
      false,
      false,
      false,
      false,
      false,
      false,
      false,
      false,
      false,
      false,
      false,
      false,
      false,
      false,
      false,
      false,
      false,
      false,
      false,
      false,
      false,
      false,
      false,
      false,
      false,
      false,
      false,
      false,
      false,
      false,
      false,
      false,
      false,
      false,
      false,
      false,
      false,
      false,
      false,
      false,
      false,
      false,
      false,
      false,
      false,
      false,
      false,
      false,
      false,
      false,
      false,
      false,
      false,
      false,
      false,
      false,
      false,
      false,
      false,
      false,
      false,
      false,
      false,
      false,
      false,
      false,
      false,
      false,
      false,
      false,
      false,
      false,
      false,
      false,
      false,
      false,
      false,
      false,
      false,
      false,
      false,
      false,
      false,
      false,
      false,
      false,
      false,
      false,
      false,
      false,
      false,
      false,
      false,
      false,
      false,
      false,
      false,
      false,
      false,
      false,
      false,
      false,
      false,
      false,
      false,
      false,
      true,
      true,
      true,
      true,
      true,
      true,
      true,
      true,
      true,
      true,
      true,
      true,
      true,
      true,
      true,
      true,
      true,
      true,
      true,
      true,
      true,
      true,
      true,
      true,
      true,
      true,
      true,
      true,
      true,
      true,
      true,
      true,
      true,
      true,
      true,
      true,
      true,
      true,
      true,
      true,
      true,
      true,
      true,
      true,
      true,
      true,
      true,
      true,
      true,
      true,
      true,
      true,
      true,
      true,
      true,
      true,
      true,
      true,
      true,
      true,
      true,
      true,
      true,
      true,
      true,
      true,
      true,
      true,
      true,
      true,
      true,
      true,
      true,
      true,
      true,
      true,
      true,
      true,
      true,
      true,
      true,
      true,
      true,
      true,
      true,
      true,
      true,
      true,
      true,
      true,
      true,
      true,
      true,
      true,
      true,
      true,
      true,
      false,
      false,
      false,
      false,
      false,
      false,
      false,
      false,
      false,
      false,
      false,
      false,
      false,
      false,
      false,
      false,
      false,
      false,
      false,
      false,
      false,
      false,
      false,
      false,
      false,
      false,
      false,
      false,
      false,
      false,
      false,
      false,
      false,
      false,
      false,
      false,
      false,
      false,
      false,
      false,
      false,
      false,
      false,
      false,
      false,
      false,
      false,
      false,
      false,
      false,
      false,
      false,
      false,
      false,
      false,
      false,
      false,
      false,
      false,
      false,
      false,
      false,
      false,
      false,
      false,
      false,
      false,
      false,
      false,
      false,
      false,
      false,
      false,
      false,
      false,
      false,
      false,
      false,
      false,
      false,
      false,
      false,
      false,
      false,
      false,
      false,
      false,
      false,
      false,
      false,
      false,
      false,
      false,
      false,
      false,
      false,
      false,
      false,
      false,
      false,
      false,
      false,
      false,
      false,
      false,
      false,
      false,
      false,
      false,
      false,
      false,
      false,
      false,
      false,
      false,
      false,
      false,
      false,
      false,
      false,
      false,
      false,
      false,
      false,
      false,
      false,
      false,
      false,
      false,
      false,
      false,
      false,
      false,
      false,
      false,
      false,
      false,
      false,
      false,
      false,
      false,
      false,
      false,
      false,
      false,
      false,
      false,
      false,
      false,
      false,
      false,
      false,
      false,
      false,
      false,
      false,
      false,
      false,
      true,
      true,
      true,
      true,
      true,
      true,
      true,
      true,
      true,
      true,
      true,
      true,
      true,
      true,
      true,
      true,
      true,
      true,
      true,
      true,
      true,
      true,
      true,
      true,
      true,
      true,
      true,
      true,
      true,
      true,
      true,
      true,
      false,
      false,
      false,
      false,
      false,
      false,
      false,
      false,
      false,
      false,
      false,
      false,
      false,
      false,
      false,
      false,
      false,
      false,
      false,
      false,
      false,
      false,
      false,
      false,
      false,
      false,
      false,
      false,
      false,
      false,
      false,
      false,
      false,
      false,
      false,
      false,
      false,
      false,
      false,
      false,
      false,
      false,
      false,
      false,
      false,
      false,
      false,
      false,
      false,
      false,
      false,
      false,
      false,
      false,
      false,
      false,
      false,
      false,
      false,
      false,
      false,
      false,
      false,
      false,
      false,
      false,
      false,
      false,
      false,
      false,
      false,
      false,
      false,
      false,
      false,
      false,
      false,
      false,
      false,
      false,
      false,
      false,
      false,
      false,
      false,
      false,
      false,
      false,
      false,
      false,
      false,
      false,
      false,
      false,
      false,
      false,
      false,
      false,
      false,
      false,
      false,
      false,
      false,
      false,
      false,
      false,
      false,
      false,
      false,
      false,
      false,
      false,
      false,
      false,
      false,
      false,
      false,
      false,
      false,
      false,
      false,
      false,
      false,
      false,
      false,
      false,
      false,
      false,
      false,
      false,
      false,
      false,
      false,
      false,
      false,
      false,
      false,
      false,
      false,
      false,
      false,
      false,
      false,
      false,
      false,
      false,
      false,
      false,
      false,
      false,
      false,
      false,
      false,
      false,
      false,
      false,
      false,
      false,
      false,
      false,
      false,
      false,
      false,
      false,
      false,
      false,
      false,
      false,
      false,
      false,
      false,
      false,
      false,
      false,
      false,
      false,
      false,
      false,
      false,
      false,
      false,
      false,
      false,
      false,
      false,
      false,
      false,
      false,
      false,
      false,
      false,
      false,
      true,
      true,
      true,
      true,
      true,
      true,
      true,
      true,
      true,
      true,
      true,
      true,
      true,
      true,
      true,
      true,
      true,
      true,
      true,
      true,
      true,
      true,
      true,
      true,
      true,
      true,
      true,
      true,
      true,
      true,
      true,
      true,
      true,
      true,
      false,
      false,
      false,
      false,
      false,
      false,
      false,
      false,
      false,
      false,
      false,
      false,
      false,
      false,
      false,
      false,
      false,
      false,
      false,
      false,
      false,
      false,
      false,
      false,
      false,
      false,
      false,
      false,
      false,
      false,
      false,
      false,
      false,
      false,
      false,
      false,
      false,
      false,
      false,
      false,
      false,
      false,
      false,
      false,
      false,
      false,
      false,
      false,
      false,
      false,
      false,
      false,
      false,
      false,
      false,
      false,
      false,
      false,
      false,
      false,
      false,
      false,
      false,
      false,
      false,
      false,
      false,
      false,
      false,
      false,
      false,
      false,
      false,
      false,
      false,
      false,
      false,
      false,
      false,
      false,
      false,
      false,
      false,
      false,
      false,
      false,
      false,
      false,
      false,
      false,
      false,
      false,
      false,
      false,
      false,
      false,
      false,
      false,
      false,
      false,
      false,
      false,
      false,
      false,
      false,
      false,
      false,
      false,
      false,
      false,
      false,
      false,
      false,
      false,
      false,
      false,
      false,
      false,
      false,
      false,
      false,
      false,
      false,
      false,
      false,
      false,
      false,
      false,
      false,
      false,
      false,
      false,
      false,
      false,
      false,
      false,
      false,
      false,
      false,
      false,
      false,
      false,
      false,
      false,
      false,
      false,
      false,
      false,
      false,
      false,
      false,
      false,
      false,
      false,
      false,
      false,
      false,
      false,
      false,
      false,
      false,
      false,
      false,
      false,
      false,
      false,
      false,
      false,
      false,
      false,
      false,
      false,
      false,
      false,
      false,
      false,
      false,
      false,
      false,
      false,
      false,
      false,
      false,
      false,
      false,
      false,
      false,
      false,
      false,
      false,
      false,
      false,
      false,
      false,
      false,
      false,
      false,
      false,
      false,
      false,
      false,
      false,
      false,
      false,
      false,
      false,
      false,
      false,
      false,
      false,
      false,
      false,
      false,
      false,
      false,
      false,
      false,
      false,
      false,
      false,
      false,
      false,
      false,
      false,
      false,
      false,
      false,
      false,
      false,
      false,
      false,
      false,
      false,
      false,
      false,
      false,
      false,
      false,
      false,
      false,
      false,
      false,
      false,
      false,
      false,
      false,
      false,
      false,
      false,
      false,
      false,
      false,
      false,
      false,
      false,
      false,
      false,
      false,
      false,
      false,
      false,
      false,
      false,
      false,
      false,
      false,
      false,
      false,
      false,
      false,
      false,
      false,
      false,
      false,
      false,
      false,
      false,
      false,
      false,
      false,
      false,
      false,
      false,
      false,
      false,
      false,
      false,
      false,
      false,
      false,
      false,
      false,
      false,
      false,
      false,
      false,
      false,
      false,
      false,
      false,
      false,
      false,
      false,
      false,
      false,
      false,
      false,
      false,
      false,
      false,
      false,
      false,
      false,
      false,
      false,
      false,
      false,
      false,
      false,
      false,
      false,
      false,
      false,
      false,
      false,
      false,
      false,
      false,
      false,
      false,
      false,
      false,
      false,
      false,
      false,
      false,
      false,
      false,
      false,
      false,
      false,
      false,
      false,
      false,
      false,
      false,
      false,
      false,
      false,
      false,
      false,
      false,
      false,
      false,
      false,
      false,
      false,
      false,
      false,
      false,
      false,
      false,
      false,
      false,
      false,
      false,
      false,
      false,
      false,
      false,
      false,
      false,
      false,
      false,
      false,
      false,
      false,
      false,
      false,
      false,
      false,
      false,
      false,
      false,
      false,
      false,
      false,
      false,
      false,
      false,
      false,
      false,
      false,
      false,
      false,
      false,
      false,
      false,
      false,
      false,
      false,
      false,
      false,
      false,
      false,
      false,
      false,
      false,
      false,
      false,
      false,
      false,
      false,
      false,
      false,
      false,
      false,
      false,
      false,
      false,
      false,
      false,
      false,
      false,
      false,
      false,
      false,
      false,
      false,
      false,
      false,
      false,
      false,
      false,
      false,
      false,
      false,
      false,
      false,
      false,
      false,
      false,
      false,
      false,
      false,
      false,
      false,
      false,
      false,
      false,
      false,
      false,
      false,
      false,
      false,
      false,
      false,
      false,
      false,
      false,
      false,
      false,
      false,
      false,
      false,
      false,
      false,
      false,
      false,
      false,
      false,
      false,
      false,
      false,
      false,
      false,
      false,
      false,
      false,
      false,
      false,
      false,
      false,
      false,
      false,
      false,
      false,
      false,
      false,
      false,
      false,
      false,
      false,
      false,
      false,
      false,
      false,
      false,
      false,
      false,
      false,
      false,
      false,
      false,
      false,
      false,
      false,
      false,
      false,
      false,
      false,
      false,
      false,
      false,
      true,
      true,
      true,
      true,
      true,
      true,
      true,
      true,
      true,
      true,
      true,
      true,
      true,
      true,
      true,
      true,
      true,
      true,
      true,
      true,
      true,
      true,
      true,
      true,
      true,
      true,
      true,
      true,
      true,
      true,
      true,
      true,
      true,
      true,
      true,
      true,
      true,
      true,
      true,
      true,
      true,
      true,
      true,
      true,
      false,
      false,
      false,
      false,
      false,
      false,
      false,
      false,
      false,
      false,
      false,
      false,
      false,
      false,
      false,
      false,
      false,
      false,
      false,
      false,
      false,
      false,
      false,
      false,
      false,
      false,
      false,
      false,
      false,
      false,
      false,
      false,
      false,
      false,
      false,
      false,
      false,
      false,
      false,
      false,
      false,
      false,
      false,
      false,
      false,
      false,
      false,
      false,
      false,
      false,
      false,
      false,
      false,
      false,
      false,
      false,
      false,
      false,
      false,
      false,
      false,
      false,
      false,
      false,
      false,
      false,
      false,
      false,
      false,
      false,
      false,
      false,
      false,
      false,
      false,
      false,
      false,
      false,
      false,
      false,
      false,
      false,
      false,
      false,
      false,
      false,
      false,
      false,
      false,
      false,
      false,
      false,
      false,
      false,
      false,
      false,
      false,
      false,
      false,
      false,
      false,
      false,
      false,
      false,
      false,
      false,
      false,
      false,
      false,
      false,
      false,
      false,
      false,
      false,
      false,
      false,
      false,
      false,
      false,
      false,
      false,
      false,
      false,
      false,
      false,
      false,
      false,
      true,
      true,
      true,
      true,
      true,
      true,
      true,
      true,
      true,
      true,
      true,
      true,
      true,
      true,
      true,
      true,
      true,
      true,
      true,
      true,
      true,
      true,
      true,
      true,
      true,
      true,
      true,
      true,
      true,
      true,
      true,
      true,
      true,
      true,
      true,
      true,
      true,
      true,
      true,
      true,
      true,
      true,
      false,
      false,
      false,
      false,
      false,
      false,
      false,
      false,
      false,
      false,
      false,
      false,
      false,
      false,
      false,
      false,
      false,
      false,
      false,
      false,
      false,
      false,
      false,
      false,
      false,
      false,
      false,
      false,
      false,
      false,
      false,
      false,
      false,
      false,
      false,
      false,
      false,
      false,
      false,
      false,
      false,
      false,
      false,
      false,
      false,
      false,
      false,
      false,
      false,
      false,
      false,
      false,
      false,
      false,
      false,
      false,
      false,
      false,
      false,
      false,
      false,
      false,
      false,
      false,
      false,
      false,
      false,
      false,
      false,
      false,
      false,
      false,
      false,
      false,
      false,
      false,
      false,
      false,
      false,
      false,
      false,
      false,
      false,
      false,
      false,
      false,
      false,
      false,
      false,
      false,
      false,
      false,
      false,
      false,
      false,
      false,
      false,
      false,
      false,
      false,
      false,
      false,
      false,
      false,
      false,
      false,
      false,
      false,
      false,
      false,
      false,
      false,
      false,
      false,
      false,
      false,
      false,
      false,
      false,
      false,
      false,
      false,
      false,
      false,
      false,
      false,
      false,
      false,
      false,
      false,
      false,
      false,
      false,
      false,
      false,
      false,
      false,
      false,
      false,
      false,
      false,
      false,
      false,
      false,
      false,
      false,
      false,
      false,
      false,
      false,
      false,
      false,
      false,
      false,
      false,
      false,
      false,
      false,
      false,
      false,
      false,
      false,
      false,
      false,
      false,
      false,
      false,
      false,
      false,
      false,
      false,
      false,
      false,
      false,
      false,
      false,
      false,
      false,
      false,
      false,
      false,
      false,
      false,
      false,
      false,
      false,
      false,
      false,
      false,
      false,
      false,
      false,
      false,
      false,
      false,
      false,
      false,
      false,
      false,
      false,
      false,
      false,
      false,
      false,
      false,
      false,
      false,
      false,
      false,
      false,
      false,
      false,
      false,
      false,
      false,
      false,
      false,
      false,
      false,
      false,
      false,
      false,
      false,
      false,
      false,
      false,
      false,
      false,
      false,
      false,
      false,
      false,
      false,
      false,
      false,
      false,
      false,
      false,
      false,
      false,
      false,
      false,
      false,
      false,
      false,
      false,
      false,
      false,
      false,
      false,
      false,
      false,
      false,
      false,
      false,
      false,
      false,
      false,
      false,
      false,
      false,
      false,
      false,
      false,
      false,
      false,
      false,
      false,
      false,
      false,
      false,
      false,
      false,
      false,
      false,
      false,
      false,
      false,
      false,
      false,
      false,
      false,
      false,
      false,
      false,
      false,
      false,
      false,
      false,
      false,
      false,
      false,
      false,
      false,
      false,
      false,
      false,
      false,
      false,
      false,
      false,
      false,
      false,
      false,
      false,
      false,
      false,
      false,
      false,
      false,
      false,
      false,
      false,
      false,
      false,
      false,
      false,
      false,
      false,
      false,
      false,
      false,
      false,
      false,
      false,
      false,
      false,
      false,
      false,
      false,
      false,
      false,
      false,
      false,
      false,
      false,
      false,
      false,
      false,
      false,
      false,
      false,
      false,
      false,
      false,
      false,
      false,
      false,
      false,
      false,
      false,
      false,
      false,
      false,
      false,
      false,
      false,
      false,
      false,
      false,
      false,
      false,
      false,
      false,
      false,
      false,
      false,
      false,
      false,
      false,
      false,
      false,
      false,
      false,
      false,
      false,
      false,
      false,
      false,
      false,
      false,
      false,
      false,
      false,
      false,
      false,
      false,
      false,
      false,
      false,
      false,
      false,
      false,
      false,
      false,
      false,
      false,
      false,
      false,
      false,
      false,
      false,
      false,
      false,
      false,
      false,
      false,
      false,
      false,
      false,
      false,
      false,
      false,
      false,
      false,
      false,
      false,
      false,
      false,
      false,
      false,
      false,
      false,
      false,
      false,
      false,
      false,
      false,
      false,
      false,
      false,
      false,
      false,
      false,
      false,
      false,
      false,
      false,
      false,
      false,
      false,
      false,
      false,
      false,
      false,
      false,
      false,
      false,
      false,
      false,
      false,
      false,
      false,
      false,
      false,
      false,
      false,
      false,
      false,
      false,
      false,
      false,
      false,
      false,
      false,
      false,
      false,
      false,
      false,
      false,
      false,
      false,
      false,
      false
    ],
    "resample_meta": {
      "ds_m": 10.0,
      "snap_transitions": true,
      "long_segment_m": 300.0,
      "n_in": 449,
      "n_unique_in": 449,
      "n_out": 3277,
      "n_snapped": 15,
      "n_long_segment": 680
    }
  }
}