{
  "type": "Feature",
  "geometry": {
    "type": "LineString",
    "coordinates": [
      [
        -104.600897,
        38.267047,
        1425.802124023
      ],
      [
        -104.60092245146107,
        38.26713468387371,
        1425.750854492
      ],
      [
        -104.60094790292214,
        38.267222367747415,
        1425.821777344
      ],
      [
        -104.60097335438321,
        38.26731005162112,
        1425.722167969
      ],
      [
        -104.60099905792723,
        38.26739768942135,
        1425.789672852
      ],
      [
        -104.60102556016508,
        38.2674851812434,
        1425.672119141
      ],
      [
        -104.60105206240294,
        38.26757267306545,
        1425.732177734
      ],
      [
        -104.6010785646408,
        38.2676601648875,
        1425.784667969
      ],
      [
        -104.60110506687865,
        38.26774765670955,
        1425.64465332
      ],
      [
        -104.6011315691165,
        38.26783514853161,
        1425.703369141
      ],
      [
        -104.60115807135436,
        38.26792264035366,
        1425.633300781
      ],
      [
        -104.60118457359222,
        38.26801013217571,
        1425.693237305
      ],
      [
        -104.60121107583008,
        38.26809762399776,
        1425.512329102
      ],
      [
        -104.60123757806794,
        38.26818511581981,
        1425.566040039
      ],
      [
        -104.6012640803058,
        38.26827260764187,
        1425.637817383
      ],
      [
        -104.60129058254364,
        38.26836009946392,
        1425.439086914
      ],
      [
        -104.6013170847815,
        38.26844759128597,
        1425.491455078
      ],
      [
        -104.60134358701936,
        38.26853508310802,
        1425.336425781
      ],
      [
        -104.60137008676197,
        38.26862257541083,
        1425.424438477
      ],
      [
        -104.60139658072252,
        38.26871006882767,
        1425.345092773
      ],
      [
        -104.60142307468307,
        38.268797562244515,
        1425.492797852
      ],
      [
        -104.601448347064,
        38.26888527473727,
        1425.635375977
      ],
      [
        -104.60147286380007,
        38.26897312274603,
        1425.571533203
      ],
      [
        -104.60149738053616,
        38.269060970754786,
        1425.681518555
      ],
      [
        -104.60152189727225,
        38.26914881876354,
        1425.657836914
      ],
      [
        -104.60154641400833,
        38.2692366667723,
        1425.800292969
      ],
      [
        -104.60157093074442,
        38.269324514781054,
        1425.81652832
      ],
      [
        -104.60159544748049,
        38.269412362789815,
        1426.043334961
      ],
      [
        -104.60162073842093,
        38.269500074612324,
        1426.038818359
      ],
      [
        -104.6016463176701,
        38.26958773571996,
        1426.267578125
      ],
      [
        -104.60167189691927,
        38.26967539682759,
        1426.190063477
      ],
      [
        -104.60169747616844,
        38.269763057935215,
        1426.291381836
      ],
      [
        -104.60172305541761,
        38.26985071904285,
        1426.307495117
      ],
      [
        -104.60174863466678,
        38.26993838015048,
        1426.090087891
      ],
      [
        -104.6017743272558,
        38.27002602059069,
        1426.078857422
      ],
      [
        -104.60180059449874,
        38.27011355624331,
        1425.898803711
      ],
      [
        -104.6018268617417,
        38.27020109189592,
        1425.935913086
      ],
      [
        -104.60185312898464,
        38.27028862754853,
        1425.820068359
      ],
      [
        -104.6018793962276,
        38.27037616320114,
        1425.952514648
      ],
      [
        -104.60190566347055,
        38.27046369885375,
        1425.888793945
      ],
      [
        -104.6019319307135,
        38.270551234506364,
        1426.028808594
      ],
      [
        -104.60195819795646,
        38.270638770158975,
        1426.165039062
      ],
      [
        -104.60198406954794,
        38.27072637790465,
        1426.161254883
      ],
      [
        -104.60200958723993,
        38.27081405013561,
        1426.333618164
      ],
      [
        -104.60203537005772,
        38.27090167438333,
        1426.266967773
      ],
      [
        -104.6020613478265,
        38.270989263348255,
        1426.354980469
      ],
      [
        -104.60208732559529,
        38.27107685231318,
        1426.231201172
      ],
      [
        -104.60211330336408,
        38.2711644412781,
        1426.266967773
      ],
      [
        -104.60213928113288,
        38.271252030243026,
        1426.17956543
      ],
      [
        -104.60216525890166,
        38.27133961920795,
        1426.185668945
      ],
      [
        -104.60219123667045,
        38.271427208172874,
        1426.20324707
      ],
      [
        -104.60221721443925,
        38.2715147971378,
        1426.085693359
      ],
      [
        -104.60224319220804,
        38.27160238610272,
        1426.139526367
      ],
      [
        -104.60226916997682,
        38.271689975067645,
        1426.032714844
      ],
      [
        -104.60229514774562,
        38.27177756403257,
        1426.05078125
      ],
      [
        -104.60232112551441,
        38.27186515299749,
        1425.964599609
      ],
      [
        -104.6023471032832,
        38.271952741962416,
        1425.973266602
      ],
      [
        -104.602373081052,
        38.27204033092734,
        1426.02331543
      ],
      [
        -104.60239905882078,
        38.27212791989226,
        1425.963378906
      ],
      [
        -104.60242503658957,
        38.27221550885719,
        1425.98828125
      ],
      [
        -104.60245101435835,
        38.27230309782211,
        1425.948242188
      ],
      [
        -104.60247705617633,
        38.27239067505135,
        1425.978027344
      ],
      [
        -104.6025032621165,
        38.272478222208576,
        1425.942138672
      ],
      [
        -104.60252946805667,
        38.272565769365805,
        1425.982055664
      ],
      [
        -104.60255567399685,
        38.272653316523034,
        1425.962036133
      ],
      [
        -104.60258187993702,
        38.27274086368026,
        1425.997192383
      ],
      [
        -104.6026080858772,
        38.27282841083749,
        1426.037109375
      ],
      [
        -104.60263429181737,
        38.27291595799472,
        1426.032104492
      ],
      [
        -104.60266049775755,
        38.27300350515195,
        1426.0859375
      ],
      [
        -104.60268670369773,
        38.27309105230918,
        1426.098388672
      ],
      [
        -104.6027129096379,
        38.273178599466405,
        1426.159179688
      ],
      [
        -104.60273911557807,
        38.273266146623634,
        1426.180297852
      ],
      [
        -104.60276532151825,
        38.27335369378086,
        1426.272338867
      ],
      [
        -104.60279152745842,
        38.27344124093809,
        1426.359008789
      ],
      [
        -104.6028177333986,
        38.27352878809532,
        1426.390258789
      ],
      [
        -104.60284393933877,
        38.27361633525255,
        1426.474853516
      ],
      [
        -104.60287014527894,
        38.27370388240978,
        1426.498535156
      ],
      [
        -104.60289580030478,
        38.273791529502496,
        1426.59362793
      ],
      [
        -104.60292115455233,
        38.2738792311562,
        1426.63269043
      ],
      [
        -104.60294650879987,
        38.273966932809905,
        1426.75769043
      ],
      [
        -104.60297186304743,
        38.27405463446361,
        1426.827636719
      ],
      [
        -104.60299721729497,
        38.274142336117315,
        1426.94140625
      ],
      [
        -104.6030226411194,
        38.27423002528389,
        1427.046508789
      ],
      [
        -104.60304843954432,
        38.27431764722002,
        1427.042724609
      ],
      [
        -104.60307423796924,
        38.27440526915615,
        1427.12890625
      ],
      [
        -104.60310003639417,
        38.27449289109228,
        1427.123901367
      ],
      [
        -104.60312583481908,
        38.274580513028404,
        1427.176391602
      ],
      [
        -104.60315163324401,
        38.274668134964536,
        1426.927612305
      ],
      [
        -104.60317743166893,
        38.27475575690066,
        1426.765136719
      ],
      [
        -104.60320323009385,
        38.27484337883679,
        1426.528930664
      ],
      [
        -104.60322902851877,
        38.27493100077292,
        1426.388916016
      ],
      [
        -104.60325482694368,
        38.27501862270905,
        1426.32019043
      ],
      [
        -104.60328062536861,
        38.27510624464518,
        1426.275146484
      ],
      [
        -104.60330642379353,
        38.275193866581304,
        1426.335205078
      ],
      [
        -104.60333222221846,
        38.275281488517436,
        1426.367675781
      ],
      [
        -104.60335802064337,
        38.27536911045356,
        1426.43359375
      ],
      [
        -104.6033838190683,
        38.27545673238969,
        1426.522949219
      ],
      [
        -104.60340961749321,
        38.275544354325824,
        1426.566650391
      ],
      [
        -104.60343541591814,
        38.27563197626195,
        1426.624145508
      ],
      [
        -104.60346121434306,
        38.27571959819808,
        1426.581665039
      ],
      [
        -104.60348701276799,
        38.275807220134205,
        1426.511352539
      ],
      [
        -104.6035128111929,
        38.275894842070336,
        1426.473876953
      ],
      [
        -104.60353860961783,
        38.27598246400646,
        1426.436889648
      ],
      [
        -104.60356440804274,
        38.27607008594259,
        1426.451904297
      ],
      [
        -104.60359020646766,
        38.276157707878724,
        1426.589477539
      ],
      [
        -104.60361600489259,
        38.27624532981485,
        1426.893676758
      ],
      [
        -104.6036418033175,
        38.27633295175098,
        1427.21875
      ],
      [
        -104.60366760174243,
        38.276420573687105,
        1427.353759766
      ],
      [
        -104.60369340016734,
        38.27650819562324,
        1427.393798828
      ],
      [
        -104.60371919859227,
        38.27659581755936,
        1427.403808594
      ],
      [
        -104.60374499701719,
        38.27668343949549,
        1427.411254883
      ],
      [
        -104.60377079544212,
        38.276771061431624,
        1427.46496582
      ],
      [
        -104.60379659386703,
        38.27685868336775,
        1427.613525391
      ],
      [
        -104.60382239229196,
        38.27694630530388,
        1427.758911133
      ],
      [
        -104.60384819071687,
        38.277033927240005,
        1427.93762207
      ],
      [
        -104.60387398914179,
        38.27712154917614,
        1428.103881836
      ],
      [
        -104.60389978756672,
        38.27720917111226,
        1428.178833008
      ],
      [
        -104.60392558599163,
        38.27729679304839,
        1428.238891602
      ],
      [
        -104.60395138441656,
        38.277384414984525,
        1428.390136719
      ],
      [
        -104.60397718284148,
        38.27747203692065,
        1428.292602539
      ],
      [
        -104.6040029812664,
        38.27755965885678,
        1428.227294922
      ],
      [
        -104.60402877969132,
        38.277647280792905,
        1428.047485352
      ],
      [
        -104.60405457811625,
        38.27773490272904,
        1428.166259766
      ],
      [
        -104.60408037654116,
        38.27782252466516,
        1427.976196289
      ],
      [
        -104.60410617496609,
        38.27791014660129,
        1427.978759766
      ],
      [
        -104.604131973391,
        38.277997768537425,
        1428.036254883
      ],
      [
        -104.60415777181593,
        38.27808539047355,
        1427.881225586
      ],
      [
        -104.60418357024085,
        38.27817301240968,
        1427.90246582
      ],
      [
        -104.60420936866576,
        38.278260634345806,
        1427.776245117
      ],
      [
        -104.60423516709069,
        38.27834825628194,
        1427.911376953
      ],
      [
        -104.6042609655156,
        38.27843587821806,
        1427.825317383
      ],
      [
        -104.60428680837043,
        38.27852349214693,
        1428.003173828
      ],
      [
        -104.60431271739242,
        38.27861109415099,
        1427.967041016
      ],
      [
        -104.6043386264144,
        38.27869869615505,
        1428.090942383
      ],
      [
        -104.60436453543639,
        38.278786298159105,
        1428.149658203
      ],
      [
        -104.60439044445836,
        38.27887390016316,
        1428.133422852
      ],
      [
        -104.60441635348035,
        38.27896150216723,
        1428.223388672
      ],
      [
        -104.60444226250233,
        38.279049104171285,
        1428.169067383
      ],
      [
        -104.60446817152432,
        38.27913670617534,
        1428.247192383
      ],
      [
        -104.6044940805463,
        38.2792243081794,
        1428.194580078
      ],
      [
        -104.60451998956829,
        38.27931191018346,
        1428.274658203
      ],
      [
        -104.60454589859027,
        38.27939951218752,
        1428.262207031
      ],
      [
        -104.60457180761226,
        38.27948711419158,
        1428.350830078
      ],
      [
        -104.60459771663423,
        38.27957471619564,
        1428.474609375
      ],
      [
        -104.60462362565622,
        38.2796623181997,
        1428.552124023
      ],
      [
        -104.6046495346782,
        38.279749920203756,
        1428.989624023
      ],
      [
        -104.60467431788345,
        38.279837719957065,
        1429.72253418
      ],
      [
        -104.60469843120555,
        38.27992563737507,
        1430.486816406
      ],
      [
        -104.60472254452765,
        38.28001355479308,
        1430.758056641
      ],
      [
        -104.60474665784974,
        38.28010147221109,
        1430.911865234
      ],
      [
        -104.60477077117184,
        38.2801893896291,
        1430.901855469
      ],
      [
        -104.60479026105705,
        38.28027798394729,
        1430.979370117
      ],
      [
        -104.60480814068735,
        38.280366814016915,
        1430.869384766
      ],
      [
        -104.60482602031766,
        38.28045564408654,
        1430.955444336
      ],
      [
        -104.60484067336948,
        38.2805447820712,
        1430.854614258
      ],
      [
        -104.60485042758386,
        38.28063438755598,
        1430.733276367
      ],
      [
        -104.60486018179822,
        38.280723993040745,
        1430.651977539
      ],
      [
        -104.60486993601259,
        38.28081359852552,
        1430.572021484
      ],
      [
        -104.60487969022695,
        38.280903204010286,
        1430.638183594
      ],
      [
        -104.6048859299238,
        38.28099294964009,
        1430.596923828
      ],
      [
        -104.60488779328297,
        38.2810828697809,
        1430.562011719
      ],
      [
        -104.60488965664213,
        38.28117278992171,
        1430.51953125
      ],
      [
        -104.6048915200013,
        38.28126271006253,
        1430.502197266
      ],
      [
        -104.60489338336046,
        38.28135263020334,
        1430.495361328
      ],
      [
        -104.60489524671964,
        38.28144255034415,
        1430.495361328
      ],
      [
        -104.60489711007881,
        38.28153247048496,
        1430.495361328
      ],
      [
        -104.60489897343797,
        38.28162239062578,
        1430.495361328
      ],
      [
        -104.60490083679714,
        38.281712310766586,
        1430.491577148
      ],
      [
        -104.60490270015632,
        38.2818022309074,
        1430.490356445
      ],
      [
        -104.60490456351548,
        38.28189215104821,
        1430.479003906
      ],
      [
        -104.60490642687465,
        38.28198207118903,
        1430.475341797
      ],
      [
        -104.60490829023382,
        38.282071991329836,
        1430.473999023
      ],
      [
        -104.60491015359298,
        38.28216191147065,
        1430.484741211
      ],
      [
        -104.60491201695216,
        38.28225183161146,
        1430.481079102
      ],
      [
        -104.60491388031133,
        38.28234175175228,
        1430.478637695
      ],
      [
        -104.60491574367049,
        38.282431671893086,
        1430.489746094
      ],
      [
        -104.60491760702966,
        38.2825215920339,
        1430.543579102
      ],
      [
        -104.60491947038884,
        38.28261151217471,
        1430.55480957
      ],
      [
        -104.604921333748,
        38.28270143231553,
        1430.55480957
      ],
      [
        -104.60492319710717,
        38.282791352456336,
        1430.565551758
      ],
      [
        -104.60492506046634,
        38.28288127259715,
        1430.595703125
      ],
      [
        -104.6049269238255,
        38.28297119273796,
        1430.660766602
      ],
      [
        -104.60492838127824,
        38.28306111687591,
        1430.695678711
      ],
      [
        -104.60492939210974,
        38.28315104541195,
        1430.756958008
      ],
      [
        -104.60493040294125,
        38.283240973947976,
        1430.808227539
      ],
      [
        -104.60493141377275,
        38.283330902484,
        1430.869384766
      ],
      [
        -104.60493242460426,
        38.28342083102004,
        1430.960693359
      ],
      [
        -104.60493343543575,
        38.283510759556066,
        1431.090332031
      ],
      [
        -104.60493444626725,
        38.28360068809209,
        1431.232666016
      ],
      [
        -104.60493545709876,
        38.28369061662812,
        1431.368896484
      ],
      [
        -104.60493646793026,
        38.283780545164156,
        1431.505126953
      ],
      [
        -104.60493747876177,
        38.28387047370018,
        1431.69140625
      ],
      [
        -104.60493848959327,
        38.28396040223621,
        1431.940185547
      ],
      [
        -104.60493964150939,
        38.284050329451276,
        1432.242553711
      ],
      [
        -104.60494136389354,
        38.28414025132507,
        1432.530029297
      ],
      [
        -104.60494308627769,
        38.284230173198864,
        1432.625488281
      ],
      [
        -104.60494480866184,
        38.28432009507266,
        1432.623046875
      ],
      [
        -104.60494653104598,
        38.28441001694645,
        1432.724365234
      ],
      [
        -104.60494825343014,
        38.28449993882025,
        1433.103027344
      ],
      [
        -104.60494997581429,
        38.28458986069404,
        1433.453125
      ],
      [
        -104.60495169819843,
        38.28467978256784,
        1433.500610352
      ],
      [
        -104.60495342058259,
        38.284769704441636,
        1433.524291992
      ],
      [
        -104.60495514296673,
        38.28485962631543,
        1433.520507812
      ],
      [
        -104.60495686535089,
        38.284949548189225,
        1433.519287109
      ],
      [
        -104.60495858773504,
        38.28503947006302,
        1433.517822266
      ],
      [
        -104.60496031011918,
        38.28512939193681,
        1433.517333984
      ],
      [
        -104.60496203250334,
        38.28521931381061,
        1433.517333984
      ],
      [
        -104.60496375488748,
        38.2853092356844,
        1433.554199219
      ],
      [
        -104.60496547727163,
        38.2853991575582,
        1433.554199219
      ],
      [
        -104.60496719965579,
        38.285489079432,
        1433.554199219
      ],
      [
        -104.60496892203993,
        38.28557900130579,
        1433.584228516
      ],
      [
        -104.60497064442409,
        38.285668923179585,
        1433.598022461
      ],
      [
        -104.60497236680823,
        38.28575884505338,
        1433.612670898
      ],
      [
        -104.60497408919238,
        38.285848766927174,
        1433.6171875
      ],
      [
        -104.60497581157654,
        38.28593868880097,
        1433.62097168
      ],
      [
        -104.60497753396068,
        38.28602861067476,
        1433.656005859
      ],
      [
        -104.60497925634483,
        38.28611853254856,
        1433.708374023
      ],
      [
        -104.60498097872897,
        38.28620845442236,
        1433.730957031
      ],
      [
        -104.60498270111313,
        38.28629837629615,
        1433.778442383
      ],
      [
        -104.60498442349729,
        38.286388298169946,
        1433.873535156
      ],
      [
        -104.60498614588143,
        38.28647822004374,
        1433.978393555
      ],
      [
        -104.60498786826558,
        38.286568141917535,
        1434.025634766
      ],
      [
        -104.60498959064972,
        38.28665806379133,
        1434.095581055
      ],
      [
        -104.60499131303388,
        38.28674798566512,
        1434.219360352
      ],
      [
        -104.60499303541803,
        38.28683790753892,
        1434.375610352
      ],
      [
        -104.60499475780217,
        38.28692782941272,
        1434.528076172
      ],
      [
        -104.60499648018633,
        38.28701775128651,
        1434.596801758
      ],
      [
        -104.60499820257047,
        38.28710767316031,
        1434.614257812
      ],
      [
        -104.60499992495463,
        38.2871975950341,
        1434.620239258
      ],
      [
        -104.60500173136728,
        38.28728751586082,
        1434.620727539
      ],
      [
        -104.60500364741108,
        38.287377435321424,
        1434.653198242
      ],
      [
        -104.6050055634549,
        38.28746735478203,
        1434.774414062
      ],
      [
        -104.6050074794987,
        38.28755727424264,
        1435.111938477
      ],
      [
        -104.6050093955425,
        38.287647193703236,
        1435.653198242
      ],
      [
        -104.6050113115863,
        38.28773711316384,
        1435.988525391
      ],
      [
        -104.60501322763011,
        38.28782703262445,
        1436.498535156
      ],
      [
        -104.60501514367391,
        38.287916952085055,
        1437.189819336
      ],
      [
        -104.60501705971771,
        38.28800687154566,
        1437.307983398
      ],
      [
        -104.60501897576151,
        38.28809679100627,
        1436.899169922
      ],
      [
        -104.60502089180532,
        38.288186710466874,
        1436.402954102
      ],
      [
        -104.60502280784912,
        38.28827662992748,
        1436.002929688
      ],
      [
        -104.60502472389292,
        38.28836654938809,
        1435.63293457
      ],
      [
        -104.60502852440105,
        38.28845642896317,
        1435.38293457
      ],
      [
        -104.60503278516208,
        38.2885462987968,
        1435.139160156
      ],
      [
        -104.60503712202897,
        38.288636164557055,
        1434.959106445
      ],
      [
        -104.60504844391542,
        38.288725656461374,
        1434.766235352
      ],
      [
        -104.60505976580188,
        38.2888151483657,
        1434.828369141
      ],
      [
        -104.60507108768834,
        38.28890464027002,
        1434.783325195
      ],
      [
        -104.60508313015227,
        38.288994062405436,
        1434.755859375
      ],
      [
        -104.60509985640583,
        38.28908303103949,
        1434.745849609
      ],
      [
        -104.60511658265938,
        38.28917199967354,
        1434.855834961
      ],
      [
        -104.60513718510607,
        38.289260405597204,
        1434.864501953
      ],
      [
        -104.60516210897035,
        38.289348184176845,
        1434.978393555
      ],
      [
        -104.6051870328346,
        38.289435962756485,
        1434.999145508
      ],
      [
        -104.60521195669888,
        38.289523741336126,
        1435.129272461
      ],
      [
        -104.60524146399541,
        38.28961053670726,
        1435.290527344
      ],
      [
        -104.60527688702611,
        38.28969606307301,
        1435.424316406
      ],
      [
        -104.6053123100568,
        38.28978158943875,
        1435.633056641
      ],
      [
        -104.6053477330875,
        38.289867115804505,
        1435.775512695
      ],
      [
        -104.60539005537753,
        38.289950624328846,
        1436.040527344
      ],
      [
        -104.60543457848267,
        38.29003348917598,
        1436.270507812
      ],
      [
        -104.60548174732197,
        38.29011540766952,
        1436.434326172
      ],
      [
        -104.60553221925818,
        38.29019614467713,
        1436.493408203
      ],
      [
        -104.60558269119437,
        38.29027688168475,
        1436.498535156
      ],
      [
        -104.60563316313056,
        38.29035761869236,
        1436.494750977
      ],
      [
        -104.60568363506675,
        38.29043835569998,
        1436.507324219
      ],
      [
        -104.60573410700296,
        38.2905190927076,
        1436.534790039
      ],
      [
        -104.60578455726916,
        38.29059983816762,
        1436.527099609
      ],
      [
        -104.60583500557199,
        38.29068058439347,
        1436.55090332
      ],
      [
        -104.60588545387483,
        38.29076133061931,
        1436.568359375
      ],
      [
        -104.60593590217768,
        38.29084207684515,
        1436.58215332
      ],
      [
        -104.6059863504805,
        38.29092282307099,
        1436.591064453
      ],
      [
        -104.60603787606986,
        38.29100314038322,
        1436.657714844
      ],
      [
        -104.60609109736507,
        38.29108278256276,
        1436.745239258
      ],
      [
        -104.60614431866027,
        38.2911624247423,
        1436.775146484
      ],
      [
        -104.60619753995547,
        38.29124206692185,
        1436.852783203
      ],
      [
        -104.606250947541,
        38.29132163263466,
        1436.937744141
      ],
      [
        -104.60630436224959,
        38.29140119542367,
        1437.008911133
      ],
      [
        -104.60635777695818,
        38.29148075821267,
        1437.033935547
      ],
      [
        -104.60641119166677,
        38.291560321001676,
        1437.114013672
      ],
      [
        -104.60646460637537,
        38.29163988379067,
        1437.192138672
      ],
      [
        -104.60651802108396,
        38.29171944657968,
        1437.268554688
      ],
      [
        -104.60657143579255,
        38.29179900936868,
        1437.313598633
      ],
      [
        -104.60662485050113,
        38.291878572157685,
        1437.388549805
      ],
      [
        -104.60667826520972,
        38.29195813494669,
        1437.46484375
      ],
      [
        -104.60673167991833,
        38.29203769773569,
        1437.512329102
      ],
      [
        -104.60678509462691,
        38.29211726052469,
        1437.581054688
      ],
      [
        -104.6068385093355,
        38.292196823313695,
        1437.656005859
      ],
      [
        -104.60689192404409,
        38.2922763861027,
        1437.717285156
      ],
      [
        -104.60694533875268,
        38.2923559488917,
        1437.751098633
      ],
      [
        -104.60699875346127,
        38.2924355116807,
        1437.820678711
      ],
      [
        -104.60705216816987,
        38.292515074469705,
        1437.894775391
      ],
      [
        -104.60710558287846,
        38.29259463725871,
        1437.937255859
      ],
      [
        -104.60715899758705,
        38.292674200047706,
        1437.983520508
      ],
      [
        -104.60721241229564,
        38.29275376283671,
        1438.038208008
      ],
      [
        -104.60726582700423,
        38.292833325625715,
        1438.097900391
      ],
      [
        -104.60731924171282,
        38.29291288841472,
        1438.137573242
      ],
      [
        -104.60737265642142,
        38.29299245120372,
        1438.202636719
      ],
      [
        -104.60742607113,
        38.29307201399272,
        1438.257568359
      ],
      [
        -104.6074794858386,
        38.293151576781725,
        1438.293945312
      ],
      [
        -104.60753290054718,
        38.29323113957073,
        1438.338256836
      ],
      [
        -104.60758631525577,
        38.29331070235973,
        1438.382080078
      ],
      [
        -104.60763972996436,
        38.29339026514873,
        1438.427001953
      ],
      [
        -104.60769314467296,
        38.293469827937734,
        1438.463256836
      ],
      [
        -104.60774655938155,
        38.29354939072674,
        1438.52331543
      ],
      [
        -104.60779997409014,
        38.29362895351574,
        1438.564453125
      ],
      [
        -104.60785336443072,
        38.29370852640582,
        1438.602050781
      ],
      [
        -104.60790657540613,
        38.29378817364675,
        1438.647094727
      ],
      [
        -104.60795978638153,
        38.293867820887684,
        1438.695068359
      ],
      [
        -104.6080130660789,
        38.29394743989585,
        1438.750732422
      ],
      [
        -104.608066426326,
        38.2940270258121,
        1438.809814453
      ],
      [
        -104.60811978657311,
        38.29410661172834,
        1438.868652344
      ],
      [
        -104.60817314682022,
        38.29418619764458,
        1438.948608398
      ],
      [
        -104.60822650706733,
        38.29426578356082,
        1439.039916992
      ],
      [
        -104.60827986731444,
        38.29434536947706,
        1439.104858398
      ],
      [
        -104.60833322756154,
        38.294424955393296,
        1439.217285156
      ],
      [
        -104.60838658780865,
        38.294504541309536,
        1439.334838867
      ],
      [
        -104.60843994805576,
        38.294584127225775,
        1439.431152344
      ],
      [
        -104.60849330830287,
        38.294663713142015,
        1439.505493164
      ],
      [
        -104.60854666854999,
        38.294743299058254,
        1439.525634766
      ],
      [
        -104.6086000287971,
        38.294822884974494,
        1439.51940918
      ],
      [
        -104.6086533890442,
        38.29490247089074,
        1439.524414062
      ],
      [
        -104.60870674929131,
        38.29498205680698,
        1439.52331543
      ],
      [
        -104.60876010953842,
        38.29506164272322,
        1439.531616211
      ],
      [
        -104.60881323791862,
        38.29514132385023,
        1439.531616211
      ],
      [
        -104.60886599958792,
        38.2952211555586,
        1439.554077148
      ],
      [
        -104.60891876125721,
        38.29530098726697,
        1439.59777832
      ],
      [
        -104.60897152292652,
        38.29538081897533,
        1439.628662109
      ],
      [
        -104.60902428459582,
        38.2954606506837,
        1439.62512207
      ],
      [
        -104.60907704626511,
        38.29554048239207,
        1439.69140625
      ],
      [
        -104.60912980793441,
        38.29562031410043,
        1439.743896484
      ],
      [
        -104.6091825696037,
        38.2957001458088,
        1439.706420898
      ],
      [
        -104.609235331273,
        38.295779977517164,
        1439.857666016
      ],
      [
        -104.6092880929423,
        38.29585980922553,
        1440.033935547
      ],
      [
        -104.60934085461159,
        38.2959396409339,
        1440.202636719
      ],
      [
        -104.60939361628088,
        38.296019472642264,
        1440.266479492
      ],
      [
        -104.60944637795018,
        38.29609930435063,
        1440.39050293
      ],
      [
        -104.60949913961947,
        38.296179136059,
        1440.536499023
      ],
      [
        -104.60955190128877,
        38.296258967767365,
        1440.689086914
      ],
      [
        -104.60960166615155,
        38.296339960774546,
        1440.762817383
      ],
      [
        -104.6096503382084,
        38.29642137725726,
        1440.908935547
      ],
      [
        -104.60969901026526,
        38.296502793739975,
        1441.032836914
      ],
      [
        -104.60974768232211,
        38.29658421022268,
        1441.154052734
      ],
      [
        -104.60979635437897,
        38.2966656267054,
        1441.23034668
      ],
      [
        -104.60984351266136,
        38.296747581949006,
        1441.338989258
      ],
      [
        -104.6098894785793,
        38.29682996156186,
        1441.420654297
      ],
      [
        -104.60993544449727,
        38.29691234117471,
        1441.48059082
      ],
      [
        -104.60998141041523,
        38.296994720787566,
        1441.536743164
      ],
      [
        -104.61002717106531,
        38.29707716705215,
        1441.576782227
      ],
      [
        -104.6100688015597,
        38.2971609544035,
        1441.621826172
      ],
      [
        -104.61011043205409,
        38.297244741754845,
        1441.645507812
      ],
      [
        -104.61015206254848,
        38.297328529106196,
        1441.665893555
      ],
      [
        -104.61019369304286,
        38.297412316457546,
        1441.650878906
      ],
      [
        -104.61023125892574,
        38.297497268429986,
        1441.646728516
      ],
      [
        -104.61026820516715,
        38.29758239794646,
        1441.630737305
      ],
      [
        -104.61030515140855,
        38.29766752746293,
        1441.621948242
      ],
      [
        -104.61034209764996,
        38.2977526569794,
        1441.602050781
      ],
      [
        -104.61037904389136,
        38.297837786495876,
        1441.538208008
      ],
      [
        -104.61041599013276,
        38.29792291601235,
        1441.516967773
      ],
      [
        -104.61045003123162,
        38.298008750821076,
        1441.528320312
      ],
      [
        -104.61048078620735,
        38.29809538341412,
        1441.508300781
      ],
      [
        -104.61051154118309,
        38.29818201600717,
        1441.470825195
      ],
      [
        -104.61054229615883,
        38.29826864860022,
        1441.497070312
      ],
      [
        -104.61057305113457,
        38.29835528119327,
        1441.53527832
      ],
      [
        -104.61058740000061,
        38.298395700002104,
        1441.534667969
      ],
      [
        -104.61060086132547,
        38.29844249622281,
        1441.534667969
      ],
      [
        -104.61062609599297,
        38.29853022065419,
        1441.570922852
      ],
      [
        -104.61065133066047,
        38.29861794508558,
        1441.584716797
      ],
      [
        -104.61067656532796,
        38.29870566951696,
        1441.628540039
      ],
      [
        -104.61070179999547,
        38.29879339394835,
        1441.670898438
      ],
      [
        -104.61072703466296,
        38.29888111837974,
        1441.779785156
      ],
      [
        -104.61075226933046,
        38.29896884281112,
        1441.95715332
      ],
      [
        -104.61077129999944,
        38.29903499999806,
        1442.158203125
      ],
      [
        -104.61077665111496,
        38.29905670750983,
        1442.158203125
      ],
      [
        -104.61079841669383,
        38.299145002476386,
        1442.346191406
      ],
      [
        -104.6108201822727,
        38.29923329744295,
        1442.463745117
      ],
      [
        -104.61084194785157,
        38.29932159240952,
        1442.56237793
      ],
      [
        -104.61086371343043,
        38.29940988737608,
        1442.792480469
      ],
      [
        -104.61088547900931,
        38.299498182342646,
        1443.020019531
      ],
      [
        -104.61090427620015,
        38.29958683084263,
        1443.189208984
      ],
      [
        -104.61091687038642,
        38.299676218117106,
        1443.456665039
      ],
      [
        -104.61092946457268,
        38.299765605391585,
        1443.70300293
      ],
      [
        -104.61094205875895,
        38.29985499266607,
        1444.066162109
      ],
      [
        -104.61095465294521,
        38.29994437994055,
        1444.374389648
      ],
      [
        -104.61096724713148,
        38.30003376721503,
        1444.570678711
      ],
      [
        -104.61097984131776,
        38.30012315448951,
        1444.689453125
      ],
      [
        -104.61099170314739,
        38.30021260242442,
        1444.860961914
      ],
      [
        -104.61100316360724,
        38.300302083604436,
        1444.859619141
      ],
      [
        -104.61101462406708,
        38.30039156478444,
        1444.870849609
      ],
      [
        -104.61102158751943,
        38.30048132826821,
        1444.887207031
      ],
      [
        -104.61102839845529,
        38.30057110132635,
        1445.012939453
      ],
      [
        -104.61103520939115,
        38.30066087438448,
        1445.035766602
      ],
      [
        -104.61104202032699,
        38.30075064744261,
        1445.008300781
      ],
      [
        -104.61104810689847,
        38.300840434915216,
        1444.937011719
      ],
      [
        -104.61104710239043,
        38.30093036349658,
        1444.875732422
      ],
      [
        -104.61104609788241,
        38.30102029207796,
        1444.674560547
      ],
      [
        -104.61104509337437,
        38.301110220659325,
        1444.334472656
      ],
      [
        -104.61104408886635,
        38.30120014924069,
        1443.891967773
      ],
      [
        -104.61104308435831,
        38.30129007782207,
        1443.409545898
      ],
      [
        -104.6110420798503,
        38.301380006403434,
        1442.948364258
      ],
      [
        -104.61104107534226,
        38.30146993498481,
        1442.618408203
      ],
      [
        -104.61103922346247,
        38.30155983859033,
        1442.305908203
      ],
      [
        -104.61103162903757,
        38.30164957293726,
        1441.749633789
      ],
      [
        -104.61102403461265,
        38.301739307284194,
        1441.632080078
      ],
      [
        -104.61101644018775,
        38.30182904163113,
        1442.395874023
      ],
      [
        -104.61100884576285,
        38.30191877597806,
        1442.674682617
      ],
      [
        -104.61100125133794,
        38.302008510324995,
        1442.720336914
      ],
      [
        -104.61099365691304,
        38.30209824467193,
        1442.744628906
      ],
      [
        -104.61098606248814,
        38.30218797901886,
        1442.737060547
      ],
      [
        -104.61097846806322,
        38.3022777133658,
        1442.690673828
      ],
      [
        -104.61097087363832,
        38.30236744771273,
        1442.690673828
      ],
      [
        -104.61096327921341,
        38.30245718205967,
        1442.690673828
      ],
      [
        -104.61095568478851,
        38.3025469164066,
        1442.67199707
      ],
      [
        -104.6109480903636,
        38.302636650753534,
        1442.61328125
      ],
      [
        -104.61094049593869,
        38.30272638510047,
        1442.610717773
      ],
      [
        -104.61093290151379,
        38.3028161194474,
        1442.584716797
      ],
      [
        -104.61092530708888,
        38.302905853794336,
        1442.576904297
      ],
      [
        -104.61091771266398,
        38.30299558814127,
        1442.576904297
      ],
      [
        -104.61091011823908,
        38.3030853224882,
        1442.580688477
      ],
      [
        -104.61090252381416,
        38.30317505683514,
        1442.596923828
      ],
      [
        -104.61089492938926,
        38.30326479118207,
        1442.601928711
      ],
      [
        -104.61088733496436,
        38.303354525529,
        1442.557373047
      ],
      [
        -104.61087974053945,
        38.30344425987594,
        1442.588623047
      ],
      [
        -104.61087214611454,
        38.303533994222875,
        1442.604003906
      ],
      [
        -104.61086455168963,
        38.303623728569804,
        1442.620849609
      ],
      [
        -104.61085641055219,
        38.30371343122081,
        1442.625854492
      ],
      [
        -104.61084711640675,
        38.30380306702559,
        1442.640869141
      ],
      [
        -104.6108378222613,
        38.303892702830375,
        1442.597167969
      ],
      [
        -104.61082852811586,
        38.303982338635166,
        1442.604614258
      ],
      [
        -104.61081923397042,
        38.30407197443995,
        1442.612182617
      ],
      [
        -104.61080993982497,
        38.30416161024473,
        1442.593383789
      ],
      [
        -104.61080064567952,
        38.30425124604952,
        1442.573120117
      ],
      [
        -104.61079135153408,
        38.3043408818543,
        1442.574584961
      ],
      [
        -104.61078205738863,
        38.304430517659085,
        1442.574584961
      ],
      [
        -104.61077276324319,
        38.30452015346387,
        1442.574584961
      ],
      [
        -104.61076346909775,
        38.30460978926866,
        1442.574584961
      ],
      [
        -104.6107541749523,
        38.304699425073444,
        1442.574584961
      ],
      [
        -104.61074488080685,
        38.30478906087823,
        1442.578369141
      ],
      [
        -104.61073733968648,
        38.304878795316945,
        1442.650756836
      ],
      [
        -104.6107302433187,
        38.30496855477966,
        1442.770263672
      ],
      [
        -104.61072314695092,
        38.30505831424239,
        1442.875976562
      ],
      [
        -104.61071605058315,
        38.305148073705105,
        1442.989746094
      ],
      [
        -104.61070895421537,
        38.30523783316782,
        1443.078491211
      ],
      [
        -104.61070185784759,
        38.30532759263054,
        1443.057250977
      ],
      [
        -104.6106947614798,
        38.305417352093265,
        1443.062255859
      ],
      [
        -104.61068766511202,
        38.30550711155598,
        1443.028442383
      ],
      [
        -104.61067972192508,
        38.30559682436506,
        1442.972290039
      ],
      [
        -104.61067076580345,
        38.30568648136874,
        1442.908447266
      ],
      [
        -104.61066180088386,
        38.30577613783267,
        1442.845581055
      ],
      [
        -104.6106528208145,
        38.3058657933672,
        1442.75012207
      ],
      [
        -104.61064384074513,
        38.30595544890172,
        1442.721313477
      ],
      [
        -104.61063486067577,
        38.306045104436244,
        1442.977539062
      ],
      [
        -104.6106258806064,
        38.306134759970774,
        1443.950073242
      ],
      [
        -104.61061690053704,
        38.3062244155053,
        1445.197509766
      ],
      [
        -104.61060792046769,
        38.30631407103982,
        1445.565063477
      ],
      [
        -104.61059894039832,
        38.306403726574345,
        1445.612548828
      ],
      [
        -104.61058996032895,
        38.30649338210887,
        1445.61730957
      ],
      [
        -104.6105809802596,
        38.30658303764339,
        1445.63293457
      ],
      [
        -104.61057200019023,
        38.306672693177916,
        1445.639160156
      ],
      [
        -104.61056302012086,
        38.30676234871244,
        1445.595458984
      ],
      [
        -104.61055404005151,
        38.30685200424696,
        1445.606811523
      ],
      [
        -104.61054505998214,
        38.30694165978149,
        1445.618041992
      ],
      [
        -104.61053607991279,
        38.30703131531601,
        1445.621826172
      ],
      [
        -104.61052718355927,
        38.30712097590151,
        1445.631835938
      ],
      [
        -104.61051859912793,
        38.30721065530678,
        1445.596557617
      ],
      [
        -104.61051001469657,
        38.30730033471205,
        1445.593505859
      ],
      [
        -104.61050143026522,
        38.307390014117324,
        1445.598510742
      ],
      [
        -104.61049284583386,
        38.307479693522595,
        1445.602294922
      ],
      [
        -104.6104842614025,
        38.307569372927865,
        1445.603515625
      ],
      [
        -104.61047567697116,
        38.307659052333136,
        1445.611083984
      ],
      [
        -104.6104670925398,
        38.30774873173841,
        1445.596069336
      ],
      [
        -104.61045850810845,
        38.30783841114368,
        1445.607299805
      ],
      [
        -104.6104499236771,
        38.30792809054895,
        1445.607421875
      ],
      [
        -104.61044133924574,
        38.30801776995422,
        1445.611572266
      ],
      [
        -104.6104327548144,
        38.30810744935948,
        1445.619018555
      ],
      [
        -104.61042417038304,
        38.30819712876475,
        1445.602783203
      ],
      [
        -104.61041558595169,
        38.308286808170024,
        1445.606567383
      ],
      [
        -104.61040700152033,
        38.308376487575295,
        1445.607788086
      ],
      [
        -104.61039841708897,
        38.308466166980566,
        1445.611572266
      ],
      [
        -104.61038983265763,
        38.308555846385836,
        1445.612792969
      ],
      [
        -104.61038098844631,
        38.308645509847196,
        1445.612792969
      ],
      [
        -104.61037169645681,
        38.30873514582631,
        1445.598510742
      ],
      [
        -104.6103624044673,
        38.308824781805434,
        1445.611572266
      ],
      [
        -104.61035105874643,
        38.30891426543863,
        1445.615356445
      ],
      [
        -104.61033877917431,
        38.30900367979869,
        1445.615356445
      ],
      [
        -104.6103251797592,
        38.309092946780666,
        1445.595336914
      ],
      [
        -104.61030518397867,
        38.30918149952307,
        1445.7265625
      ],
      [
        -104.61028518819812,
        38.30927005226548,
        1445.825317383
      ],
      [
        -104.61026519241757,
        38.309358605007894,
        1446.046508789
      ],
      [
        -104.61024280494259,
        38.30944679599322,
        1446.144897461
      ],
      [
        -104.61021941821214,
        38.309534835835606,
        1446.236938477
      ],
      [
        -104.61019603148169,
        38.30962287567799,
        1446.796875
      ],
      [
        -104.61016754729907,
        38.30970998423046,
        1447.541015625
      ],
      [
        -104.61013896730144,
        38.3097970752778,
        1447.920654297
      ],
      [
        -104.61010961461189,
        38.30988398600239,
        1448.306884766
      ],
      [
        -104.61007289380835,
        38.30996917723366,
        1448.381958008
      ],
      [
        -104.6100361730048,
        38.31005436846494,
        1448.188232422
      ],
      [
        -104.60999945220127,
        38.31013955969622,
        1447.648193359
      ],
      [
        -104.6099608152527,
        38.3102241739906,
        1447.803955078
      ],
      [
        -104.60991548068856,
        38.31030677168314,
        1447.700927734
      ],
      [
        -104.60987014612442,
        38.31038936937568,
        1447.869628906
      ],
      [
        -104.60982481156027,
        38.310471967068224,
        1448.525878906
      ],
      [
        -104.60977947699612,
        38.310554564760764,
        1448.313476562
      ],
      [
        -104.60973414243198,
        38.310637162453304,
        1448.638305664
      ],
      [
        -104.60968880786783,
        38.310719760145844,
        1448.680908203
      ],
      [
        -104.6096425791205,
        38.31080204906175,
        1448.653442383
      ],
      [
        -104.60959556436757,
        38.31088406655656,
        1448.643432617
      ],
      [
        -104.60954854961464,
        38.31096608405137,
        1448.645751953
      ],
      [
        -104.6095015348617,
        38.311048101546184,
        1448.663696289
      ],
      [
        -104.60945452010878,
        38.311130119041,
        1448.661132812
      ],
      [
        -104.60940750535585,
        38.311212136535815,
        1448.607177734
      ],
      [
        -104.60936049060292,
        38.31129415403063,
        1448.575927734
      ],
      [
        -104.60931347584999,
        38.31137617152544,
        1448.578369141
      ],
      [
        -104.60926646109705,
        38.31145818902026,
        1448.605957031
      ],
      [
        -104.60921955243764,
        38.31154024378735,
        1448.618408203
      ],
      [
        -104.60917297701107,
        38.311622415624264,
        1448.588378906
      ],
      [
        -104.60912640158452,
        38.31170458746117,
        1448.603515625
      ],
      [
        -104.60907982615795,
        38.31178675929809,
        1448.615600586
      ],
      [
        -104.60903325073139,
        38.311868931135,
        1448.625610352
      ],
      [
        -104.60898667530482,
        38.31195110297192,
        1448.638183594
      ],
      [
        -104.60894009987825,
        38.312033274808826,
        1448.626953125
      ],
      [
        -104.60889352445169,
        38.31211544664574,
        1448.631958008
      ],
      [
        -104.60884900000198,
        38.31219399999651,
        1448.636962891
      ],
      [
        -104.60884694334742,
        38.31219761651365,
        1448.636962891
      ],
      [
        -104.608800238986,
        38.31227974363668,
        1448.658203125
      ],
      [
        -104.60875353462461,
        38.3123618707597,
        1448.637207031
      ],
      [
        -104.6087068302632,
        38.312443997882724,
        1448.658569336
      ],
      [
        -104.60866012590179,
        38.312526125005746,
        1448.68371582
      ],
      [
        -104.6086134215404,
        38.312608252128776,
        1448.733764648
      ],
      [
        -104.60856671717899,
        38.3126903792518,
        1448.696289062
      ],
      [
        -104.60852001281759,
        38.31277250637482,
        1448.703735352
      ],
      [
        -104.60847330845618,
        38.31285463349784,
        1448.733764648
      ],
      [
        -104.60842660409479,
        38.312936760620865,
        1448.875
      ],
      [
        -104.60837989973338,
        38.313018887743894,
        1449.458740234
      ],
      [
        -104.60833319537198,
        38.313101014866916,
        1449.948730469
      ],
      [
        -104.60828649101057,
        38.31318314198994,
        1451.136352539
      ],
      [
        -104.60823978664918,
        38.31326526911296,
        1451.404296875
      ],
      [
        -104.60819308228777,
        38.31334739623599,
        1451.486694336
      ],
      [
        -104.60814637792637,
        38.31342952335901,
        1451.35168457
      ],
      [
        -104.60809967356496,
        38.313511650482035,
        1451.426757812
      ],
      [
        -104.60805296920357,
        38.31359377760506,
        1451.490600586
      ],
      [
        -104.60800626484216,
        38.31367590472808,
        1451.508056641
      ],
      [
        -104.60795956048075,
        38.31375803185111,
        1451.559326172
      ],
      [
        -104.60791285611936,
        38.31384015897413,
        1451.463134766
      ],
      [
        -104.60786615175795,
        38.31392228609715,
        1451.504394531
      ],
      [
        -104.60781944739655,
        38.314004413220175,
        1451.526611328
      ],
      [
        -104.60777274303514,
        38.3140865403432,
        1451.568969727
      ],
      [
        -104.60772603867375,
        38.31416866746623,
        1451.527709961
      ],
      [
        -104.60767933431234,
        38.31425079458925,
        1451.546508789
      ],
      [
        -104.60763262995094,
        38.31433292171227,
        1451.590332031
      ],
      [
        -104.60758592558953,
        38.31441504883529,
        1451.606567383
      ],
      [
        -104.60753922122814,
        38.31449717595832,
        1451.627807617
      ],
      [
        -104.60749251686673,
        38.314579303081345,
        1451.59777832
      ],
      [
        -104.60744581250533,
        38.31466143020437,
        1451.610717773
      ],
      [
        -104.60740097692035,
        38.31474419536776,
        1451.635009766
      ],
      [
        -104.60735625656274,
        38.314826999872245,
        1451.642578125
      ],
      [
        -104.60731153620512,
        38.31490980437673,
        1451.611328125
      ],
      [
        -104.60726681584751,
        38.31499260888122,
        1451.634155273
      ],
      [
        -104.6072220954899,
        38.315075413385706,
        1451.627319336
      ],
      [
        -104.6071773751323,
        38.3151582178902,
        1451.620117188
      ],
      [
        -104.60713453840884,
        38.315241570167785,
        1451.62512207
      ],
      [
        -104.60709967581273,
        38.3153272413736,
        1451.650146484
      ],
      [
        -104.60706481321664,
        38.315412912579426,
        1451.650024414
      ],
      [
        -104.60702995062054,
        38.31549858378525,
        1451.646728516
      ],
      [
        -104.60699508802443,
        38.31558425499107,
        1451.624145508
      ],
      [
        -104.60696527660896,
        38.315671090334114,
        1451.69543457
      ],
      [
        -104.60693555185298,
        38.31575794564944,
        1451.669189453
      ],
      [
        -104.60690582709701,
        38.31584480096476,
        1451.66418457
      ],
      [
        -104.60687610234103,
        38.31593165628008,
        1451.719238281
      ],
      [
        -104.60684913037474,
        38.3160189743371,
        1451.897949219
      ],
      [
        -104.60683089413807,
        38.316107760863154,
        1452.303466797
      ],
      [
        -104.60681265790139,
        38.316196547389204,
        1452.632446289
      ],
      [
        -104.60679442166472,
        38.31628533391525,
        1452.814941406
      ],
      [
        -104.6067789804836,
        38.316374411143904,
        1452.947387695
      ],
      [
        -104.60676710407438,
        38.31646385913027,
        1453.028686523
      ],
      [
        -104.60675522766515,
        38.31655330711665,
        1453.551147461
      ],
      [
        -104.60674335125593,
        38.31664275510302,
        1454.163696289
      ],
      [
        -104.60673423151628,
        38.31673234238222,
        1454.628662109
      ],
      [
        -104.60673138626616,
        38.31682224670752,
        1454.700561523
      ],
      [
        -104.60672854101603,
        38.316912151032824,
        1454.721435547
      ],
      [
        -104.60672569576589,
        38.31700205535813,
        1454.751464844
      ],
      [
        -104.60672945680793,
        38.31709188090959,
        1454.782592773
      ],
      [
        -104.60673578291576,
        38.31718167587503,
        1454.800170898
      ],
      [
        -104.60674210902361,
        38.31727147084047,
        1454.82019043
      ],
      [
        -104.60674843513146,
        38.31736126580591,
        1454.790161133
      ],
      [
        -104.606755493765,
        38.31745102151627,
        1454.745239258
      ],
      [
        -104.60676478805104,
        38.31754065742099,
        1454.688964844
      ],
      [
        -104.60677408233708,
        38.31763029332571,
        1454.839355469
      ],
      [
        -104.60678755104463,
        38.31771950007864,
        1454.851928711
      ],
      [
        -104.60680800508723,
        38.31780798870354,
        1454.820678711
      ],
      [
        -104.60682845912982,
        38.317896477328446,
        1454.964477539
      ],
      [
        -104.6068489131724,
        38.31798496595335,
        1455.290649414
      ],
      [
        -104.606869367215,
        38.31807345457825,
        1453.359375
      ],
      [
        -104.60688982125758,
        38.31816194320315,
        1450.990722656
      ],
      [
        -104.60691593102857,
        38.318249447244824,
        1450.435668945
      ],
      [
        -104.60694509918746,
        38.31833641886393,
        1451.189086914
      ],
      [
        -104.60697426734635,
        38.318423390483034,
        1454.184570312
      ],
      [
        -104.60700343550522,
        38.31851036210214,
        1455.084472656
      ],
      [
        -104.60703531070703,
        38.31859668976344,
        1454.86328125
      ],
      [
        -104.60707261594253,
        38.3186817257154,
        1454.967041016
      ],
      [
        -104.60710992117801,
        38.31876676166736,
        1455.160766602
      ],
      [
        -104.60715015646969,
        38.318850897953354,
        1455.406982422
      ],
      [
        -104.60719632936454,
        38.31893321111406,
        1455.766235352
      ],
      [
        -104.6072425022594,
        38.31901552427476,
        1456.573608398
      ],
      [
        -104.60728867515425,
        38.319097837435464,
        1457.326904297
      ],
      [
        -104.6073348480491,
        38.31918015059617,
        1457.610717773
      ],
      [
        -104.60738134645149,
        38.319262344225066,
        1457.674438477
      ],
      [
        -104.60743233507696,
        38.31934288896903,
        1457.753173828
      ],
      [
        -104.60748332370244,
        38.319423433713006,
        1457.778198242
      ],
      [
        -104.60753431232791,
        38.31950397845698,
        1457.786865234
      ],
      [
        -104.60758530095339,
        38.319584523200945,
        1457.784423828
      ],
      [
        -104.60763695302778,
        38.31966480469615,
        1457.756835938
      ],
      [
        -104.60768945255026,
        38.31974474993386,
        1457.775634766
      ],
      [
        -104.60774195207274,
        38.31982469517157,
        1457.772094727
      ],
      [
        -104.60779445159524,
        38.319904640409284,
        1457.781860352
      ],
      [
        -104.60784695111772,
        38.31998458564699,
        1457.741699219
      ],
      [
        -104.6078994506402,
        38.3200645308847,
        1457.763061523
      ],
      [
        -104.60795195016269,
        38.320144476122415,
        1457.759399414
      ],
      [
        -104.60800444968518,
        38.32022442136012,
        1457.748535156
      ],
      [
        -104.60805694920766,
        38.32030436659783,
        1457.756103516
      ],
      [
        -104.60810944873015,
        38.32038431183555,
        1457.826171875
      ],
      [
        -104.60816194825264,
        38.320464257073255,
        1458.193603516
      ],
      [
        -104.60821444777513,
        38.32054420231096,
        1458.375854492
      ],
      [
        -104.6082668320144,
        38.320624193868916,
        1458.294189453
      ],
      [
        -104.60831872309888,
        38.32070438357406,
        1458.210449219
      ],
      [
        -104.60837061418337,
        38.32078457327921,
        1458.280395508
      ],
      [
        -104.60842250526785,
        38.32086476298436,
        1458.197875977
      ],
      [
        -104.60847439635234,
        38.32094495268951,
        1458.121704102
      ],
      [
        -104.60852628743683,
        38.32102514239465,
        1458.056640625
      ],
      [
        -104.60857817852131,
        38.321105332099805,
        1458.302856445
      ],
      [
        -104.60863006960581,
        38.32118552180495,
        1458.245361328
      ],
      [
        -104.60868196069029,
        38.3212657115101,
        1458.176635742
      ],
      [
        -104.60873385177477,
        38.321345901215246,
        1458.240966797
      ],
      [
        -104.60878574285927,
        38.3214260909204,
        1458.183959961
      ],
      [
        -104.60883763394375,
        38.32150628062554,
        1458.122680664
      ],
      [
        -104.60888952502823,
        38.32158647033069,
        1458.067749023
      ],
      [
        -104.60894141611273,
        38.32166666003584,
        1458.138916016
      ],
      [
        -104.60899330719721,
        38.32174684974099,
        1458.272705078
      ],
      [
        -104.60904519828169,
        38.321827039446134,
        1458.207763672
      ],
      [
        -104.60909708936619,
        38.321907229151286,
        1458.153930664
      ],
      [
        -104.60914904266639,
        38.321987394348525,
        1458.207763672
      ],
      [
        -104.60920099745277,
        38.32206755896033,
        1458.142578125
      ],
      [
        -104.60925295223915,
        38.32214772357213,
        1458.082641602
      ],
      [
        -104.60930490702553,
        38.32222788818393,
        1458.142578125
      ],
      [
        -104.60935686181192,
        38.322308052795734,
        1458.075073242
      ],
      [
        -104.6094088165983,
        38.322388217407536,
        1458.200927734
      ],
      [
        -104.60946077138469,
        38.32246838201934,
        1458.155029297
      ],
      [
        -104.60951272617108,
        38.32254854663114,
        1458.244628906
      ],
      [
        -104.60956468095745,
        38.32262871124294,
        1458.280761719
      ],
      [
        -104.60961660925558,
        38.32270888641989,
        1458.380859375
      ],
      [
        -104.60966834683123,
        38.32278913766869,
        1458.524658203
      ],
      [
        -104.60972008440689,
        38.32286938891749,
        1458.670166016
      ],
      [
        -104.60977182198253,
        38.32294964016629,
        1458.778930664
      ],
      [
        -104.6098235595582,
        38.32302989141509,
        1458.792724609
      ],
      [
        -104.60987529713384,
        38.323110142663886,
        1458.863891602
      ],
      [
        -104.6099270347095,
        38.32319039391269,
        1458.893920898
      ],
      [
        -104.60997877228515,
        38.323270645161486,
        1458.838989258
      ],
      [
        -104.61003050986079,
        38.32335089641029,
        1458.806396484
      ],
      [
        -104.61008224743645,
        38.323431147659086,
        1458.947631836
      ],
      [
        -104.61013437226384,
        38.3235112445929,
        1459.452758789
      ],
      [
        -104.61018664291012,
        38.32359128341971,
        1460.355712891
      ],
      [
        -104.61023891355642,
        38.32367132224652,
        1460.819091797
      ],
      [
        -104.6102911842027,
        38.32375136107332,
        1460.979492188
      ],
      [
        -104.61034345484897,
        38.32383139990013,
        1460.968383789
      ],
      [
        -104.61039572549527,
        38.32391143872694,
        1460.950805664
      ],
      [
        -104.61044799614154,
        38.32399147755375,
        1460.924560547
      ],
      [
        -104.61050026678782,
        38.32407151638055,
        1460.933349609
      ],
      [
        -104.61055253743412,
        38.32415155520736,
        1460.915771484
      ],
      [
        -104.6106048080804,
        38.32423159403417,
        1460.884399414
      ],
      [
        -104.61065707872667,
        38.324311632860976,
        1460.920288086
      ],
      [
        -104.61070934937297,
        38.32439167168778,
        1460.935058594
      ],
      [
        -104.61076162001925,
        38.32447171051459,
        1460.920043945
      ],
      [
        -104.61081389066553,
        38.324551749341396,
        1460.921386719
      ],
      [
        -104.61086616131182,
        38.324631788168205,
        1460.930175781
      ],
      [
        -104.6109184319581,
        38.32471182699501,
        1460.932128906
      ],
      [
        -104.61097070260438,
        38.324791865821815,
        1460.912231445
      ],
      [
        -104.61102297325067,
        38.324871904648624,
        1460.891723633
      ],
      [
        -104.61107524389695,
        38.32495194347543,
        1460.994262695
      ],
      [
        -104.61112751454323,
        38.325031982302235,
        1461.007446289
      ],
      [
        -104.61117978518952,
        38.325112021129044,
        1460.999755859
      ],
      [
        -104.6112320558358,
        38.32519205995585,
        1460.993530273
      ],
      [
        -104.61128432648209,
        38.32527209878266,
        1461.057250977
      ],
      [
        -104.61133659712837,
        38.325352137609464,
        1461.036010742
      ],
      [
        -104.61138886777465,
        38.32543217643627,
        1460.991088867
      ],
      [
        -104.61144113842094,
        38.32551221526308,
        1461.041015625
      ],
      [
        -104.61149340906722,
        38.32559225408989,
        1461.144775391
      ],
      [
        -104.6115456797135,
        38.32567229291669,
        1461.08605957
      ],
      [
        -104.6115979503598,
        38.3257523317435,
        1461.041992188
      ],
      [
        -104.61165022100607,
        38.32583237057031,
        1461.120727539
      ],
      [
        -104.61170249165235,
        38.32591240939711,
        1461.201293945
      ],
      [
        -104.61175444392758,
        38.32599257545033,
        1461.334716797
      ],
      [
        -104.61180606861204,
        38.32607287241429,
        1461.487304688
      ],
      [
        -104.6118576932965,
        38.32615316937824,
        1461.643432617
      ],
      [
        -104.61190931798096,
        38.326233466342195,
        1461.939697266
      ],
      [
        -104.61196094266542,
        38.32631376330615,
        1462.063476562
      ],
      [
        -104.61201256734988,
        38.32639406027011,
        1462.21472168
      ],
      [
        -104.61206419203434,
        38.32647435723406,
        1462.367553711
      ],
      [
        -104.61211581671881,
        38.32655465419802,
        1462.552246094
      ],
      [
        -104.61216744140327,
        38.32663495116198,
        1462.830932617
      ],
      [
        -104.61221906608773,
        38.326715248125936,
        1462.989746094
      ],
      [
        -104.61227069077219,
        38.326795545089894,
        1463.348388672
      ],
      [
        -104.61232231545665,
        38.326875842053845,
        1463.633422852
      ],
      [
        -104.61237394014111,
        38.3269561390178,
        1463.916992188
      ],
      [
        -104.61242556482559,
        38.32703643598176,
        1463.942749023
      ],
      [
        -104.61247718951005,
        38.32711673294572,
        1463.924926758
      ],
      [
        -104.61252821841953,
        38.32719726155839,
        1463.912841797
      ],
      [
        -104.61257837249055,
        38.327278130324984,
        1463.895385742
      ],
      [
        -104.61262852656158,
        38.32735899909159,
        1463.915405273
      ],
      [
        -104.6126786806326,
        38.32743986785819,
        1463.904052734
      ],
      [
        -104.61272883470362,
        38.32752073662479,
        1463.906616211
      ],
      [
        -104.61277898877465,
        38.32760160539139,
        1463.877929688
      ],
      [
        -104.61282914284567,
        38.32768247415799,
        1463.894042969
      ],
      [
        -104.6128792969167,
        38.32776334292459,
        1463.891601562
      ],
      [
        -104.61292898568655,
        38.32784438042206,
        1463.935302734
      ],
      [
        -104.6129750100816,
        38.32792674672149,
        1463.967529297
      ],
      [
        -104.61302103447663,
        38.32800911302092,
        1464.01940918
      ],
      [
        -104.61306705887168,
        38.32809147932035,
        1464.037841797
      ],
      [
        -104.61311308326671,
        38.32817384561979,
        1464.005004883
      ],
      [
        -104.61315708752804,
        38.32825687130869,
        1463.94128418
      ],
      [
        -104.6131991228729,
        38.32834053966929,
        1464.145629883
      ],
      [
        -104.61324115821775,
        38.3284242080299,
        1464.326660156
      ],
      [
        -104.61328319356261,
        38.3285078763905,
        1464.562866211
      ],
      [
        -104.61332522890747,
        38.32859154475111,
        1464.770263672
      ],
      [
        -104.61336726425232,
        38.32867521311172,
        1464.936401367
      ],
      [
        -104.61340833272179,
        38.328759167017914,
        1465.075805664
      ],
      [
        -104.61344706365429,
        38.32884381126472,
        1465.195800781
      ],
      [
        -104.61348579458681,
        38.32892845551153,
        1465.275756836
      ],
      [
        -104.61352452551931,
        38.329013099758335,
        1465.261962891
      ],
      [
        -104.61356325645183,
        38.329097744005146,
        1465.310668945
      ],
      [
        -104.61360198738433,
        38.32918238825195,
        1465.350708008
      ],
      [
        -104.61364071831684,
        38.329267032498755,
        1465.364501953
      ],
      [
        -104.61367944924935,
        38.32935167674557,
        1465.408203125
      ],
      [
        -104.61371793612928,
        38.32943638791164,
        1465.411132812
      ],
      [
        -104.6137548423413,
        38.329521532497196,
        1465.334716797
      ],
      [
        -104.61379174855333,
        38.32960667708275,
        1465.333374023
      ],
      [
        -104.61382865476534,
        38.329691821668305,
        1465.350952148
      ],
      [
        -104.61386556097736,
        38.32977696625386,
        1465.386108398
      ],
      [
        -104.61390246718938,
        38.329862110839414,
        1465.46887207
      ],
      [
        -104.6139393734014,
        38.32994725542496,
        1465.463867188
      ],
      [
        -104.61397627961341,
        38.330032400010516,
        1465.747680664
      ],
      [
        -104.61401318582543,
        38.33011754459607,
        1466.187744141
      ],
      [
        -104.61405009203744,
        38.330202689181625,
        1466.641967773
      ],
      [
        -104.61408699824948,
        38.33028783376718,
        1466.833496094
      ],
      [
        -104.6141239044615,
        38.330372978352734,
        1466.782226562
      ],
      [
        -104.6141601809397,
        38.330458288770465,
        1466.798461914
      ],
      [
        -104.61419621704677,
        38.330543662486804,
        1466.802246094
      ],
      [
        -104.61423225315383,
        38.330629036203135,
        1466.815917969
      ],
      [
        -104.6142682892609,
        38.33071440991947,
        1466.637207031
      ],
      [
        -104.61430432536797,
        38.33079978363581,
        1466.668457031
      ],
      [
        -104.61434077471617,
        38.330885049302445,
        1466.782226562
      ],
      [
        -104.6143772752935,
        38.330970301574254,
        1466.856201172
      ],
      [
        -104.61441377587084,
        38.33105555384607,
        1466.850830078
      ],
      [
        -104.61445027644818,
        38.33114080611788,
        1466.583374023
      ],
      [
        -104.61448677702552,
        38.33122605838969,
        1466.557128906
      ],
      [
        -104.61452327760286,
        38.3313113106615,
        1466.104614258
      ],
      [
        -104.61455908711747,
        38.33139674304193,
        1465.467041016
      ],
      [
        -104.61459486448655,
        38.33148218380031,
        1465.721557617
      ],
      [
        -104.61463101236015,
        38.331567527390185,
        1465.991577148
      ],
      [
        -104.61466794825432,
        38.331652664313786,
        1466.513549805
      ],
      [
        -104.61470488414851,
        38.33173780123739,
        1466.526733398
      ],
      [
        -104.61474182004268,
        38.33182293816099,
        1466.487915039
      ],
      [
        -104.61477875593687,
        38.33190807508459,
        1466.487915039
      ],
      [
        -104.61481569183104,
        38.33199321200819,
        1466.285522461
      ],
      [
        -104.61485262772523,
        38.332078348931795,
        1466.338012695
      ],
      [
        -104.614889043169,
        38.332163623665764,
        1466.381713867
      ],
      [
        -104.61492541306636,
        38.33224891046,
        1466.439208984
      ],
      [
        -104.6149617829637,
        38.33233419725424,
        1465.906738281
      ],
      [
        -104.61499815286105,
        38.33241948404848,
        1466.12097168
      ],
      [
        -104.61503455848747,
        38.332504761347586,
        1466.55480957
      ],
      [
        -104.61507178174551,
        38.332589821358006,
        1466.788574219
      ],
      [
        -104.61510900500356,
        38.332674881368426,
        1466.799804688
      ],
      [
        -104.61514622826161,
        38.332759941378846,
        1466.291137695
      ],
      [
        -104.61518345151966,
        38.332845001389266,
        1465.984863281
      ],
      [
        -104.61522067477769,
        38.332930061399686,
        1465.799804688
      ],
      [
        -104.61525789803574,
        38.33301512141011,
        1466.068603516
      ],
      [
        -104.6152956803077,
        38.33310002821007,
        1465.976074219
      ],
      [
        -104.6153341048801,
        38.333184758973,
        1465.990600586
      ],
      [
        -104.61537252945251,
        38.333269489735926,
        1465.052734375
      ],
      [
        -104.61541095402492,
        38.33335422049885,
        1465.959228516
      ],
      [
        -104.61544937859732,
        38.333438951261776,
        1467.147338867
      ],
      [
        -104.61548780316973,
        38.333523682024705,
        1467.566162109
      ],
      [
        -104.61552622774214,
        38.33360841278763,
        1467.734863281
      ],
      [
        -104.6155648288382,
        38.3336930912922,
        1467.40612793
      ],
      [
        -104.61560735846786,
        38.33377660678682,
        1467.634887695
      ],
      [
        -104.6156498880975,
        38.33386012228144,
        1467.760498047
      ],
      [
        -104.61569241772715,
        38.333943637776066,
        1467.868530273
      ],
      [
        -104.6157349473568,
        38.33402715327069,
        1468.268432617
      ],
      [
        -104.61577901629435,
        38.33411016337496,
        1468.254760742
      ],
      [
        -104.61582501396667,
        38.33419254023102,
        1468.283447266
      ],
      [
        -104.615871011639,
        38.33427491708708,
        1468.294677734
      ],
      [
        -104.61591700931133,
        38.33435729394314,
        1468.727172852
      ],
      [
        -104.61596300698366,
        38.334439670799206,
        1468.735961914
      ],
      [
        -104.616009004656,
        38.33452204765527,
        1468.759765625
      ],
      [
        -104.61605616213755,
        38.33460401768789,
        1468.775634766
      ],
      [
        -104.61610378123086,
        38.33468582580208,
        1468.823486328
      ],
      [
        -104.61615140032417,
        38.334767633916286,
        1469.088256836
      ],
      [
        -104.61619901941746,
        38.33484944203048,
        1468.995605469
      ],
      [
        -104.61624663851077,
        38.33493125014468,
        1468.658203125
      ],
      [
        -104.61629529592545,
        38.33501267184621,
        1468.391967773
      ],
      [
        -104.61634597512115,
        38.33509334113927,
        1468.768188477
      ],
      [
        -104.61639665431683,
        38.33517401043233,
        1468.870727539
      ],
      [
        -104.61644733351251,
        38.335254679725395,
        1469.765625
      ],
      [
        -104.61649801270819,
        38.33533534901846,
        1469.91809082
      ],
      [
        -104.61654869190387,
        38.33541601831151,
        1470.226806641
      ],
      [
        -104.61659937109955,
        38.335496687604575,
        1469.98059082
      ],
      [
        -104.61665005029523,
        38.33557735689764,
        1469.650512695
      ],
      [
        -104.61670072949092,
        38.3356580261907,
        1468.791748047
      ],
      [
        -104.61675140868661,
        38.33573869548376,
        1468.48425293
      ],
      [
        -104.61680208788229,
        38.335819364776825,
        1467.534301758
      ],
      [
        -104.61685276707797,
        38.33590003406989,
        1467.082641602
      ],
      [
        -104.61690344627365,
        38.33598070336295,
        1467.130615234
      ],
      [
        -104.61695412546933,
        38.33606137265601,
        1467.812866211
      ],
      [
        -104.61700480466502,
        38.336142041949074,
        1468.843017578
      ],
      [
        -104.6170554838607,
        38.33622271124213,
        1468.762207031
      ],
      [
        -104.61710616305639,
        38.33630338053519,
        1468.677246094
      ],
      [
        -104.61715684225207,
        38.336384049828254,
        1469.047241211
      ],
      [
        -104.61720752144775,
        38.33646471912132,
        1469.047241211
      ],
      [
        -104.61725820064343,
        38.33654538841438,
        1468.891113281
      ],
      [
        -104.61730887983911,
        38.33662605770744,
        1468.977294922
      ],
      [
        -104.61735960298455,
        38.33670671016663,
        1468.671020508
      ],
      [
        -104.61741038004635,
        38.3367873419745,
        1468.754760742
      ],
      [
        -104.61746115710814,
        38.33686797378236,
        1469.354736328
      ],
      [
        -104.61751193416994,
        38.33694860559022,
        1470.507568359
      ],
      [
        -104.61756271123173,
        38.337029237398085,
        1470.810180664
      ],
      [
        -104.61761348829353,
        38.337109869205946,
        1471.10534668
      ],
      [
        -104.61766426535532,
        38.33719050101381,
        1470.819213867
      ],
      [
        -104.61771504241712,
        38.33727113282167,
        1471.439208984
      ],
      [
        -104.61776581947892,
        38.33735176462953,
        1471.437866211
      ],
      [
        -104.6178165965407,
        38.33743239643739,
        1471.194213867
      ],
      [
        -104.61786737360251,
        38.337513028245255,
        1470.881713867
      ],
      [
        -104.6179181506643,
        38.33759366005312,
        1471.12890625
      ],
      [
        -104.6179689277261,
        38.337674291860985,
        1471.061645508
      ],
      [
        -104.61801970478788,
        38.33775492366885,
        1471.961791992
      ],
      [
        -104.61807048184968,
        38.33783555547671,
        1471.676757812
      ],
      [
        -104.61811981005442,
        38.337916737363265,
        1471.000488281
      ],
      [
        -104.61816890588828,
        38.33799800747265,
        1469.732910156
      ],
      [
        -104.61821800172214,
        38.33807927758204,
        1469.91418457
      ],
      [
        -104.618267097556,
        38.33816054769142,
        1471.194213867
      ],
      [
        -104.61831619338986,
        38.338241817800814,
        1472.037109375
      ],
      [
        -104.61836528922373,
        38.338323087910204,
        1472.217651367
      ],
      [
        -104.61841438505759,
        38.33840435801959,
        1472.200073242
      ],
      [
        -104.61846348089145,
        38.33848562812898,
        1472.262573242
      ],
      [
        -104.61850971077946,
        38.33856791098597,
        1472.532592773
      ],
      [
        -104.61855478376671,
        38.33865060266035,
        1472.673828125
      ],
      [
        -104.61859985675396,
        38.33873329433473,
        1472.856323242
      ],
      [
        -104.6186449297412,
        38.33881598600911,
        1473.157592773
      ],
      [
        -104.61869000272844,
        38.33889867768349,
        1473.448852539
      ],
      [
        -104.61872529623793,
        38.338984155269785,
        1473.603881836
      ],
      [
        -104.61875838331905,
        38.33907026140858,
        1473.799072266
      ],
      [
        -104.61879147040015,
        38.33915636754737,
        1473.979980469
      ],
      [
        -104.61882455748126,
        38.339242473686156,
        1474.138671875
      ],
      [
        -104.61885564264036,
        38.3393290020079,
        1474.234863281
      ],
      [
        -104.61888206902053,
        38.339416512813976,
        1474.256225586
      ],
      [
        -104.6189084954007,
        38.33950402362005,
        1474.351196289
      ],
      [
        -104.61893486073116,
        38.33959154414267,
        1474.408691406
      ],
      [
        -104.61895401271,
        38.33968021272656,
        1474.583618164
      ],
      [
        -104.61897316468885,
        38.33976888131045,
        1474.721191406
      ],
      [
        -104.6189923166677,
        38.33985754989433,
        1474.960327148
      ],
      [
        -104.61901146864655,
        38.339946218478225,
        1475.075927734
      ],
      [
        -104.6190306206254,
        38.34003488706211,
        1475.195922852
      ],
      [
        -104.6190452581095,
        38.34012401022901,
        1475.467773438
      ],
      [
        -104.61905528255532,
        38.34021359790169,
        1475.712890625
      ],
      [
        -104.61906530700116,
        38.34030318557436,
        1475.900390625
      ],
      [
        -104.619075331447,
        38.34039277324704,
        1475.936523438
      ],
      [
        -104.61908535589282,
        38.340482360919715,
        1476.10534668
      ],
      [
        -104.61909477507756,
        38.34057197952926,
        1476.083007812
      ],
      [
        -104.6190996591282,
        38.34066182994433,
        1476.059692383
      ],
      [
        -104.61910454317884,
        38.3407516803594,
        1476.015991211
      ],
      [
        -104.61910942722947,
        38.340841530774476,
        1475.966064453
      ],
      [
        -104.61911431128011,
        38.34093138118955,
        1475.919799805
      ],
      [
        -104.61911919533074,
        38.34102123160462,
        1475.712280273
      ],
      [
        -104.61912407938138,
        38.341111082019694,
        1475.187255859
      ],
      [
        -104.61912896343202,
        38.34120093243477,
        1474.529663086
      ],
      [
        -104.61913384748266,
        38.34129078284984,
        1475.161865234
      ],
      [
        -104.6191387315333,
        38.34138063326491,
        1475.915405273
      ],
      [
        -104.61914361558394,
        38.341470483679984,
        1475.995361328
      ],
      [
        -104.61914849963458,
        38.34156033409506,
        1475.997924805
      ],
      [
        -104.61915338368522,
        38.34165018451013,
        1475.996704102
      ],
      [
        -104.61915826773586,
        38.3417400349252,
        1475.999145508
      ],
      [
        -104.61916315178648,
        38.341829885340275,
        1475.982910156
      ],
      [
        -104.61916803583712,
        38.34191973575535,
        1475.977905273
      ],
      [
        -104.61917291988776,
        38.34200958617042,
        1475.969116211
      ],
      [
        -104.6191778039384,
        38.34209943658549,
        1476.110229492
      ],
      [
        -104.61918268798904,
        38.342189287000565,
        1476.093994141
      ],
      [
        -104.61918757203968,
        38.34227913741564,
        1476.075195312
      ],
      [
        -104.61919245609032,
        38.34236898783071,
        1476.058959961
      ],
      [
        -104.61919734014096,
        38.34245883824578,
        1476.048950195
      ],
      [
        -104.61920222419158,
        38.342548688660855,
        1476.017700195
      ],
      [
        -104.61920710824222,
        38.34263853907593,
        1475.997680664
      ],
      [
        -104.61921199229286,
        38.342728389491,
        1475.978881836
      ],
      [
        -104.6192168763435,
        38.34281823990607,
        1475.959106445
      ],
      [
        -104.61922176039414,
        38.342908090321146,
        1475.942871094
      ],
      [
        -104.61922664444478,
        38.34299794073622,
        1476.090332031
      ],
      [
        -104.61923152849542,
        38.34308779115129,
        1476.07409668
      ],
      [
        -104.61923628657259,
        38.34317764568964,
        1476.054077148
      ],
      [
        -104.61924095186741,
        38.34326750326489,
        1476.045288086
      ],
      [
        -104.61924561716225,
        38.34335736084013,
        1476.040405273
      ],
      [
        -104.61925028245707,
        38.34344721841538,
        1476.024047852
      ],
      [
        -104.6192549477519,
        38.34353707599062,
        1476.005126953
      ],
      [
        -104.61925961304672,
        38.343626933565865,
        1475.989379883
      ],
      [
        -104.61926427834156,
        38.343716791141105,
        1475.974365234
      ],
      [
        -104.61926894363638,
        38.34380664871635,
        1476.491821289
      ],
      [
        -104.61927360893121,
        38.34389650629159,
        1478.116821289
      ],
      [
        -104.61927827422603,
        38.34398636386684,
        1478.528076172
      ],
      [
        -104.61928293952087,
        38.34407622144208,
        1478.771850586
      ],
      [
        -104.6192876048157,
        38.34416607901733,
        1478.805541992
      ],
      [
        -104.61929227011052,
        38.34425593659257,
        1478.801635742
      ],
      [
        -104.61929693540534,
        38.344345794167815,
        1478.784790039
      ],
      [
        -104.61930160070018,
        38.344435651743055,
        1478.765991211
      ],
      [
        -104.61930626599501,
        38.344525509318295,
        1478.750976562
      ],
      [
        -104.61931093128983,
        38.34461536689354,
        1478.737304688
      ],
      [
        -104.61931559658467,
        38.34470522446878,
        1479.028442383
      ],
      [
        -104.6193202618795,
        38.34479508204403,
        1479.014770508
      ],
      [
        -104.61932492717432,
        38.34488493961927,
        1478.980957031
      ],
      [
        -104.61932959246914,
        38.34497479719452,
        1478.963745117
      ],
      [
        -104.61933425776398,
        38.34506465476976,
        1478.942016602
      ],
      [
        -104.6193389230588,
        38.345154512345005,
        1478.92578125
      ],
      [
        -104.61934358835363,
        38.345244369920245,
        1478.904541016
      ],
      [
        -104.61934825364845,
        38.34533422749549,
        1478.883300781
      ],
      [
        -104.61935291894329,
        38.34542408507073,
        1478.870727539
      ],
      [
        -104.61935758423812,
        38.34551394264598,
        1478.860717773
      ],
      [
        -104.61936224953294,
        38.34560380022122,
        1479.01574707
      ],
      [
        -104.61936691482776,
        38.34569365779647,
        1478.975708008
      ],
      [
        -104.6193715801226,
        38.34578351537171,
        1478.953735352
      ],
      [
        -104.61937624541743,
        38.345873372946954,
        1478.927124023
      ],
      [
        -104.61938091071225,
        38.345963230522194,
        1478.885864258
      ],
      [
        -104.61938557600709,
        38.34605308809744,
        1478.852050781
      ],
      [
        -104.61939024130191,
        38.34614294567268,
        1478.825927734
      ],
      [
        -104.61939490659674,
        38.34623280324793,
        1478.785888672
      ],
      [
        -104.61939957189156,
        38.34632266082317,
        1478.752197266
      ],
      [
        -104.6194042371864,
        38.34641251839842,
        1478.722167969
      ],
      [
        -104.61940890248123,
        38.34650237597366,
        1478.951049805
      ],
      [
        -104.61941356777605,
        38.3465922335489,
        1478.920288086
      ],
      [
        -104.61941823307087,
        38.346682091124144,
        1478.885375977
      ],
      [
        -104.61942289836571,
        38.346771948699384,
        1478.838989258
      ],
      [
        -104.61942756366054,
        38.34686180627463,
        1478.777832031
      ],
      [
        -104.61943222895536,
        38.34695166384987,
        1478.697875977
      ],
      [
        -104.61943689425019,
        38.34704152142512,
        1478.647827148
      ],
      [
        -104.61944155954502,
        38.34713137900036,
        1478.532836914
      ],
      [
        -104.61944622483985,
        38.347221236575606,
        1478.435424805
      ],
      [
        -104.61945089013467,
        38.34731109415085,
        1478.406738281
      ],
      [
        -104.61945555542951,
        38.347400951726094,
        1478.795532227
      ],
      [
        -104.61946022072433,
        38.347490809301334,
        1478.836791992
      ],
      [
        -104.61946488601916,
        38.34758066687658,
        1478.948120117
      ],
      [
        -104.61946955131398,
        38.34767052445182,
        1479.010498047
      ],
      [
        -104.61947421660882,
        38.34776038202707,
        1479.009277344
      ],
      [
        -104.61947888190365,
        38.34785023960231,
        1479.039306641
      ],
      [
        -104.61948354719847,
        38.347940097177556,
        1479.141723633
      ],
      [
        -104.6194882124933,
        38.348029954752796,
        1479.271484375
      ],
      [
        -104.61949287778813,
        38.348119812328044,
        1479.348999023
      ],
      [
        -104.61949754308296,
        38.348209669903284,
        1479.361450195
      ],
      [
        -104.61950220837778,
        38.34829952747853,
        1479.432739258
      ],
      [
        -104.6195068736726,
        38.34838938505377,
        1479.415283203
      ],
      [
        -104.61951153896744,
        38.34847924262902,
        1479.358886719
      ],
      [
        -104.61951620426227,
        38.34856910020426,
        1479.373901367
      ],
      [
        -104.61952086955709,
        38.3486589577795,
        1479.381469727
      ],
      [
        -104.61952553485193,
        38.348748815354746,
        1479.39074707
      ],
      [
        -104.61953020014676,
        38.348838672929986,
        1479.393920898
      ],
      [
        -104.61953486544158,
        38.34892853050523,
        1479.360229492
      ],
      [
        -104.6195395307364,
        38.349018388080474,
        1479.367675781
      ],
      [
        -104.61954419603124,
        38.34910824565572,
        1479.403930664
      ],
      [
        -104.61954886132607,
        38.34919810323096,
        1479.510131836
      ],
      [
        -104.61955352662089,
        38.34928796080621,
        1479.563964844
      ],
      [
        -104.61955819191571,
        38.34937781838145,
        1479.822631836
      ],
      [
        -104.61956285721055,
        38.349467675956696,
        1480.489990234
      ],
      [
        -104.61956752250538,
        38.349557533531936,
        1481.236572266
      ],
      [
        -104.61957220272983,
        38.34964739059,
        1481.611572266
      ],
      [
        -104.61957766131509,
        38.349737220684815,
        1481.694091797
      ],
      [
        -104.61958311990037,
        38.34982705077962,
        1481.711669922
      ],
      [
        -104.61958857848565,
        38.34991688087443,
        1481.704101562
      ],
      [
        -104.61959403707093,
        38.35000671096924,
        1481.940307617
      ],
      [
        -104.6195994956562,
        38.35009654106405,
        1481.931640625
      ],
      [
        -104.61960495424148,
        38.35018637115886,
        1481.914794922
      ],
      [
        -104.61961041282675,
        38.35027620125367,
        1481.897705078
      ],
      [
        -104.61961587141202,
        38.35036603134848,
        1481.893920898
      ],
      [
        -104.6196213299973,
        38.35045586144329,
        1481.874023438
      ],
      [
        -104.61962678858258,
        38.350545691538095,
        1481.842773438
      ],
      [
        -104.61963224716786,
        38.35063552163291,
        1481.822753906
      ],
      [
        -104.61963770575312,
        38.35072535172772,
        1481.805297852
      ],
      [
        -104.6196431643384,
        38.350815181822526,
        1482.0078125
      ],
      [
        -104.61964862292368,
        38.350905011917334,
        1482.002075195
      ],
      [
        -104.61965367706503,
        38.35099485647487,
        1481.986083984
      ],
      [
        -104.61965866407337,
        38.35108470343305,
        1481.987304688
      ],
      [
        -104.61966365108172,
        38.351174550391235,
        1481.979858398
      ],
      [
        -104.61966863809006,
        38.35126439734942,
        1481.981079102
      ],
      [
        -104.6196736250984,
        38.3513542443076,
        1481.981079102
      ],
      [
        -104.61967861210674,
        38.35144409126578,
        1481.969848633
      ],
      [
        -104.61968359911509,
        38.351533938223966,
        1481.969848633
      ],
      [
        -104.61968858612343,
        38.35162378518215,
        1482.084838867
      ],
      [
        -104.61969352958108,
        38.35171363359437,
        1482.073608398
      ],
      [
        -104.61969829340524,
        38.35180348800407,
        1482.069824219
      ],
      [
        -104.61970305722939,
        38.35189334241378,
        1482.05859375
      ],
      [
        -104.61970782105355,
        38.35198319682348,
        1482.05859375
      ],
      [
        -104.6197125848777,
        38.35207305123319,
        1482.048583984
      ],
      [
        -104.61971734870185,
        38.35216290564289,
        1482.041137695
      ],
      [
        -104.619722112526,
        38.35225276005259,
        1482.039794922
      ],
      [
        -104.61972687635016,
        38.3523426144623,
        1482.024780273
      ],
      [
        -104.61973164017431,
        38.352432468872,
        1482.018432617
      ],
      [
        -104.61973640399847,
        38.35252232328171,
        1482.112915039
      ],
      [
        -104.61974116782262,
        38.35261217769141,
        1482.096679688
      ],
      [
        -104.61974593164678,
        38.352702032101114,
        1482.089233398
      ],
      [
        -104.61975069547093,
        38.35279188651082,
        1482.076660156
      ],
      [
        -104.61975545929508,
        38.35288174092052,
        1482.069213867
      ],
      [
        -104.61976022311923,
        38.35297159533023,
        1482.056640625
      ],
      [
        -104.61976498694338,
        38.35306144973993,
        1482.047851562
      ],
      [
        -104.61976975076755,
        38.353151304149634,
        1482.031982422
      ],
      [
        -104.6197745145917,
        38.35324115855934,
        1482.027954102
      ],
      [
        -104.61977927841585,
        38.35333101296904,
        1482.125244141
      ],
      [
        -104.61978404224,
        38.35342086737875,
        1482.110229492
      ],
      [
        -104.61978880606415,
        38.35351072178845,
        1482.105224609
      ],
      [
        -104.6197935698883,
        38.353600576198154,
        1482.086425781
      ],
      [
        -104.61979833371247,
        38.35369043060786,
        1482.07019043
      ],
      [
        -104.61980309753662,
        38.353780285017564,
        1482.057739258
      ],
      [
        -104.61980786136077,
        38.35387013942727,
        1482.114624023
      ],
      [
        -104.61981262518492,
        38.35395999383697,
        1482.315551758
      ],
      [
        -104.61981738900907,
        38.354049848246675,
        1482.490600586
      ],
      [
        -104.61982215283322,
        38.35413970265638,
        1482.540527344
      ],
      [
        -104.61982691665739,
        38.354229557066084,
        1482.631225586
      ],
      [
        -104.61983168048154,
        38.35431941147579,
        1482.627441406
      ],
      [
        -104.61983648565034,
        38.35440926453309,
        1482.627441406
      ],
      [
        -104.61984130665834,
        38.35449911707227,
        1482.622436523
      ],
      [
        -104.61984612766635,
        38.35458896961146,
        1482.612426758
      ],
      [
        -104.61985094867435,
        38.35467882215065,
        1482.600708008
      ],
      [
        -104.61985576968236,
        38.354768674689836,
        1482.583374023
      ],
      [
        -104.61986059069037,
        38.35485852722903,
        1482.578369141
      ],
      [
        -104.61986541169837,
        38.35494837976822,
        1482.574707031
      ],
      [
        -104.61987023270636,
        38.3550382323074,
        1482.588378906
      ],
      [
        -104.61987505371437,
        38.35512808484659,
        1482.754394531
      ],
      [
        -104.61987987472237,
        38.35521793738578,
        1482.839477539
      ],
      [
        -104.61988469573038,
        38.355307789924964,
        1482.930664062
      ],
      [
        -104.61988951673838,
        38.355397642464155,
        1483.006347656
      ],
      [
        -104.61989433774639,
        38.355487495003345,
        1483.065429688
      ],
      [
        -104.6198991587544,
        38.35557734754253,
        1483.097900391
      ],
      [
        -104.6199039797624,
        38.35566720008172,
        1483.119140625
      ],
      [
        -104.6199088007704,
        38.35575705262091,
        1483.124145508
      ],
      [
        -104.6199136217784,
        38.35584690516009,
        1483.124145508
      ],
      [
        -104.6199184427864,
        38.35593675769928,
        1483.200317383
      ],
      [
        -104.6199232637944,
        38.35602661023847,
        1483.19909668
      ],
      [
        -104.61992808480241,
        38.356116462777656,
        1483.197875977
      ],
      [
        -104.61993290581042,
        38.35620631531685,
        1483.194335938
      ],
      [
        -104.61993772681842,
        38.35629616785604,
        1483.19934082
      ],
      [
        -104.61994254609311,
        38.35638602045358,
        1483.214233398
      ],
      [
        -104.6199473609013,
        38.356475873201475,
        1483.215576172
      ],
      [
        -104.6199521757095,
        38.35656572594938,
        1483.219238281
      ],
      [
        -104.61995699051768,
        38.35665557869728,
        1483.218017578
      ],
      [
        -104.61996180532587,
        38.356745431445184,
        1483.208007812
      ],
      [
        -104.61996662013406,
        38.35683528419308,
        1483.248046875
      ],
      [
        -104.61997143494226,
        38.35692513694099,
        1483.229003906
      ],
      [
        -104.61997624975044,
        38.35701498968889,
        1483.346557617
      ],
      [
        -104.61998106455863,
        38.35710484243679,
        1483.53527832
      ],
      [
        -104.61998587936682,
        38.357194695184695,
        1483.990234375
      ],
      [
        -104.619990694175,
        38.35728454793259,
        1484.44519043
      ],
      [
        -104.6199955089832,
        38.3573744006805,
        1484.56640625
      ],
      [
        -104.62000032379139,
        38.3574642534284,
        1484.481445312
      ],
      [
        -104.62000513859958,
        38.3575541061763,
        1484.342285156
      ],
      [
        -104.62000995340776,
        38.35764395892421,
        1484.798706055
      ],
      [
        -104.62001476821595,
        38.357733811672105,
        1484.728271484
      ],
      [
        -104.62001958302415,
        38.35782366442001,
        1484.700805664
      ],
      [
        -104.62002439783232,
        38.35791351716791,
        1484.719604492
      ],
      [
        -104.62002921264052,
        38.358003369915814,
        1484.779541016
      ],
      [
        -104.62003402744871,
        38.35809322266371,
        1484.834472656
      ],
      [
        -104.6200388422569,
        38.35818307541162,
        1484.869506836
      ],
      [
        -104.62004354433579,
        38.3582729315974,
        1484.910766602
      ],
      [
        -104.62004764220434,
        38.35836280620964,
        1484.936035156
      ],
      [
        -104.6200517400729,
        38.358452680821884,
        1484.951904297
      ],
      [
        -104.62005583794144,
        38.35854255543413,
        1484.948120117
      ],
      [
        -104.62005993580999,
        38.35863243004637,
        1485.095703125
      ],
      [
        -104.62006403367855,
        38.35872230465861,
        1485.086914062
      ],
      [
        -104.6200681315471,
        38.358812179270856,
        1485.074462891
      ],
      [
        -104.62007222941565,
        38.3589020538831,
        1485.070678711
      ],
      [
        -104.62007632728421,
        38.35899192849534,
        1485.059448242
      ],
      [
        -104.62008042515276,
        38.359081803107586,
        1485.053588867
      ],
      [
        -104.6200845230213,
        38.35917167771983,
        1485.049194336
      ],
      [
        -104.62008862088986,
        38.35926155233207,
        1485.037841797
      ],
      [
        -104.62009271875841,
        38.359351426944315,
        1485.032958984
      ],
      [
        -104.62009681662697,
        38.35944130155656,
        1485.014282227
      ],
      [
        -104.62010091449552,
        38.3595311761688,
        1484.999267578
      ],
      [
        -104.62010501236408,
        38.359621050781044,
        1485.122924805
      ],
      [
        -104.62010911023263,
        38.35971092539329,
        1485.107910156
      ],
      [
        -104.62011320810117,
        38.35980080000553,
        1485.10559082
      ],
      [
        -104.62011703201702,
        38.359890681842145,
        1485.09375
      ],
      [
        -104.62012064305257,
        38.3599805692926,
        1485.078735352
      ],
      [
        -104.62012425408811,
        38.36007045674307,
        1485.078735352
      ],
      [
        -104.62012786512365,
        38.360160344193524,
        1485.077392578
      ],
      [
        -104.62013147615919,
        38.36025023164399,
        1485.073730469
      ],
      [
        -104.62013508719474,
        38.360340119094445,
        1485.069946289
      ],
      [
        -104.62013869823028,
        38.3604300065449,
        1485.057373047
      ],
      [
        -104.62014017980518,
        38.36051992123787,
        1485.052612305
      ],
      [
        -104.62014031024641,
        38.360609853216076,
        1485.044677734
      ],
      [
        -104.62014044068763,
        38.360699785194285,
        1485.034667969
      ],
      [
        -104.62014057112886,
        38.360789717172494,
        1485.025878906
      ],
      [
        -104.62014070157008,
        38.360879649150704,
        1485.009643555
      ],
      [
        -104.62014083201132,
        38.36096958112891,
        1484.985961914
      ],
      [
        -104.62014096245254,
        38.36105951310712,
        1484.9609375
      ],
      [
        -104.62014103456916,
        38.361149445121015,
        1484.928466797
      ],
      [
        -104.6201410831111,
        38.36123937714933,
        1484.859619141
      ],
      [
        -104.62014113165303,
        38.36132930917765,
        1484.758178711
      ],
      [
        -104.62014118019496,
        38.361419241205965,
        1484.524780273
      ],
      [
        -104.6201412287369,
        38.36150917323428,
        1484.017211914
      ],
      [
        -104.62014127727883,
        38.361599105262606,
        1482.378540039
      ],
      [
        -104.62013943976807,
        38.36168901505257,
        1480.306030273
      ],
      [
        -104.62013594261285,
        38.361778905273745,
        1480.789794922
      ],
      [
        -104.62013244545764,
        38.36186879549492,
        1482.389770508
      ],
      [
        -104.62012894830244,
        38.3619586857161,
        1484.224853516
      ],
      [
        -104.62012545114722,
        38.36204857593727,
        1484.917114258
      ],
      [
        -104.62012195399201,
        38.36213846615845,
        1485.058349609
      ],
      [
        -104.6201184568368,
        38.362228356379624,
        1485.08581543
      ],
      [
        -104.6201149596816,
        38.3623182466008,
        1485.108276367
      ],
      [
        -104.62011146252638,
        38.362408136821976,
        1485.135742188
      ],
      [
        -104.62010796537118,
        38.36249802704316,
        1485.153320312
      ],
      [
        -104.62010275724532,
        38.36258786350427,
        1485.160766602
      ],
      [
        -104.62009706975228,
        38.36267768490328,
        1485.083251953
      ],
      [
        -104.62009138225925,
        38.36276750630229,
        1485.162353516
      ],
      [
        -104.6200856947662,
        38.362857327701306,
        1485.336914062
      ],
      [
        -104.62008000727317,
        38.362947149100314,
        1485.54309082
      ],
      [
        -104.62007431978014,
        38.36303697049933,
        1485.758178711
      ],
      [
        -104.6200686322871,
        38.363126791898345,
        1485.936767578
      ],
      [
        -104.62006294479407,
        38.363216613297354,
        1486.098144531
      ],
      [
        -104.62005725730103,
        38.36330643469637,
        1486.26184082
      ],
      [
        -104.62005147919379,
        38.363396251334926,
        1486.351806641
      ],
      [
        -104.62004183318064,
        38.36348586477142,
        1486.486938477
      ],
      [
        -104.6200321871675,
        38.36357547820791,
        1486.597412109
      ],
      [
        -104.62002254115434,
        38.36366509164441,
        1486.681152344
      ],
      [
        -104.62001289514119,
        38.36375470508091,
        1486.728637695
      ],
      [
        -104.62000324912803,
        38.3638443185174,
        1486.733642578
      ],
      [
        -104.61999360311489,
        38.363933931953895,
        1486.817382812
      ],
      [
        -104.61998395710174,
        38.36402354539039,
        1486.882446289
      ],
      [
        -104.61997431108858,
        38.36411315882689,
        1486.942382812
      ],
      [
        -104.61996466507543,
        38.36420277226338,
        1487.013671875
      ],
      [
        -104.61995501906229,
        38.364292385699876,
        1487.044433594
      ],
      [
        -104.61994537304913,
        38.36438199913637,
        1487.141357422
      ],
      [
        -104.61993572703598,
        38.36447161257287,
        1487.255126953
      ],
      [
        -104.61992608102283,
        38.364561226009364,
        1487.37878418
      ],
      [
        -104.61991643500969,
        38.36465083944586,
        1487.491333008
      ],
      [
        -104.61990383897911,
        38.364740221820455,
        1487.682617188
      ],
      [
        -104.61989068465694,
        38.36482956046652,
        1487.840087891
      ],
      [
        -104.61987753033475,
        38.36491889911259,
        1487.908813477
      ],
      [
        -104.61986437601256,
        38.36500823775865,
        1487.879882812
      ],
      [
        -104.61985122169037,
        38.36509757640472,
        1487.916748047
      ],
      [
        -104.61983806736818,
        38.365186915050785,
        1488.001708984
      ],
      [
        -104.61982491304599,
        38.365276253696855,
        1488.049194336
      ],
      [
        -104.61981097400171,
        38.36536551638787,
        1488.052612305
      ],
      [
        -104.61979602173652,
        38.36545468100691,
        1488.122680664
      ],
      [
        -104.61978106947134,
        38.36554384562595,
        1488.217651367
      ],
      [
        -104.61976611720615,
        38.36563301024499,
        1488.259277344
      ],
      [
        -104.61975116494098,
        38.36572217486404,
        1488.286254883
      ],
      [
        -104.61973621267579,
        38.36581133948308,
        1488.277099609
      ],
      [
        -104.61972126041061,
        38.36590050410212,
        1488.287109375
      ],
      [
        -104.61970494518965,
        38.365989515520674,
        1488.287109375
      ],
      [
        -104.61968734346252,
        38.36607838233191,
        1488.282104492
      ],
      [
        -104.61966974173536,
        38.366167249143146,
        1488.277099609
      ],
      [
        -104.61965214000821,
        38.36625611595438,
        1488.277099609
      ],
      [
        -104.61963453828106,
        38.36634498276562,
        1488.287109375
      ],
      [
        -104.61961693655391,
        38.36643384957685,
        1488.287109375
      ],
      [
        -104.61959933482676,
        38.36652271638809,
        1488.288818359
      ],
      [
        -104.61958173309962,
        38.36661158319932,
        1488.286865234
      ],
      [
        -104.61956413137247,
        38.36670045001056,
        1488.280517578
      ],
      [
        -104.61954652964532,
        38.366789316821794,
        1488.285522461
      ],
      [
        -104.61952892791817,
        38.366878183633034,
        1488.284301758
      ],
      [
        -104.61950957967848,
        38.36696681845273,
        1488.273071289
      ],
      [
        -104.61948886449865,
        38.367055271699996,
        1488.279296875
      ],
      [
        -104.6194681493188,
        38.367143724947255,
        1488.268066406
      ],
      [
        -104.61944738648909,
        38.3672321711909,
        1488.27355957
      ],
      [
        -104.61942582465967,
        38.36732049999692,
        1488.268798828
      ],
      [
        -104.61940426283027,
        38.367408828802944,
        1488.28503418
      ],
      [
        -104.61938270100086,
        38.367497157608966,
        1488.28125
      ],
      [
        -104.61936113917145,
        38.36758548641498,
        1488.288818359
      ],
      [
        -104.61933957734203,
        38.367673815221,
        1488.280029297
      ],
      [
        -104.61931801551263,
        38.367762144027026,
        1488.262573242
      ],
      [
        -104.61929645368322,
        38.36785047283305,
        1488.28125
      ],
      [
        -104.6192748918538,
        38.36793880163907,
        1488.266601562
      ],
      [
        -104.6192533300244,
        38.36802713044509,
        1488.281494141
      ],
      [
        -104.61923171753453,
        38.36811545104536,
        1488.261474609
      ],
      [
        -104.61920686361405,
        38.36820324661341,
        1488.267822266
      ],
      [
        -104.61918200969357,
        38.36829104218146,
        1488.260375977
      ],
      [
        -104.6191571557731,
        38.36837883774951,
        1488.286499023
      ],
      [
        -104.61913230185262,
        38.36846663331756,
        1488.275268555
      ],
      [
        -104.61910744793214,
        38.36855442888561,
        1488.278320312
      ],
      [
        -104.61908259401167,
        38.36864222445366,
        1488.281982422
      ],
      [
        -104.6190577400912,
        38.368730020021715,
        1488.273071289
      ],
      [
        -104.61903288617071,
        38.368817815589765,
        1488.290893555
      ],
      [
        -104.61900803225024,
        38.368905611157814,
        1488.270996094
      ],
      [
        -104.61898317832976,
        38.36899340672586,
        1488.2734375
      ],
      [
        -104.61895832440928,
        38.36908120229391,
        1488.250854492
      ],
      [
        -104.61893347048881,
        38.36916899786196,
        1488.285888672
      ],
      [
        -104.61890861656833,
        38.36925679343001,
        1488.277099609
      ],
      [
        -104.61888376264785,
        38.36934458899806,
        1488.285888672
      ],
      [
        -104.61885890872738,
        38.36943238456612,
        1488.265014648
      ],
      [
        -104.6188340548069,
        38.36952018013417,
        1488.278564453
      ],
      [
        -104.61880920088642,
        38.369607975702216,
        1488.258666992
      ],
      [
        -104.61878434696595,
        38.369695771270266,
        1488.393676758
      ],
      [
        -104.61875949304547,
        38.369783566838315,
        1488.903564453
      ],
      [
        -104.618734639125,
        38.369871362406364,
        1489.258666992
      ],
      [
        -104.61870978520452,
        38.369959157974414,
        1489.188598633
      ],
      [
        -104.61868493128404,
        38.37004695354246,
        1489.206054688
      ],
      [
        -104.61866007736356,
        38.37013474911051,
        1489.092407227
      ],
      [
        -104.61863522344309,
        38.37022254467857,
        1489.116455078
      ],
      [
        -104.61861036952261,
        38.37031034024662,
        1489.022827148
      ],
      [
        -104.61858551560213,
        38.37039813581467,
        1489.07409668
      ],
      [
        -104.61856098082644,
        38.37048598652498,
        1489.0078125
      ],
      [
        -104.61853652473285,
        38.3705738508301,
        1489.082763672
      ],
      [
        -104.61851206863926,
        38.37066171513521,
        1489.032836914
      ],
      [
        -104.61848761254568,
        38.37074957944033,
        1489.127807617
      ],
      [
        -104.61846315645208,
        38.370837443745444,
        1489.052734375
      ],
      [
        -104.6184387003585,
        38.37092530805056,
        1489.172241211
      ],
      [
        -104.61841424426491,
        38.371013172355674,
        1489.165771484
      ],
      [
        -104.61838978817131,
        38.37110103666078,
        1489.305786133
      ],
      [
        -104.61836533207773,
        38.3711889009659,
        1489.310791016
      ],
      [
        -104.61834061880144,
        38.37127672059454,
        1489.310791016
      ],
      [
        -104.61831541607057,
        38.37136445519761,
        1489.450805664
      ],
      [
        -104.61829021333972,
        38.37145218980067,
        1489.443359375
      ],
      [
        -104.61826501060885,
        38.37153992440374,
        1489.563354492
      ],
      [
        -104.618239807878,
        38.37162765900681,
        1489.560302734
      ],
      [
        -104.61821460514714,
        38.371715393609875,
        1489.609375
      ],
      [
        -104.61818940241628,
        38.371803128212946,
        1489.586425781
      ],
      [
        -104.61816419968542,
        38.37189086281601,
        1489.688964844
      ],
      [
        -104.61813899695456,
        38.37197859741908,
        1489.640258789
      ],
      [
        -104.6181137942237,
        38.37206633202215,
        1489.703979492
      ],
      [
        -104.61808859149284,
        38.372154066625214,
        1489.637695312
      ],
      [
        -104.61806338876198,
        38.372241801228284,
        1489.567626953
      ],
      [
        -104.61803818603113,
        38.372329535831355,
        1489.585205078
      ],
      [
        -104.61801298330026,
        38.37241727043442,
        1489.495605469
      ],
      [
        -104.61798778056941,
        38.37250500503749,
        1489.502807617
      ],
      [
        -104.61796257783854,
        38.37259273964055,
        1489.4140625
      ],
      [
        -104.61793737510769,
        38.37268047424362,
        1489.399047852
      ],
      [
        -104.61791217237682,
        38.37276820884669,
        1489.276489258
      ],
      [
        -104.61788696964597,
        38.37285594344976,
        1489.2890625
      ],
      [
        -104.6178617669151,
        38.37294367805283,
        1489.187744141
      ],
      [
        -104.61783656418424,
        38.37303141265589,
        1489.215332031
      ],
      [
        -104.61781136145339,
        38.37311914725896,
        1489.166381836
      ],
      [
        -104.61778680827194,
        38.373206994600196,
        1489.116088867
      ],
      [
        -104.61776245633797,
        38.37329487687068,
        1489.147460938
      ],
      [
        -104.61773810440401,
        38.373382759141165,
        1489.067382812
      ],
      [
        -104.61771375247004,
        38.37347064141165,
        1489.068725586
      ],
      [
        -104.61768940053607,
        38.373558523682135,
        1488.967529297
      ],
      [
        -104.6176650486021,
        38.37364640595261,
        1488.967529297
      ],
      [
        -104.61764069666813,
        38.3737342882231,
        1488.863647461
      ],
      [
        -104.61761634473417,
        38.37382217049358,
        1488.877319336
      ],
      [
        -104.6175919928002,
        38.37391005276407,
        1488.797851562
      ],
      [
        -104.61756764086623,
        38.37399793503455,
        1488.858886719
      ],
      [
        -104.61754328893227,
        38.37408581730504,
        1488.814331055
      ],
      [
        -104.6175189369983,
        38.374173699575515,
        1488.829223633
      ],
      [
        -104.61749458506434,
        38.374261581846,
        1488.69934082
      ],
      [
        -104.61747023313036,
        38.374349464116484,
        1488.66809082
      ],
      [
        -104.61744588119639,
        38.37443734638697,
        1488.55065918
      ],
      [
        -104.61742152926243,
        38.374525228657454,
        1488.593139648
      ],
      [
        -104.61739717732846,
        38.37461311092794,
        1488.666870117
      ],
      [
        -104.6173728253945,
        38.374700993198424,
        1488.991088867
      ],
      [
        -104.61734847346052,
        38.3747888754689,
        1488.064819336
      ],
      [
        -104.61732412152655,
        38.374876757739386,
        1486.337280273
      ],
      [
        -104.61729976959259,
        38.37496464000987,
        1486.52722168
      ],
      [
        -104.61727507645031,
        38.37505246378018,
        1486.83605957
      ],
      [
        -104.61725036763289,
        38.37514028486299,
        1487.699707031
      ],
      [
        -104.61724799999942,
        38.375148700002086,
        1487.833496094
      ],
      [
        -104.61722571164441,
        38.375228115101145,
        1487.533569336
      ],
      [
        -104.61720106125455,
        38.375315946309556,
        1487.472290039
      ],
      [
        -104.61717641086467,
        38.37540377751797,
        1487.60534668
      ],
      [
        -104.61715176047481,
        38.37549160872638,
        1487.804199219
      ],
      [
        -104.61712711008494,
        38.37557943993478,
        1488.002929688
      ],
      [
        -104.61710245969508,
        38.37566727114319,
        1488.235473633
      ],
      [
        -104.6170778093052,
        38.375755102351604,
        1488.461669922
      ],
      [
        -104.61705315891533,
        38.375842933560016,
        1488.705444336
      ],
      [
        -104.61702850852546,
        38.37593076476843,
        1488.791748047
      ],
      [
        -104.61700385813559,
        38.37601859597684,
        1489.01550293
      ],
      [
        -104.61697920774573,
        38.37610642718524,
        1489.198608398
      ],
      [
        -104.61696579999933,
        38.37615420000236,
        1489.305053711
      ],
      [
        -104.61695437046228,
        38.376194225947266,
        1489.408203125
      ],
      [
        -104.61692931029341,
        38.376281986014384,
        1489.579345703
      ],
      [
        -104.61690425012456,
        38.3763697460815,
        1489.736328125
      ],
      [
        -104.6168791899557,
        38.376457506148625,
        1489.922607422
      ],
      [
        -104.61685412978683,
        38.37654526621574,
        1490.015380859
      ],
      [
        -104.61682906961796,
        38.37663302628286,
        1490.170288086
      ],
      [
        -104.6168040094491,
        38.376720786349985,
        1490.221069336
      ],
      [
        -104.61677894928023,
        38.3768085464171,
        1490.28112793
      ],
      [
        -104.61675388911137,
        38.37689630648422,
        1490.303833008
      ],
      [
        -104.61672882894251,
        38.376984066551344,
        1490.361328125
      ],
      [
        -104.61670376877365,
        38.37707182661846,
        1490.328857422
      ],
      [
        -104.61667870860478,
        38.37715958668558,
        1490.37512207
      ],
      [
        -104.61665364843591,
        38.3772473467527,
        1490.307617188
      ],
      [
        -104.61662858826705,
        38.37733510681982,
        1490.245117188
      ],
      [
        -104.61660352809818,
        38.37742286688694,
        1490.28137207
      ],
      [
        -104.61657846792933,
        38.37751062695406,
        1490.226318359
      ],
      [
        -104.61655340776046,
        38.37759838702118,
        1490.239746094
      ],
      [
        -104.6165283475916,
        38.3776861470883,
        1490.205078125
      ],
      [
        -104.61650328742273,
        38.37777390715542,
        1490.251342773
      ],
      [
        -104.61647822725386,
        38.37786166722254,
        1490.258911133
      ],
      [
        -104.616453167085,
        38.37794942728966,
        1490.346435547
      ],
      [
        -104.61642810691613,
        38.37803718735678,
        1490.462646484
      ],
      [
        -104.61640304674728,
        38.3781249474239,
        1490.720092773
      ],
      [
        -104.61637798657841,
        38.378212707491016,
        1491.107666016
      ],
      [
        -104.61635292640955,
        38.378300467558134,
        1491.337158203
      ],
      [
        -104.61632786624068,
        38.37838822762526,
        1491.375610352
      ],
      [
        -104.61630280607181,
        38.378475987692376,
        1491.305541992
      ],
      [
        -104.61627774590295,
        38.37856374775949,
        1491.346801758
      ],
      [
        -104.6162526857341,
        38.37865150782662,
        1491.320556641
      ],
      [
        -104.61622762556523,
        38.378739267893735,
        1491.370605469
      ],
      [
        -104.61620256539636,
        38.37882702796085,
        1491.335571289
      ],
      [
        -104.6161775052275,
        38.37891478802798,
        1491.365600586
      ],
      [
        -104.61615244505863,
        38.379002548095094,
        1491.348144531
      ],
      [
        -104.61612738488977,
        38.37909030816221,
        1491.377441406
      ],
      [
        -104.6161023247209,
        38.379178068229336,
        1491.372314453
      ],
      [
        -104.61607726455205,
        38.379265828296454,
        1491.388671875
      ],
      [
        -104.61605220438318,
        38.37935358836357,
        1491.355224609
      ],
      [
        -104.61602714421431,
        38.379441348430696,
        1491.348999023
      ],
      [
        -104.61600208404545,
        38.37952910849781,
        1491.44519043
      ],
      [
        -104.61597702387658,
        38.37961686856493,
        1491.397705078
      ],
      [
        -104.61595196370772,
        38.379704628632055,
        1491.462646484
      ],
      [
        -104.61592690353886,
        38.37979238869917,
        1491.410644531
      ],
      [
        -104.61590184337,
        38.37988014876629,
        1491.508666992
      ],
      [
        -104.61587678320113,
        38.379967908833414,
        1491.574829102
      ],
      [
        -104.61585172303226,
        38.38005566890053,
        1491.794799805
      ],
      [
        -104.6158266628634,
        38.38014342896765,
        1491.794799805
      ],
      [
        -104.61580160269453,
        38.380231189034774,
        1492.029785156
      ],
      [
        -104.61577654252567,
        38.38031894910189,
        1492.136108398
      ],
      [
        -104.6157520023356,
        38.38040679954416,
        1492.30859375
      ],
      [
        -104.61572748471607,
        38.380494653909324,
        1492.368652344
      ],
      [
        -104.61570296709654,
        38.38058250827448,
        1492.421508789
      ],
      [
        -104.61567844947702,
        38.380670362639634,
        1492.524047852
      ],
      [
        -104.61565393185748,
        38.38075821700479,
        1492.509033203
      ],
      [
        -104.61562941423794,
        38.380846071369945,
        1492.635375977
      ],
      [
        -104.61560489661842,
        38.3809339257351,
        1492.640380859
      ],
      [
        -104.61558037899889,
        38.38102178010026,
        1492.764160156
      ],
      [
        -104.61555586137936,
        38.38110963446542,
        1492.965332031
      ],
      [
        -104.61553134375983,
        38.38119748883057,
        1493.616577148
      ],
      [
        -104.6155068261403,
        38.38128534319573,
        1494.287109375
      ],
      [
        -104.61548230852077,
        38.38137319756088,
        1494.534912109
      ],
      [
        -104.61545779090125,
        38.38146105192604,
        1494.559936523
      ],
      [
        -104.61543327328171,
        38.3815489062912,
        1494.547363281
      ],
      [
        -104.61540875566219,
        38.381636760656356,
        1494.544677734
      ],
      [
        -104.61538423804265,
        38.38172461502151,
        1494.549682617
      ],
      [
        -104.61535972042313,
        38.38181246938667,
        1494.558105469
      ],
      [
        -104.61533520280359,
        38.38190032375182,
        1494.538085938
      ],
      [
        -104.61531068518406,
        38.381988178116984,
        1494.494140625
      ],
      [
        -104.61528609734431,
        38.38207602049922,
        1494.469604492
      ],
      [
        -104.6152615049766,
        38.38216386210877,
        1494.487182617
      ],
      [
        -104.61523691260888,
        38.382251703718325,
        1494.514770508
      ],
      [
        -104.61521232024117,
        38.38233954532787,
        1494.502197266
      ],
      [
        -104.61518772787346,
        38.38242738693743,
        1494.52722168
      ],
      [
        -104.61516313550574,
        38.38251522854698,
        1494.5234375
      ],
      [
        -104.61513854313803,
        38.382603070156534,
        1494.529785156
      ],
      [
        -104.61511395077032,
        38.38269091176609,
        1494.517211914
      ],
      [
        -104.6150893584026,
        38.38277875337564,
        1494.559204102
      ],
      [
        -104.61506476603489,
        38.382866594985195,
        1494.637451172
      ],
      [
        -104.61504017366718,
        38.382954436594744,
        1494.796264648
      ],
      [
        -104.61501558129946,
        38.3830422782043,
        1494.881225586
      ],
      [
        -104.61499098893175,
        38.38313011981385,
        1494.896240234
      ],
      [
        -104.61496646235963,
        38.38321797275096,
        1494.949951172
      ],
      [
        -104.61494199254102,
        38.38330583545893,
        1494.954956055
      ],
      [
        -104.61491752272242,
        38.38339369816689,
        1495.041259766
      ],
      [
        -104.61489305290381,
        38.383481560874856,
        1495.075561523
      ],
      [
        -104.61486858308521,
        38.38356942358282,
        1495.051513672
      ],
      [
        -104.6148441132666,
        38.38365728629078,
        1495.155761719
      ],
      [
        -104.614819643448,
        38.38374514899874,
        1495.187011719
      ],
      [
        -104.61479517362939,
        38.383833011706706,
        1495.32824707
      ],
      [
        -104.61477070381079,
        38.38392087441467,
        1495.392089844
      ],
      [
        -104.61474623399218,
        38.384008737122635,
        1495.51574707
      ],
      [
        -104.61472176417357,
        38.3840965998306,
        1495.592041016
      ],
      [
        -104.61469729435497,
        38.38418446253856,
        1495.746948242
      ],
      [
        -104.61467282453636,
        38.38427232524653,
        1495.886108398
      ],
      [
        -104.61464835471776,
        38.38436018795449,
        1496.102172852
      ],
      [
        -104.61462388489915,
        38.384448050662456,
        1496.18371582
      ],
      [
        -104.61459874820247,
        38.384535797371555,
        1496.469848633
      ],
      [
        -104.61457348564889,
        38.384623522188704,
        1496.78503418
      ],
      [
        -104.61454822309531,
        38.38471124700586,
        1497.141235352
      ],
      [
        -104.61452296054173,
        38.38479897182302,
        1497.400024414
      ],
      [
        -104.61449769798816,
        38.38488669664017,
        1497.491210938
      ],
      [
        -104.61447243543458,
        38.38497442145733,
        1497.495239258
      ],
      [
        -104.614447172881,
        38.385062146274485,
        1497.489501953
      ],
      [
        -104.61442191032742,
        38.38514987109164,
        1497.499511719
      ],
      [
        -104.61439664777384,
        38.38523759590879,
        1497.489501953
      ],
      [
        -104.61437138522027,
        38.38532532072595,
        1497.490722656
      ],
      [
        -104.61434612266669,
        38.3854130455431,
        1497.478271484
      ],
      [
        -104.61432117404699,
        38.38550082381032,
        1497.49206543
      ],
      [
        -104.61429773890771,
        38.38558885976116,
        1497.493286133
      ],
      [
        -104.61427430376843,
        38.385676895711995,
        1497.484619141
      ],
      [
        -104.61425086862916,
        38.385764931662834,
        1497.501220703
      ],
      [
        -104.61422715009034,
        38.38585292022503,
        1497.568115234
      ],
      [
        -104.61420270352984,
        38.3859407870511,
        1497.681884766
      ],
      [
        -104.61417825696935,
        38.38602865387717,
        1497.780639648
      ],
      [
        -104.61415381040887,
        38.38611652070323,
        1497.718139648
      ],
      [
        -104.61412936384836,
        38.386204387529304,
        1497.67565918
      ],
      [
        -104.61410491728788,
        38.386292254355375,
        1497.76940918
      ],
      [
        -104.61408047072737,
        38.38638012118144,
        1497.783081055
      ],
      [
        -104.61405602416689,
        38.38646798800751,
        1497.988769531
      ],
      [
        -104.6140315776064,
        38.38655585483358,
        1498.064331055
      ],
      [
        -104.6140071310459,
        38.386643721659645,
        1498.275512695
      ],
      [
        -104.61398707631263,
        38.38673226188213,
        1498.339355469
      ],
      [
        -104.61396748449197,
        38.38682087308274,
        1498.490600586
      ],
      [
        -104.61394789267132,
        38.38690948428335,
        1498.55065918
      ],
      [
        -104.61392830085066,
        38.38699809548396,
        1498.447021484
      ],
      [
        -104.61390870903001,
        38.38708670668457,
        1498.439575195
      ],
      [
        -104.61388911720935,
        38.38717531788519,
        1498.377441406
      ],
      [
        -104.6138695253887,
        38.3872639290858,
        1498.382446289
      ],
      [
        -104.61384993356805,
        38.38735254028641,
        1498.393798828
      ],
      [
        -104.61383034174739,
        38.38744115148702,
        1498.513793945
      ],
      [
        -104.61381074992674,
        38.38752976268763,
        1498.641357422
      ],
      [
        -104.61379115810608,
        38.387618373888245,
        1498.807495117
      ],
      [
        -104.61377156628542,
        38.387706985088855,
        1499.028808594
      ],
      [
        -104.61375197446478,
        38.387795596289465,
        1499.421386719
      ],
      [
        -104.61373238264412,
        38.387884207490075,
        1499.811401367
      ],
      [
        -104.61371279082347,
        38.387972818690685,
        1500.191772461
      ],
      [
        -104.61369319900281,
        38.3880614298913,
        1500.342773438
      ],
      [
        -104.61367360718215,
        38.38815004109191,
        1500.542724609
      ],
      [
        -104.6136540153615,
        38.38823865229252,
        1500.591552734
      ],
      [
        -104.61363442354084,
        38.38832726349313,
        1500.626586914
      ],
      [
        -104.61361483034001,
        38.38841587454803,
        1500.690307617
      ],
      [
        -104.61359523683652,
        38.38850448557097,
        1500.742797852
      ],
      [
        -104.61357564333302,
        38.38859309659391,
        1500.790283203
      ],
      [
        -104.61355604982953,
        38.38868170761685,
        1500.786499023
      ],
      [
        -104.61353645632603,
        38.38877031863979,
        1500.845336914
      ],
      [
        -104.61351686282254,
        38.38885892966273,
        1500.795288086
      ],
      [
        -104.61349726931904,
        38.38894754068567,
        1500.799072266
      ],
      [
        -104.61347767581555,
        38.38903615170861,
        1500.770385742
      ],
      [
        -104.61345808231205,
        38.389124762731555,
        1500.797851562
      ],
      [
        -104.61343848880855,
        38.389213373754494,
        1500.879150391
      ],
      [
        -104.61341889530506,
        38.38930198477743,
        1500.861694336
      ],
      [
        -104.61339930180156,
        38.38939059580038,
        1500.930297852
      ],
      [
        -104.61337919487474,
        38.38947913569441,
        1500.893432617
      ],
      [
        -104.61335883296375,
        38.389567640263316,
        1500.957397461
      ],
      [
        -104.61333847105277,
        38.38965614483222,
        1500.901123047
      ],
      [
        -104.61331810914179,
        38.38974464940113,
        1500.973754883
      ],
      [
        -104.6132977472308,
        38.38983315397004,
        1501.022460938
      ],
      [
        -104.61327738531982,
        38.389921658538945,
        1500.952514648
      ],
      [
        -104.61325702340883,
        38.39001016310785,
        1501.008789062
      ],
      [
        -104.61323666149785,
        38.39009866767676,
        1500.90246582
      ],
      [
        -104.61321629958685,
        38.39018717224567,
        1500.986083984
      ],
      [
        -104.61319593767587,
        38.390275676814575,
        1500.920166016
      ],
      [
        -104.61317557576488,
        38.39036418138348,
        1500.998901367
      ],
      [
        -104.6131552138539,
        38.39045268595239,
        1501.048828125
      ],
      [
        -104.61313535006755,
        38.39054125934147,
        1501.293823242
      ],
      [
        -104.61311588989179,
        38.3906298884928,
        1501.522583008
      ],
      [
        -104.61309642971604,
        38.39071851764414,
        1501.668212891
      ],
      [
        -104.61307696954029,
        38.390807146795474,
        1501.850585938
      ],
      [
        -104.61305750936452,
        38.39089577594681,
        1501.929321289
      ],
      [
        -104.61303804918877,
        38.390984405098145,
        1502.050537109
      ],
      [
        -104.61301858901302,
        38.39107303424948,
        1502.10559082
      ],
      [
        -104.61299912883726,
        38.39116166340081,
        1502.16809082
      ],
      [
        -104.61297966866151,
        38.391250292552144,
        1502.319335938
      ],
      [
        -104.61296020848576,
        38.39133892170348,
        1502.44934082
      ],
      [
        -104.61294074831,
        38.391427550854814,
        1502.66809082
      ],
      [
        -104.61292128813425,
        38.39151618000615,
        1502.871826172
      ],
      [
        -104.6129018279585,
        38.391604809157485,
        1503.174316406
      ],
      [
        -104.61288230999737,
        38.39169343049792,
        1503.428833008
      ],
      [
        -104.61286269433495,
        38.391782038631966,
        1503.602050781
      ],
      [
        -104.61284307867253,
        38.391870646766016,
        1503.723388672
      ],
      [
        -104.61282346301012,
        38.391959254900065,
        1503.847045898
      ],
      [
        -104.61280384734769,
        38.392047863034115,
        1503.918334961
      ],
      [
        -104.61278423168527,
        38.392136471168165,
        1503.902099609
      ],
      [
        -104.61276461602284,
        38.392225079302214,
        1503.922119141
      ],
      [
        -104.61274500036043,
        38.392313687436264,
        1503.958374023
      ],
      [
        -104.61272538469801,
        38.392402295570314,
        1503.92175293
      ],
      [
        -104.61270576903559,
        38.39249090370436,
        1503.96081543
      ],
      [
        -104.61268615337316,
        38.39257951183841,
        1503.930908203
      ],
      [
        -104.61266653771075,
        38.39266811997246,
        1503.970825195
      ],
      [
        -104.61264692204833,
        38.392756728106505,
        1503.940795898
      ],
      [
        -104.61262699146133,
        38.39284529299432,
        1503.980834961
      ],
      [
        -104.61260697449912,
        38.39293384602088,
        1504.020874023
      ],
      [
        -104.6125869575369,
        38.39302239904744,
        1503.990966797
      ],
      [
        -104.61256694057468,
        38.39311095207399,
        1504.032470703
      ],
      [
        -104.61254692361247,
        38.39319950510055,
        1503.985839844
      ],
      [
        -104.61252690665026,
        38.393288058127105,
        1504.038696289
      ],
      [
        -104.61250688968804,
        38.393376611153656,
        1504.002441406
      ],
      [
        -104.61248687272582,
        38.39346516418021,
        1504.042480469
      ],
      [
        -104.61246685576361,
        38.39355371720677,
        1504.09375
      ],
      [
        -104.61244683880139,
        38.39364227023333,
        1504.075561523
      ],
      [
        -104.61242682183918,
        38.39373082325988,
        1504.123046875
      ],
      [
        -104.61240680487697,
        38.39381937628644,
        1504.087890625
      ],
      [
        -104.61238748690272,
        38.39390802439371,
        1504.130615234
      ],
      [
        -104.61236827349822,
        38.39399668672522,
        1504.087768555
      ],
      [
        -104.61234906009373,
        38.39408534905672,
        1504.157836914
      ],
      [
        -104.61232984668925,
        38.39417401138824,
        1504.207763672
      ],
      [
        -104.61231063328476,
        38.394262673719744,
        1504.137817383
      ],
      [
        -104.61229141988028,
        38.39435133605125,
        1504.177856445
      ],
      [
        -104.6122722064758,
        38.39443999838276,
        1504.13659668
      ],
      [
        -104.61225299307131,
        38.394528660714265,
        1504.189086914
      ],
      [
        -104.61223374875672,
        38.39461731890449,
        1504.23828125
      ],
      [
        -104.61221424139666,
        38.394705941852294,
        1504.215820312
      ],
      [
        -104.61219473403659,
        38.3947945648001,
        1504.259643555
      ],
      [
        -104.61217522667651,
        38.3948831877479,
        1504.209594727
      ],
      [
        -104.61215571931645,
        38.39497181069571,
        1504.249511719
      ],
      [
        -104.61213621195638,
        38.395060433643515,
        1504.198242188
      ],
      [
        -104.61211670459632,
        38.395149056591315,
        1504.235839844
      ],
      [
        -104.61209719723625,
        38.39523767953912,
        1504.258300781
      ],
      [
        -104.61207768987617,
        38.39532630248693,
        1504.229614258
      ],
      [
        -104.61205818251611,
        38.395414925434736,
        1504.280029297
      ],
      [
        -104.61203867515604,
        38.395503548382536,
        1504.23059082
      ],
      [
        -104.61201916779598,
        38.39559217133034,
        1504.251831055
      ],
      [
        -104.61199966043591,
        38.39568079427815,
        1504.201782227
      ],
      [
        -104.61198015307583,
        38.39576941722595,
        1504.241821289
      ],
      [
        -104.61196064571577,
        38.395858040173756,
        1504.296875
      ],
      [
        -104.6119411383557,
        38.39594666312156,
        1504.231811523
      ],
      [
        -104.61192163099564,
        38.39603528606936,
        1504.228149414
      ],
      [
        -104.61190212363557,
        38.39612390901717,
        1504.185668945
      ],
      [
        -104.6118826162755,
        38.39621253196498,
        1504.225219727
      ],
      [
        -104.61186310891543,
        38.396301154912784,
        1504.246459961
      ],
      [
        -104.61184360155536,
        38.396389777860584,
        1504.22644043
      ],
      [
        -104.6118240941953,
        38.39647840080839,
        1504.255249023
      ],
      [
        -104.61180458683523,
        38.3965670237562,
        1504.234008789
      ],
      [
        -104.61178507947515,
        38.396655646704,
        1504.301391602
      ],
      [
        -104.61176557211509,
        38.396744269651805,
        1504.34387207
      ],
      [
        -104.611745857612,
        38.39683286406356,
        1504.440063477
      ],
      [
        -104.61172560680546,
        38.39692138459409,
        1504.528320312
      ],
      [
        -104.61170535599894,
        38.39700990512461,
        1504.495849609
      ],
      [
        -104.61168510519241,
        38.397098425655145,
        1504.568237305
      ],
      [
        -104.61166485438586,
        38.39718694618567,
        1504.558105469
      ],
      [
        -104.61164460357934,
        38.397275466716195,
        1504.651855469
      ],
      [
        -104.61162435277281,
        38.39736398724673,
        1504.564331055
      ],
      [
        -104.61160410196628,
        38.39745250777725,
        1504.695678711
      ],
      [
        -104.61158385115975,
        38.397541028307785,
        1504.681884766
      ],
      [
        -104.61156360035322,
        38.39762954883831,
        1504.767089844
      ],
      [
        -104.61154334954668,
        38.397718069368835,
        1504.85168457
      ],
      [
        -104.61152309874015,
        38.39780658989937,
        1504.860473633
      ],
      [
        -104.61150284793362,
        38.39789511042989,
        1504.98425293
      ],
      [
        -104.6114825971271,
        38.39798363096042,
        1505.019287109
      ],
      [
        -104.61146234632056,
        38.39807215149095,
        1505.211791992
      ],
      [
        -104.61144209551404,
        38.398160672021476,
        1505.425537109
      ],
      [
        -104.6114218447075,
        38.398249192552,
        1505.883056641
      ],
      [
        -104.61140159390096,
        38.39833771308253,
        1506.12109375
      ],
      [
        -104.61138134309444,
        38.39842623361306,
        1506.519165039
      ],
      [
        -104.6113615036096,
        38.39851481086502,
        1506.694213867
      ],
      [
        -104.6113420026961,
        38.398603434806105,
        1506.687866211
      ],
      [
        -104.61132250178262,
        38.39869205874719,
        1506.694213867
      ],
      [
        -104.61130300086913,
        38.398780682688276,
        1506.710449219
      ],
      [
        -104.61128349995563,
        38.398869306629365,
        1506.709228516
      ],
      [
        -104.61126399904215,
        38.39895793057045,
        1506.701660156
      ],
      [
        -104.61124449812866,
        38.399046554511536,
        1506.689208984
      ],
      [
        -104.61122499721516,
        38.399135178452624,
        1506.682861328
      ],
      [
        -104.61120549630168,
        38.39922380239371,
        1506.685424805
      ],
      [
        -104.61118599538818,
        38.399312426334795,
        1506.685424805
      ],
      [
        -104.61116649447469,
        38.399401050275884,
        1506.679199219
      ],
      [
        -104.6111469935612,
        38.39948967421697,
        1506.684204102
      ],
      [
        -104.61112749264771,
        38.399578298158055,
        1506.674194336
      ],
      [
        -104.61110789365736,
        38.39966690877061,
        1506.670410156
      ],
      [
        -104.61108813801282,
        38.39975549809405,
        1506.666625977
      ],
      [
        -104.61106838236827,
        38.39984408741749,
        1506.673339844
      ],
      [
        -104.61104862672373,
        38.39993267674093,
        1506.676025391
      ],
      [
        -104.61102887107918,
        38.40002126606437,
        1506.664794922
      ],
      [
        -104.61100911543464,
        38.40010985538781,
        1506.661010742
      ],
      [
        -104.6109893597901,
        38.40019844471124,
        1506.661010742
      ],
      [
        -104.61096960414555,
        38.40028703403468,
        1506.657836914
      ],
      [
        -104.61094984850101,
        38.40037562335812,
        1506.655273438
      ],
      [
        -104.61093009285646,
        38.40046421268156,
        1506.650146484
      ],
      [
        -104.61091033721192,
        38.400552802005,
        1506.65234375
      ],
      [
        -104.61089050789721,
        38.40064138118422,
        1506.655151367
      ],
      [
        -104.61087050211631,
        38.400729936064444,
        1506.634887695
      ],
      [
        -104.6108504963354,
        38.400818490944665,
        1506.628662109
      ],
      [
        -104.6108304905545,
        38.40090704582489,
        1506.667480469
      ],
      [
        -104.61081048477361,
        38.4009956007051,
        1506.744873047
      ],
      [
        -104.61079047899271,
        38.40108415558532,
        1506.753662109
      ],
      [
        -104.61077047321182,
        38.401172710465545,
        1506.851196289
      ],
      [
        -104.6107504674309,
        38.40126126534577,
        1506.858398438
      ],
      [
        -104.61073046165001,
        38.40134982022598,
        1506.926025391
      ],
      [
        -104.61071045586911,
        38.4014383751062,
        1506.973510742
      ],
      [
        -104.61069045008821,
        38.401526929986424,
        1506.927246094
      ],
      [
        -104.61067044430732,
        38.401615484866646,
        1507.026000977
      ],
      [
        -104.61065046794877,
        38.40170404380104,
        1507.111083984
      ],
      [
        -104.61063077837831,
        38.40179264225266,
        1507.302246094
      ],
      [
        -104.61061108880786,
        38.40188124070427,
        1507.281005859
      ],
      [
        -104.61059139923739,
        38.40196983915588,
        1507.237304688
      ],
      [
        -104.61057170966693,
        38.402058437607494,
        1507.172241211
      ],
      [
        -104.61055202009646,
        38.402147036059105,
        1507.003051758
      ],
      [
        -104.61053233052601,
        38.40223563451072,
        1506.970458984
      ],
      [
        -104.61051264095555,
        38.40232423296233,
        1506.864257812
      ],
      [
        -104.61049295138508,
        38.40241283141394,
        1506.880493164
      ],
      [
        -104.61047326181462,
        38.40250142986555,
        1506.920532227
      ],
      [
        -104.61045357224417,
        38.402590028317164,
        1506.851806641
      ],
      [
        -104.6104338826737,
        38.402678626768775,
        1506.895507812
      ],
      [
        -104.61041419310324,
        38.40276722522039,
        1506.827270508
      ],
      [
        -104.61039450353277,
        38.402855823672,
        1506.876220703
      ],
      [
        -104.61037481396232,
        38.40294442212361,
        1506.8125
      ],
      [
        -104.61035512439186,
        38.40303302057522,
        1506.863769531
      ],
      [
        -104.6103354348214,
        38.403121619026834,
        1506.877441406
      ],
      [
        -104.61031574525093,
        38.403210217478446,
        1506.802368164
      ],
      [
        -104.61029605568048,
        38.40329881593006,
        1506.842407227
      ],
      [
        -104.61027636611001,
        38.40338741438167,
        1506.779907227
      ],
      [
        -104.61025667653955,
        38.40347601283328,
        1506.774902344
      ],
      [
        -104.61023698696908,
        38.4035646112849,
        1506.719726562
      ],
      [
        -104.61021716970617,
        38.40365319219952,
        1506.818603516
      ],
      [
        -104.61019718091771,
        38.40374174955722,
        1506.924804688
      ],
      [
        -104.61017719212926,
        38.40383030691492,
        1506.950439453
      ],
      [
        -104.61015720334079,
        38.40391886427262,
        1507.019165039
      ],
      [
        -104.61013721455232,
        38.40400742163032,
        1507.052612305
      ],
      [
        -104.61011722576386,
        38.40409597898802,
        1506.885131836
      ],
      [
        -104.6100972369754,
        38.40418453634572,
        1506.978881836
      ],
      [
        -104.61007724818694,
        38.40427309370341,
        1507.005004883
      ],
      [
        -104.61005725939847,
        38.40436165106111,
        1506.895385742
      ],
      [
        -104.61003727061002,
        38.40445020841881,
        1507.057861328
      ],
      [
        -104.61001728182156,
        38.40453876577651,
        1506.961669922
      ],
      [
        -104.60999729303309,
        38.40462732313421,
        1506.937988281
      ],
      [
        -104.60997730424462,
        38.404715880491906,
        1506.892944336
      ],
      [
        -104.60995731545617,
        38.404804437849606,
        1506.847900391
      ],
      [
        -104.6099373266677,
        38.404892995207305,
        1506.837890625
      ],
      [
        -104.60991733787924,
        38.404981552565005,
        1506.834960938
      ],
      [
        -104.60989810731442,
        38.40507021238601,
        1506.891235352
      ],
      [
        -104.60987910582722,
        38.405158903163645,
        1506.858642578
      ],
      [
        -104.60986010434,
        38.40524759394128,
        1506.829833984
      ],
      [
        -104.6098411028528,
        38.40533628471892,
        1506.809814453
      ],
      [
        -104.6098221013656,
        38.40542497549656,
        1506.848632812
      ],
      [
        -104.60980309987838,
        38.405513666274196,
        1506.876220703
      ],
      [
        -104.60978409839117,
        38.40560235705183,
        1506.886108398
      ],
      [
        -104.60976509690397,
        38.40569104782947,
        1506.859863281
      ],
      [
        -104.60974609541675,
        38.40577973860711,
        1506.830932617
      ],
      [
        -104.60972709392955,
        38.405868429384746,
        1506.826293945
      ],
      [
        -104.60970809244235,
        38.405957120162384,
        1506.846313477
      ],
      [
        -104.60968909095514,
        38.40604581094002,
        1506.858764648
      ],
      [
        -104.60967008946793,
        38.40613450171766,
        1506.858764648
      ],
      [
        -104.60965108798072,
        38.40622319249529,
        1506.822509766
      ],
      [
        -104.60963208649352,
        38.40631188327293,
        1506.802612305
      ],
      [
        -104.60961191240197,
        38.40640039903003,
        1504.898803711
      ],
      [
        -104.60958797597404,
        38.40648835322844,
        1503.341918945
      ],
      [
        -104.6095640395461,
        38.40657630742685,
        1503.989135742
      ],
      [
        -104.6095537000002,
        38.40661429999926,
        1505.866699219
      ],
      [
        -104.60954249918937,
        38.40666462545249,
        1507.617919922
      ],
      [
        -104.60952278088926,
        38.40675322014513,
        1509.960449219
      ],
      [
        -104.60950306258916,
        38.40684181483777,
        1510.174194336
      ],
      [
        -104.60948334428905,
        38.4069304095304,
        1510.045288086
      ],
      [
        -104.60946362598894,
        38.407019004223045,
        1509.961547852
      ],
      [
        -104.60944390768883,
        38.40710759891568,
        1509.954956055
      ],
      [
        -104.60942418938872,
        38.407196193608314,
        1509.920898438
      ],
      [
        -104.60940447108861,
        38.407284788300956,
        1509.864990234
      ],
      [
        -104.6093847527885,
        38.40737338299359,
        1509.849975586
      ],
      [
        -104.60936503448839,
        38.407461977686225,
        1509.819946289
      ],
      [
        -104.6093459999992,
        38.40754750000352,
        1509.869995117
      ],
      [
        -104.60934530546466,
        38.40755057090285,
        1509.869995117
      ],
      [
        -104.60932527793933,
        38.40763912303335,
        1509.844970703
      ],
      [
        -104.60930525041402,
        38.40772767516384,
        1509.844970703
      ],
      [
        -104.6092852228887,
        38.40781622729433,
        1509.809936523
      ],
      [
        -104.60926519536339,
        38.407904779424825,
        1509.798706055
      ],
      [
        -104.60924516783807,
        38.40799333155532,
        1509.800537109
      ],
      [
        -104.60922514031274,
        38.40808188368582,
        1509.796142578
      ],
      [
        -104.60920511278744,
        38.40817043581631,
        1509.831054688
      ],
      [
        -104.60918508526211,
        38.4082589879468,
        1509.907348633
      ],
      [
        -104.6091650577368,
        38.408347540077294,
        1509.939941406
      ],
      [
        -104.60914503021148,
        38.40843609220779,
        1510.042358398
      ],
      [
        -104.60912500268617,
        38.408524644338286,
        1509.958618164
      ],
      [
        -104.60910497516085,
        38.40861319646878,
        1510.032348633
      ],
      [
        -104.60908494763552,
        38.40870174859927,
        1510.10168457
      ],
      [
        -104.60906536806581,
        38.40879036173649,
        1510.066894531
      ],
      [
        -104.60904611528382,
        38.40887901937867,
        1510.131958008
      ],
      [
        -104.6090268625018,
        38.408967677020854,
        1510.103149414
      ],
      [
        -104.60900760971981,
        38.409056334663035,
        1510.171875
      ],
      [
        -104.6089883569378,
        38.409144992305215,
        1510.151977539
      ],
      [
        -104.6089691041558,
        38.409233649947396,
        1510.231933594
      ],
      [
        -104.60894985137381,
        38.409322307589576,
        1510.315673828
      ],
      [
        -104.6089305985918,
        38.40941096523176,
        1510.302856445
      ],
      [
        -104.6089113458098,
        38.40949962287394,
        1510.365844727
      ],
      [
        -104.60889209302779,
        38.40958828051612,
        1510.295898438
      ],
      [
        -104.6088728402458,
        38.4096769381583,
        1510.359619141
      ],
      [
        -104.60885358746378,
        38.40976559580048,
        1510.432128906
      ],
      [
        -104.60883433468179,
        38.40985425344266,
        1510.410888672
      ],
      [
        -104.60881508189978,
        38.40994291108484,
        1510.502075195
      ],
      [
        -104.60879582911778,
        38.41003156872702,
        1510.472045898
      ],
      [
        -104.60877657633579,
        38.4101202263692,
        1510.55456543
      ],
      [
        -104.60875732355377,
        38.41020888401138,
        1510.544433594
      ],
      [
        -104.60873807077178,
        38.41029754165356,
        1510.686157227
      ],
      [
        -104.60871881798977,
        38.41038619929574,
        1510.86730957
      ],
      [
        -104.60869956520777,
        38.410474856937924,
        1511.127563477
      ],
      [
        -104.60868031242576,
        38.410563514580105,
        1511.703857422
      ],
      [
        -104.60866105964377,
        38.410652172222285,
        1511.938964844
      ],
      [
        -104.60864180686177,
        38.410740829864466,
        1512.553955078
      ],
      [
        -104.60862255407976,
        38.410829487506646,
        1512.75769043
      ],
      [
        -104.60860330129776,
        38.41091814514883,
        1512.766845703
      ],
      [
        -104.60858404851575,
        38.41100680279101,
        1512.753051758
      ],
      [
        -104.60856479573376,
        38.41109546043319,
        1512.750488281
      ],
      [
        -104.60854497856171,
        38.41118404144056,
        1512.743041992
      ],
      [
        -104.60852501821675,
        38.41127260300743,
        1512.745483398
      ],
      [
        -104.6085050578718,
        38.4113611645743,
        1512.753051758
      ],
      [
        -104.60848509752682,
        38.41144972614117,
        1512.749267578
      ],
      [
        -104.60846513718187,
        38.41153828770804,
        1512.743041992
      ],
      [
        -104.60844504016438,
        38.4116268301296,
        1512.739990234
      ],
      [
        -104.60842459467776,
        38.41171532373702,
        1512.733886719
      ],
      [
        -104.60840414919113,
        38.41180381734444,
        1512.727050781
      ],
      [
        -104.6083837037045,
        38.41189231095187,
        1512.749633789
      ],
      [
        -104.6083633629314,
        38.41198081900246,
        1512.83215332
      ],
      [
        -104.60834401999844,
        38.41206946468547,
        1512.923339844
      ],
      [
        -104.60832467706548,
        38.41215811036848,
        1512.885864258
      ],
      [
        -104.60830533413252,
        38.41224675605149,
        1512.922119141
      ],
      [
        -104.60828599119957,
        38.4123354017345,
        1512.870849609
      ],
      [
        -104.6082666482666,
        38.41242404741751,
        1512.916259766
      ],
      [
        -104.60824730533366,
        38.412512693100524,
        1512.882202148
      ],
      [
        -104.6082279624007,
        38.41260133878353,
        1512.908447266
      ],
      [
        -104.60820861946775,
        38.41268998446654,
        1512.924682617
      ],
      [
        -104.60818927653479,
        38.41277863014955,
        1512.874633789
      ],
      [
        -104.60816993360183,
        38.41286727583256,
        1512.918457031
      ],
      [
        -104.6081503398493,
        38.41295588746557,
        1512.879760742
      ],
      [
        -104.60813048130198,
        38.41304446315138,
        1512.927246094
      ],
      [
        -104.60811062275468,
        38.41313303883719,
        1512.902099609
      ],
      [
        -104.60809076420738,
        38.413221614522996,
        1512.997070312
      ],
      [
        -104.60807090566006,
        38.413310190208804,
        1513.194580078
      ],
      [
        -104.60805104711275,
        38.41339876589461,
        1513.448364258
      ],
      [
        -104.60803109323149,
        38.41348732838351,
        1513.83203125
      ],
      [
        -104.60801099232232,
        38.413575870519594,
        1514.233520508
      ],
      [
        -104.60799089141315,
        38.41366441265568,
        1514.678588867
      ],
      [
        -104.607970790504,
        38.41375295479176,
        1514.88659668
      ],
      [
        -104.60795068959483,
        38.413841496927844,
        1515.337890625
      ],
      [
        -104.60793058868566,
        38.41393003906393,
        1515.698486328
      ],
      [
        -104.60791066787021,
        38.41401860608372,
        1515.768676758
      ],
      [
        -104.60789093969214,
        38.414107199720384,
        1515.786132812
      ],
      [
        -104.60787121151405,
        38.414195793357045,
        1515.774902344
      ],
      [
        -104.60785148333598,
        38.41428438699371,
        1515.813598633
      ],
      [
        -104.60783175515789,
        38.41437298063037,
        1515.832397461
      ],
      [
        -104.60781202697981,
        38.41446157426703,
        1515.868652344
      ],
      [
        -104.60779229880174,
        38.41455016790369,
        1515.908569336
      ],
      [
        -104.60777257062365,
        38.41463876154035,
        1515.853881836
      ],
      [
        -104.60775284244558,
        38.414727355177014,
        1515.876953125
      ],
      [
        -104.60773311426749,
        38.414815948813676,
        1515.838256836
      ],
      [
        -104.60771338608942,
        38.41490454245034,
        1515.880737305
      ],
      [
        -104.60769365791134,
        38.414993136087,
        1515.816894531
      ],
      [
        -104.60767392973325,
        38.41508172972366,
        1515.861938477
      ],
      [
        -104.60765420155518,
        38.41517032336032,
        1515.915649414
      ],
      [
        -104.6076344733771,
        38.41525891699698,
        1515.858154297
      ],
      [
        -104.60761474519902,
        38.415347510633644,
        1515.901123047
      ],
      [
        -104.60759501702094,
        38.415436104270306,
        1515.856079102
      ],
      [
        -104.60757528884285,
        38.41552469790697,
        1515.888549805
      ],
      [
        -104.60755556066478,
        38.41561329154363,
        1515.829833984
      ],
      [
        -104.6075358324867,
        38.41570188518029,
        1515.873535156
      ],
      [
        -104.60751610430862,
        38.41579047881695,
        1515.893554688
      ],
      [
        -104.60749637613054,
        38.41587907245361,
        1515.858520508
      ],
      [
        -104.60747662153962,
        38.41596766246,
        1515.892211914
      ],
      [
        -104.60745662642269,
        38.41605621940763,
        1515.799804688
      ],
      [
        -104.60743663130576,
        38.41614477635526,
        1515.803466797
      ],
      [
        -104.60741663618883,
        38.4162333333029,
        1515.772583008
      ],
      [
        -104.6073966410719,
        38.41632189025053,
        1515.775146484
      ],
      [
        -104.60737664595497,
        38.41641044719816,
        1515.782592773
      ],
      [
        -104.60735665083804,
        38.4164990041458,
        1515.773803711
      ],
      [
        -104.60733665572111,
        38.41658756109343,
        1515.790039062
      ],
      [
        -104.60731666060418,
        38.41667611804106,
        1515.775146484
      ],
      [
        -104.60729666548725,
        38.41676467498869,
        1515.783813477
      ],
      [
        -104.60727667037033,
        38.41685323193633,
        1515.829711914
      ],
      [
        -104.6072566752534,
        38.41694178888396,
        1516.029541016
      ],
      [
        -104.60723670446905,
        38.41703034918882,
        1516.279663086
      ],
      [
        -104.60721695022613,
        38.41711893937047,
        1516.465209961
      ],
      [
        -104.60719719598323,
        38.417207529552115,
        1516.583984375
      ],
      [
        -104.60717744174033,
        38.417296119733756,
        1516.561767578
      ],
      [
        -104.60715768749742,
        38.4173847099154,
        1516.641845703
      ],
      [
        -104.60713793325452,
        38.41747330009705,
        1516.621704102
      ],
      [
        -104.60711817901161,
        38.41756189027869,
        1516.711914062
      ],
      [
        -104.60709842476871,
        38.41765048046034,
        1516.855957031
      ],
      [
        -104.6070786705258,
        38.417739070641986,
        1516.826049805
      ],
      [
        -104.6070589162829,
        38.417827660823626,
        1516.880981445
      ],
      [
        -104.60703916204,
        38.41791625100527,
        1516.80480957
      ],
      [
        -104.60701940779708,
        38.41800484118692,
        1516.912231445
      ],
      [
        -104.60699965355418,
        38.41809343136856,
        1516.774780273
      ],
      [
        -104.60697989931127,
        38.41818202155021,
        1516.823486328
      ],
      [
        -104.60696014506837,
        38.418270611731856,
        1516.878540039
      ],
      [
        -104.60694039082547,
        38.4183592019135,
        1516.702636719
      ],
      [
        -104.60692063658256,
        38.418447792095144,
        1516.742431641
      ],
      [
        -104.60690088233966,
        38.41853638227679,
        1516.578613281
      ],
      [
        -104.60688112809675,
        38.41862497245844,
        1516.622436523
      ],
      [
        -104.60686137385385,
        38.41871356264008,
        1516.446166992
      ],
      [
        -104.60684161961095,
        38.418802152821726,
        1516.46862793
      ],
      [
        -104.60682410824238,
        38.41889102451504,
        1516.511230469
      ],
      [
        -104.60680755656276,
        38.418980016662566,
        1516.327392578
      ],
      [
        -104.60679100488315,
        38.419069008810084,
        1516.348510742
      ],
      [
        -104.60677445320354,
        38.4191580009576,
        1516.371704102
      ],
      [
        -104.60675790152392,
        38.419246993105126,
        1516.201660156
      ],
      [
        -104.60674134984431,
        38.419335985252644,
        1516.227905273
      ],
      [
        -104.6067247981647,
        38.41942497740016,
        1516.266723633
      ],
      [
        -104.60670824648508,
        38.41951396954768,
        1516.106689453
      ],
      [
        -104.60669169480548,
        38.419602961695205,
        1516.125366211
      ],
      [
        -104.6066797946115,
        38.41969239699498,
        1516.141723633
      ],
      [
        -104.60666864312684,
        38.419781903625136,
        1515.992553711
      ],
      [
        -104.60665749164218,
        38.4198714102553,
        1516.013793945
      ],
      [
        -104.60664634015752,
        38.41996091688545,
        1516.030151367
      ],
      [
        -104.6066356345064,
        38.420050456744626,
        1516.040161133
      ],
      [
        -104.60662504726206,
        38.420140005428934,
        1515.930053711
      ],
      [
        -104.6066144600177,
        38.42022955411324,
        1515.950073242
      ],
      [
        -104.60660387277335,
        38.42031910279755,
        1515.981323242
      ],
      [
        -104.60659347614512,
        38.42040866273908,
        1516.083740234
      ],
      [
        -104.60658681156991,
        38.42049844308454,
        1516.208740234
      ],
      [
        -104.60658014699472,
        38.42058822343,
        1516.217895508
      ],
      [
        -104.6065734824195,
        38.420678003775464,
        1516.277587891
      ],
      [
        -104.6065668178443,
        38.420767784120926,
        1516.28515625
      ],
      [
        -104.6065601532691,
        38.42085756446638,
        1516.265136719
      ],
      [
        -104.60655348869389,
        38.42094734481184,
        1516.228881836
      ],
      [
        -104.60654682411868,
        38.421037125157305,
        1516.188842773
      ],
      [
        -104.60654015954347,
        38.42112690550277,
        1516.148925781
      ],
      [
        -104.60653349496828,
        38.42121668584823,
        1516.068969727
      ],
      [
        -104.60652683039307,
        38.42130646619369,
        1516.04296875
      ],
      [
        -104.60652016581786,
        38.42139624653915,
        1516.007202148
      ],
      [
        -104.60651350124266,
        38.42148602688461,
        1515.993408203
      ],
      [
        -104.60650683666745,
        38.42157580723007,
        1515.980834961
      ],
      [
        -104.60650017209224,
        38.42166558757553,
        1515.978393555
      ],
      [
        -104.60649350751704,
        38.421755367920994,
        1515.982177734
      ],
      [
        -104.60648684294183,
        38.421845148266456,
        1515.957519531
      ],
      [
        -104.60648017836662,
        38.42193492861192,
        1515.977539062
      ],
      [
        -104.60647351379141,
        38.42202470895738,
        1516.018188477
      ],
      [
        -104.60646684921622,
        38.42211448930284,
        1516.131225586
      ],
      [
        -104.60646018464101,
        38.4222042696483,
        1516.290039062
      ],
      [
        -104.6064535200658,
        38.42229404999376,
        1516.5
      ],
      [
        -104.6064468554906,
        38.42238383033922,
        1516.739990234
      ],
      [
        -104.6064401909154,
        38.42247361068468,
        1516.923339844
      ],
      [
        -104.60643352634018,
        38.422563391030145,
        1517.142089844
      ],
      [
        -104.60642686176499,
        38.42265317137561,
        1517.342163086
      ],
      [
        -104.60642019718978,
        38.42274295172107,
        1517.487792969
      ],
      [
        -104.60641353261457,
        38.422832732066524,
        1517.601074219
      ],
      [
        -104.60640686803936,
        38.422922512411986,
        1517.651123047
      ],
      [
        -104.60640020346416,
        38.42301229275745,
        1517.709838867
      ],
      [
        -104.60639353888895,
        38.42310207310291,
        1517.706054688
      ],
      [
        -104.60638687431374,
        38.42319185344837,
        1517.751098633
      ],
      [
        -104.60638020973855,
        38.423281633793835,
        1517.787353516
      ],
      [
        -104.60637354516334,
        38.4233714141393,
        1517.826049805
      ],
      [
        -104.60636688058813,
        38.42346119448475,
        1517.854858398
      ],
      [
        -104.60636021601293,
        38.42355097483021,
        1517.894775391
      ],
      [
        -104.60635355143772,
        38.423640755175676,
        1517.936157227
      ],
      [
        -104.60634688686251,
        38.42373053552114,
        1517.926147461
      ],
      [
        -104.6063402222873,
        38.4238203158666,
        1517.954833984
      ],
      [
        -104.6063335577121,
        38.42391009621206,
        1517.976074219
      ],
      [
        -104.6063268931369,
        38.423999876557524,
        1517.99609375
      ],
      [
        -104.60632022856169,
        38.424089656902986,
        1518.02734375
      ],
      [
        -104.60631356398649,
        38.42417943724844,
        1518.054931641
      ],
      [
        -104.60630689941128,
        38.4242692175939,
        1518.087768555
      ],
      [
        -104.60630023483607,
        38.424358997939365,
        1518.072998047
      ],
      [
        -104.60629357026087,
        38.42444877828483,
        1518.088012695
      ],
      [
        -104.60628690568566,
        38.42453855863029,
        1518.111816406
      ],
      [
        -104.60628024111045,
        38.42462833897575,
        1518.135498047
      ],
      [
        -104.60627357653524,
        38.42471811932121,
        1518.166748047
      ],
      [
        -104.60626691196005,
        38.42480789966667,
        1518.186767578
      ],
      [
        -104.60626024738484,
        38.42489768001213,
        1518.211791992
      ],
      [
        -104.60625358280963,
        38.42498746035759,
        1518.209716797
      ],
      [
        -104.60624691823443,
        38.425077240703054,
        1518.244628906
      ],
      [
        -104.60624025365922,
        38.425167021048516,
        1518.289672852
      ],
      [
        -104.60623358908401,
        38.42525680139398,
        1518.344726562
      ],
      [
        -104.60622692450882,
        38.42534658173944,
        1518.432128906
      ],
      [
        -104.60622025993361,
        38.4254363620849,
        1518.543457031
      ],
      [
        -104.6062135953584,
        38.42552614243036,
        1518.699707031
      ],
      [
        -104.60620693078319,
        38.42561592277582,
        1518.807250977
      ],
      [
        -104.60620026620799,
        38.42570570312128,
        1518.831176758
      ],
      [
        -104.60619360163278,
        38.42579548346674,
        1518.82434082
      ],
      [
        -104.60618693705757,
        38.425885263812205,
        1518.82434082
      ],
      [
        -104.60618027248238,
        38.42597504415767,
        1518.82434082
      ],
      [
        -104.60617360790717,
        38.42606482450313,
        1518.82434082
      ],
      [
        -104.60616694333196,
        38.426154604848584,
        1518.819335938
      ],
      [
        -104.60616027875676,
        38.426244385194046,
        1518.819335938
      ],
      [
        -104.60615361418155,
        38.42633416553951,
        1518.819335938
      ],
      [
        -104.60614694960634,
        38.42642394588497,
        1518.823120117
      ],
      [
        -104.60614028503113,
        38.42651372623043,
        1518.823242188
      ],
      [
        -104.60613362045594,
        38.426603506575894,
        1518.822875977
      ],
      [
        -104.60612695588073,
        38.426693286921356,
        1518.822875977
      ],
      [
        -104.60612029130552,
        38.42678306726681,
        1518.822875977
      ],
      [
        -104.60611362673032,
        38.42687284761227,
        1518.822875977
      ],
      [
        -104.60610696215511,
        38.426962627957735,
        1518.822875977
      ],
      [
        -104.6061002975799,
        38.4270524083032,
        1518.830444336
      ],
      [
        -104.6060936330047,
        38.42714218864866,
        1518.892822266
      ],
      [
        -104.6060869684295,
        38.42723196899412,
        1518.974975586
      ],
      [
        -104.60608030385428,
        38.42732174933958,
        1519.089477539
      ],
      [
        -104.60607363927907,
        38.427411529685045,
        1519.236938477
      ],
      [
        -104.60606697470388,
        38.4275013100305,
        1519.396972656
      ],
      [
        -104.60606031012867,
        38.42759109037596,
        1519.603149414
      ],
      [
        -104.60605364555346,
        38.427680870721424,
        1519.816894531
      ],
      [
        -104.60604698097826,
        38.427770651066886,
        1520.038208008
      ],
      [
        -104.60604031640305,
        38.42786043141235,
        1520.248168945
      ],
      [
        -104.60603365182784,
        38.42795021175781,
        1520.446044922
      ],
      [
        -104.60602698725265,
        38.42803999210327,
        1520.543701172
      ],
      [
        -104.60602032267744,
        38.42812977244873,
        1520.684936523
      ],
      [
        -104.60601365810223,
        38.42821955279419,
        1520.803710938
      ],
      [
        -104.60600699352702,
        38.42830933313965,
        1520.891235352
      ],
      [
        -104.60600032895182,
        38.42839911348511,
        1520.981201172
      ],
      [
        -104.60599366437661,
        38.428488893830576,
        1521.052490234
      ],
      [
        -104.6059869998014,
        38.42857867417604,
        1521.108764648
      ],
      [
        -104.6059803352262,
        38.4286684545215,
        1521.109985352
      ],
      [
        -104.605973670651,
        38.42875823486696,
        1521.166625977
      ],
      [
        -104.60596700607579,
        38.42884801521242,
        1521.204101562
      ],
      [
        -104.60596034150059,
        38.42893779555788,
        1521.267822266
      ],
      [
        -104.60595367692538,
        38.42902757590334,
        1521.327758789
      ],
      [
        -104.60594701235017,
        38.4291173562488,
        1521.376586914
      ],
      [
        -104.60594034777496,
        38.429207136594265,
        1521.444091797
      ],
      [
        -104.60593368319977,
        38.42929691693973,
        1521.457763672
      ],
      [
        -104.60592701862456,
        38.42938669728519,
        1521.487792969
      ],
      [
        -104.60592035404935,
        38.429476477630644,
        1521.510009766
      ],
      [
        -104.60591337573696,
        38.42956624335865,
        1521.530761719
      ],
      [
        -104.60590638499116,
        38.429656008507365,
        1521.535766602
      ],
      [
        -104.60589939424537,
        38.42974577365608,
        1521.55078125
      ],
      [
        -104.60589240349957,
        38.429835538804795,
        1521.555786133
      ],
      [
        -104.60588541275376,
        38.42992530395352,
        1521.514526367
      ],
      [
        -104.60587842200796,
        38.43001506910223,
        1521.51574707
      ],
      [
        -104.60587143126216,
        38.43010483425095,
        1521.530761719
      ],
      [
        -104.60586444051636,
        38.43019459939966,
        1521.548706055
      ],
      [
        -104.60585744977057,
        38.43028436454838,
        1521.567993164
      ],
      [
        -104.60585045902477,
        38.43037412969709,
        1521.572998047
      ],
      [
        -104.60584346827896,
        38.43046389484581,
        1521.576782227
      ],
      [
        -104.60583647753316,
        38.43055365999452,
        1521.541748047
      ],
      [
        -104.60582948678736,
        38.43064342514324,
        1521.553100586
      ],
      [
        -104.60582249604155,
        38.43073319029195,
        1521.553100586
      ],
      [
        -104.60581550529577,
        38.43082295544067,
        1521.554321289
      ],
      [
        -104.60580851454996,
        38.43091272058938,
        1521.561157227
      ],
      [
        -104.60580152380416,
        38.4310024857381,
        1521.571777344
      ],
      [
        -104.60579453305836,
        38.43109225088681,
        1521.536376953
      ],
      [
        -104.60578754231256,
        38.43118201603553,
        1521.552612305
      ],
      [
        -104.60578055156675,
        38.43127178118424,
        1521.561401367
      ],
      [
        -104.60577356082096,
        38.43136154633296,
        1521.583984375
      ],
      [
        -104.60576657007516,
        38.43145131148167,
        1521.622680664
      ],
      [
        -104.60575957932936,
        38.43154107663039,
        1521.702636719
      ],
      [
        -104.60575258858356,
        38.4316308417791,
        1521.817016602
      ],
      [
        -104.60574559783775,
        38.43172060692782,
        1521.878662109
      ],
      [
        -104.60573860709195,
        38.431810372076534,
        1521.876220703
      ],
      [
        -104.60573161634616,
        38.43190013722525,
        1521.87487793
      ],
      [
        -104.60572462560036,
        38.43198990237397,
        1521.87487793
      ],
      [
        -104.60571763485456,
        38.432079667522686,
        1521.87487793
      ],
      [
        -104.60571064410875,
        38.4321694326714,
        1521.87487793
      ],
      [
        -104.60570365336295,
        38.432259197820116,
        1521.875366211
      ],
      [
        -104.60569666261716,
        38.43234896296883,
        1521.875366211
      ],
      [
        -104.60568967187136,
        38.432438728117546,
        1521.875
      ],
      [
        -104.60568268112556,
        38.43252849326626,
        1521.87487793
      ],
      [
        -104.60567569037975,
        38.432618258414976,
        1521.863647461
      ],
      [
        -104.60566869963395,
        38.43270802356369,
        1521.859863281
      ],
      [
        -104.60566182995383,
        38.432797794433576,
        1521.859863281
      ],
      [
        -104.60565500877732,
        38.43288756759558,
        1521.869873047
      ],
      [
        -104.60564818760082,
        38.43297734075758,
        1521.869873047
      ],
      [
        -104.60564136642432,
        38.433067113919584,
        1521.873657227
      ],
      [
        -104.60563454524781,
        38.433156887081594,
        1521.871459961
      ],
      [
        -104.60562777373138,
        38.43324666250706,
        1521.870239258
      ],
      [
        -104.60562126738994,
        38.433336450018956,
        1521.869018555
      ],
      [
        -104.6056147610485,
        38.43342623753085,
        1521.885253906
      ],
      [
        -104.60560825470705,
        38.43351602504275,
        1522.130249023
      ],
      [
        -104.60560174836561,
        38.433605812554646,
        1522.470214844
      ],
      [
        -104.60559524202417,
        38.43369560006655,
        1522.885131836
      ],
      [
        -104.60558873568273,
        38.433785387578446,
        1523.168945312
      ],
      [
        -104.60558222934128,
        38.43387517509034,
        1523.44921875
      ],
      [
        -104.60557572299984,
        38.43396496260224,
        1523.661010742
      ],
      [
        -104.6055692166584,
        38.434054750114136,
        1523.789794922
      ],
      [
        -104.60556271031696,
        38.43414453762603,
        1523.799682617
      ],
      [
        -104.60555620397551,
        38.434234325137936,
        1523.87097168
      ],
      [
        -104.60554969763407,
        38.43432411264983,
        1523.928466797
      ],
      [
        -104.60554319129264,
        38.43441390016173,
        1523.972167969
      ],
      [
        -104.60553668495119,
        38.434503687673626,
        1523.99597168
      ],
      [
        -104.60553017860975,
        38.43459347518552,
        1524.01159668
      ],
      [
        -104.6055236722683,
        38.43468326269742,
        1524.02355957
      ],
      [
        -104.60551716592687,
        38.43477305020932,
        1523.979736328
      ],
      [
        -104.60551065958542,
        38.43486283772122,
        1524.018432617
      ],
      [
        -104.60550415324398,
        38.434952625233116,
        1524.047241211
      ],
      [
        -104.60549764690253,
        38.43504241274501,
        1524.068481445
      ],
      [
        -104.6054911405611,
        38.43513220025691,
        1524.088500977
      ],
      [
        -104.60548463421965,
        38.43522198776881,
        1524.093505859
      ],
      [
        -104.60547812787821,
        38.43531177528071,
        1524.108520508
      ],
      [
        -104.60547162153678,
        38.435401562792606,
        1524.069335938
      ],
      [
        -104.60546511519533,
        38.4354913503045,
        1524.08972168
      ],
      [
        -104.6054586088539,
        38.4355811378164,
        1524.124633789
      ],
      [
        -104.60545210251244,
        38.435670925328296,
        1524.17590332
      ],
      [
        -104.60544559617101,
        38.4357607128402,
        1524.219726562
      ],
      [
        -104.60543908982956,
        38.435850500352096,
        1524.270874023
      ],
      [
        -104.60543258348812,
        38.43594028786399,
        1524.299682617
      ],
      [
        -104.60542607714667,
        38.43603007537589,
        1524.313476562
      ],
      [
        -104.60541957080524,
        38.436119862887786,
        1524.373535156
      ],
      [
        -104.60541306446379,
        38.43620965039969,
        1524.417236328
      ],
      [
        -104.60540655812235,
        38.436299437911586,
        1524.526000977
      ],
      [
        -104.60540005178092,
        38.43638922542348,
        1524.664794922
      ],
      [
        -104.60539354543947,
        38.43647901293538,
        1524.862304688
      ],
      [
        -104.60538703909803,
        38.436568800447276,
        1524.914794922
      ],
      [
        -104.60538053275658,
        38.43665858795917,
        1524.914794922
      ],
      [
        -104.60537402641515,
        38.436748375471076,
        1524.914794922
      ],
      [
        -104.6053675200737,
        38.43683816298297,
        1524.917236328
      ],
      [
        -104.60536101373226,
        38.43692795049487,
        1524.920898438
      ],
      [
        -104.60535450739081,
        38.437017738006766,
        1524.908447266
      ],
      [
        -104.60534800104938,
        38.43710752551866,
        1524.912231445
      ],
      [
        -104.60534149470793,
        38.437197313030566,
        1524.993408203
      ],
      [
        -104.6053349883665,
        38.43728710054246,
        1525.223388672
      ],
      [
        -104.60532848202506,
        38.43737688805436,
        1525.318359375
      ],
      [
        -104.60532197568361,
        38.437466675566256,
        1525.349609375
      ],
      [
        -104.60531546934217,
        38.43755646307815,
        1525.376464844
      ],
      [
        -104.60530896300072,
        38.43764625059005,
        1525.426757812
      ],
      [
        -104.60530245665929,
        38.43773603810195,
        1525.456787109
      ],
      [
        -104.60529595031784,
        38.43782582561385,
        1525.535522461
      ],
      [
        -104.6052894439764,
        38.437915613125746,
        1525.631835938
      ],
      [
        -104.60528293763495,
        38.43800540063764,
        1525.553100586
      ],
      [
        -104.60527643129352,
        38.43809518814954,
        1525.576782227
      ],
      [
        -104.60526992495207,
        38.43818497566144,
        1525.611816406
      ],
      [
        -104.60526308031527,
        38.4382747476688,
        1525.666748047
      ],
      [
        -104.60525616495954,
        38.43836451643502,
        1525.76184082
      ],
      [
        -104.60524924960382,
        38.43845428520124,
        1525.908569336
      ],
      [
        -104.60524233424808,
        38.43854405396746,
        1526.128540039
      ],
      [
        -104.60523541889235,
        38.43863382273368,
        1526.323486328
      ],
      [
        -104.60522850353662,
        38.4387235914999,
        1526.577148438
      ],
      [
        -104.6052215881809,
        38.43881336026612,
        1526.783569336
      ],
      [
        -104.60521467282517,
        38.43890312903234,
        1526.927246094
      ],
      [
        -104.60520775746943,
        38.438992897798556,
        1527.033447266
      ],
      [
        -104.6052008421137,
        38.43908266656478,
        1527.119995117
      ],
      [
        -104.60519390644878,
        38.43917243437175,
        1527.126708984
      ],
      [
        -104.60518696834238,
        38.4392622020634,
        1527.190551758
      ],
      [
        -104.6051854999997,
        38.43928120000394,
        1527.220458984
      ],
      [
        -104.6051800448509,
        38.43935197045748,
        1527.254272461
      ],
      [
        -104.60517312528276,
        38.439441739040134,
        1527.335571289
      ],
      [
        -104.60516620571461,
        38.43953150762278,
        1527.430541992
      ],
      [
        -104.60515928614647,
        38.43962127620543,
        1527.506713867
      ],
      [
        -104.60515236657832,
        38.43971104478808,
        1527.575561523
      ],
      [
        -104.60514544701019,
        38.43980081337073,
        1527.605224609
      ],
      [
        -104.60513852744204,
        38.43989058195338,
        1527.639404297
      ],
      [
        -104.6051316078739,
        38.43998035053603,
        1527.655639648
      ],
      [
        -104.60512468830575,
        38.44007011911868,
        1527.663208008
      ],
      [
        -104.60511776873761,
        38.44015988770133,
        1527.679443359
      ],
      [
        -104.60511084916946,
        38.44024965628398,
        1527.695678711
      ],
      [
        -104.60510392960133,
        38.44033942486663,
        1527.699462891
      ],
      [
        -104.60509701003318,
        38.440429193449276,
        1527.674438477
      ],
      [
        -104.60509009046503,
        38.44051896203193,
        1527.688964844
      ],
      [
        -104.60508317089689,
        38.44060873061458,
        1527.696289062
      ],
      [
        -104.60507625132874,
        38.44069849919723,
        1527.713745117
      ],
      [
        -104.6050693317606,
        38.44078826777988,
        1527.763671875
      ],
      [
        -104.60506241219245,
        38.44087803636253,
        1527.841186523
      ],
      [
        -104.60505549262432,
        38.44096780494518,
        1527.945800781
      ],
      [
        -104.60504857305617,
        38.44105757352783,
        1527.958251953
      ],
      [
        -104.60504165348803,
        38.441147342110476,
        1527.954589844
      ],
      [
        -104.60503473391988,
        38.44123711069313,
        1527.954589844
      ],
      [
        -104.60502781435174,
        38.44132687927578,
        1527.962036133
      ],
      [
        -104.60502089478359,
        38.441416647858425,
        1527.95324707
      ],
      [
        -104.60501397521546,
        38.44150641644108,
        1527.949584961
      ],
      [
        -104.6050070556473,
        38.44159618502373,
        1527.95703125
      ],
      [
        -104.60500013607917,
        38.441685953606374,
        1527.95703125
      ],
      [
        -104.60499321651102,
        38.44177572218903,
        1527.95703125
      ],
      [
        -104.60498629694287,
        38.441865490771676,
        1527.95703125
      ],
      [
        -104.60497937737473,
        38.44195525935432,
        1527.95703125
      ],
      [
        -104.60497245780658,
        38.44204502793698,
        1527.953735352
      ],
      [
        -104.60496553823845,
        38.442134796519625,
        1527.953857422
      ],
      [
        -104.6049586186703,
        38.44222456510227,
        1527.956787109
      ],
      [
        -104.60495169910216,
        38.44231433368493,
        1527.960449219
      ],
      [
        -104.60494477953401,
        38.442404102267574,
        1527.999267578
      ],
      [
        -104.60493785996587,
        38.44249387085022,
        1528.071655273
      ],
      [
        -104.60493094039772,
        38.442583639432875,
        1528.213012695
      ],
      [
        -104.60492402082959,
        38.44267340801552,
        1528.557983398
      ],
      [
        -104.60491710126144,
        38.44276317659817,
        1529.01953125
      ],
      [
        -104.6049101816933,
        38.442852945180825,
        1529.494262695
      ],
      [
        -104.60490326212515,
        38.44294271376347,
        1529.940551758
      ],
      [
        -104.60489634255701,
        38.44303248234612,
        1530.200439453
      ],
      [
        -104.60488942298886,
        38.443122250928774,
        1530.363037109
      ],
      [
        -104.60488250342073,
        38.44321201951142,
        1530.468017578
      ],
      [
        -104.60487558385258,
        38.443301788094075,
        1530.595581055
      ],
      [
        -104.60486866428442,
        38.44339155667672,
        1530.696777344
      ],
      [
        -104.60486174471629,
        38.44348132525937,
        1530.883300781
      ],
      [
        -104.60485482514814,
        38.443571093842024,
        1530.975341797
      ],
      [
        -104.60484790558,
        38.44366086242467,
        1530.985351562
      ],
      [
        -104.60484098601185,
        38.44375063100732,
        1530.997802734
      ],
      [
        -104.60483406644371,
        38.44384039958997,
        1531.011474609
      ],
      [
        -104.60482714687556,
        38.44393016817262,
        1531.015258789
      ],
      [
        -104.60482022730743,
        38.44401993675527,
        1531.014038086
      ],
      [
        -104.60481330773928,
        38.44410970533792,
        1531.010253906
      ],
      [
        -104.60480638817114,
        38.44419947392057,
        1531.036499023
      ],
      [
        -104.60479946860299,
        38.44428924250322,
        1531.142944336
      ],
      [
        -104.60479254903485,
        38.44437901108587,
        1531.295532227
      ],
      [
        -104.6047856294667,
        38.44446877966852,
        1531.478027344
      ],
      [
        -104.60477870989857,
        38.444558548251166,
        1531.544311523
      ],
      [
        -104.60477179033042,
        38.44464831683382,
        1531.468017578
      ],
      [
        -104.60476487076228,
        38.44473808541647,
        1531.520507812
      ],
      [
        -104.60475795119413,
        38.444827853999115,
        1531.565551758
      ],
      [
        -104.60475349999994,
        38.44488560000082,
        1531.599243164
      ],
      [
        -104.60475120267247,
        38.44491763039388,
        1531.646728516
      ],
      [
        -104.60474476259724,
        38.44500742087616,
        1531.794677734
      ],
      [
        -104.60473832252201,
        38.44509721135843,
        1531.893554688
      ],
      [
        -104.60473188244677,
        38.4451870018407,
        1531.919799805
      ],
      [
        -104.60472544237153,
        38.44527679232298,
        1532.494750977
      ],
      [
        -104.60471900229629,
        38.44536658280525,
        1533.529785156
      ],
      [
        -104.60471256222107,
        38.44545637328753,
        1534.232299805
      ],
      [
        -104.60470612214583,
        38.4455461637698,
        1534.138549805
      ],
      [
        -104.60469968207059,
        38.44563595425207,
        1534.119750977
      ],
      [
        -104.60469324199536,
        38.44572574473435,
        1534.140869141
      ],
      [
        -104.60468680192012,
        38.44581553521662,
        1534.190429688
      ],
      [
        -104.60468036184488,
        38.445905325698895,
        1534.29675293
      ],
      [
        -104.60467392176965,
        38.445995116181166,
        1534.301635742
      ],
      [
        -104.60466748169442,
        38.44608490666344,
        1534.251708984
      ],
      [
        -104.60466104161918,
        38.446174697145715,
        1534.23046875
      ],
      [
        -104.60465460154394,
        38.446264487627985,
        1534.249267578
      ],
      [
        -104.6046481614687,
        38.44635427811026,
        1534.264160156
      ],
      [
        -104.60464172139348,
        38.446444068592534,
        1534.275390625
      ],
      [
        -104.60463658080157,
        38.446533905667536,
        1534.232788086
      ],
      [
        -104.60463251910862,
        38.446623781426254,
        1534.238891602
      ],
      [
        -104.60462845741569,
        38.44671365718498,
        1534.255249023
      ],
      [
        -104.60462439572274,
        38.4468035329437,
        1534.256469727
      ],
      [
        -104.6046203340298,
        38.446893408702415,
        1534.255249023
      ],
      [
        -104.60461627233686,
        38.44698328446113,
        1534.255249023
      ],
      [
        -104.60461422160446,
        38.44707319781082,
        1534.270141602
      ],
      [
        -104.60461280379718,
        38.44716312299181,
        1534.278930664
      ],
      [
        -104.6046113859899,
        38.4472530481728,
        1534.278564453
      ],
      [
        -104.60461430960945,
        38.44734287096395,
        1534.29309082
      ],
      [
        -104.60462263402628,
        38.44743256638068,
        1534.298095703
      ],
      [
        -104.60463095844314,
        38.44752226179741,
        1534.301757812
      ],
      [
        -104.60463928285998,
        38.447611957214136,
        1534.314208984
      ],
      [
        -104.60464760727682,
        38.44770165263086,
        1534.369262695
      ],
      [
        -104.60465593169366,
        38.447791348047595,
        1534.376831055
      ],
      [
        -104.6046642561105,
        38.44788104346432,
        1534.404296875
      ],
      [
        -104.60467258052734,
        38.44797073888105,
        1534.409545898
      ],
      [
        -104.60468090494417,
        38.44806043429778,
        1534.409545898
      ],
      [
        -104.60468922936101,
        38.448150129714506,
        1534.453369141
      ],
      [
        -104.60469755377785,
        38.44823982513123,
        1534.452148438
      ],
      [
        -104.6047058781947,
        38.448329520547965,
        1534.444580078
      ],
      [
        -104.60471420261153,
        38.44841921596469,
        1534.433349609
      ],
      [
        -104.60472252702837,
        38.44850891138142,
        1534.433349609
      ],
      [
        -104.60473097243731,
        38.4485985995491,
        1534.434570312
      ],
      [
        -104.60474017157102,
        38.44868824255859,
        1534.487670898
      ],
      [
        -104.60474937070474,
        38.44877788556808,
        1534.480712891
      ],
      [
        -104.60475856983845,
        38.448867528577566,
        1534.464477539
      ],
      [
        -104.60476776897217,
        38.44895717158705,
        1534.45690918
      ],
      [
        -104.60477696810588,
        38.449046814596535,
        1534.440673828
      ],
      [
        -104.6047861672396,
        38.44913645760602,
        1534.46081543
      ],
      [
        -104.60479536637332,
        38.44922610061551,
        1534.440795898
      ],
      [
        -104.60480456550704,
        38.449315743625,
        1534.420776367
      ],
      [
        -104.60481376464075,
        38.44940538663448,
        1534.395629883
      ],
      [
        -104.60482296377447,
        38.44949502964397,
        1534.375488281
      ],
      [
        -104.60483216290818,
        38.44958467265346,
        1534.375366211
      ],
      [
        -104.6048413620419,
        38.449674315662946,
        1534.301635742
      ],
      [
        -104.60485056117561,
        38.449763958672435,
        1534.171630859
      ],
      [
        -104.60485976030932,
        38.449853601681916,
        1534.090454102
      ],
      [
        -104.60486895944304,
        38.449943244691404,
        1534.071655273
      ],
      [
        -104.60487815857677,
        38.45003288770089,
        1534.049194336
      ],
      [
        -104.60488735771048,
        38.45012253071038,
        1534.045410156
      ],
      [
        -104.6048965568442,
        38.45021217371987,
        1534.057006836
      ],
      [
        -104.60490575597791,
        38.45030181672935,
        1534.060913086
      ],
      [
        -104.60491495511162,
        38.45039145973884,
        1534.060913086
      ],
      [
        -104.60492415424534,
        38.45048110274833,
        1534.060913086
      ],
      [
        -104.60493335337905,
        38.450570745757815,
        1534.060913086
      ],
      [
        -104.60494255251277,
        38.450660388767304,
        1534.060913086
      ],
      [
        -104.60495175164648,
        38.450750031776785,
        1534.060913086
      ],
      [
        -104.60496095078021,
        38.45083967478627,
        1534.060913086
      ],
      [
        -104.60497014991392,
        38.45092931779576,
        1534.057983398
      ],
      [
        -104.60497934904764,
        38.45101896080525,
        1534.055908203
      ],
      [
        -104.60498854818135,
        38.45110860381474,
        1534.055908203
      ],
      [
        -104.60499774731507,
        38.45119824682422,
        1534.055908203
      ],
      [
        -104.60500694644878,
        38.45128788983371,
        1534.055908203
      ],
      [
        -104.6050161455825,
        38.451377532843196,
        1534.05065918
      ],
      [
        -104.60502534471621,
        38.451467175852684,
        1534.05065918
      ],
      [
        -104.60503459518783,
        38.45155681558271,
        1534.05065918
      ],
      [
        -104.6050440816131,
        38.451646440240076,
        1534.053222656
      ],
      [
        -104.60505356803837,
        38.45173606489744,
        1534.060791016
      ],
      [
        -104.60506305446364,
        38.4518256895548,
        1534.065307617
      ],
      [
        -104.60507261034905,
        38.45191530967594,
        1534.06652832
      ],
      [
        -104.60508222250269,
        38.45200492612238,
        1534.0703125
      ],
      [
        -104.60509183465632,
        38.45209454256881,
        1534.07409668
      ],
      [
        -104.60510144680995,
        38.452184159015246,
        1534.085327148
      ],
      [
        -104.6051110589636,
        38.45227377546168,
        1534.095336914
      ],
      [
        -104.60512067111723,
        38.452363391908115,
        1534.095336914
      ],
      [
        -104.60513028327087,
        38.452453008354546,
        1534.089111328
      ],
      [
        -104.6051398954245,
        38.452542624800984,
        1534.090820312
      ],
      [
        -104.60514950757813,
        38.452632241247414,
        1534.103271484
      ],
      [
        -104.60515911973177,
        38.45272185769385,
        1534.118286133
      ],
      [
        -104.6051683904667,
        38.45281149617504,
        1534.14453125
      ],
      [
        -104.6051776351986,
        38.45290113633443,
        1534.208251953
      ],
      [
        -104.60518687993049,
        38.45299077649383,
        1534.328369141
      ],
      [
        -104.60519612466237,
        38.45308041665322,
        1534.465820312
      ],
      [
        -104.60520536939426,
        38.45317005681262,
        1534.674926758
      ],
      [
        -104.60521461412614,
        38.45325969697201,
        1534.915039062
      ],
      [
        -104.60522385885803,
        38.45334933713141,
        1535.142578125
      ],
      [
        -104.60523310358991,
        38.4534389772908,
        1535.332519531
      ],
      [
        -104.6052423483218,
        38.453528617450196,
        1535.537475586
      ],
      [
        -104.60525159305368,
        38.45361825760959,
        1535.678710938
      ],
      [
        -104.60526083778558,
        38.453707897768986,
        1535.742553711
      ],
      [
        -104.60527008251746,
        38.45379753792838,
        1535.857543945
      ],
      [
        -104.60527932724935,
        38.453887178087776,
        1535.952758789
      ],
      [
        -104.60528857198123,
        38.45397681824717,
        1536.069702148
      ],
      [
        -104.60529770684771,
        38.45406646497827,
        1536.133544922
      ],
      [
        -104.60530595259945,
        38.454156164892666,
        1536.193481445
      ],
      [
        -104.6053141983512,
        38.45424586480706,
        1536.254760742
      ],
      [
        -104.60532244410292,
        38.454335564721454,
        1536.318481445
      ],
      [
        -104.60533068985467,
        38.45442526463585,
        1536.378540039
      ],
      [
        -104.6053389356064,
        38.45451496455025,
        1536.468505859
      ],
      [
        -104.60534785596396,
        38.45460462395252,
        1536.560180664
      ],
      [
        -104.60535717530139,
        38.45469425939484,
        1536.631469727
      ],
      [
        -104.60536649463883,
        38.45478389483716,
        1536.711425781
      ],
      [
        -104.60537581397628,
        38.454873530279485,
        1536.768920898
      ],
      [
        -104.60538513331372,
        38.45496316572181,
        1536.843994141
      ],
      [
        -104.60539445265115,
        38.45505280116413,
        1536.871337891
      ],
      [
        -104.6054037719886,
        38.45514243660646,
        1536.873901367
      ],
      [
        -104.60541309132604,
        38.45523207204878,
        1536.87512207
      ],
      [
        -104.60542241066348,
        38.4553217074911,
        1536.87890625
      ],
      [
        -104.60543173000093,
        38.455411342933424,
        1536.920043945
      ],
      [
        -104.60544104933837,
        38.455500978375746,
        1536.936767578
      ],
      [
        -104.6054503686758,
        38.45559061381807,
        1536.994262695
      ],
      [
        -104.60545968801324,
        38.45568024926039,
        1537.067993164
      ],
      [
        -104.60546900735069,
        38.45576988470271,
        1537.10168457
      ],
      [
        -104.60547832668813,
        38.45585952014503,
        1537.106689453
      ],
      [
        -104.60548764602557,
        38.455949155587355,
        1537.106689453
      ],
      [
        -104.60549696536302,
        38.45603879102968,
        1537.106689453
      ],
      [
        -104.60550628470045,
        38.456128426472,
        1537.106933594
      ],
      [
        -104.60551560403789,
        38.45621806191432,
        1537.106933594
      ],
      [
        -104.60552492337534,
        38.45630769735664,
        1537.106933594
      ],
      [
        -104.60553424271278,
        38.45639733279897,
        1537.106933594
      ],
      [
        -104.60554356205022,
        38.45648696824129,
        1537.106933594
      ],
      [
        -104.60555288138767,
        38.456576603683615,
        1537.118164062
      ],
      [
        -104.6055622007251,
        38.45666623912594,
        1537.166992188
      ],
      [
        -104.60557152006254,
        38.45675587456826,
        1537.169433594
      ],
      [
        -104.60558083939999,
        38.45684551001058,
        1537.286621094
      ],
      [
        -104.60559015873743,
        38.4569351454529,
        1537.404296875
      ],
      [
        -104.60559947807486,
        38.457024780895225,
        1537.440429688
      ],
      [
        -104.60560879741232,
        38.45711441633755,
        1537.429199219
      ],
      [
        -104.60561811674975,
        38.45720405177987,
        1537.497924805
      ],
      [
        -104.60562772791923,
        38.45729366780198,
        1537.496704102
      ],
      [
        -104.60563786248753,
        38.457383248994056,
        1537.520507812
      ],
      [
        -104.60564799705583,
        38.45747283018613,
        1537.550537109
      ],
      [
        -104.60565813162412,
        38.457562411378206,
        1537.694702148
      ],
      [
        -104.60566826619242,
        38.457651992570284,
        1537.771118164
      ],
      [
        -104.60567840076072,
        38.45774157376236,
        1537.852294922
      ],
      [
        -104.60568943334596,
        38.45783107533425,
        1537.948486328
      ],
      [
        -104.60570513316382,
        38.45792016309887,
        1538.079833984
      ],
      [
        -104.6057208329817,
        38.45800925086349,
        1538.169921875
      ],
      [
        -104.60573653279957,
        38.45809833862811,
        1538.272460938
      ],
      [
        -104.60575223261743,
        38.45818742639273,
        1538.473999023
      ],
      [
        -104.6057679324353,
        38.45827651415736,
        1538.565185547
      ],
      [
        -104.6057887492371,
        38.45836491701039,
        1538.66796875
      ],
      [
        -104.60581173095059,
        38.4584530300886,
        1538.835571289
      ],
      [
        -104.60583471266408,
        38.45854114316681,
        1538.915649414
      ],
      [
        -104.60585769437756,
        38.458629256245025,
        1539.044433594
      ],
      [
        -104.60588067609105,
        38.45871736932324,
        1539.109375
      ],
      [
        -104.60590365780453,
        38.458805482401445,
        1539.215576172
      ]
    ]
  },
  "properties": {
    "relation_id": -1,
    "relation_tags": {
      "line_group": "5"
    },
    "length_m": 21893.542901824007,
    "num_vertices": 2199,
    "maxspeed_coverage": 1.0,
    "is_service": false,
    "service_kind": null,
    "line_group": 5,
    "group_order": null,
    "used_way_ids": [
      99090997,
      170696256,
      170696257,
      261991103,
      261991104,
      261994324,
      261994328,
      781163315,
      781163316,
      1064111837
    ],
    "n_gaps": 0,
    "n_branches": 0,
    "dropped_way_ids": [],
    "order": [],
    "s_m": [
      0.0,
      10.0,
      20.0,
      30.0,
      40.0,
      50.0,
      60.0,
      70.0,
      80.0,
      90.0,
      100.0,
      110.0,
      120.0,
      130.0,
      140.0,
      150.0,
      160.0,
      170.0,
      180.0,
      190.0,
      200.0,
      210.0,
      220.0,
      230.0,
      240.0,
      250.0,
      260.0,
      270.0,
      280.0,
      290.0,
      300.0,
      310.0,
      320.0,
      330.0,
      340.0,
      350.0,
      360.0,
      370.0,
      380.0,
      390.0,
      400.0,
      410.0,
      420.0,
      430.0,
      440.0,
      450.0,
      460.0,
      470.0,
      480.0,
      490.0,
      500.0,
      510.0,
      520.0,
      530.0,
      540.0,
      550.0,
      560.0,
      570.0,
      580.0,
      590.0,
      600.0,
      610.0,
      620.0,
      630.0,
      640.0,
      650.0,
      660.0,
      670.0,
      680.0,
      690.0,
      700.0,
      710.0,
      720.0,
      730.0,
      740.0,
      750.0,
      760.0,
      770.0,
      780.0,
      790.0,
      800.0,
      810.0,
      820.0,
      830.0,
      840.0,
      850.0,
      860.0,
      870.0,
      880.0,
      890.0,
      900.0,
      910.0,
      920.0,
      930.0,
      940.0,
      950.0,
      960.0,
      970.0,
      980.0,
      990.0,
      1000.0,
      1010.0,
      1020.0,
      1030.0,
      1040.0,
      1050.0,
      1060.0,
      1070.0,
      1080.0,
      1090.0,
      1100.0,
      1110.0,
      1120.0,
      1130.0,
      1140.0,
      1150.0,
      1160.0,
      1170.0,
      1180.0,
      1190.0,
      1200.0,
      1210.0,
      1220.0,
      1230.0,
      1240.0,
      1250.0,
      1260.0,
      1270.0,
      1280.0,
      1290.0,
      1300.0,
      1310.0,
      1320.0,
      1330.0,
      1340.0,
      1350.0,
      1360.0,
      1370.0,
      1380.0,
      1390.0,
      1400.0,
      1410.0,
      1420.0,
      1430.0,
      1440.0,
      1450.0,
      1460.0,
      1470.0,
      1480.0,
      1490.0,
      1500.0,
      1510.0,
      1520.0,
      1530.0,
      1540.0,
      1550.0,
      1560.0,
      1570.0,
      1580.0,
      1590.0,
      1600.0,
      1610.0,
      1620.0,
      1630.0,
      1640.0,
      1650.0,
      1660.0,
      1670.0,
      1680.0,
      1690.0,
      1700.0,
      1710.0,
      1720.0,
      1730.0,
      1740.0,
      1750.0,
      1760.0,
      1770.0,
      1780.0,
      1790.0,
      1800.0,
      1810.0,
      1820.0,
      1830.0,
      1840.0,
      1850.0,
      1860.0,
      1870.0,
      1880.0,
      1890.0,
      1900.0,
      1910.0,
      1920.0,
      1930.0,
      1940.0,
      1950.0,
      1960.0,
      1970.0,
      1980.0,
      1990.0,
      2000.0,
      2010.0,
      2020.0,
      2030.0,
      2040.0,
      2050.0,
      2060.0,
      2070.0,
      2080.0,
      2090.0,
      2100.0,
      2110.0,
      2120.0,
      2130.0,
      2140.0,
      2150.0,
      2160.0,
      2170.0,
      2180.0,
      2190.0,
      2200.0,
      2210.0,
      2220.0,
      2230.0,
      2240.0,
      2250.0,
      2260.0,
      2270.0,
      2280.0,
      2290.0,
      2300.0,
      2310.0,
      2320.0,
      2330.0,
      2340.0,
      2350.0,
      2360.0,
      2370.0,
      2380.0,
      2390.0,
      2400.0,
      2410.0,
      2420.0,
      2430.0,
      2440.0,
      2450.0,
      2460.0,
      2470.0,
      2480.0,
      2490.0,
      2500.0,
      2510.0,
      2520.0,
      2530.0,
      2540.0,
      2550.0,
      2560.0,
      2570.0,
      2580.0,
      2590.0,
      2600.0,
      2610.0,
      2620.0,
      2630.0,
      2640.0,
      2650.0,
      2660.0,
      2670.0,
      2680.0,
      2690.0,
      2700.0,
      2710.0,
      2720.0,
      2730.0,
      2740.0,
      2750.0,
      2760.0,
      2770.0,
      2780.0,
      2790.0,
      2800.0,
      2810.0,
      2820.0,
      2830.0,
      2840.0,
      2850.0,
      2860.0,
      2870.0,
      2880.0,
      2890.0,
      2900.0,
      2910.0,
      2920.0,
      2930.0,
      2940.0,
      2950.0,
      2960.0,
      2970.0,
      2980.0,
      2990.0,
      3000.0,
      3010.0,
      3020.0,
      3030.0,
      3040.0,
      3050.0,
      3060.0,
      3070.0,
      3080.0,
      3090.0,
      3100.0,
      3110.0,
      3120.0,
      3130.0,
      3140.0,
      3150.0,
      3160.0,
      3170.0,
      3180.0,
      3190.0,
      3200.0,
      3210.0,
      3220.0,
      3230.0,
      3240.0,
      3250.0,
      3260.0,
      3270.0,
      3280.0,
      3290.0,
      3300.0,
      3310.0,
      3320.0,
      3330.0,
      3340.0,
      3350.0,
      3360.0,
      3370.0,
      3380.0,
      3390.0,
      3400.0,
      3410.0,
      3420.0,
      3430.0,
      3440.0,
      3450.0,
      3460.0,
      3470.0,
      3480.0,
      3490.0,
      3500.0,
      3510.0,
      3520.0,
      3530.0,
      3540.0,
      3550.0,
      3560.0,
      3570.0,
      3580.0,
      3590.0,
      3600.0,
      3610.0,
      3620.0,
      3630.0,
      3634.665543,
      3640.0,
      3650.0,
      3660.0,
      3670.0,
      3680.0,
      3690.0,
      3700.0,
      3707.541478,
      3710.0,
      3720.0,
      3730.0,
      3740.0,
      3750.0,
      3760.0,
      3770.0,
      3780.0,
      3790.0,
      3800.0,
      3810.0,
      3820.0,
      3830.0,
      3840.0,
      3850.0,
      3860.0,
      3870.0,
      3880.0,
      3890.0,
      3900.0,
      3910.0,
      3920.0,
      3930.0,
      3940.0,
      3950.0,
      3960.0,
      3970.0,
      3980.0,
      3990.0,
      4000.0,
      4010.0,
      4020.0,
      4030.0,
      4040.0,
      4050.0,
      4060.0,
      4070.0,
      4080.0,
      4090.0,
      4100.0,
      4110.0,
      4120.0,
      4130.0,
      4140.0,
      4150.0,
      4160.0,
      4170.0,
      4180.0,
      4190.0,
      4200.0,
      4210.0,
      4220.0,
      4230.0,
      4240.0,
      4250.0,
      4260.0,
      4270.0,
      4280.0,
      4290.0,
      4300.0,
      4310.0,
      4320.0,
      4330.0,
      4340.0,
      4350.0,
      4360.0,
      4370.0,
      4380.0,
      4390.0,
      4400.0,
      4410.0,
      4420.0,
      4430.0,
      4440.0,
      4450.0,
      4460.0,
      4470.0,
      4480.0,
      4490.0,
      4500.0,
      4510.0,
      4520.0,
      4530.0,
      4540.0,
      4550.0,
      4560.0,
      4570.0,
      4580.0,
      4590.0,
      4600.0,
      4610.0,
      4620.0,
      4630.0,
      4640.0,
      4650.0,
      4660.0,
      4670.0,
      4680.0,
      4690.0,
      4700.0,
      4710.0,
      4720.0,
      4730.0,
      4740.0,
      4750.0,
      4760.0,
      4770.0,
      4780.0,
      4790.0,
      4800.0,
      4810.0,
      4820.0,
      4830.0,
      4840.0,
      4850.0,
      4860.0,
      4870.0,
      4880.0,
      4890.0,
      4900.0,
      4910.0,
      4920.0,
      4930.0,
      4940.0,
      4950.0,
      4960.0,
      4970.0,
      4980.0,
      4990.0,
      5000.0,
      5010.0,
      5020.0,
      5030.0,
      5040.0,
      5050.0,
      5060.0,
      5070.0,
      5080.0,
      5090.0,
      5100.0,
      5110.0,
      5120.0,
      5130.0,
      5140.0,
      5150.0,
      5160.0,
      5170.0,
      5180.0,
      5190.0,
      5199.559644,
      5200.0,
      5210.0,
      5220.0,
      5230.0,
      5240.0,
      5250.0,
      5260.0,
      5270.0,
      5280.0,
      5290.0,
      5300.0,
      5310.0,
      5320.0,
      5330.0,
      5340.0,
      5350.0,
      5360.0,
      5370.0,
      5380.0,
      5390.0,
      5400.0,
      5410.0,
      5420.0,
      5430.0,
      5440.0,
      5450.0,
      5460.0,
      5470.0,
      5480.0,
      5490.0,
      5500.0,
      5510.0,
      5520.0,
      5530.0,
      5540.0,
      5550.0,
      5560.0,
      5570.0,
      5580.0,
      5590.0,
      5600.0,
      5610.0,
      5620.0,
      5630.0,
      5640.0,
      5650.0,
      5660.0,
      5670.0,
      5680.0,
      5690.0,
      5700.0,
      5710.0,
      5720.0,
      5730.0,
      5740.0,
      5750.0,
      5760.0,
      5770.0,
      5780.0,
      5790.0,
      5800.0,
      5810.0,
      5820.0,
      5830.0,
      5840.0,
      5850.0,
      5860.0,
      5870.0,
      5880.0,
      5890.0,
      5900.0,
      5910.0,
      5920.0,
      5930.0,
      5940.0,
      5950.0,
      5960.0,
      5970.0,
      5980.0,
      5990.0,
      6000.0,
      6010.0,
      6020.0,
      6030.0,
      6040.0,
      6050.0,
      6060.0,
      6070.0,
      6080.0,
      6090.0,
      6100.0,
      6110.0,
      6120.0,
      6130.0,
      6140.0,
      6150.0,
      6160.0,
      6170.0,
      6180.0,
      6190.0,
      6200.0,
      6210.0,
      6220.0,
      6230.0,
      6240.0,
      6250.0,
      6260.0,
      6270.0,
      6280.0,
      6290.0,
      6300.0,
      6310.0,
      6320.0,
      6330.0,
      6340.0,
      6350.0,
      6360.0,
      6370.0,
      6380.0,
      6390.0,
      6400.0,
      6410.0,
      6420.0,
      6430.0,
      6440.0,
      6450.0,
      6460.0,
      6470.0,
      6480.0,
      6490.0,
      6500.0,
      6510.0,
      6520.0,
      6530.0,
      6540.0,
      6550.0,
      6560.0,
      6570.0,
      6580.0,
      6590.0,
      6600.0,
      6610.0,
      6620.0,
      6630.0,
      6640.0,
      6650.0,
      6660.0,
      6670.0,
      6680.0,
      6690.0,
      6700.0,
      6710.0,
      6720.0,
      6730.0,
      6740.0,
      6750.0,
      6760.0,
      6770.0,
      6780.0,
      6790.0,
      6800.0,
      6810.0,
      6820.0,
      6830.0,
      6840.0,
      6850.0,
      6860.0,
      6870.0,
      6880.0,
      6890.0,
      6900.0,
      6910.0,
      6920.0,
      6930.0,
      6940.0,
      6950.0,
      6960.0,
      6970.0,
      6980.0,
      6990.0,
      7000.0,
      7010.0,
      7020.0,
      7030.0,
      7040.0,
      7050.0,
      7060.0,
      7070.0,
      7080.0,
      7090.0,
      7100.0,
      7110.0,
      7120.0,
      7130.0,
      7140.0,
      7150.0,
      7160.0,
      7170.0,
      7180.0,
      7190.0,
      7200.0,
      7210.0,
      7220.0,
      7230.0,
      7240.0,
      7250.0,
      7260.0,
      7270.0,
      7280.0,
      7290.0,
      7300.0,
      7310.0,
      7320.0,
      7330.0,
      7340.0,
      7350.0,
      7360.0,
      7370.0,
      7380.0,
      7390.0,
      7400.0,
      7410.0,
      7420.0,
      7430.0,
      7440.0,
      7450.0,
      7460.0,
      7470.0,
      7480.0,
      7490.0,
      7500.0,
      7510.0,
      7520.0,
      7530.0,
      7540.0,
      7550.0,
      7560.0,
      7570.0,
      7580.0,
      7590.0,
      7600.0,
      7610.0,
      7620.0,
      7630.0,
      7640.0,
      7650.0,
      7660.0,
      7670.0,
      7680.0,
      7690.0,
      7700.0,
      7710.0,
      7720.0,
      7730.0,
      7740.0,
      7750.0,
      7760.0,
      7770.0,
      7780.0,
      7790.0,
      7800.0,
      7810.0,
      7820.0,
      7830.0,
      7840.0,
      7850.0,
      7860.0,
      7870.0,
      7880.0,
      7890.0,
      7900.0,
      7910.0,
      7920.0,
      7930.0,
      7940.0,
      7950.0,
      7960.0,
      7970.0,
      7980.0,
      7990.0,
      8000.0,
      8010.0,
      8020.0,
      8030.0,
      8040.0,
      8050.0,
      8060.0,
      8070.0,
      8080.0,
      8090.0,
      8100.0,
      8110.0,
      8120.0,
      8130.0,
      8140.0,
      8150.0,
      8160.0,
      8170.0,
      8180.0,
      8190.0,
      8200.0,
      8210.0,
      8220.0,
      8230.0,
      8240.0,
      8250.0,
      8260.0,
      8270.0,
      8280.0,
      8290.0,
      8300.0,
      8310.0,
      8320.0,
      8330.0,
      8340.0,
      8350.0,
      8360.0,
      8370.0,
      8380.0,
      8390.0,
      8400.0,
      8410.0,
      8420.0,
      8430.0,
      8440.0,
      8450.0,
      8460.0,
      8470.0,
      8480.0,
      8490.0,
      8500.0,
      8510.0,
      8520.0,
      8530.0,
      8540.0,
      8550.0,
      8560.0,
      8570.0,
      8580.0,
      8590.0,
      8600.0,
      8610.0,
      8620.0,
      8630.0,
      8640.0,
      8650.0,
      8660.0,
      8670.0,
      8680.0,
      8690.0,
      8700.0,
      8710.0,
      8720.0,
      8730.0,
      8740.0,
      8750.0,
      8760.0,
      8770.0,
      8780.0,
      8790.0,
      8800.0,
      8810.0,
      8820.0,
      8830.0,
      8840.0,
      8850.0,
      8860.0,
      8870.0,
      8880.0,
      8890.0,
      8900.0,
      8910.0,
      8920.0,
      8930.0,
      8940.0,
      8950.0,
      8960.0,
      8970.0,
      8980.0,
      8990.0,
      9000.0,
      9010.0,
      9020.0,
      9030.0,
      9040.0,
      9050.0,
      9060.0,
      9070.0,
      9080.0,
      9090.0,
      9100.0,
      9110.0,
      9120.0,
      9130.0,
      9140.0,
      9150.0,
      9160.0,
      9170.0,
      9180.0,
      9190.0,
      9200.0,
      9210.0,
      9220.0,
      9230.0,
      9240.0,
      9250.0,
      9260.0,
      9270.0,
      9280.0,
      9290.0,
      9300.0,
      9310.0,
      9320.0,
      9330.0,
      9340.0,
      9350.0,
      9360.0,
      9370.0,
      9380.0,
      9390.0,
      9400.0,
      9410.0,
      9420.0,
      9430.0,
      9440.0,
      9450.0,
      9460.0,
      9470.0,
      9480.0,
      9490.0,
      9500.0,
      9510.0,
      9520.0,
      9530.0,
      9540.0,
      9550.0,
      9560.0,
      9570.0,
      9580.0,
      9590.0,
      9600.0,
      9610.0,
      9620.0,
      9630.0,
      9640.0,
      9650.0,
      9660.0,
      9670.0,
      9680.0,
      9690.0,
      9700.0,
      9710.0,
      9720.0,
      9730.0,
      9740.0,
      9750.0,
      9760.0,
      9770.0,
      9780.0,
      9790.0,
      9800.0,
      9810.0,
      9820.0,
      9830.0,
      9840.0,
      9850.0,
      9860.0,
      9870.0,
      9880.0,
      9890.0,
      9900.0,
      9910.0,
      9920.0,
      9930.0,
      9940.0,
      9950.0,
      9960.0,
      9970.0,
      9980.0,
      9990.0,
      10000.0,
      10010.0,
      10020.0,
      10030.0,
      10040.0,
      10050.0,
      10060.0,
      10070.0,
      10080.0,
      10090.0,
      10100.0,
      10110.0,
      10120.0,
      10130.0,
      10140.0,
      10150.0,
      10160.0,
      10170.0,
      10180.0,
      10190.0,
      10200.0,
      10210.0,
      10220.0,
      10230.0,
      10240.0,
      10250.0,
      10260.0,
      10270.0,
      10280.0,
      10290.0,
      10300.0,
      10310.0,
      10320.0,
      10330.0,
      10340.0,
      10350.0,
      10360.0,
      10370.0,
      10380.0,
      10390.0,
      10400.0,
      10410.0,
      10420.0,
      10430.0,
      10440.0,
      10450.0,
      10460.0,
      10470.0,
      10480.0,
      10490.0,
      10500.0,
      10510.0,
      10520.0,
      10530.0,
      10540.0,
      10550.0,
      10560.0,
      10570.0,
      10580.0,
      10590.0,
      10600.0,
      10610.0,
      10620.0,
      10630.0,
      10640.0,
      10650.0,
      10660.0,
      10670.0,
      10680.0,
      10690.0,
      10700.0,
      10710.0,
      10720.0,
      10730.0,
      10740.0,
      10750.0,
      10760.0,
      10770.0,
      10780.0,
      10790.0,
      10800.0,
      10810.0,
      10820.0,
      10830.0,
      10840.0,
      10850.0,
      10860.0,
      10870.0,
      10880.0,
      10890.0,
      10900.0,
      10910.0,
      10920.0,
      10930.0,
      10940.0,
      10950.0,
      10960.0,
      10970.0,
      10980.0,
      10990.0,
      11000.0,
      11010.0,
      11020.0,
      11030.0,
      11040.0,
      11050.0,
      11060.0,
      11070.0,
      11080.0,
      11090.0,
      11100.0,
      11110.0,
      11120.0,
      11130.0,
      11140.0,
      11150.0,
      11160.0,
      11170.0,
      11180.0,
      11190.0,
      11200.0,
      11210.0,
      11220.0,
      11230.0,
      11240.0,
      11250.0,
      11260.0,
      11270.0,
      11280.0,
      11290.0,
      11300.0,
      11310.0,
      11320.0,
      11330.0,
      11340.0,
      11350.0,
      11360.0,
      11370.0,
      11380.0,
      11390.0,
      11400.0,
      11410.0,
      11420.0,
      11430.0,
      11440.0,
      11450.0,
      11460.0,
      11470.0,
      11480.0,
      11490.0,
      11500.0,
      11510.0,
      11520.0,
      11530.0,
      11540.0,
      11550.0,
      11560.0,
      11570.0,
      11580.0,
      11590.0,
      11600.0,
      11610.0,
      11620.0,
      11630.0,
      11640.0,
      11650.0,
      11660.0,
      11670.0,
      11680.0,
      11690.0,
      11700.0,
      11710.0,
      11720.0,
      11730.0,
      11740.0,
      11750.0,
      11760.0,
      11770.0,
      11780.0,
      11790.0,
      11800.0,
      11810.0,
      11820.0,
      11830.0,
      11840.0,
      11850.0,
      11860.0,
      11870.0,
      11880.0,
      11890.0,
      11900.0,
      11910.0,
      11920.0,
      11930.0,
      11940.0,
      11950.0,
      11960.0,
      11970.0,
      11980.0,
      11990.0,
      12000.0,
      12010.0,
      12020.0,
      12030.0,
      12040.0,
      12050.0,
      12060.0,
      12070.0,
      12080.0,
      12090.0,
      12100.0,
      12110.0,
      12120.0,
      12130.0,
      12140.0,
      12150.0,
      12160.0,
      12170.0,
      12180.0,
      12190.0,
      12200.0,
      12210.0,
      12220.0,
      12230.0,
      12240.0,
      12250.0,
      12260.0,
      12270.0,
      12280.0,
      12290.0,
      12300.0,
      12310.0,
      12320.0,
      12330.0,
      12340.0,
      12350.0,
      12360.0,
      12370.0,
      12380.0,
      12390.0,
      12400.0,
      12410.0,
      12420.0,
      12430.0,
      12440.0,
      12450.0,
      12460.0,
      12470.0,
      12480.0,
      12490.0,
      12490.958214,
      12500.0,
      12510.0,
      12520.0,
      12530.0,
      12540.0,
      12550.0,
      12560.0,
      12570.0,
      12580.0,
      12590.0,
      12600.0,
      12605.439162,
      12610.0,
      12620.0,
      12630.0,
      12640.0,
      12650.0,
      12660.0,
      12670.0,
      12680.0,
      12690.0,
      12700.0,
      12710.0,
      12720.0,
      12730.0,
      12740.0,
      12750.0,
      12760.0,
      12770.0,
      12780.0,
      12790.0,
      12800.0,
      12810.0,
      12820.0,
      12830.0,
      12840.0,
      12850.0,
      12860.0,
      12870.0,
      12880.0,
      12890.0,
      12900.0,
      12910.0,
      12920.0,
      12930.0,
      12940.0,
      12950.0,
      12960.0,
      12970.0,
      12980.0,
      12990.0,
      13000.0,
      13010.0,
      13020.0,
      13030.0,
      13040.0,
      13050.0,
      13060.0,
      13070.0,
      13080.0,
      13090.0,
      13100.0,
      13110.0,
      13120.0,
      13130.0,
      13140.0,
      13150.0,
      13160.0,
      13170.0,
      13180.0,
      13190.0,
      13200.0,
      13210.0,
      13220.0,
      13230.0,
      13240.0,
      13250.0,
      13260.0,
      13270.0,
      13280.0,
      13290.0,
      13300.0,
      13310.0,
      13320.0,
      13330.0,
      13340.0,
      13350.0,
      13360.0,
      13370.0,
      13380.0,
      13390.0,
      13400.0,
      13410.0,
      13420.0,
      13430.0,
      13440.0,
      13450.0,
      13460.0,
      13470.0,
      13480.0,
      13490.0,
      13500.0,
      13510.0,
      13520.0,
      13530.0,
      13540.0,
      13550.0,
      13560.0,
      13570.0,
      13580.0,
      13590.0,
      13600.0,
      13610.0,
      13620.0,
      13630.0,
      13640.0,
      13650.0,
      13660.0,
      13670.0,
      13680.0,
      13690.0,
      13700.0,
      13710.0,
      13720.0,
      13730.0,
      13740.0,
      13750.0,
      13760.0,
      13770.0,
      13780.0,
      13790.0,
      13800.0,
      13810.0,
      13820.0,
      13830.0,
      13840.0,
      13850.0,
      13860.0,
      13870.0,
      13880.0,
      13890.0,
      13900.0,
      13910.0,
      13920.0,
      13930.0,
      13940.0,
      13950.0,
      13960.0,
      13970.0,
      13980.0,
      13990.0,
      14000.0,
      14010.0,
      14020.0,
      14030.0,
      14040.0,
      14050.0,
      14060.0,
      14070.0,
      14080.0,
      14090.0,
      14100.0,
      14110.0,
      14120.0,
      14130.0,
      14140.0,
      14150.0,
      14160.0,
      14170.0,
      14180.0,
      14190.0,
      14200.0,
      14210.0,
      14220.0,
      14230.0,
      14240.0,
      14250.0,
      14260.0,
      14270.0,
      14280.0,
      14290.0,
      14300.0,
      14310.0,
      14320.0,
      14330.0,
      14340.0,
      14350.0,
      14360.0,
      14370.0,
      14380.0,
      14390.0,
      14400.0,
      14410.0,
      14420.0,
      14430.0,
      14440.0,
      14450.0,
      14460.0,
      14470.0,
      14480.0,
      14490.0,
      14500.0,
      14510.0,
      14520.0,
      14530.0,
      14540.0,
      14550.0,
      14560.0,
      14570.0,
      14580.0,
      14590.0,
      14600.0,
      14610.0,
      14620.0,
      14630.0,
      14640.0,
      14650.0,
      14660.0,
      14670.0,
      14680.0,
      14690.0,
      14700.0,
      14710.0,
      14720.0,
      14730.0,
      14740.0,
      14750.0,
      14760.0,
      14770.0,
      14780.0,
      14790.0,
      14800.0,
      14810.0,
      14820.0,
      14830.0,
      14840.0,
      14850.0,
      14860.0,
      14870.0,
      14880.0,
      14890.0,
      14900.0,
      14910.0,
      14920.0,
      14930.0,
      14940.0,
      14950.0,
      14960.0,
      14970.0,
      14980.0,
      14990.0,
      15000.0,
      15010.0,
      15020.0,
      15030.0,
      15040.0,
      15050.0,
      15060.0,
      15070.0,
      15080.0,
      15090.0,
      15100.0,
      15110.0,
      15120.0,
      15130.0,
      15140.0,
      15150.0,
      15160.0,
      15170.0,
      15180.0,
      15190.0,
      15200.0,
      15210.0,
      15220.0,
      15230.0,
      15240.0,
      15250.0,
      15260.0,
      15270.0,
      15280.0,
      15290.0,
      15300.0,
      15310.0,
      15320.0,
      15330.0,
      15340.0,
      15350.0,
      15360.0,
      15370.0,
      15380.0,
      15390.0,
      15400.0,
      15410.0,
      15420.0,
      15430.0,
      15440.0,
      15450.0,
      15460.0,
      15470.0,
      15480.0,
      15490.0,
      15500.0,
      15510.0,
      15520.0,
      15530.0,
      15540.0,
      15550.0,
      15560.0,
      15570.0,
      15580.0,
      15590.0,
      15600.0,
      15610.0,
      15620.0,
      15630.0,
      15640.0,
      15650.0,
      15660.0,
      15670.0,
      15680.0,
      15690.0,
      15700.0,
      15710.0,
      15720.0,
      15730.0,
      15740.0,
      15750.0,
      15760.0,
      15770.0,
      15780.0,
      15790.0,
      15800.0,
      15810.0,
      15820.0,
      15830.0,
      15840.0,
      15850.0,
      15860.0,
      15870.0,
      15880.0,
      15890.0,
      15900.0,
      15910.0,
      15920.0,
      15930.0,
      15940.0,
      15950.0,
      15960.0,
      15970.0,
      15980.0,
      15990.0,
      16000.0,
      16010.0,
      16020.0,
      16030.0,
      16040.0,
      16050.0,
      16054.319586,
      16060.0,
      16070.0,
      16080.0,
      16090.0,
      16100.0,
      16110.0,
      16120.0,
      16130.0,
      16140.0,
      16150.0,
      16159.65321,
      16160.0,
      16170.0,
      16180.0,
      16190.0,
      16200.0,
      16210.0,
      16220.0,
      16230.0,
      16240.0,
      16250.0,
      16260.0,
      16270.0,
      16280.0,
      16290.0,
      16300.0,
      16310.0,
      16320.0,
      16330.0,
      16340.0,
      16350.0,
      16360.0,
      16370.0,
      16380.0,
      16390.0,
      16400.0,
      16410.0,
      16420.0,
      16430.0,
      16440.0,
      16450.0,
      16460.0,
      16470.0,
      16480.0,
      16490.0,
      16500.0,
      16510.0,
      16520.0,
      16530.0,
      16540.0,
      16550.0,
      16560.0,
      16570.0,
      16580.0,
      16590.0,
      16600.0,
      16610.0,
      16620.0,
      16630.0,
      16640.0,
      16650.0,
      16660.0,
      16670.0,
      16680.0,
      16690.0,
      16700.0,
      16710.0,
      16720.0,
      16730.0,
      16740.0,
      16750.0,
      16760.0,
      16770.0,
      16780.0,
      16790.0,
      16800.0,
      16810.0,
      16820.0,
      16830.0,
      16840.0,
      16850.0,
      16860.0,
      16870.0,
      16880.0,
      16890.0,
      16900.0,
      16910.0,
      16920.0,
      16930.0,
      16940.0,
      16950.0,
      16960.0,
      16970.0,
      16980.0,
      16990.0,
      17000.0,
      17010.0,
      17020.0,
      17030.0,
      17040.0,
      17050.0,
      17060.0,
      17070.0,
      17080.0,
      17090.0,
      17100.0,
      17110.0,
      17120.0,
      17130.0,
      17140.0,
      17150.0,
      17160.0,
      17170.0,
      17180.0,
      17190.0,
      17200.0,
      17210.0,
      17220.0,
      17230.0,
      17240.0,
      17250.0,
      17260.0,
      17270.0,
      17280.0,
      17290.0,
      17300.0,
      17310.0,
      17320.0,
      17330.0,
      17340.0,
      17350.0,
      17360.0,
      17370.0,
      17380.0,
      17390.0,
      17400.0,
      17410.0,
      17420.0,
      17430.0,
      17440.0,
      17450.0,
      17460.0,
      17470.0,
      17480.0,
      17490.0,
      17500.0,
      17510.0,
      17520.0,
      17530.0,
      17540.0,
      17550.0,
      17560.0,
      17570.0,
      17580.0,
      17590.0,
      17600.0,
      17610.0,
      17620.0,
      17630.0,
      17640.0,
      17650.0,
      17660.0,
      17670.0,
      17680.0,
      17690.0,
      17700.0,
      17710.0,
      17720.0,
      17730.0,
      17740.0,
      17750.0,
      17760.0,
      17770.0,
      17780.0,
      17790.0,
      17800.0,
      17810.0,
      17820.0,
      17830.0,
      17840.0,
      17850.0,
      17860.0,
      17870.0,
      17880.0,
      17890.0,
      17900.0,
      17910.0,
      17920.0,
      17930.0,
      17940.0,
      17950.0,
      17960.0,
      17970.0,
      17980.0,
      17990.0,
      18000.0,
      18010.0,
      18020.0,
      18030.0,
      18040.0,
      18050.0,
      18060.0,
      18070.0,
      18080.0,
      18090.0,
      18100.0,
      18110.0,
      18120.0,
      18130.0,
      18140.0,
      18150.0,
      18160.0,
      18170.0,
      18180.0,
      18190.0,
      18200.0,
      18210.0,
      18220.0,
      18230.0,
      18240.0,
      18250.0,
      18260.0,
      18270.0,
      18280.0,
      18290.0,
      18300.0,
      18310.0,
      18320.0,
      18330.0,
      18340.0,
      18350.0,
      18360.0,
      18370.0,
      18380.0,
      18390.0,
      18400.0,
      18410.0,
      18420.0,
      18430.0,
      18440.0,
      18450.0,
      18460.0,
      18470.0,
      18480.0,
      18490.0,
      18500.0,
      18510.0,
      18520.0,
      18530.0,
      18540.0,
      18550.0,
      18560.0,
      18570.0,
      18580.0,
      18590.0,
      18600.0,
      18610.0,
      18620.0,
      18630.0,
      18640.0,
      18650.0,
      18660.0,
      18670.0,
      18680.0,
      18690.0,
      18700.0,
      18710.0,
      18720.0,
      18730.0,
      18740.0,
      18750.0,
      18760.0,
      18770.0,
      18780.0,
      18790.0,
      18800.0,
      18810.0,
      18820.0,
      18830.0,
      18840.0,
      18850.0,
      18860.0,
      18870.0,
      18880.0,
      18890.0,
      18900.0,
      18910.0,
      18920.0,
      18930.0,
      18940.0,
      18950.0,
      18960.0,
      18970.0,
      18980.0,
      18990.0,
      19000.0,
      19010.0,
      19020.0,
      19030.0,
      19040.0,
      19050.0,
      19060.0,
      19070.0,
      19080.0,
      19090.0,
      19100.0,
      19110.0,
      19120.0,
      19130.0,
      19140.0,
      19150.0,
      19160.0,
      19170.0,
      19180.0,
      19190.0,
      19200.0,
      19210.0,
      19220.0,
      19230.0,
      19240.0,
      19250.0,
      19260.0,
      19270.0,
      19280.0,
      19290.0,
      19300.0,
      19310.0,
      19320.0,
      19330.0,
      19340.0,
      19350.0,
      19360.0,
      19370.0,
      19380.0,
      19390.0,
      19400.0,
      19410.0,
      19420.0,
      19430.0,
      19440.0,
      19450.0,
      19460.0,
      19470.0,
      19480.0,
      19490.0,
      19500.0,
      19510.0,
      19520.0,
      19530.0,
      19540.0,
      19550.0,
      19560.0,
      19570.0,
      19580.0,
      19590.0,
      19600.0,
      19610.0,
      19620.0,
      19630.0,
      19640.0,
      19650.0,
      19660.0,
      19670.0,
      19680.0,
      19690.0,
      19700.0,
      19710.0,
      19712.116345,
      19720.0,
      19730.0,
      19740.0,
      19750.0,
      19760.0,
      19770.0,
      19780.0,
      19790.0,
      19800.0,
      19810.0,
      19820.0,
      19830.0,
      19840.0,
      19850.0,
      19860.0,
      19870.0,
      19880.0,
      19890.0,
      19900.0,
      19910.0,
      19920.0,
      19930.0,
      19940.0,
      19950.0,
      19960.0,
      19970.0,
      19980.0,
      19990.0,
      20000.0,
      20010.0,
      20020.0,
      20030.0,
      20040.0,
      20050.0,
      20060.0,
      20070.0,
      20080.0,
      20090.0,
      20100.0,
      20110.0,
      20120.0,
      20130.0,
      20140.0,
      20150.0,
      20160.0,
      20170.0,
      20180.0,
      20190.0,
      20200.0,
      20210.0,
      20220.0,
      20230.0,
      20240.0,
      20250.0,
      20260.0,
      20270.0,
      20280.0,
      20290.0,
      20300.0,
      20310.0,
      20320.0,
      20330.0,
      20336.432763,
      20340.0,
      20350.0,
      20360.0,
      20370.0,
      20380.0,
      20390.0,
      20400.0,
      20410.0,
      20420.0,
      20430.0,
      20440.0,
      20450.0,
      20460.0,
      20470.0,
      20480.0,
      20490.0,
      20500.0,
      20510.0,
      20520.0,
      20530.0,
      20540.0,
      20550.0,
      20560.0,
      20570.0,
      20580.0,
      20590.0,
      20600.0,
      20610.0,
      20620.0,
      20630.0,
      20640.0,
      20650.0,
      20660.0,
      20670.0,
      20680.0,
      20690.0,
      20700.0,
      20710.0,
      20720.0,
      20730.0,
      20740.0,
      20750.0,
      20760.0,
      20770.0,
      20780.0,
      20790.0,
      20800.0,
      20810.0,
      20820.0,
      20830.0,
      20840.0,
      20850.0,
      20860.0,
      20870.0,
      20880.0,
      20890.0,
      20900.0,
      20910.0,
      20920.0,
      20930.0,
      20940.0,
      20950.0,
      20960.0,
      20970.0,
      20980.0,
      20990.0,
      21000.0,
      21010.0,
      21020.0,
      21030.0,
      21040.0,
      21050.0,
      21060.0,
      21070.0,
      21080.0,
      21090.0,
      21100.0,
      21110.0,
      21120.0,
      21130.0,
      21140.0,
      21150.0,
      21160.0,
      21170.0,
      21180.0,
      21190.0,
      21200.0,
      21210.0,
      21220.0,
      21230.0,
      21240.0,
      21250.0,
      21260.0,
      21270.0,
      21280.0,
      21290.0,
      21300.0,
      21310.0,
      21320.0,
      21330.0,
      21340.0,
      21350.0,
      21360.0,
      21370.0,
      21380.0,
      21390.0,
      21400.0,
      21410.0,
      21420.0,
      21430.0,
      21440.0,
      21450.0,
      21460.0,
      21470.0,
      21480.0,
      21490.0,
      21500.0,
      21510.0,
      21520.0,
      21530.0,
      21540.0,
      21550.0,
      21560.0,
      21570.0,
      21580.0,
      21590.0,
      21600.0,
      21610.0,
      21620.0,
      21630.0,
      21640.0,
      21650.0,
      21660.0,
      21670.0,
      21680.0,
      21690.0,
      21700.0,
      21710.0,
      21720.0,
      21730.0,
      21740.0,
      21750.0,
      21760.0,
      21770.0,
      21780.0,
      21790.0,
      21800.0,
      21810.0,
      21820.0,
      21830.0,
      21840.0,
      21850.0,
      21860.0,
      21870.0,
      21880.0,
      21890.0
    ],
    "way_id": [
      99090997,
      99090997,
      99090997,
      99090997,
      99090997,
      99090997,
      99090997,
      99090997,
      99090997,
      99090997,
      99090997,
      99090997,
      99090997,
      99090997,
      99090997,
      99090997,
      99090997,
      99090997,
      99090997,
      99090997,
      99090997,
      99090997,
      99090997,
      99090997,
      99090997,
      99090997,
      99090997,
      99090997,
      99090997,
      99090997,
      99090997,
      99090997,
      99090997,
      99090997,
      99090997,
      99090997,
      99090997,
      99090997,
      99090997,
      99090997,
      99090997,
      99090997,
      99090997,
      99090997,
      99090997,
      99090997,
      99090997,
      99090997,
      99090997,
      99090997,
      99090997,
      99090997,
      99090997,
      99090997,
      99090997,
      99090997,
      99090997,
      99090997,
      99090997,
      99090997,
      99090997,
      99090997,
      99090997,
      99090997,
      99090997,
      99090997,
      99090997,
      99090997,
      99090997,
      99090997,
      99090997,
      99090997,
      99090997,
      99090997,
      99090997,
      99090997,
      99090997,
      99090997,
      99090997,
      99090997,
      99090997,
      99090997,
      99090997,
      99090997,
      99090997,
      99090997,
      99090997,
      99090997,
      99090997,
      99090997,
      99090997,
      99090997,
      99090997,
      99090997,
      99090997,
      99090997,
      99090997,
      99090997,
      99090997,
      99090997,
      99090997,
      99090997,
      99090997,
      99090997,
      99090997,
      99090997,
      99090997,
      99090997,
      99090997,
      99090997,
      99090997,
      99090997,
      99090997,
      99090997,
      99090997,
      99090997,
      99090997,
      99090997,
      99090997,
      99090997,
      99090997,
      99090997,
      99090997,
      99090997,
      99090997,
      99090997,
      99090997,
      99090997,
      99090997,
      99090997,
      99090997,
      99090997,
      99090997,
      99090997,
      99090997,
      99090997,
      99090997,
      99090997,
      99090997,
      99090997,
      99090997,
      99090997,
      99090997,
      99090997,
      99090997,
      99090997,
      99090997,
      99090997,
      99090997,
      99090997,
      99090997,
      99090997,
      99090997,
      99090997,
      99090997,
      99090997,
      99090997,
      99090997,
      99090997,
      99090997,
      99090997,
      99090997,
      99090997,
      99090997,
      99090997,
      99090997,
      99090997,
      99090997,
      99090997,
      99090997,
      99090997,
      99090997,
      99090997,
      99090997,
      99090997,
      99090997,
      99090997,
      99090997,
      99090997,
      99090997,
      99090997,
      99090997,
      99090997,
      99090997,
      99090997,
      99090997,
      99090997,
      99090997,
      99090997,
      99090997,
      99090997,
      99090997,
      99090997,
      99090997,
      99090997,
      99090997,
      99090997,
      99090997,
      99090997,
      99090997,
      99090997,
      99090997,
      99090997,
      99090997,
      99090997,
      99090997,
      99090997,
      99090997,
      99090997,
      99090997,
      99090997,
      99090997,
      99090997,
      99090997,
      99090997,
      99090997,
      99090997,
      99090997,
      99090997,
      99090997,
      99090997,
      99090997,
      99090997,
      99090997,
      99090997,
      99090997,
      99090997,
      99090997,
      99090997,
      99090997,
      99090997,
      99090997,
      99090997,
      99090997,
      99090997,
      99090997,
      99090997,
      99090997,
      99090997,
      99090997,
      99090997,
      99090997,
      99090997,
      99090997,
      99090997,
      99090997,
      99090997,
      99090997,
      99090997,
      99090997,
      99090997,
      99090997,
      99090997,
      99090997,
      99090997,
      99090997,
      99090997,
      99090997,
      99090997,
      99090997,
      99090997,
      99090997,
      99090997,
      99090997,
      99090997,
      99090997,
      99090997,
      99090997,
      99090997,
      99090997,
      99090997,
      99090997,
      99090997,
      99090997,
      99090997,
      99090997,
      99090997,
      99090997,
      99090997,
      99090997,
      99090997,
      99090997,
      99090997,
      99090997,
      99090997,
      99090997,
      99090997,
      99090997,
      99090997,
      99090997,
      99090997,
      99090997,
      99090997,
      99090997,
      99090997,
      99090997,
      99090997,
      99090997,
      99090997,
      99090997,
      99090997,
      99090997,
      99090997,
      99090997,
      99090997,
      99090997,
      99090997,
      99090997,
      99090997,
      99090997,
      99090997,
      99090997,
      99090997,
      99090997,
      99090997,
      99090997,
      99090997,
      99090997,
      99090997,
      99090997,
      99090997,
      99090997,
      99090997,
      99090997,
      99090997,
      99090997,
      99090997,
      99090997,
      99090997,
      99090997,
      99090997,
      99090997,
      99090997,
      99090997,
      99090997,
      99090997,
      99090997,
      99090997,
      99090997,
      99090997,
      99090997,
      99090997,
      99090997,
      99090997,
      99090997,
      99090997,
      99090997,
      99090997,
      99090997,
      99090997,
      99090997,
      99090997,
      99090997,
      99090997,
      99090997,
      99090997,
      99090997,
      99090997,
      99090997,
      99090997,
      99090997,
      99090997,
      99090997,
      99090997,
      261991103,
      261991103,
      261991103,
      261991103,
      261991103,
      261991103,
      261991103,
      261991103,
      261991103,
      1064111837,
      1064111837,
      1064111837,
      1064111837,
      1064111837,
      1064111837,
      1064111837,
      1064111837,
      1064111837,
      1064111837,
      1064111837,
      1064111837,
      1064111837,
      1064111837,
      1064111837,
      1064111837,
      1064111837,
      1064111837,
      1064111837,
      1064111837,
      1064111837,
      1064111837,
      1064111837,
      1064111837,
      1064111837,
      1064111837,
      1064111837,
      1064111837,
      1064111837,
      1064111837,
      1064111837,
      1064111837,
      1064111837,
      1064111837,
      1064111837,
      1064111837,
      1064111837,
      1064111837,
      1064111837,
      1064111837,
      1064111837,
      1064111837,
      1064111837,
      1064111837,
      1064111837,
      1064111837,
      1064111837,
      1064111837,
      1064111837,
      1064111837,
      1064111837,
      1064111837,
      1064111837,
      1064111837,
      1064111837,
      1064111837,
      1064111837,
      1064111837,
      1064111837,
      1064111837,
      1064111837,
      1064111837,
      1064111837,
      1064111837,
      1064111837,
      1064111837,
      1064111837,
      1064111837,
      1064111837,
      1064111837,
      1064111837,
      1064111837,
      1064111837,
      1064111837,
      1064111837,
      1064111837,
      1064111837,
      1064111837,
      1064111837,
      1064111837,
      1064111837,
      1064111837,
      1064111837,
      1064111837,
      1064111837,
      1064111837,
      1064111837,
      1064111837,
      1064111837,
      1064111837,
      1064111837,
      1064111837,
      1064111837,
      1064111837,
      1064111837,
      1064111837,
      1064111837,
      1064111837,
      1064111837,
      1064111837,
      1064111837,
      1064111837,
      1064111837,
      1064111837,
      1064111837,
      1064111837,
      1064111837,
      1064111837,
      1064111837,
      1064111837,
      1064111837,
      1064111837,
      1064111837,
      1064111837,
      1064111837,
      1064111837,
      1064111837,
      1064111837,
      1064111837,
      1064111837,
      1064111837,
      1064111837,
      1064111837,
      1064111837,
      1064111837,
      1064111837,
      1064111837,
      1064111837,
      1064111837,
      1064111837,
      1064111837,
      1064111837,
      1064111837,
      1064111837,
      1064111837,
      1064111837,
      1064111837,
      1064111837,
      1064111837,
      1064111837,
      1064111837,
      1064111837,
      1064111837,
      1064111837,
      1064111837,
      1064111837,
      1064111837,
      1064111837,
      1064111837,
      1064111837,
      261991104,
      261991104,
      261991104,
      261991104,
      261991104,
      261991104,
      261991104,
      261991104,
      261991104,
      261991104,
      261991104,
      261991104,
      261991104,
      261991104,
      261991104,
      261991104,
      261991104,
      261991104,
      261991104,
      261991104,
      261991104,
      261991104,
      261991104,
      261991104,
      261991104,
      261991104,
      261991104,
      261991104,
      261991104,
      261991104,
      261991104,
      261991104,
      261991104,
      261991104,
      261991104,
      261991104,
      261991104,
      261991104,
      261991104,
      261991104,
      261991104,
      261991104,
      261991104,
      261991104,
      261991104,
      261991104,
      261991104,
      261991104,
      261991104,
      261991104,
      261991104,
      261991104,
      261991104,
      261991104,
      261991104,
      261991104,
      261991104,
      261991104,
      261991104,
      261991104,
      261991104,
      261991104,
      261991104,
      261991104,
      261991104,
      261991104,
      261991104,
      261991104,
      261991104,
      261991104,
      261991104,
      261991104,
      261991104,
      261991104,
      261991104,
      261991104,
      261991104,
      261991104,
      261991104,
      261991104,
      261991104,
      261991104,
      261991104,
      261991104,
      261991104,
      261991104,
      261991104,
      261991104,
      261991104,
      261991104,
      261991104,
      261991104,
      261991104,
      261991104,
      261991104,
      261991104,
      261991104,
      261991104,
      261991104,
      261991104,
      261991104,
      261991104,
      261991104,
      261991104,
      261991104,
      261991104,
      261991104,
      261991104,
      261991104,
      261991104,
      261991104,
      261991104,
      261991104,
      261991104,
      261991104,
      261991104,
      261991104,
      261991104,
      261991104,
      261991104,
      261991104,
      261991104,
      261991104,
      261991104,
      261991104,
      261991104,
      261991104,
      261991104,
      261991104,
      261991104,
      261991104,
      261991104,
      261991104,
      261991104,
      261991104,
      261991104,
      261991104,
      261991104,
      261991104,
      261991104,
      261991104,
      261991104,
      261991104,
      261991104,
      261991104,
      261991104,
      261991104,
      261991104,
      261991104,
      261991104,
      261991104,
      261991104,
      261991104,
      261991104,
      261991104,
      261991104,
      261991104,
      261991104,
      261991104,
      261991104,
      261991104,
      261991104,
      261991104,
      261991104,
      261991104,
      261991104,
      261991104,
      261991104,
      261991104,
      261991104,
      261991104,
      261991104,
      261991104,
      261991104,
      261991104,
      261991104,
      261991104,
      261991104,
      261991104,
      261991104,
      261991104,
      261991104,
      261991104,
      261991104,
      261991104,
      261991104,
      261991104,
      261991104,
      261991104,
      261991104,
      261991104,
      261991104,
      261991104,
      261991104,
      261991104,
      261991104,
      261991104,
      261991104,
      261991104,
      261991104,
      261991104,
      261991104,
      261991104,
      261991104,
      261991104,
      261991104,
      261991104,
      261991104,
      261991104,
      261991104,
      261991104,
      261991104,
      261991104,
      261991104,
      261991104,
      261991104,
      261991104,
      261991104,
      261991104,
      261991104,
      261991104,
      261991104,
      261991104,
      261991104,
      261991104,
      261991104,
      261991104,
      261991104,
      261991104,
      261991104,
      261991104,
      261991104,
      261991104,
      261991104,
      261991104,
      261991104,
      261991104,
      261991104,
      261991104,
      261991104,
      261991104,
      261991104,
      261991104,
      261991104,
      261991104,
      261991104,
      261991104,
      261991104,
      261991104,
      261991104,
      261991104,
      261991104,
      261991104,
      261991104,
      261991104,
      261991104,
      261991104,
      261991104,
      261991104,
      261991104,
      261991104,
      261991104,
      261991104,
      261991104,
      261991104,
      261991104,
      261991104,
      261991104,
      261991104,
      261991104,
      261991104,
      261991104,
      261991104,
      261991104,
      261991104,
      261991104,
      261991104,
      261991104,
      261991104,
      261991104,
      261991104,
      261991104,
      261991104,
      261991104,
      261991104,
      261991104,
      261991104,
      261991104,
      261991104,
      261991104,
      261991104,
      261991104,
      261991104,
      261991104,
      261991104,
      261991104,
      261991104,
      261991104,
      261991104,
      261991104,
      261991104,
      261991104,
      261991104,
      261991104,
      261991104,
      261991104,
      261991104,
      261991104,
      261991104,
      261991104,
      261991104,
      261991104,
      261991104,
      261991104,
      261991104,
      261991104,
      261991104,
      261991104,
      261991104,
      261991104,
      261991104,
      261991104,
      261991104,
      261991104,
      261991104,
      261991104,
      261991104,
      261991104,
      261991104,
      261991104,
      261991104,
      261991104,
      261991104,
      261991104,
      261991104,
      261991104,
      261991104,
      261991104,
      261991104,
      261991104,
      261991104,
      261991104,
      261991104,
      261991104,
      261991104,
      261991104,
      261991104,
      261991104,
      261991104,
      261991104,
      261991104,
      261991104,
      261991104,
      261991104,
      261991104,
      261991104,
      261991104,
      261991104,
      261991104,
      261991104,
      261991104,
      261991104,
      261991104,
      261991104,
      261991104,
      261991104,
      261991104,
      261991104,
      261991104,
      261991104,
      261991104,
      261991104,
      261991104,
      261991104,
      261991104,
      261991104,
      261991104,
      261991104,
      261991104,
      261991104,
      261991104,
      261991104,
      261991104,
      261991104,
      261991104,
      261991104,
      261991104,
      261991104,
      261991104,
      261991104,
      261991104,
      261991104,
      261991104,
      261991104,
      261991104,
      261991104,
      261991104,
      261991104,
      261991104,
      261991104,
      261991104,
      261991104,
      261991104,
      261991104,
      261991104,
      261991104,
      261991104,
      261991104,
      261991104,
      261991104,
      261991104,
      261991104,
      261991104,
      261991104,
      261991104,
      261991104,
      261991104,
      261991104,
      261991104,
      261991104,
      261991104,
      261991104,
      261991104,
      261991104,
      261991104,
      261991104,
      261991104,
      261991104,
      261991104,
      261991104,
      261991104,
      261991104,
      261991104,
      261991104,
      261991104,
      261991104,
      261991104,
      261991104,
      261991104,
      261991104,
      261991104,
      261991104,
      261991104,
      261991104,
      261991104,
      261991104,
      261991104,
      261991104,
      261991104,
      261991104,
      261991104,
      261991104,
      261991104,
      261991104,
      261991104,
      261991104,
      261991104,
      261991104,
      261991104,
      261991104,
      261991104,
      261991104,
      261991104,
      261991104,
      261991104,
      261991104,
      261991104,
      261991104,
      261991104,
      261991104,
      261991104,
      261991104,
      261991104,
      261991104,
      261991104,
      261991104,
      261991104,
      261991104,
      261991104,
      261991104,
      261991104,
      261991104,
      261991104,
      261991104,
      261991104,
      261991104,
      261991104,
      261991104,
      261991104,
      261991104,
      261991104,
      261991104,
      261991104,
      261991104,
      261991104,
      261991104,
      261991104,
      261991104,
      261991104,
      261991104,
      261991104,
      261991104,
      261991104,
      261991104,
      261991104,
      261991104,
      261991104,
      261991104,
      261991104,
      261991104,
      261991104,
      261991104,
      261991104,
      261991104,
      261991104,
      261991104,
      261991104,
      261991104,
      261991104,
      261991104,
      261991104,
      261991104,
      261991104,
      261991104,
      261991104,
      261991104,
      261991104,
      261991104,
      261991104,
      261991104,
      261991104,
      261991104,
      261991104,
      261991104,
      261991104,
      261991104,
      261991104,
      261991104,
      261991104,
      261991104,
      261991104,
      261991104,
      261991104,
      261991104,
      261991104,
      261991104,
      261991104,
      261991104,
      261991104,
      261991104,
      261991104,
      261991104,
      261991104,
      261991104,
      261991104,
      261991104,
      261991104,
      261991104,
      261991104,
      261991104,
      261991104,
      261991104,
      261991104,
      261991104,
      261991104,
      261991104,
      261991104,
      261991104,
      261991104,
      261991104,
      261991104,
      261991104,
      261991104,
      261991104,
      261991104,
      261991104,
      261991104,
      261991104,
      261991104,
      261991104,
      261991104,
      261991104,
      261991104,
      261991104,
      261991104,
      261991104,
      261991104,
      261991104,
      261991104,
      261991104,
      261991104,
      261991104,
      261991104,
      261991104,
      261991104,
      261991104,
      261991104,
      261991104,
      261991104,
      261991104,
      261991104,
      261991104,
      261991104,
      261991104,
      261991104,
      261991104,
      261991104,
      261991104,
      261991104,
      261991104,
      261991104,
      261991104,
      261991104,
      261991104,
      261991104,
      261991104,
      261991104,
      261991104,
      261991104,
      261991104,
      261991104,
      261991104,
      261991104,
      261991104,
      261991104,
      261991104,
      261991104,
      261991104,
      261991104,
      261991104,
      261991104,
      261991104,
      261991104,
      261991104,
      261991104,
      261991104,
      261991104,
      261991104,
      261991104,
      261991104,
      261991104,
      261991104,
      261991104,
      261991104,
      261991104,
      261991104,
      261991104,
      261991104,
      261991104,
      261991104,
      261991104,
      261991104,
      261991104,
      261991104,
      261991104,
      261991104,
      261991104,
      261991104,
      261991104,
      261991104,
      261991104,
      261991104,
      261991104,
      261991104,
      261991104,
      261991104,
      261991104,
      261991104,
      261991104,
      261991104,
      261991104,
      261991104,
      261991104,
      261991104,
      261991104,
      261991104,
      261991104,
      261991104,
      261991104,
      261991104,
      261991104,
      261991104,
      261991104,
      261991104,
      261991104,
      261991104,
      261991104,
      261991104,
      261991104,
      261991104,
      261991104,
      261991104,
      261991104,
      261991104,
      261991104,
      261991104,
      261991104,
      261991104,
      261991104,
      261991104,
      261991104,
      261991104,
      261991104,
      261991104,
      261991104,
      261991104,
      261991104,
      261991104,
      261991104,
      261991104,
      261991104,
      261991104,
      261991104,
      261991104,
      261991104,
      261991104,
      261991104,
      261991104,
      261991104,
      261991104,
      261991104,
      261991104,
      261991104,
      261991104,
      261991104,
      261991104,
      261991104,
      261991104,
      261991104,
      261991104,
      170696256,
      170696256,
      170696256,
      170696256,
      170696256,
      170696256,
      170696256,
      170696256,
      170696256,
      170696256,
      170696256,
      170696256,
      170696257,
      170696257,
      170696257,
      170696257,
      170696257,
      170696257,
      170696257,
      170696257,
      170696257,
      170696257,
      170696257,
      170696257,
      170696257,
      170696257,
      170696257,
      170696257,
      170696257,
      170696257,
      170696257,
      170696257,
      170696257,
      170696257,
      170696257,
      170696257,
      170696257,
      170696257,
      170696257,
      170696257,
      170696257,
      170696257,
      170696257,
      170696257,
      170696257,
      170696257,
      170696257,
      170696257,
      170696257,
      170696257,
      170696257,
      170696257,
      170696257,
      170696257,
      170696257,
      170696257,
      170696257,
      170696257,
      170696257,
      170696257,
      170696257,
      170696257,
      170696257,
      170696257,
      170696257,
      170696257,
      170696257,
      170696257,
      170696257,
      170696257,
      170696257,
      170696257,
      170696257,
      170696257,
      170696257,
      170696257,
      170696257,
      170696257,
      170696257,
      170696257,
      170696257,
      170696257,
      170696257,
      170696257,
      170696257,
      170696257,
      170696257,
      170696257,
      170696257,
      170696257,
      170696257,
      170696257,
      170696257,
      170696257,
      170696257,
      170696257,
      170696257,
      170696257,
      170696257,
      170696257,
      170696257,
      170696257,
      170696257,
      170696257,
      170696257,
      170696257,
      170696257,
      170696257,
      170696257,
      170696257,
      170696257,
      170696257,
      170696257,
      170696257,
      170696257,
      170696257,
      170696257,
      170696257,
      170696257,
      170696257,
      170696257,
      170696257,
      170696257,
      170696257,
      170696257,
      170696257,
      170696257,
      170696257,
      170696257,
      170696257,
      170696257,
      170696257,
      170696257,
      170696257,
      170696257,
      170696257,
      170696257,
      170696257,
      170696257,
      170696257,
      170696257,
      170696257,
      170696257,
      170696257,
      170696257,
      170696257,
      170696257,
      170696257,
      170696257,
      170696257,
      170696257,
      170696257,
      170696257,
      170696257,
      170696257,
      170696257,
      170696257,
      170696257,
      170696257,
      170696257,
      170696257,
      170696257,
      170696257,
      170696257,
      170696257,
      170696257,
      170696257,
      170696257,
      170696257,
      170696257,
      170696257,
      170696257,
      170696257,
      170696257,
      170696257,
      170696257,
      170696257,
      170696257,
      170696257,
      170696257,
      170696257,
      170696257,
      170696257,
      170696257,
      170696257,
      170696257,
      170696257,
      170696257,
      170696257,
      170696257,
      170696257,
      170696257,
      170696257,
      170696257,
      170696257,
      170696257,
      170696257,
      170696257,
      170696257,
      170696257,
      170696257,
      170696257,
      170696257,
      170696257,
      170696257,
      170696257,
      170696257,
      170696257,
      170696257,
      170696257,
      170696257,
      170696257,
      170696257,
      170696257,
      170696257,
      170696257,
      170696257,
      170696257,
      170696257,
      170696257,
      170696257,
      170696257,
      170696257,
      170696257,
      170696257,
      170696257,
      170696257,
      170696257,
      170696257,
      170696257,
      170696257,
      170696257,
      170696257,
      170696257,
      170696257,
      170696257,
      170696257,
      170696257,
      170696257,
      170696257,
      170696257,
      170696257,
      170696257,
      170696257,
      170696257,
      170696257,
      170696257,
      170696257,
      170696257,
      170696257,
      170696257,
      170696257,
      170696257,
      170696257,
      170696257,
      170696257,
      170696257,
      170696257,
      170696257,
      170696257,
      170696257,
      170696257,
      170696257,
      170696257,
      170696257,
      170696257,
      170696257,
      170696257,
      170696257,
      170696257,
      170696257,
      170696257,
      170696257,
      170696257,
      170696257,
      170696257,
      170696257,
      170696257,
      170696257,
      170696257,
      170696257,
      170696257,
      170696257,
      170696257,
      170696257,
      170696257,
      170696257,
      170696257,
      170696257,
      170696257,
      170696257,
      170696257,
      170696257,
      170696257,
      170696257,
      170696257,
      170696257,
      170696257,
      170696257,
      170696257,
      170696257,
      170696257,
      170696257,
      170696257,
      170696257,
      170696257,
      170696257,
      170696257,
      170696257,
      170696257,
      170696257,
      170696257,
      170696257,
      170696257,
      170696257,
      170696257,
      170696257,
      170696257,
      170696257,
      170696257,
      170696257,
      170696257,
      170696257,
      170696257,
      170696257,
      170696257,
      170696257,
      170696257,
      170696257,
      170696257,
      170696257,
      170696257,
      170696257,
      170696257,
      170696257,
      170696257,
      170696257,
      170696257,
      170696257,
      170696257,
      170696257,
      170696257,
      170696257,
      170696257,
      170696257,
      170696257,
      170696257,
      170696257,
      170696257,
      170696257,
      170696257,
      170696257,
      170696257,
      170696257,
      170696257,
      170696257,
      170696257,
      170696257,
      170696257,
      261994324,
      261994324,
      261994324,
      261994324,
      261994324,
      261994324,
      261994324,
      261994324,
      261994324,
      261994324,
      261994328,
      261994328,
      261994328,
      261994328,
      261994328,
      261994328,
      261994328,
      261994328,
      261994328,
      261994328,
      261994328,
      261994328,
      261994328,
      261994328,
      261994328,
      261994328,
      261994328,
      261994328,
      261994328,
      261994328,
      261994328,
      261994328,
      261994328,
      261994328,
      261994328,
      261994328,
      261994328,
      261994328,
      261994328,
      261994328,
      261994328,
      261994328,
      261994328,
      261994328,
      261994328,
      261994328,
      261994328,
      261994328,
      261994328,
      261994328,
      261994328,
      261994328,
      261994328,
      261994328,
      261994328,
      261994328,
      261994328,
      261994328,
      261994328,
      261994328,
      261994328,
      261994328,
      261994328,
      261994328,
      261994328,
      261994328,
      261994328,
      261994328,
      261994328,
      261994328,
      261994328,
      261994328,
      261994328,
      261994328,
      261994328,
      261994328,
      261994328,
      261994328,
      261994328,
      261994328,
      261994328,
      261994328,
      261994328,
      261994328,
      261994328,
      261994328,
      261994328,
      261994328,
      261994328,
      261994328,
      261994328,
      261994328,
      261994328,
      261994328,
      261994328,
      261994328,
      261994328,
      261994328,
      261994328,
      261994328,
      261994328,
      261994328,
      261994328,
      261994328,
      261994328,
      261994328,
      261994328,
      261994328,
      261994328,
      261994328,
      261994328,
      261994328,
      261994328,
      261994328,
      261994328,
      261994328,
      261994328,
      261994328,
      261994328,
      261994328,
      261994328,
      261994328,
      261994328,
      261994328,
      261994328,
      261994328,
      261994328,
      261994328,
      261994328,
      261994328,
      261994328,
      261994328,
      261994328,
      261994328,
      261994328,
      261994328,
      261994328,
      261994328,
      261994328,
      261994328,
      261994328,
      261994328,
      261994328,
      261994328,
      261994328,
      261994328,
      261994328,
      261994328,
      261994328,
      261994328,
      261994328,
      261994328,
      261994328,
      261994328,
      261994328,
      261994328,
      261994328,
      261994328,
      261994328,
      261994328,
      261994328,
      261994328,
      261994328,
      261994328,
      261994328,
      261994328,
      261994328,
      261994328,
      261994328,
      261994328,
      261994328,
      261994328,
      261994328,
      261994328,
      261994328,
      261994328,
      261994328,
      261994328,
      261994328,
      261994328,
      261994328,
      261994328,
      261994328,
      261994328,
      261994328,
      261994328,
      261994328,
      261994328,
      261994328,
      261994328,
      261994328,
      261994328,
      261994328,
      261994328,
      261994328,
      261994328,
      261994328,
      261994328,
      261994328,
      261994328,
      261994328,
      261994328,
      261994328,
      261994328,
      261994328,
      261994328,
      261994328,
      261994328,
      261994328,
      261994328,
      261994328,
      261994328,
      261994328,
      261994328,
      261994328,
      261994328,
      261994328,
      261994328,
      261994328,
      261994328,
      261994328,
      261994328,
      261994328,
      261994328,
      261994328,
      261994328,
      261994328,
      261994328,
      261994328,
      261994328,
      261994328,
      261994328,
      261994328,
      261994328,
      261994328,
      261994328,
      261994328,
      261994328,
      261994328,
      261994328,
      261994328,
      261994328,
      261994328,
      261994328,
      261994328,
      261994328,
      261994328,
      261994328,
      261994328,
      261994328,
      261994328,
      261994328,
      261994328,
      261994328,
      261994328,
      261994328,
      261994328,
      261994328,
      261994328,
      261994328,
      261994328,
      261994328,
      261994328,
      261994328,
      261994328,
      261994328,
      261994328,
      261994328,
      261994328,
      261994328,
      261994328,
      261994328,
      261994328,
      261994328,
      261994328,
      261994328,
      261994328,
      261994328,
      261994328,
      261994328,
      261994328,
      261994328,
      261994328,
      261994328,
      261994328,
      261994328,
      261994328,
      261994328,
      261994328,
      261994328,
      261994328,
      261994328,
      261994328,
      261994328,
      261994328,
      261994328,
      261994328,
      261994328,
      261994328,
      261994328,
      261994328,
      261994328,
      261994328,
      261994328,
      261994328,
      261994328,
      261994328,
      261994328,
      261994328,
      261994328,
      261994328,
      261994328,
      261994328,
      261994328,
      261994328,
      261994328,
      261994328,
      261994328,
      261994328,
      261994328,
      261994328,
      261994328,
      261994328,
      261994328,
      261994328,
      261994328,
      261994328,
      261994328,
      261994328,
      261994328,
      261994328,
      261994328,
      261994328,
      261994328,
      261994328,
      261994328,
      261994328,
      261994328,
      261994328,
      261994328,
      261994328,
      261994328,
      261994328,
      261994328,
      261994328,
      261994328,
      261994328,
      261994328,
      261994328,
      261994328,
      261994328,
      261994328,
      261994328,
      261994328,
      261994328,
      261994328,
      261994328,
      261994328,
      261994328,
      261994328,
      261994328,
      261994328,
      261994328,
      261994328,
      261994328,
      261994328,
      261994328,
      781163316,
      781163316,
      781163316,
      781163316,
      781163316,
      781163316,
      781163316,
      781163316,
      781163316,
      781163316,
      781163316,
      781163316,
      781163316,
      781163316,
      781163316,
      781163316,
      781163316,
      781163316,
      781163316,
      781163316,
      781163316,
      781163316,
      781163316,
      781163316,
      781163316,
      781163316,
      781163316,
      781163316,
      781163316,
      781163316,
      781163316,
      781163316,
      781163316,
      781163316,
      781163316,
      781163316,
      781163316,
      781163316,
      781163316,
      781163316,
      781163316,
      781163316,
      781163316,
      781163316,
      781163316,
      781163316,
      781163316,
      781163316,
      781163316,
      781163316,
      781163316,
      781163316,
      781163316,
      781163316,
      781163316,
      781163316,
      781163316,
      781163316,
      781163316,
      781163316,
      781163316,
      781163316,
      781163316,
      781163315,
      781163315,
      781163315,
      781163315,
      781163315,
      781163315,
      781163315,
      781163315,
      781163315,
      781163315,
      781163315,
      781163315,
      781163315,
      781163315,
      781163315,
      781163315,
      781163315,
      781163315,
      781163315,
      781163315,
      781163315,
      781163315,
      781163315,
      781163315,
      781163315,
      781163315,
      781163315,
      781163315,
      781163315,
      781163315,
      781163315,
      781163315,
      781163315,
      781163315,
      781163315,
      781163315,
      781163315,
      781163315,
      781163315,
      781163315,
      781163315,
      781163315,
      781163315,
      781163315,
      781163315,
      781163315,
      781163315,
      781163315,
      781163315,
      781163315,
      781163315,
      781163315,
      781163315,
      781163315,
      781163315,
      781163315,
      781163315,
      781163315,
      781163315,
      781163315,
      781163315,
      781163315,
      781163315,
      781163315,
      781163315,
      781163315,
      781163315,
      781163315,
      781163315,
      781163315,
      781163315,
      781163315,
      781163315,
      781163315,
      781163315,
      781163315,
      781163315,
      781163315,
      781163315,
      781163315,
      781163315,
      781163315,
      781163315,
      781163315,
      781163315,
      781163315,
      781163315,
      781163315,
      781163315,
      781163315,
      781163315,
      781163315,
      781163315,
      781163315,
      781163315,
      781163315,
      781163315,
      781163315,
      781163315,
      781163315,
      781163315,
      781163315,
      781163315,
      781163315,
      781163315,
      781163315,
      781163315,
      781163315,
      781163315,
      781163315,
      781163315,
      781163315,
      781163315,
      781163315,
      781163315,
      781163315,
      781163315,
      781163315,
      781163315,
      781163315,
      781163315,
      781163315,
      781163315,
      781163315,
      781163315,
      781163315,
      781163315,
      781163315,
      781163315,
      781163315,
      781163315,
      781163315,
      781163315,
      781163315,
      781163315,
      781163315,
      781163315,
      781163315,
      781163315,
      781163315,
      781163315,
      781163315,
      781163315,
      781163315,
      781163315,
      781163315,
      781163315,
      781163315,
      781163315,
      781163315,
      781163315,
      781163315,
      781163315,
      781163315,
      781163315,
      781163315,
      781163315
    ],
    "maxspeed_kph": [
      72.42048,
      72.42048,
      72.42048,
      72.42048,
      72.42048,
      72.42048,
      72.42048,
      72.42048,
      72.42048,
      72.42048,
      72.42048,
      72.42048,
      72.42048,
      72.42048,
      72.42048,
      72.42048,
      72.42048,
      72.42048,
      72.42048,
      72.42048,
      72.42048,
      72.42048,
      72.42048,
      72.42048,
      72.42048,
      72.42048,
      72.42048,
      72.42048,
      72.42048,
      72.42048,
      72.42048,
      72.42048,
      72.42048,
      72.42048,
      72.42048,
      72.42048,
      72.42048,
      72.42048,
      72.42048,
      72.42048,
      72.42048,
      72.42048,
      72.42048,
      72.42048,
      72.42048,
      72.42048,
      72.42048,
      72.42048,
      72.42048,
      72.42048,
      72.42048,
      72.42048,
      72.42048,
      72.42048,
      72.42048,
      72.42048,
      72.42048,
      72.42048,
      72.42048,
      72.42048,
      72.42048,
      72.42048,
      72.42048,
      72.42048,
      72.42048,
      72.42048,
      72.42048,
      72.42048,
      72.42048,
      72.42048,
      72.42048,
      72.42048,
      72.42048,
      72.42048,
      72.42048,
      72.42048,
      72.42048,
      72.42048,
      72.42048,
      72.42048,
      72.42048,
      72.42048,
      72.42048,
      72.42048,
      72.42048,
      72.42048,
      72.42048,
      72.42048,
      72.42048,
      72.42048,
      72.42048,
      72.42048,
      72.42048,
      72.42048,
      72.42048,
      72.42048,
      72.42048,
      72.42048,
      72.42048,
      72.42048,
      72.42048,
      72.42048,
      72.42048,
      72.42048,
      72.42048,
      72.42048,
      72.42048,
      72.42048,
      72.42048,
      72.42048,
      72.42048,
      72.42048,
      72.42048,
      72.42048,
      72.42048,
      72.42048,
      72.42048,
      72.42048,
      72.42048,
      72.42048,
      72.42048,
      72.42048,
      72.42048,
      72.42048,
      72.42048,
      72.42048,
      72.42048,
      72.42048,
      72.42048,
      72.42048,
      72.42048,
      72.42048,
      72.42048,
      72.42048,
      72.42048,
      72.42048,
      72.42048,
      72.42048,
      72.42048,
      72.42048,
      72.42048,
      72.42048,
      72.42048,
      72.42048,
      72.42048,
      72.42048,
      72.42048,
      72.42048,
      72.42048,
      72.42048,
      72.42048,
      72.42048,
      72.42048,
      72.42048,
      72.42048,
      72.42048,
      72.42048,
      72.42048,
      72.42048,
      72.42048,
      72.42048,
      72.42048,
      72.42048,
      72.42048,
      72.42048,
      72.42048,
      72.42048,
      72.42048,
      72.42048,
      72.42048,
      72.42048,
      72.42048,
      72.42048,
      72.42048,
      72.42048,
      72.42048,
      72.42048,
      72.42048,
      72.42048,
      72.42048,
      72.42048,
      72.42048,
      72.42048,
      72.42048,
      72.42048,
      72.42048,
      72.42048,
      72.42048,
      72.42048,
      72.42048,
      72.42048,
      72.42048,
      72.42048,
      72.42048,
      72.42048,
      72.42048,
      72.42048,
      72.42048,
      72.42048,
      72.42048,
      72.42048,
      72.42048,
      72.42048,
      72.42048,
      72.42048,
      72.42048,
      72.42048,
      72.42048,
      72.42048,
      72.42048,
      72.42048,
      72.42048,
      72.42048,
      72.42048,
      72.42048,
      72.42048,
      72.42048,
      72.42048,
      72.42048,
      72.42048,
      72.42048,
      72.42048,
      72.42048,
      72.42048,
      72.42048,
      72.42048,
      72.42048,
      72.42048,
      72.42048,
      72.42048,
      72.42048,
      72.42048,
      72.42048,
      72.42048,
      72.42048,
      72.42048,
      72.42048,
      72.42048,
      72.42048,
      72.42048,
      72.42048,
      72.42048,
      72.42048,
      72.42048,
      72.42048,
      72.42048,
      72.42048,
      72.42048,
      72.42048,
      72.42048,
      72.42048,
      72.42048,
      72.42048,
      72.42048,
      72.42048,
      72.42048,
      72.42048,
      72.42048,
      72.42048,
      72.42048,
      72.42048,
      72.42048,
      72.42048,
      72.42048,
      72.42048,
      72.42048,
      72.42048,
      72.42048,
      72.42048,
      72.42048,
      72.42048,
      72.42048,
      72.42048,
      72.42048,
      72.42048,
      72.42048,
      72.42048,
      72.42048,
      72.42048,
      72.42048,
      72.42048,
      72.42048,
      72.42048,
      72.42048,
      72.42048,
      72.42048,
      72.42048,
      72.42048,
      72.42048,
      72.42048,
      72.42048,
      72.42048,
      72.42048,
      72.42048,
      72.42048,
      72.42048,
      72.42048,
      72.42048,
      72.42048,
      72.42048,
      72.42048,
      72.42048,
      72.42048,
      72.42048,
      72.42048,
      72.42048,
      72.42048,
      72.42048,
      72.42048,
      72.42048,
      72.42048,
      72.42048,
      72.42048,
      72.42048,
      72.42048,
      72.42048,
      72.42048,
      72.42048,
      72.42048,
      72.42048,
      72.42048,
      72.42048,
      72.42048,
      72.42048,
      72.42048,
      72.42048,
      72.42048,
      72.42048,
      72.42048,
      72.42048,
      72.42048,
      72.42048,
      72.42048,
      72.42048,
      72.42048,
      72.42048,
      72.42048,
      72.42048,
      72.42048,
      72.42048,
      72.42048,
      72.42048,
      72.42048,
      72.42048,
      72.42048,
      72.42048,
      72.42048,
      72.42048,
      72.42048,
      72.42048,
      72.42048,
      72.42048,
      72.42048,
      72.42048,
      72.42048,
      72.42048,
      72.42048,
      72.42048,
      72.42048,
      72.42048,
      72.42048,
      72.42048,
      72.42048,
      72.42048,
      72.42048,
      72.42048,
      72.42048,
      72.42048,
      72.42048,
      72.42048,
      72.42048,
      72.42048,
      72.42048,
      72.42048,
      72.42048,
      72.42048,
      72.42048,
      72.42048,
      72.42048,
      72.42048,
      72.42048,
      72.42048,
      72.42048,
      72.42048,
      72.42048,
      72.42048,
      72.42048,
      72.42048,
      72.42048,
      72.42048,
      72.42048,
      72.42048,
      72.42048,
      72.42048,
      72.42048,
      72.42048,
      72.42048,
      72.42048,
      72.42048,
      72.42048,
      72.42048,
      72.42048,
      72.42048,
      72.42048,
      72.42048,
      72.42048,
      72.42048,
      72.42048,
      72.42048,
      72.42048,
      72.42048,
      72.42048,
      72.42048,
      72.42048,
      72.42048,
      72.42048,
      72.42048,
      72.42048,
      72.42048,
      72.42048,
      72.42048,
      72.42048,
      72.42048,
      72.42048,
      72.42048,
      72.42048,
      72.42048,
      72.42048,
      72.42048,
      72.42048,
      72.42048,
      72.42048,
      72.42048,
      72.42048,
      72.42048,
      72.42048,
      72.42048,
      72.42048,
      72.42048,
      72.42048,
      72.42048,
      72.42048,
      72.42048,
      72.42048,
      72.42048,
      72.42048,
      72.42048,
      72.42048,
      72.42048,
      72.42048,
      72.42048,
      72.42048,
      72.42048,
      72.42048,
      72.42048,
      72.42048,
      72.42048,
      72.42048,
      72.42048,
      72.42048,
      72.42048,
      72.42048,
      72.42048,
      72.42048,
      72.42048,
      72.42048,
      72.42048,
      72.42048,
      72.42048,
      72.42048,
      72.42048,
      72.42048,
      72.42048,
      72.42048,
      72.42048,
      72.42048,
      72.42048,
      72.42048,
      72.42048,
      72.42048,
      72.42048,
      72.42048,
      72.42048,
      72.42048,
      72.42048,
      72.42048,
      72.42048,
      72.42048,
      72.42048,
      72.42048,
      72.42048,
      72.42048,
      72.42048,
      72.42048,
      72.42048,
      72.42048,
      72.42048,
      72.42048,
      72.42048,
      72.42048,
      72.42048,
      72.42048,
      72.42048,
      72.42048,
      72.42048,
      72.42048,
      72.42048,
      72.42048,
      72.42048,
      72.42048,
      72.42048,
      72.42048,
      72.42048,
      72.42048,
      72.42048,
      72.42048,
      72.42048,
      72.42048,
      72.42048,
      72.42048,
      72.42048,
      72.42048,
      72.42048,
      80.4672,
      80.4672,
      80.4672,
      80.4672,
      80.4672,
      80.4672,
      80.4672,
      80.4672,
      80.4672,
      80.4672,
      80.4672,
      80.4672,
      80.4672,
      80.4672,
      80.4672,
      80.4672,
      80.4672,
      80.4672,
      80.4672,
      80.4672,
      80.4672,
      80.4672,
      80.4672,
      80.4672,
      80.4672,
      80.4672,
      80.4672,
      80.4672,
      80.4672,
      80.4672,
      80.4672,
      80.4672,
      80.4672,
      80.4672,
      80.4672,
      80.4672,
      80.4672,
      80.4672,
      80.4672,
      80.4672,
      80.4672,
      80.4672,
      80.4672,
      80.4672,
      80.4672,
      80.4672,
      80.4672,
      80.4672,
      80.4672,
      80.4672,
      80.4672,
      80.4672,
      80.4672,
      80.4672,
      80.4672,
      80.4672,
      80.4672,
      80.4672,
      80.4672,
      80.4672,
      80.4672,
      80.4672,
      80.4672,
      80.4672,
      80.4672,
      80.4672,
      80.4672,
      80.4672,
      80.4672,
      80.4672,
      80.4672,
      80.4672,
      80.4672,
      80.4672,
      80.4672,
      80.4672,
      80.4672,
      80.4672,
      80.4672,
      80.4672,
      80.4672,
      80.4672,
      80.4672,
      80.4672,
      80.4672,
      80.4672,
      80.4672,
      80.4672,
      80.4672,
      80.4672,
      80.4672,
      80.4672,
      80.4672,
      80.4672,
      80.4672,
      80.4672,
      80.4672,
      80.4672,
      80.4672,
      80.4672,
      80.4672,
      80.4672,
      80.4672,
      80.4672,
      80.4672,
      80.4672,
      80.4672,
      80.4672,
      80.4672,
      80.4672,
      80.4672,
      80.4672,
      80.4672,
      80.4672,
      80.4672,
      80.4672,
      80.4672,
      80.4672,
      80.4672,
      80.4672,
      80.4672,
      80.4672,
      80.4672,
      80.4672,
      80.4672,
      80.4672,
      80.4672,
      80.4672,
      80.4672,
      80.4672,
      80.4672,
      80.4672,
      80.4672,
      80.4672,
      80.4672,
      80.4672,
      80.4672,
      80.4672,
      80.4672,
      80.4672,
      80.4672,
      80.4672,
      80.4672,
      80.4672,
      80.4672,
      80.4672,
      80.4672,
      80.4672,
      80.4672,
      80.4672,
      80.4672,
      80.4672,
      80.4672,
      80.4672,
      80.4672,
      80.4672,
      80.4672,
      80.4672,
      80.4672,
      80.4672,
      80.4672,
      80.4672,
      80.4672,
      80.4672,
      80.4672,
      80.4672,
      80.4672,
      80.4672,
      80.4672,
      80.4672,
      80.4672,
      80.4672,
      80.4672,
      80.4672,
      80.4672,
      80.4672,
      80.4672,
      80.4672,
      80.4672,
      80.4672,
      80.4672,
      80.4672,
      80.4672,
      80.4672,
      80.4672,
      80.4672,
      80.4672,
      80.4672,
      80.4672,
      80.4672,
      80.4672,
      80.4672,
      80.4672,
      80.4672,
      80.4672,
      80.4672,
      80.4672,
      80.4672,
      80.4672,
      80.4672,
      80.4672,
      80.4672,
      80.4672,
      80.4672,
      80.4672,
      80.4672,
      80.4672,
      80.4672,
      80.4672,
      80.4672,
      80.4672,
      80.4672,
      80.4672,
      80.4672,
      80.4672,
      80.4672,
      80.4672,
      80.4672,
      80.4672,
      80.4672,
      80.4672,
      80.4672,
      80.4672,
      80.4672,
      80.4672,
      80.4672,
      80.4672,
      80.4672,
      80.4672,
      80.4672,
      80.4672,
      80.4672,
      80.4672,
      80.4672,
      80.4672,
      80.4672,
      80.4672,
      80.4672,
      80.4672,
      80.4672,
      80.4672,
      80.4672,
      80.4672,
      80.4672,
      80.4672,
      80.4672,
      80.4672,
      80.4672,
      80.4672,
      80.4672,
      80.4672,
      80.4672,
      80.4672,
      80.4672,
      80.4672,
      80.4672,
      80.4672,
      80.4672,
      80.4672,
      80.4672,
      80.4672,
      80.4672,
      80.4672,
      80.4672,
      80.4672,
      80.4672,
      80.4672,
      80.4672,
      80.4672,
      80.4672,
      80.4672,
      80.4672,
      80.4672,
      80.4672,
      80.4672,
      80.4672,
      80.4672,
      80.4672,
      80.4672,
      80.4672,
      80.4672,
      80.4672,
      80.4672,
      80.4672,
      80.4672,
      80.4672,
      80.4672,
      80.4672,
      80.4672,
      80.4672,
      80.4672,
      80.4672,
      80.4672,
      80.4672,
      80.4672,
      80.4672,
      80.4672,
      80.4672,
      80.4672,
      80.4672,
      80.4672,
      80.4672,
      80.4672,
      80.4672,
      80.4672,
      80.4672,
      80.4672,
      80.4672,
      80.4672,
      80.4672,
      80.4672,
      80.4672,
      80.4672,
      80.4672,
      80.4672,
      80.4672,
      80.4672,
      80.4672,
      80.4672,
      80.4672,
      80.4672,
      80.4672,
      80.4672,
      80.4672,
      80.4672,
      80.4672,
      80.4672,
      80.4672,
      80.4672,
      80.4672,
      80.4672,
      80.4672,
      80.4672,
      80.4672,
      80.4672,
      80.4672,
      80.4672,
      80.4672,
      80.4672,
      80.4672,
      80.4672,
      80.4672,
      80.4672,
      80.4672,
      80.4672,
      80.4672,
      80.4672,
      80.4672,
      80.4672,
      80.4672,
      80.4672,
      80.4672,
      80.4672,
      80.4672,
      80.4672,
      80.4672,
      80.4672,
      80.4672,
      80.4672,
      80.4672,
      80.4672,
      80.4672,
      80.4672,
      80.4672,
      80.4672,
      80.4672,
      80.4672,
      80.4672,
      80.4672,
      80.4672,
      80.4672,
      80.4672,
      80.4672,
      80.4672,
      80.4672,
      80.4672,
      80.4672,
      80.4672,
      80.4672,
      80.4672,
      80.4672,
      80.4672,
      80.4672,
      80.4672,
      80.4672,
      80.4672,
      80.4672,
      80.4672,
      80.4672,
      80.4672,
      80.4672,
      80.4672,
      80.4672,
      80.4672,
      80.4672,
      80.4672,
      80.4672,
      80.4672,
      80.4672,
      80.4672,
      80.4672,
      80.4672,
      80.4672,
      80.4672,
      80.4672,
      80.4672,
      80.4672,
      80.4672,
      80.4672,
      80.4672,
      80.4672,
      80.4672,
      80.4672,
      80.4672,
      80.4672,
      80.4672,
      80.4672,
      80.4672,
      80.4672,
      80.4672,
      80.4672,
      80.4672,
      80.4672,
      80.4672,
      80.4672,
      80.4672,
      80.4672,
      80.4672,
      80.4672,
      80.4672,
      80.4672,
      80.4672,
      80.4672,
      80.4672,
      80.4672,
      80.4672,
      80.4672,
      80.4672,
      80.4672,
      80.4672,
      80.4672,
      80.4672,
      80.4672,
      80.4672,
      80.4672,
      80.4672,
      80.4672,
      80.4672,
      80.4672,
      80.4672,
      80.4672,
      80.4672,
      80.4672,
      80.4672,
      80.4672,
      80.4672,
      80.4672,
      80.4672,
      80.4672,
      80.4672,
      80.4672,
      80.4672,
      80.4672,
      80.4672,
      80.4672,
      80.4672,
      80.4672,
      80.4672,
      80.4672,
      80.4672,
      80.4672,
      80.4672,
      80.4672,
      80.4672,
      80.4672,
      80.4672,
      80.4672,
      80.4672,
      80.4672,
      80.4672,
      80.4672,
      80.4672,
      80.4672,
      80.4672,
      80.4672,
      80.4672,
      80.4672,
      80.4672,
      80.4672,
      80.4672,
      80.4672,
      80.4672,
      80.4672,
      80.4672,
      80.4672,
      80.4672,
      80.4672,
      80.4672,
      80.4672,
      80.4672,
      80.4672,
      80.4672,
      80.4672,
      80.4672,
      80.4672,
      80.4672,
      80.4672,
      80.4672,
      80.4672,
      80.4672,
      80.4672,
      80.4672,
      80.4672,
      80.4672,
      80.4672,
      80.4672,
      80.4672,
      80.4672,
      80.4672,
      80.4672,
      80.4672,
      80.4672,
      80.4672,
      80.4672,
      80.4672,
      80.4672,
      80.4672,
      80.4672,
      80.4672,
      80.4672,
      80.4672,
      80.4672,
      80.4672,
      80.4672,
      80.4672,
      80.4672,
      80.4672,
      80.4672,
      80.4672,
      80.4672,
      80.4672,
      80.4672,
      80.4672,
      80.4672,
      80.4672,
      80.4672,
      80.4672,
      80.4672,
      80.4672,
      80.4672,
      80.4672,
      80.4672,
      80.4672,
      80.4672,
      80.4672,
      80.4672,
      80.4672,
      80.4672,
      80.4672,
      80.4672,
      80.4672,
      80.4672,
      80.4672,
      80.4672,
      80.4672,
      80.4672,
      80.4672,
      80.4672,
      80.4672,
      80.4672,
      80.4672,
      80.4672,
      80.4672,
      80.4672,
      80.4672,
      80.4672,
      80.4672,
      80.4672,
      80.4672,
      80.4672,
      80.4672,
      80.4672,
      80.4672,
      80.4672,
      80.4672,
      80.4672,
      80.4672,
      80.4672,
      80.4672,
      80.4672,
      80.4672,
      80.4672,
      80.4672,
      80.4672,
      80.4672,
      80.4672,
      80.4672,
      80.4672,
      80.4672,
      80.4672,
      80.4672,
      80.4672,
      80.4672,
      80.4672,
      80.4672,
      80.4672,
      80.4672,
      80.4672,
      80.4672,
      80.4672,
      80.4672,
      80.4672,
      80.4672,
      80.4672,
      80.4672,
      80.4672,
      80.4672,
      80.4672,
      80.4672,
      80.4672,
      80.4672,
      80.4672,
      80.4672,
      80.4672,
      80.4672,
      80.4672,
      80.4672,
      80.4672,
      80.4672,
      80.4672,
      80.4672,
      80.4672,
      80.4672,
      80.4672,
      80.4672,
      80.4672,
      80.4672,
      80.4672,
      80.4672,
      80.4672,
      80.4672,
      80.4672,
      80.4672,
      80.4672,
      80.4672,
      80.4672,
      80.4672,
      80.4672,
      80.4672,
      80.4672,
      80.4672,
      80.4672,
      80.4672,
      80.4672,
      80.4672,
      80.4672,
      80.4672,
      80.4672,
      80.4672,
      80.4672,
      80.4672,
      80.4672,
      80.4672,
      80.4672,
      80.4672,
      80.4672,
      80.4672,
      80.4672,
      80.4672,
      80.4672,
      80.4672,
      80.4672,
      80.4672,
      80.4672,
      80.4672,
      80.4672,
      80.4672,
      80.4672,
      80.4672,
      80.4672,
      80.4672,
      80.4672,
      80.4672,
      80.4672,
      80.4672,
      80.4672,
      80.4672,
      80.4672,
      80.4672,
      80.4672,
      80.4672,
      80.4672,
      80.4672,
      80.4672,
      80.4672,
      80.4672,
      80.4672,
      80.4672,
      80.4672,
      80.4672,
      80.4672,
      80.4672,
      80.4672,
      80.4672,
      80.4672,
      80.4672,
      80.4672,
      80.4672,
      80.4672,
      80.4672,
      80.4672,
      80.4672,
      80.4672,
      80.4672,
      80.4672,
      80.4672,
      80.4672,
      80.4672,
      80.4672,
      80.4672,
      80.4672,
      80.4672,
      80.4672,
      80.4672,
      80.4672,
      80.4672,
      80.4672,
      80.4672,
      80.4672,
      80.4672,
      80.4672,
      80.4672,
      80.4672,
      80.4672,
      80.4672,
      80.4672,
      80.4672,
      80.4672,
      80.4672,
      80.4672,
      80.4672,
      80.4672,
      80.4672,
      80.4672,
      80.4672,
      80.4672,
      80.4672,
      80.4672,
      80.4672,
      80.4672,
      80.4672,
      80.4672,
      80.4672,
      80.4672,
      80.4672,
      80.4672,
      80.4672,
      80.4672,
      80.4672,
      80.4672,
      80.4672,
      80.4672,
      80.4672,
      80.4672,
      80.4672,
      80.4672,
      80.4672,
      80.4672,
      80.4672,
      80.4672,
      80.4672,
      80.4672,
      80.4672,
      80.4672,
      80.4672,
      80.4672,
      80.4672,
      80.4672,
      80.4672,
      80.4672,
      80.4672,
      80.4672,
      80.4672,
      80.4672,
      80.4672,
      80.4672,
      80.4672,
      80.4672,
      80.4672,
      80.4672,
      80.4672,
      80.4672,
      80.4672,
      80.4672,
      80.4672,
      80.4672,
      80.4672,
      80.4672,
      80.4672,
      80.4672,
      80.4672,
      80.4672,
      80.4672,
      80.4672,
      80.4672,
      80.4672,
      80.4672,
      80.4672,
      80.4672,
      80.4672,
      80.4672,
      80.4672,
      80.4672,
      80.4672,
      80.4672,
      80.4672,
      80.4672,
      80.4672,
      80.4672,
      80.4672,
      80.4672,
      80.4672,
      80.4672,
      80.4672,
      80.4672,
      80.4672,
      80.4672,
      80.4672,
      80.4672,
      80.4672,
      80.4672,
      80.4672,
      80.4672,
      80.4672,
      80.4672,
      80.4672,
      80.4672,
      80.4672,
      80.4672,
      80.4672,
      80.4672,
      80.4672,
      80.4672,
      80.4672,
      80.4672,
      80.4672,
      80.4672,
      80.4672,
      80.4672,
      80.4672,
      80.4672,
      80.4672,
      80.4672,
      80.4672,
      80.4672,
      80.4672,
      80.4672,
      80.4672,
      80.4672,
      80.4672,
      80.4672,
      80.4672,
      80.4672,
      80.4672,
      80.4672,
      80.4672,
      80.4672,
      80.4672,
      80.4672,
      80.4672,
      80.4672,
      80.4672,
      80.4672,
      80.4672,
      80.4672,
      80.4672,
      80.4672,
      80.4672,
      80.4672,
      80.4672,
      80.4672,
      80.4672,
      80.4672,
      80.4672,
      80.4672,
      80.4672,
      80.4672,
      80.4672,
      80.4672,
      80.4672,
      80.4672,
      80.4672,
      80.4672,
      80.4672,
      80.4672,
      80.4672,
      80.4672,
      80.4672,
      80.4672,
      80.4672,
      80.4672,
      80.4672,
      80.4672,
      80.4672,
      80.4672,
      80.4672,
      80.4672,
      80.4672,
      80.4672,
      80.4672,
      80.4672,
      80.4672,
      80.4672,
      80.4672,
      80.4672,
      80.4672,
      80.4672,
      80.4672,
      80.4672,
      80.4672,
      80.4672,
      80.4672,
      80.4672,
      80.4672,
      80.4672,
      80.4672,
      80.4672,
      80.4672,
      80.4672,
      80.4672,
      80.4672,
      80.4672,
      80.4672,
      80.4672,
      80.4672,
      80.4672,
      80.4672,
      80.4672,
      80.4672,
      80.4672,
      80.4672,
      80.4672,
      80.4672,
      80.4672,
      80.4672,
      80.4672,
      80.4672,
      80.4672,
      80.4672,
      80.4672,
      80.4672,
      80.4672,
      80.4672,
      80.4672,
      80.4672,
      80.4672,
      80.4672,
      80.4672,
      80.4672,
      80.4672,
      80.4672,
      80.4672,
      80.4672,
      80.4672,
      80.4672,
      80.4672,
      80.4672,
      80.4672,
      80.4672,
      80.4672,
      80.4672,
      80.4672,
      80.4672,
      80.4672,
      80.4672,
      80.4672,
      80.4672,
      80.4672,
      80.4672,
      80.4672,
      80.4672,
      80.4672,
      80.4672,
      80.4672,
      80.4672,
      80.4672,
      80.4672,
      80.4672,
      80.4672,
      80.4672,
      80.4672,
      80.4672,
      80.4672,
      80.4672,
      80.4672,
      80.4672,
      80.4672,
      80.4672,
      80.4672,
      80.4672,
      80.4672,
      80.4672,
      80.4672,
      80.4672,
      80.4672,
      80.4672,
      80.4672,
      80.4672,
      80.4672,
      80.4672,
      80.4672,
      80.4672,
      80.4672,
      80.4672,
      80.4672,
      80.4672,
      80.4672,
      80.4672,
      80.4672,
      80.4672,
      80.4672,
      80.4672,
      80.4672,
      80.4672,
      80.4672,
      80.4672,
      80.4672,
      80.4672,
      80.4672,
      80.4672,
      80.4672,
      80.4672,
      80.4672,
      80.4672,
      80.4672,
      80.4672,
      80.4672,
      80.4672,
      80.4672,
      80.4672,
      80.4672,
      80.4672,
      80.4672,
      80.4672,
      80.4672,
      80.4672,
      80.4672,
      80.4672,
      80.4672,
      80.4672,
      80.4672,
      80.4672,
      80.4672,
      80.4672,
      80.4672,
      80.4672,
      80.4672,
      80.4672,
      80.4672,
      80.4672,
      80.4672,
      80.4672,
      80.4672,
      80.4672,
      80.4672,
      80.4672,
      80.4672,
      80.4672,
      80.4672,
      80.4672,
      80.4672,
      80.4672,
      80.4672,
      80.4672,
      80.4672,
      80.4672,
      80.4672,
      80.4672,
      80.4672,
      80.4672,
      80.4672,
      80.4672,
      80.4672,
      80.4672,
      80.4672,
      80.4672,
      80.4672,
      80.4672,
      80.4672,
      80.4672,
      80.4672,
      80.4672,
      80.4672,
      80.4672,
      80.4672,
      80.4672,
      80.4672,
      80.4672,
      80.4672,
      80.4672,
      80.4672,
      80.4672,
      80.4672,
      80.4672,
      80.4672,
      80.4672,
      80.4672,
      80.4672,
      80.4672,
      80.4672,
      80.4672,
      80.4672,
      80.4672,
      80.4672,
      80.4672,
      80.4672,
      80.4672,
      80.4672,
      80.4672,
      80.4672,
      80.4672,
      80.4672,
      80.4672,
      80.4672,
      80.4672,
      80.4672,
      80.4672,
      80.4672,
      80.4672,
      80.4672,
      80.4672,
      80.4672,
      80.4672,
      80.4672,
      80.4672,
      80.4672,
      80.4672,
      80.4672,
      80.4672,
      80.4672,
      80.4672,
      80.4672,
      80.4672,
      80.4672,
      80.4672,
      80.4672,
      80.4672,
      80.4672,
      80.4672,
      80.4672,
      80.4672,
      80.4672,
      80.4672,
      80.4672,
      80.4672,
      80.4672,
      80.4672,
      80.4672,
      80.4672,
      80.4672,
      80.4672,
      80.4672,
      80.4672,
      80.4672,
      80.4672,
      80.4672,
      80.4672,
      80.4672,
      80.4672,
      80.4672,
      80.4672,
      80.4672,
      80.4672,
      80.4672,
      80.4672,
      80.4672,
      80.4672,
      80.4672,
      80.4672,
      80.4672,
      80.4672,
      80.4672,
      80.4672,
      80.4672,
      80.4672,
      80.4672,
      80.4672,
      80.4672,
      80.4672,
      80.4672,
      80.4672,
      80.4672,
      80.4672,
      80.4672,
      80.4672,
      80.4672,
      80.4672,
      80.4672,
      80.4672,
      80.4672,
      80.4672,
      80.4672,
      80.4672,
      80.4672,
      80.4672,
      80.4672,
      80.4672,
      80.4672,
      80.4672,
      80.4672,
      80.4672,
      80.4672,
      80.4672,
      80.4672,
      80.4672,
      80.4672,
      80.4672,
      80.4672,
      80.4672,
      80.4672,
      80.4672,
      80.4672,
      80.4672,
      80.4672,
      80.4672,
      80.4672,
      80.4672,
      80.4672,
      80.4672,
      80.4672,
      80.4672,
      80.4672,
      80.4672,
      80.4672,
      80.4672,
      80.4672,
      80.4672,
      80.4672,
      80.4672,
      80.4672,
      80.4672,
      80.4672,
      80.4672,
      80.4672,
      80.4672,
      80.4672,
      80.4672,
      80.4672,
      80.4672,
      80.4672,
      80.4672,
      80.4672,
      80.4672,
      80.4672,
      80.4672,
      80.4672,
      80.4672,
      80.4672,
      80.4672,
      80.4672,
      80.4672,
      80.4672,
      80.4672,
      80.4672,
      80.4672,
      80.4672,
      80.4672,
      80.4672,
      80.4672,
      80.4672,
      80.4672,
      80.4672,
      80.4672,
      80.4672,
      80.4672,
      80.4672,
      80.4672,
      80.4672,
      80.4672,
      80.4672,
      80.4672,
      80.4672,
      80.4672,
      80.4672,
      80.4672,
      80.4672,
      80.4672,
      80.4672,
      80.4672,
      80.4672,
      80.4672,
      80.4672,
      80.4672,
      80.4672,
      80.4672,
      80.4672,
      80.4672,
      80.4672,
      80.4672,
      80.4672,
      80.4672,
      80.4672,
      80.4672,
      80.4672,
      80.4672,
      80.4672,
      80.4672,
      80.4672,
      80.4672,
      80.4672,
      80.4672,
      80.4672,
      80.4672,
      80.4672,
      80.4672,
      80.4672,
      80.4672,
      80.4672,
      80.4672,
      80.4672,
      80.4672,
      80.4672,
      80.4672,
      80.4672,
      80.4672,
      80.4672,
      80.4672,
      80.4672,
      80.4672,
      80.4672,
      80.4672,
      80.4672,
      80.4672,
      80.4672,
      80.4672,
      80.4672,
      80.4672,
      80.4672,
      80.4672,
      80.4672,
      80.4672,
      80.4672,
      80.4672,
      80.4672,
      80.4672,
      80.4672,
      80.4672,
      80.4672,
      80.4672,
      80.4672,
      80.4672,
      80.4672,
      80.4672,
      80.4672,
      80.4672,
      80.4672,
      80.4672,
      80.4672,
      80.4672,
      80.4672,
      80.4672,
      80.4672,
      80.4672,
      80.4672,
      80.4672,
      80.4672,
      80.4672,
      80.4672,
      80.4672,
      80.4672,
      80.4672,
      80.4672,
      80.4672,
      80.4672,
      80.4672,
      80.4672,
      80.4672,
      80.4672,
      80.4672,
      80.4672,
      80.4672,
      80.4672,
      80.4672,
      80.4672,
      80.4672,
      80.4672,
      80.4672,
      80.4672,
      80.4672,
      80.4672,
      80.4672,
      80.4672,
      80.4672,
      80.4672,
      80.4672,
      80.4672,
      80.4672,
      80.4672,
      80.4672,
      80.4672,
      80.4672,
      80.4672,
      80.4672,
      80.4672,
      80.4672,
      80.4672,
      80.4672,
      80.4672,
      80.4672,
      80.4672,
      80.4672,
      80.4672,
      80.4672,
      80.4672,
      80.4672,
      80.4672,
      80.4672,
      80.4672,
      80.4672,
      80.4672,
      80.4672,
      80.4672,
      80.4672,
      80.4672,
      80.4672,
      80.4672,
      80.4672,
      80.4672,
      80.4672,
      80.4672,
      80.4672,
      80.4672,
      80.4672,
      80.4672,
      80.4672,
      80.4672,
      80.4672,
      80.4672,
      80.4672,
      80.4672,
      80.4672,
      80.4672,
      80.4672,
      80.4672,
      80.4672,
      80.4672,
      80.4672,
      80.4672,
      80.4672,
      80.4672,
      80.4672,
      80.4672,
      80.4672,
      80.4672,
      80.4672,
      80.4672,
      80.4672,
      80.4672,
      80.4672,
      80.4672,
      80.4672,
      80.4672,
      80.4672,
      80.4672,
      80.4672,
      80.4672,
      80.4672,
      80.4672,
      80.4672,
      80.4672,
      80.4672,
      80.4672,
      80.4672,
      80.4672,
      80.4672,
      80.4672,
      80.4672,
      80.4672,
      80.4672,
      80.4672,
      80.4672,
      80.4672,
      80.4672,
      80.4672,
      80.4672,
      80.4672,
      80.4672,
      80.4672,
      80.4672,
      80.4672,
      80.4672,
      80.4672,
      80.4672,
      80.4672,
      80.4672,
      80.4672,
      80.4672,
      80.4672,
      80.4672,
      80.4672,
      80.4672,
      80.4672,
      80.4672,
      80.4672,
      80.4672,
      80.4672,
      80.4672,
      80.4672,
      80.4672,
      80.4672,
      80.4672,
      80.4672,
      80.4672,
      80.4672,
      80.4672,
      80.4672,
      80.4672,
      80.4672,
      80.4672,
      80.4672,
      80.4672,
      80.4672,
      80.4672,
      80.4672,
      80.4672,
      80.4672,
      80.4672,
      80.4672,
      80.4672,
      80.4672,
      80.4672,
      80.4672,
      80.4672,
      80.4672,
      80.4672,
      80.4672,
      80.4672,
      80.4672,
      80.4672,
      80.4672,
      80.4672,
      80.4672,
      80.4672,
      80.4672,
      80.4672,
      80.4672,
      80.4672,
      80.4672,
      80.4672,
      80.4672,
      80.4672,
      80.4672,
      80.4672,
      80.4672,
      80.4672,
      80.4672,
      80.4672,
      80.4672,
      80.4672,
      80.4672,
      80.4672,
      80.4672,
      80.4672,
      80.4672,
      80.4672,
      80.4672,
      80.4672,
      80.4672,
      80.4672,
      80.4672,
      80.4672,
      80.4672,
      80.4672,
      80.4672,
      80.4672,
      80.4672,
      80.4672,
      80.4672,
      80.4672,
      80.4672,
      80.4672,
      80.4672,
      80.4672,
      80.4672,
      80.4672,
      80.4672,
      80.4672,
      80.4672,
      80.4672,
      80.4672,
      80.4672,
      80.4672,
      80.4672,
      80.4672,
      80.4672,
      80.4672,
      80.4672,
      80.4672,
      80.4672,
      80.4672,
      80.4672,
      80.4672,
      80.4672,
      80.4672,
      80.4672,
      80.4672,
      80.4672,
      80.4672,
      80.4672,
      80.4672,
      80.4672,
      80.4672,
      80.4672,
      80.4672,
      80.4672,
      80.4672,
      80.4672,
      80.4672,
      80.4672,
      80.4672,
      80.4672,
      80.4672,
      80.4672,
      80.4672,
      80.4672,
      80.4672,
      80.4672,
      80.4672,
      80.4672,
      80.4672,
      80.4672,
      80.4672,
      80.4672,
      80.4672,
      80.4672,
      80.4672,
      80.4672,
      80.4672,
      80.4672,
      80.4672,
      80.4672,
      80.4672,
      80.4672,
      80.4672,
      80.4672,
      80.4672,
      80.4672,
      80.4672,
      80.4672,
      80.4672,
      80.4672,
      80.4672,
      80.4672,
      80.4672,
      80.4672,
      80.4672,
      80.4672,
      80.4672,
      80.4672,
      80.4672,
      80.4672,
      80.4672,
      80.4672,
      80.4672,
      80.4672,
      80.4672,
      80.4672,
      80.4672,
      80.4672,
      80.4672,
      80.4672,
      80.4672,
      80.4672,
      80.4672,
      80.4672,
      80.4672
    ],
    "is_bridge": [
      false,
      false,
      false,
      false,
      false,
      false,
      false,
      false,
      false,
      false,
      false,
      false,
      false,
      false,
      false,
      false,
      false,
      false,
      false,
      false,
      false,
      false,
      false,
      false,
      false,
      false,
      false,
      false,
      false,
      false,
      false,
      false,
      false,
      false,
      false,
      false,
      false,
      false,
      false,
      false,
      false,
      false,
      false,
      false,
      false,
      false,
      false,
      false,
      false,
      false,
      false,
      false,
      false,
      false,
      false,
      false,
      false,
      false,
      false,
      false,
      false,
      false,
      false,
      false,
      false,
      false,
      false,
      false,
      false,
      false,
      false,
      false,
      false,
      false,
      false,
      false,
      false,
      false,
      false,
      false,
      false,
      false,
      false,
      false,
      false,
      false,
      false,
      false,
      false,
      false,
      false,
      false,
      false,
      false,
      false,
      false,
      false,
      false,
      false,
      false,
      false,
      false,
      false,
      false,
      false,
      false,
      false,
      false,
      false,
      false,
      false,
      false,
      false,
      false,
      false,
      false,
      false,
      false,
      false,
      false,
      false,
      false,
      false,
      false,
      false,
      false,
      false,
      false,
      false,
      false,
      false,
      false,
      false,
      false,
      false,
      false,
      false,
      false,
      false,
      false,
      false,
      false,
      false,
      false,
      false,
      false,
      false,
      false,
      false,
      false,
      false,
      false,
      false,
      false,
      false,
      false,
      false,
      false,
      false,
      false,
      false,
      false,
      false,
      false,
      false,
      false,
      false,
      false,
      false,
      false,
      false,
      false,
      false,
      false,
      false,
      false,
      false,
      false,
      false,
      false,
      false,
      false,
      false,
      false,
      false,
      false,
      false,
      false,
      false,
      false,
      false,
      false,
      false,
      false,
      false,
      false,
      false,
      false,
      false,
      false,
      false,
      false,
      false,
      false,
      false,
      false,
      false,
      false,
      false,
      false,
      false,
      false,
      false,
      false,
      false,
      false,
      false,
      false,
      false,
      false,
      false,
      false,
      false,
      false,
      false,
      false,
      false,
      false,
      false,
      false,
      false,
      false,
      false,
      false,
      false,
      false,
      false,
      false,
      false,
      false,
      false,
      false,
      false,
      false,
      false,
      false,
      false,
      false,
      false,
      false,
      false,
      false,
      false,
      false,
      false,
      false,
      false,
      false,
      false,
      false,
      false,
      false,
      false,
      false,
      false,
      false,
      false,
      false,
      false,
      false,
      false,
      false,
      false,
      false,
      false,
      false,
      false,
      false,
      false,
      false,
      false,
      false,
      false,
      false,
      false,
      false,
      false,
      false,
      false,
      false,
      false,
      false,
      false,
      false,
      false,
      false,
      false,
      false,
      false,
      false,
      false,
      false,
      false,
      false,
      false,
      false,
      false,
      false,
      false,
      false,
      false,
      false,
      false,
      false,
      false,
      false,
      false,
      false,
      false,
      false,
      false,
      false,
      false,
      false,
      false,
      false,
      false,
      false,
      false,
      false,
      false,
      false,
      false,
      false,
      false,
      false,
      false,
      false,
      false,
      false,
      false,
      false,
      false,
      false,
      false,
      false,
      false,
      false,
      false,
      false,
      false,
      false,
      false,
      false,
      false,
      false,
      false,
      false,
      false,
      false,
      false,
      false,
      false,
      false,
      true,
      true,
      true,
      true,
      true,
      true,
      true,
      true,
      true,
      false,
      false,
      false,
      false,
      false,
      false,
      false,
      false,
      false,
      false,
      false,
      false,
      false,
      false,
      false,
      false,
      false,
      false,
      false,
      false,
      false,
      false,
      false,
      false,
      false,
      false,
      false,
      false,
      false,
      false,
      false,
      false,
      false,
      false,
      false,
      false,
      false,
      false,
      false,
      false,
      false,
      false,
      false,
      false,
      false,
      false,
      false,
      false,
      false,
      false,
      false,
      false,
      false,
      false,
      false,
      false,
      false,
      false,
      false,
      false,
      false,
      false,
      false,
      false,
      false,
      false,
      false,
      false,
      false,
      false,
      false,
      false,
      false,
      false,
      false,
      false,
      false,
      false,
      false,
      false,
      false,
      false,
      false,
      false,
      false,
      false,
      false,
      false,
      false,
      false,
      false,
      false,
      false,
      false,
      false,
      false,
      false,
      false,
      false,
      false,
      false,
      false,
      false,
      false,
      false,
      false,
      false,
      false,
      false,
      false,
      false,
      false,
      false,
      false,
      false,
      false,
      false,
      false,
      false,
      false,
      false,
      false,
      false,
      false,
      false,
      false,
      false,
      false,
      false,
      false,
      false,
      false,
      false,
      false,
      false,
      false,
      false,
      false,
      false,
      false,
      false,
      false,
      false,
      false,
      false,
      false,
      false,
      false,
      false,
      false,
      false,
      false,
      false,
      false,
      false,
      false,
      false,
      false,
      false,
      false,
      false,
      false,
      false,
      false,
      false,
      false,
      false,
      false,
      false,
      false,
      false,
      false,
      false,
      false,
      false,
      false,
      false,
      false,
      false,
      false,
      false,
      false,
      false,
      false,
      false,
      false,
      false,
      false,
      false,
      false,
      false,
      false,
      false,
      false,
      false,
      false,
      false,
      false,
      false,
      false,
      false,
      false,
      false,
      false,
      false,
      false,
      false,
      false,
      false,
      false,
      false,
      false,
      false,
      false,
      false,
      false,
      false,
      false,
      false,
      false,
      false,
      false,
      false,
      false,
      false,
      false,
      false,
      false,
      false,
      false,
      false,
      false,
      false,
      false,
      false,
      false,
      false,
      false,
      false,
      false,
      false,
      false,
      false,
      false,
      false,
      false,
      false,
      false,
      false,
      false,
      false,
      false,
      false,
      false,
      false,
      false,
      false,
      false,
      false,
      false,
      false,
      false,
      false,
      false,
      false,
      false,
      false,
      false,
      false,
      false,
      false,
      false,
      false,
      false,
      false,
      false,
      false,
      false,
      false,
      false,
      false,
      false,
      false,
      false,
      false,
      false,
      false,
      false,
      false,
      false,
      false,
      false,
      false,
      false,
      false,
      false,
      false,
      false,
      false,
      false,
      false,
      false,
      false,
      false,
      false,
      false,
      false,
      false,
      false,
      false,
      false,
      false,
      false,
      false,
      false,
      false,
      false,
      false,
      false,
      false,
      false,
      false,
      false,
      false,
      false,
      false,
      false,
      false,
      false,
      false,
      false,
      false,
      false,
      false,
      false,
      false,
      false,
      false,
      false,
      false,
      false,
      false,
      false,
      false,
      false,
      false,
      false,
      false,
      false,
      false,
      false,
      false,
      false,
      false,
      false,
      false,
      false,
      false,
      false,
      false,
      false,
      false,
      false,
      false,
      false,
      false,
      false,
      false,
      false,
      false,
      false,
      false,
      false,
      false,
      false,
      false,
      false,
      false,
      false,
      false,
      false,
      false,
      false,
      false,
      false,
      false,
      false,
      false,
      false,
      false,
      false,
      false,
      false,
      false,
      false,
      false,
      false,
      false,
      false,
      false,
      false,
      false,
      false,
      false,
      false,
      false,
      false,
      false,
      false,
      false,
      false,
      false,
      false,
      false,
      false,
      false,
      false,
      false,
      false,
      false,
      false,
      false,
      false,
      false,
      false,
      false,
      false,
      false,
      false,
      false,
      false,
      false,
      false,
      false,
      false,
      false,
      false,
      false,
      false,
      false,
      false,
      false,
      false,
      false,
      false,
      false,
      false,
      false,
      false,
      false,
      false,
      false,
      false,
      false,
      false,
      false,
      false,
      false,
      false,
      false,
      false,
      false,
      false,
      false,
      false,
      false,
      false,
      false,
      false,
      false,
      false,
      false,
      false,
      false,
      false,
      false,
      false,
      false,
      false,
      false,
      false,
      false,
      false,
      false,
      false,
      false,
      false,
      false,
      false,
      false,
      false,
      false,
      false,
      false,
      false,
      false,
      false,
      false,
      false,
      false,
      false,
      false,
      false,
      false,
      false,
      false,
      false,
      false,
      false,
      false,
      false,
      false,
      false,
      false,
      false,
      false,
      false,
      false,
      false,
      false,
      false,
      false,
      false,
      false,
      false,
      false,
      false,
      false,
      false,
      false,
      false,
      false,
      false,
      false,
      false,
      false,
      false,
      false,
      false,
      false,
      false,
      false,
      false,
      false,
      false,
      false,
      false,
      false,
      false,
      false,
      false,
      false,
      false,
      false,
      false,
      false,
      false,
      false,
      false,
      false,
      false,
      false,
      false,
      false,
      false,
      false,
      false,
      false,
      false,
      false,
      false,
      false,
      false,
      false,
      false,
      false,
      false,
      false,
      false,
      false,
      false,
      false,
      false,
      false,
      false,
      false,
      false,
      false,
      false,
      false,
      false,
      false,
      false,
      false,
      false,
      false,
      false,
      false,
      false,
      false,
      false,
      false,
      false,
      false,
      false,
      false,
      false,
      false,
      false,
      false,
      false,
      false,
      false,
      false,
      false,
      false,
      false,
      false,
      false,
      false,
      false,
      false,
      false,
      false,
      false,
      false,
      false,
      false,
      false,
      false,
      false,
      false,
      false,
      false,
      false,
      false,
      false,
      false,
      false,
      false,
      false,
      false,
      false,
      false,
      false,
      false,
      false,
      false,
      false,
      false,
      false,
      false,
      false,
      false,
      false,
      false,
      false,
      false,
      false,
      false,
      false,
      false,
      false,
      false,
      false,
      false,
      false,
      false,
      false,
      false,
      false,
      false,
      false,
      false,
      false,
      false,
      false,
      false,
      false,
      false,
      false,
      false,
      false,
      false,
      false,
      false,
      false,
      false,
      false,
      false,
      false,
      false,
      false,
      false,
      false,
      false,
      false,
      false,
      false,
      false,
      false,
      false,
      false,
      false,
      false,
      false,
      false,
      false,
      false,
      false,
      false,
      false,
      false,
      false,
      false,
      false,
      false,
      false,
      false,
      false,
      false,
      false,
      false,
      false,
      false,
      false,
      false,
      false,
      false,
      false,
      false,
      false,
      false,
      false,
      false,
      false,
      false,
      false,
      false,
      false,
      false,
      false,
      false,
      false,
      false,
      false,
      false,
      false,
      false,
      false,
      false,
      false,
      false,
      false,
      false,
      false,
      false,
      false,
      false,
      false,
      false,
      false,
      false,
      false,
      false,
      false,
      false,
      false,
      false,
      false,
      false,
      false,
      false,
      false,
      false,
      false,
      false,
      false,
      false,
      false,
      false,
      false,
      false,
      false,
      false,
      false,
      false,
      false,
      false,
      false,
      false,
      false,
      false,
      false,
      false,
      false,
      false,
      false,
      false,
      false,
      false,
      false,
      false,
      false,
      false,
      false,
      false,
      false,
      false,
      false,
      false,
      false,
      false,
      false,
      false,
      false,
      false,
      false,
      false,
      false,
      false,
      false,
      false,
      false,
      false,
      false,
      false,
      false,
      false,
      false,
      false,
      false,
      false,
      false,
      false,
      false,
      false,
      false,
      false,
      false,
      false,
      false,
      false,
      false,
      false,
      false,
      false,
      false,
      false,
      false,
      false,
      false,
      false,
      false,
      false,
      false,
      false,
      false,
      false,
      false,
      false,
      false,
      false,
      false,
      false,
      false,
      false,
      false,
      false,
      false,
      false,
      false,
      false,
      false,
      false,
      false,
      false,
      false,
      false,
      false,
      true,
      true,
      true,
      true,
      true,
      true,
      true,
      true,
      true,
      true,
      true,
      true,
      false,
      false,
      false,
      false,
      false,
      false,
      false,
      false,
      false,
      false,
      false,
      false,
      false,
      false,
      false,
      false,
      false,
      false,
      false,
      false,
      false,
      false,
      false,
      false,
      false,
      false,
      false,
      false,
      false,
      false,
      false,
      false,
      false,
      false,
      false,
      false,
      false,
      false,
      false,
      false,
      false,
      false,
      false,
      false,
      false,
      false,
      false,
      false,
      false,
      false,
      false,
      false,
      false,
      false,
      false,
      false,
      false,
      false,
      false,
      false,
      false,
      false,
      false,
      false,
      false,
      false,
      false,
      false,
      false,
      false,
      false,
      false,
      false,
      false,
      false,
      false,
      false,
      false,
      false,
      false,
      false,
      false,
      false,
      false,
      false,
      false,
      false,
      false,
      false,
      false,
      false,
      false,
      false,
      false,
      false,
      false,
      false,
      false,
      false,
      false,
      false,
      false,
      false,
      false,
      false,
      false,
      false,
      false,
      false,
      false,
      false,
      false,
      false,
      false,
      false,
      false,
      false,
      false,
      false,
      false,
      false,
      false,
      false,
      false,
      false,
      false,
      false,
      false,
      false,
      false,
      false,
      false,
      false,
      false,
      false,
      false,
      false,
      false,
      false,
      false,
      false,
      false,
      false,
      false,
      false,
      false,
      false,
      false,
      false,
      false,
      false,
      false,
      false,
      false,
      false,
      false,
      false,
      false,
      false,
      false,
      false,
      false,
      false,
      false,
      false,
      false,
      false,
      false,
      false,
      false,
      false,
      false,
      false,
      false,
      false,
      false,
      false,
      false,
      false,
      false,
      false,
      false,
      false,
      false,
      false,
      false,
      false,
      false,
      false,
      false,
      false,
      false,
      false,
      false,
      false,
      false,
      false,
      false,
      false,
      false,
      false,
      false,
      false,
      false,
      false,
      false,
      false,
      false,
      false,
      false,
      false,
      false,
      false,
      false,
      false,
      false,
      false,
      false,
      false,
      false,
      false,
      false,
      false,
      false,
      false,
      false,
      false,
      false,
      false,
      false,
      false,
      false,
      false,
      false,
      false,
      false,
      false,
      false,
      false,
      false,
      false,
      false,
      false,
      false,
      false,
      false,
      false,
      false,
      false,
      false,
      false,
      false,
      false,
      false,
      false,
      false,
      false,
      false,
      false,
      false,
      false,
      false,
      false,
      false,
      false,
      false,
      false,
      false,
      false,
      false,
      false,
      false,
      false,
      false,
      false,
      false,
      false,
      false,
      false,
      false,
      false,
      false,
      false,
      false,
      false,
      false,
      false,
      false,
      false,
      false,
      false,
      false,
      false,
      false,
      false,
      false,
      false,
      false,
      false,
      false,
      false,
      false,
      false,
      false,
      false,
      false,
      false,
      false,
      false,
      false,
      false,
      false,
      false,
      false,
      false,
      false,
      false,
      false,
      false,
      false,
      false,
      false,
      false,
      false,
      false,
      false,
      false,
      false,
      false,
      false,
      false,
      false,
      false,
      false,
      false,
      false,
      false,
      false,
      false,
      false,
      false,
      false,
      false,
      false,
      false,
      false,
      false,
      true,
      true,
      true,
      true,
      true,
      true,
      true,
      true,
      true,
      true,
      false,
      false,
      false,
      false,
      false,
      false,
      false,
      false,
      false,
      false,
      false,
      false,
      false,
      false,
      false,
      false,
      false,
      false,
      false,
      false,
      false,
      false,
      false,
      false,
      false,
      false,
      false,
      false,
      false,
      false,
      false,
      false,
      false,
      false,
      false,
      false,
      false,
      false,
      false,
      false,
      false,
      false,
      false,
      false,
      false,
      false,
      false,
      false,
      false,
      false,
      false,
      false,
      false,
      false,
      false,
      false,
      false,
      false,
      false,
      false,
      false,
      false,
      false,
      false,
      false,
      false,
      false,
      false,
      false,
      false,
      false,
      false,
      false,
      false,
      false,
      false,
      false,
      false,
      false,
      false,
      false,
      false,
      false,
      false,
      false,
      false,
      false,
      false,
      false,
      false,
      false,
      false,
      false,
      false,
      false,
      false,
      false,
      false,
      false,
      false,
      false,
      false,
      false,
      false,
      false,
      false,
      false,
      false,
      false,
      false,
      false,
      false,
      false,
      false,
      false,
      false,
      false,
      false,
      false,
      false,
      false,
      false,
      false,
      false,
      false,
      false,
      false,
      false,
      false,
      false,
      false,
      false,
      false,
      false,
      false,
      false,
      false,
      false,
      false,
      false,
      false,
      false,
      false,
      false,
      false,
      false,
      false,
      false,
      false,
      false,
      false,
      false,
      false,
      false,
      false,
      false,
      false,
      false,
      false,
      false,
      false,
      false,
      false,
      false,
      false,
      false,
      false,
      false,
      false,
      false,
      false,
      false,
      false,
      false,
      false,
      false,
      false,
      false,
      false,
      false,
      false,
      false,
      false,
      false,
      false,
      false,
      false,
      false,
      false,
      false,
      false,
      false,
      false,
      false,
      false,
      false,
      false,
      false,
      false,
      false,
      false,
      false,
      false,
      false,
      false,
      false,
      false,
      false,
      false,
      false,
      false,
      false,
      false,
      false,
      false,
      false,
      false,
      false,
      false,
      false,
      false,
      false,
      false,
      false,
      false,
      false,
      false,
      false,
      false,
      false,
      false,
      false,
      false,
      false,
      false,
      false,
      false,
      false,
      false,
      false,
      false,
      false,
      false,
      false,
      false,
      false,
      false,
      false,
      false,
      false,
      false,
      false,
      false,
      false,
      false,
      false,
      false,
      false,
      false,
      false,
      false,
      false,
      false,
      false,
      false,
      false,
      false,
      false,
      false,
      false,
      false,
      false,
      false,
      false,
      false,
      false,
      false,
      false,
      false,
      false,
      false,
      false,
      false,
      false,
      false,
      false,
      false,
      false,
      false,
      false,
      false,
      false,
      false,
      false,
      false,
      false,
      false,
      false,
      false,
      false,
      false,
      false,
      false,
      false,
      false,
      false,
      false,
      false,
      false,
      false,
      false,
      false,
      false,
      false,
      false,
      false,
      false,
      false,
      false,
      false,
      false,
      false,
      false,
      false,
      false,
      false,
      false,
      false,
      false,
      false,
      false,
      false,
      false,
      false,
      false,
      false,
      false,
      false,
      false,
      false,
      false,
      false,
      false,
      false,
      false,
      false,
      false,
      false,
      false,
      false,
      false,
      false,
      false,
      false,
      false,
      false,
      false,
      true,
      true,
      true,
      true,
      true,
      true,
      true,
      true,
      true,
      true,
      true,
      true,
      true,
      true,
      true,
      true,
      true,
      true,
      true,
      true,
      true,
      true,
      true,
      true,
      true,
      true,
      true,
      true,
      true,
      true,
      true,
      true,
      true,
      true,
      true,
      true,
      true,
      true,
      true,
      true,
      true,
      true,
      true,
      true,
      true,
      true,
      true,
      true,
      true,
      true,
      true,
      true,
      true,
      true,
      true,
      true,
      true,
      true,
      true,
      true,
      true,
      true,
      true,
      false,
      false,
      false,
      false,
      false,
      false,
      false,
      false,
      false,
      false,
      false,
      false,
      false,
      false,
      false,
      false,
      false,
      false,
      false,
      false,
      false,
      false,
      false,
      false,
      false,
      false,
      false,
      false,
      false,
      false,
      false,
      false,
      false,
      false,
      false,
      false,
      false,
      false,
      false,
      false,
      false,
      false,
      false,
      false,
      false,
      false,
      false,
      false,
      false,
      false,
      false,
      false,
      false,
      false,
      false,
      false,
      false,
      false,
      false,
      false,
      false,
      false,
      false,
      false,
      false,
      false,
      false,
      false,
      false,
      false,
      false,
      false,
      false,
      false,
      false,
      false,
      false,
      false,
      false,
      false,
      false,
      false,
      false,
      false,
      false,
      false,
      false,
      false,
      false,
      false,
      false,
      false,
      false,
      false,
      false,
      false,
      false,
      false,
      false,
      false,
      false,
      false,
      false,
      false,
      false,
      false,
      false,
      false,
      false,
      false,
      false,
      false,
      false,
      false,
      false,
      false,
      false,
      false,
      false,
      false,
      false,
      false,
      false,
      false,
      false,
      false,
      false,
      false,
      false,
      false,
      false,
      false,
      false,
      false,
      false,
      false,
      false,
      false,
      false,
      false,
      false,
      false,
      false,
      false,
      false,
      false,
      false,
      false,
      false,
      false,
      false,
      false,
      false,
      false,
      false,
      false,
      false
    ],
    "is_tunnel": [
      false,
      false,
      false,
      false,
      false,
      false,
      false,
      false,
      false,
      false,
      false,
      false,
      false,
      false,
      false,
      false,
      false,
      false,
      false,
      false,
      false,
      false,
      false,
      false,
      false,
      false,
      false,
      false,
      false,
      false,
      false,
      false,
      false,
      false,
      false,
      false,
      false,
      false,
      false,
      false,
      false,
      false,
      false,
      false,
      false,
      false,
      false,
      false,
      false,
      false,
      false,
      false,
      false,
      false,
      false,
      false,
      false,
      false,
      false,
      false,
      false,
      false,
      false,
      false,
      false,
      false,
      false,
      false,
      false,
      false,
      false,
      false,
      false,
      false,
      false,
      false,
      false,
      false,
      false,
      false,
      false,
      false,
      false,
      false,
      false,
      false,
      false,
      false,
      false,
      false,
      false,
      false,
      false,
      false,
      false,
      false,
      false,
      false,
      false,
      false,
      false,
      false,
      false,
      false,
      false,
      false,
      false,
      false,
      false,
      false,
      false,
      false,
      false,
      false,
      false,
      false,
      false,
      false,
      false,
      false,
      false,
      false,
      false,
      false,
      false,
      false,
      false,
      false,
      false,
      false,
      false,
      false,
      false,
      false,
      false,
      false,
      false,
      false,
      false,
      false,
      false,
      false,
      false,
      false,
      false,
      false,
      false,
      false,
      false,
      false,
      false,
      false,
      false,
      false,
      false,
      false,
      false,
      false,
      false,
      false,
      false,
      false,
      false,
      false,
      false,
      false,
      false,
      false,
      false,
      false,
      false,
      false,
      false,
      false,
      false,
      false,
      false,
      false,
      false,
      false,
      false,
      false,
      false,
      false,
      false,
      false,
      false,
      false,
      false,
      false,
      false,
      false,
      false,
      false,
      false,
      false,
      false,
      false,
      false,
      false,
      false,
      false,
      false,
      false,
      false,
      false,
      false,
      false,
      false,
      false,
      false,
      false,
      false,
      false,
      false,
      false,
      false,
      false,
      false,
      false,
      false,
      false,
      false,
      false,
      false,
      false,
      false,
      false,
      false,
      false,
      false,
      false,
      false,
      false,
      false,
      false,
      false,
      false,
      false,
      false,
      false,
      false,
      false,
      false,
      false,
      false,
      false,
      false,
      false,
      false,
      false,
      false,
      false,
      false,
      false,
      false,
      false,
      false,
      false,
      false,
      false,
      false,
      false,
      false,
      false,
      false,
      false,
      false,
      false,
      false,
      false,
      false,
      false,
      false,
      false,
      false,
      false,
      false,
      false,
      false,
      false,
      false,
      false,
      false,
      false,
      false,
      false,
      false,
      false,
      false,
      false,
      false,
      false,
      false,
      false,
      false,
      false,
      false,
      false,
      false,
      false,
      false,
      false,
      false,
      false,
      false,
      false,
      false,
      false,
      false,
      false,
      false,
      false,
      false,
      false,
      false,
      false,
      false,
      false,
      false,
      false,
      false,
      false,
      false,
      false,
      false,
      false,
      false,
      false,
      false,
      false,
      false,
      false,
      false,
      false,
      false,
      false,
      false,
      false,
      false,
      false,
      false,
      false,
      false,
      false,
      false,
      false,
      false,
      false,
      false,
      false,
      false,
      false,
      false,
      false,
      false,
      false,
      false,
      false,
      false,
      false,
      false,
      false,
      false,
      false,
      false,
      false,
      false,
      false,
      false,
      false,
      false,
      false,
      false,
      false,
      false,
      false,
      false,
      false,
      false,
      false,
      false,
      false,
      false,
      false,
      false,
      false,
      false,
      false,
      false,
      false,
      false,
      false,
      false,
      false,
      false,
      false,
      false,
      false,
      false,
      false,
      false,
      false,
      false,
      false,
      false,
      false,
      false,
      false,
      false,
      false,
      false,
      false,
      false,
      false,
      false,
      false,
      false,
      false,
      false,
      false,
      false,
      false,
      false,
      false,
      false,
      false,
      false,
      false,
      false,
      false,
      false,
      false,
      false,
      false,
      false,
      false,
      false,
      false,
      false,
      false,
      false,
      false,
      false,
      false,
      false,
      false,
      false,
      false,
      false,
      false,
      false,
      false,
      false,
      false,
      false,
      false,
      false,
      false,
      false,
      false,
      false,
      false,
      false,
      false,
      false,
      false,
      false,
      false,
      false,
      false,
      false,
      false,
      false,
      false,
      false,
      false,
      false,
      false,
      false,
      false,
      false,
      false,
      false,
      false,
      false,
      false,
      false,
      false,
      false,
      false,
      false,
      false,
      false,
      false,
      false,
      false,
      false,
      false,
      false,
      false,
      false,
      false,
      false,
      false,
      false,
      false,
      false,
      false,
      false,
      false,
      false,
      false,
      false,
      false,
      false,
      false,
      false,
      false,
      false,
      false,
      false,
      false,
      false,
      false,
      false,
      false,
      false,
      false,
      false,
      false,
      false,
      false,
      false,
      false,
      false,
      false,
      false,
      false,
      false,
      false,
      false,
      false,
      false,
      false,
      false,
      false,
      false,
      false,
      false,
      false,
      false,
      false,
      false,
      false,
      false,
      false,
      false,
      false,
      false,
      false,
      false,
      false,
      false,
      false,
      false,
      false,
      false,
      false,
      false,
      false,
      false,
      false,
      false,
      false,
      false,
      false,
      false,
      false,
      false,
      false,
      false,
      false,
      false,
      false,
      false,
      false,
      false,
      false,
      false,
      false,
      false,
      false,
      false,
      false,
      false,
      false,
      false,
      false,
      false,
      false,
      false,
      false,
      false,
      false,
      false,
      false,
      false,
      false,
      false,
      false,
      false,
      false,
      false,
      false,
      false,
      false,
      false,
      false,
      false,
      false,
      false,
      false,
      false,
      false,
      false,
      false,
      false,
      false,
      false,
      false,
      false,
      false,
      false,
      false,
      false,
      false,
      false,
      false,
      false,
      false,
      false,
      false,
      false,
      false,
      false,
      false,
      false,
      false,
      false,
      false,
      false,
      false,
      false,
      false,
      false,
      false,
      false,
      false,
      false,
      false,
      false,
      false,
      false,
      false,
      false,
      false,
      false,
      false,
      false,
      false,
      false,
      false,
      false,
      false,
      false,
      false,
      false,
      false,
      false,
      false,
      false,
      false,
      false,
      false,
      false,
      false,
      false,
      false,
      false,
      false,
      false,
      false,
      false,
      false,
      false,
      false,
      false,
      false,
      false,
      false,
      false,
      false,
      false,
      false,
      false,
      false,
      false,
      false,
      false,
      false,
      false,
      false,
      false,
      false,
      false,
      false,
      false,
      false,
      false,
      false,
      false,
      false,
      false,
      false,
      false,
      false,
      false,
      false,
      false,
      false,
      false,
      false,
      false,
      false,
      false,
      false,
      false,
      false,
      false,
      false,
      false,
      false,
      false,
      false,
      false,
      false,
      false,
      false,
      false,
      false,
      false,
      false,
      false,
      false,
      false,
      false,
      false,
      false,
      false,
      false,
      false,
      false,
      false,
      false,
      false,
      false,
      false,
      false,
      false,
      false,
      false,
      false,
      false,
      false,
      false,
      false,
      false,
      false,
      false,
      false,
      false,
      false,
      false,
      false,
      false,
      false,
      false,
      false,
      false,
      false,
      false,
      false,
      false,
      false,
      false,
      false,
      false,
      false,
      false,
      false,
      false,
      false,
      false,
      false,
      false,
      false,
      false,
      false,
      false,
      false,
      false,
      false,
      false,
      false,
      false,
      false,
      false,
      false,
      false,
      false,
      false,
      false,
      false,
      false,
      false,
      false,
      false,
      false,
      false,
      false,
      false,
      false,
      false,
      false,
      false,
      false,
      false,
      false,
      false,
      false,
      false,
      false,
      false,
      false,
      false,
      false,
      false,
      false,
      false,
      false,
      false,
      false,
      false,
      false,
      false,
      false,
      false,
      false,
      false,
      false,
      false,
      false,
      false,
      false,
      false,
      false,
      false,
      false,
      false,
      false,
      false,
      false,
      false,
      false,
      false,
      false,
      false,
      false,
      false,
      false,
      false,
      false,
      false,
      false,
      false,
      false,
      false,
      false,
      false,
      false,
      false,
      false,
      false,
      false,
      false,
      false,
      false,
      false,
      false,
      false,
      false,
      false,
      false,
      false,
      false,
      false,
      false,
      false,
      false,
      false,
      false,
      false,
      false,
      false,
      false,
      false,
      false,
      false,
      false,
      false,
      false,
      false,
      false,
      false,
      false,
      false,
      false,
      false,
      false,
      false,
      false,
      false,
      false,
      false,
      false,
      false,
      false,
      false,
      false,
      false,
      false,
      false,
      false,
      false,
      false,
      false,
      false,
      false,
      false,
      false,
      false,
      false,
      false,
      false,
      false,
      false,
      false,
      false,
      false,
      false,
      false,
      false,
      false,
      false,
      false,
      false,
      false,
      false,
      false,
      false,
      false,
      false,
      false,
      false,
      false,
      false,
      false,
      false,
      false,
      false,
      false,
      false,
      false,
      false,
      false,
      false,
      false,
      false,
      false,
      false,
      false,
      false,
      false,
      false,
      false,
      false,
      false,
      false,
      false,
      false,
      false,
      false,
      false,
      false,
      false,
      false,
      false,
      false,
      false,
      false,
      false,
      false,
      false,
      false,
      false,
      false,
      false,
      false,
      false,
      false,
      false,
      false,
      false,
      false,
      false,
      false,
      false,
      false,
      false,
      false,
      false,
      false,
      false,
      false,
      false,
      false,
      false,
      false,
      false,
      false,
      false,
      false,
      false,
      false,
      false,
      false,
      false,
      false,
      false,
      false,
      false,
      false,
      false,
      false,
      false,
      false,
      false,
      false,
      false,
      false,
      false,
      false,
      false,
      false,
      false,
      false,
      false,
      false,
      false,
      false,
      false,
      false,
      false,
      false,
      false,
      false,
      false,
      false,
      false,
      false,
      false,
      false,
      false,
      false,
      false,
      false,
      false,
      false,
      false,
      false,
      false,
      false,
      false,
      false,
      false,
      false,
      false,
      false,
      false,
      false,
      false,
      false,
      false,
      false,
      false,
      false,
      false,
      false,
      false,
      false,
      false,
      false,
      false,
      false,
      false,
      false,
      false,
      false,
      false,
      false,
      false,
      false,
      false,
      false,
      false,
      false,
      false,
      false,
      false,
      false,
      false,
      false,
      false,
      false,
      false,
      false,
      false,
      false,
      false,
      false,
      false,
      false,
      false,
      false,
      false,
      false,
      false,
      false,
      false,
      false,
      false,
      false,
      false,
      false,
      false,
      false,
      false,
      false,
      false,
      false,
      false,
      false,
      false,
      false,
      false,
      false,
      false,
      false,
      false,
      false,
      false,
      false,
      false,
      false,
      false,
      false,
      false,
      false,
      false,
      false,
      false,
      false,
      false,
      false,
      false,
      false,
      false,
      false,
      false,
      false,
      false,
      false,
      false,
      false,
      false,
      false,
      false,
      false,
      false,
      false,
      false,
      false,
      false,
      false,
      false,
      false,
      false,
      false,
      false,
      false,
      false,
      false,
      false,
      false,
      false,
      false,
      false,
      false,
      false,
      false,
      false,
      false,
      false,
      false,
      false,
      false,
      false,
      false,
      false,
      false,
      false,
      false,
      false,
      false,
      false,
      false,
      false,
      false,
      false,
      false,
      false,
      false,
      false,
      false,
      false,
      false,
      false,
      false,
      false,
      false,
      false,
      false,
      false,
      false,
      false,
      false,
      false,
      false,
      false,
      false,
      false,
      false,
      false,
      false,
      false,
      false,
      false,
      false,
      false,
      false,
      false,
      false,
      false,
      false,
      false,
      false,
      false,
      false,
      false,
      false,
      false,
      false,
      false,
      false,
      false,
      false,
      false,
      false,
      false,
      false,
      false,
      false,
      false,
      false,
      false,
      false,
      false,
      false,
      false,
      false,
      false,
      false,
      false,
      false,
      false,
      false,
      false,
      false,
      false,
      false,
      false,
      false,
      false,
      false,
      false,
      false,
      false,
      false,
      false,
      false,
      false,
      false,
      false,
      false,
      false,
      false,
      false,
      false,
      false,
      false,
      false,
      false,
      false,
      false,
      false,
      false,
      false,
      false,
      false,
      false,
      false,
      false,
      false,
      false,
      false,
      false,
      false,
      false,
      false,
      false,
      false,
      false,
      false,
      false,
      false,
      false,
      false,
      false,
      false,
      false,
      false,
      false,
      false,
      false,
      false,
      false,
      false,
      false,
      false,
      false,
      false,
      false,
      false,
      false,
      false,
      false,
      false,
      false,
      false,
      false,
      false,
      false,
      false,
      false,
      false,
      false,
      false,
      false,
      false,
      false,
      false,
      false,
      false,
      false,
      false,
      false,
      false,
      false,
      false,
      false,
      false,
      false,
      false,
      false,
      false,
      false,
      false,
      false,
      false,
      false,
      false,
      false,
      false,
      false,
      false,
      false,
      false,
      false,
      false,
      false,
      false,
      false,
      false,
      false,
      false,
      false,
      false,
      false,
      false,
      false,
      false,
      false,
      false,
      false,
      false,
      false,
      false,
      false,
      false,
      false,
      false,
      false,
      false,
      false,
      false,
      false,
      false,
      false,
      false,
      false,
      false,
      false,
      false,
      false,
      false,
      false,
      false,
      false,
      false,
      false,
      false,
      false,
      false,
      false,
      false,
      false,
      false,
      false,
      false,
      false,
      false,
      false,
      false,
      false,
      false,
      false,
      false,
      false,
      false,
      false,
      false,
      false,
      false,
      false,
      false,
      false,
      false,
      false,
      false,
      false,
      false,
      false,
      false,
      false,
      false,
      false,
      false,
      false,
      false,
      false,
      false,
      false,
      false,
      false,
      false,
      false,
      false,
      false,
      false,
      false,
      false,
      false,
      false,
      false,
      false,
      false,
      false,
      false,
      false,
      false,
      false,
      false,
      false,
      false,
      false,
      false,
      false,
      false,
      false,
      false,
      false,
      false,
      false,
      false,
      false,
      false,
      false,
      false,
      false,
      false,
      false,
      false,
      false,
      false,
      false,
      false,
      false,
      false,
      false,
      false,
      false,
      false,
      false,
      false,
      false,
      false,
      false,
      false,
      false,
      false,
      false,
      false,
      false,
      false,
      false,
      false,
      false,
      false,
      false,
      false,
      false,
      false,
      false,
      false,
      false,
      false,
      false,
      false,
      false,
      false,
      false,
      false,
      false,
      false,
      false,
      false,
      false,
      false,
      false,
      false,
      false,
      false,
      false,
      false,
      false,
      false,
      false,
      false,
      false,
      false,
      false,
      false,
      false,
      false,
      false,
      false,
      false,
      false,
      false,
      false,
      false,
      false,
      false,
      false,
      false,
      false,
      false,
      false,
      false,
      false,
      false,
      false,
      false,
      false,
      false,
      false,
      false,
      false,
      false,
      false,
      false,
      false,
      false,
      false,
      false,
      false,
      false,
      false,
      false,
      false,
      false,
      false,
      false,
      false,
      false,
      false,
      false,
      false,
      false,
      false,
      false,
      false,
      false,
      false,
      false,
      false,
      false,
      false,
      false,
      false,
      false,
      false,
      false,
      false,
      false,
      false,
      false,
      false,
      false,
      false,
      false,
      false,
      false,
      false,
      false,
      false,
      false,
      false,
      false,
      false,
      false,
      false,
      false,
      false,
      false,
      false,
      false,
      false,
      false,
      false,
      false,
      false,
      false,
      false,
      false,
      false,
      false,
      false,
      false,
      false,
      false,
      false,
      false,
      false,
      false,
      false,
      false,
      false,
      false,
      false,
      false,
      false,
      false,
      false,
      false,
      false,
      false,
      false,
      false,
      false,
      false,
      false,
      false,
      false,
      false,
      false,
      false,
      false,
      false,
      false,
      false,
      false,
      false,
      false,
      false,
      false,
      false,
      false,
      false,
      false,
      false,
      false,
      false,
      false,
      false,
      false,
      false,
      false,
      false,
      false,
      false,
      false,
      false,
      false,
      false,
      false,
      false,
      false,
      false,
      false,
      false,
      false,
      false,
      false,
      false,
      false,
      false,
      false,
      false,
      false,
      false,
      false,
      false,
      false,
      false,
      false,
      false,
      false,
      false,
      false,
      false,
      false,
      false,
      false,
      false,
      false,
      false,
      false,
      false,
      false,
      false,
      false,
      false,
      false,
      false,
      false,
      false,
      false,
      false,
      false,
      false,
      false,
      false,
      false,
      false,
      false,
      false,
      false,
      false,
      false,
      false,
      false,
      false,
      false,
      false,
      false,
      false,
      false,
      false,
      false,
      false,
      false,
      false,
      false,
      false,
      false,
      false,
      false,
      false,
      false,
      false,
      false,
      false,
      false,
      false,
      false,
      false,
      false,
      false,
      false,
      false,
      false,
      false,
      false,
      false,
      false,
      false,
      false,
      false,
      false,
      false,
      false,
      false,
      false,
      false,
      false,
      false,
      false,
      false,
      false,
      false,
      false,
      false,
      false,
      false,
      false,
      false,
      false,
      false,
      false,
      false,
      false,
      false,
      false,
      false,
      false,
      false,
      false,
      false,
      false,
      false,
      false,
      false,
      false,
      false,
      false,
      false,
      false,
      false,
      false,
      false,
      false,
      false,
      false,
      false,
      false,
      false,
      false,
      false,
      false,
      false,
      false,
      false,
      false,
      false,
      false,
      false,
      false,
      false,
      false,
      false,
      false,
      false,
      false,
      false,
      false,
      false,
      false,
      false,
      false,
      false,
      false,
      false,
      false,
      false,
      false,
      false,
      false,
      false,
      false,
      false,
      false,
      false,
      false,
      false,
      false,
      false,
      false,
      false,
      false,
      false,
      false,
      false,
      false,
      false,
      false,
      false,
      false,
      false,
      false,
      false,
      false,
      false,
      false,
      false,
      false,
      false,
      false,
      false,
      false,
      false,
      false,
      false,
      false,
      false,
      false,
      false,
      false,
      false,
      false,
      false,
      false,
      false,
      false,
      false,
      false,
      false,
      false,
      false,
      false,
      false,
      false,
      false,
      false,
      false,
      false,
      false,
      false,
      false,
      false,
      false,
      false,
      false,
      false,
      false,
      false,
      false,
      false,
      false,
      false,
      false,
      false,
      false,
      false,
      false,
      false,
      false,
      false,
      false,
      false,
      false,
      false,
      false,
      false,
      false,
      false,
      false,
      false,
      false,
      false,
      false,
      false,
      false,
      false,
      false,
      false,
      false,
      false,
      false,
      false,
      false,
      false,
      false,
      false,
      false,
      false,
      false,
      false,
      false,
      false,
      false,
      false,
      false,
      false,
      false,
      false,
      false,
      false,
      false,
      false,
      false,
      false,
      false,
      false,
      false,
      false,
      false,
      false,
      false,
      false,
      false,
      false,
      false,
      false,
      false,
      false,
      false,
      false,
      false,
      false,
      false,
      false,
      false,
      false,
      false,
      false,
      false,
      false,
      false,
      false,
      false,
      false,
      false,
      false,
      false,
      false,
      false,
      false,
      false,
      false,
      false,
      false,
      false,
      false,
      false,
      false,
      false,
      false,
      false,
      false,
      false,
      false,
      false,
      false,
      false,
      false,
      false,
      false,
      false,
      false,
      false,
      false,
      false,
      false,
      false,
      false,
      false,
      false,
      false,
      false,
      false,
      false,
      false,
      false,
      false,
      false,
      false,
      false,
      false,
      false,
      false,
      false,
      false,
      false,
      false,
      false,
      false,
      false,
      false,
      false,
      false,
      false,
      false,
      false,
      false,
      false,
      false,
      false,
      false,
      false,
      false,
      false,
      false,
      false,
      false,
      false,
      false,
      false,
      false,
      false,
      false,
      false,
      false,
      false,
      false,
      false,
      false,
      false,
      false,
      false,
      false,
      false,
      false,
      false,
      false,
      false,
      false,
      false,
      false,
      false,
      false,
      false,
      false,
      false,
      false,
      false,
      false,
      false,
      false,
      false,
      false,
      false,
      false,
      false,
      false,
      false,
      false,
      false
    ],
    "is_cutting": [
      false,
      false,
      false,
      false,
      false,
      false,
      false,
      false,
      false,
      false,
      false,
      false,
      false,
      false,
      false,
      false,
      false,
      false,
      false,
      false,
      false,
      false,
      false,
      false,
      false,
      false,
      false,
      false,
      false,
      false,
      false,
      false,
      false,
      false,
      false,
      false,
      false,
      false,
      false,
      false,
      false,
      false,
      false,
      false,
      false,
      false,
      false,
      false,
      false,
      false,
      false,
      false,
      false,
      false,
      false,
      false,
      false,
      false,
      false,
      false,
      false,
      false,
      false,
      false,
      false,
      false,
      false,
      false,
      false,
      false,
      false,
      false,
      false,
      false,
      false,
      false,
      false,
      false,
      false,
      false,
      false,
      false,
      false,
      false,
      false,
      false,
      false,
      false,
      false,
      false,
      false,
      false,
      false,
      false,
      false,
      false,
      false,
      false,
      false,
      false,
      false,
      false,
      false,
      false,
      false,
      false,
      false,
      false,
      false,
      false,
      false,
      false,
      false,
      false,
      false,
      false,
      false,
      false,
      false,
      false,
      false,
      false,
      false,
      false,
      false,
      false,
      false,
      false,
      false,
      false,
      false,
      false,
      false,
      false,
      false,
      false,
      false,
      false,
      false,
      false,
      false,
      false,
      false,
      false,
      false,
      false,
      false,
      false,
      false,
      false,
      false,
      false,
      false,
      false,
      false,
      false,
      false,
      false,
      false,
      false,
      false,
      false,
      false,
      false,
      false,
      false,
      false,
      false,
      false,
      false,
      false,
      false,
      false,
      false,
      false,
      false,
      false,
      false,
      false,
      false,
      false,
      false,
      false,
      false,
      false,
      false,
      false,
      false,
      false,
      false,
      false,
      false,
      false,
      false,
      false,
      false,
      false,
      false,
      false,
      false,
      false,
      false,
      false,
      false,
      false,
      false,
      false,
      false,
      false,
      false,
      false,
      false,
      false,
      false,
      false,
      false,
      false,
      false,
      false,
      false,
      false,
      false,
      false,
      false,
      false,
      false,
      false,
      false,
      false,
      false,
      false,
      false,
      false,
      false,
      false,
      false,
      false,
      false,
      false,
      false,
      false,
      false,
      false,
      false,
      false,
      false,
      false,
      false,
      false,
      false,
      false,
      false,
      false,
      false,
      false,
      false,
      false,
      false,
      false,
      false,
      false,
      false,
      false,
      false,
      false,
      false,
      false,
      false,
      false,
      false,
      false,
      false,
      false,
      false,
      false,
      false,
      false,
      false,
      false,
      false,
      false,
      false,
      false,
      false,
      false,
      false,
      false,
      false,
      false,
      false,
      false,
      false,
      false,
      false,
      false,
      false,
      false,
      false,
      false,
      false,
      false,
      false,
      false,
      false,
      false,
      false,
      false,
      false,
      false,
      false,
      false,
      false,
      false,
      false,
      false,
      false,
      false,
      false,
      false,
      false,
      false,
      false,
      false,
      false,
      false,
      false,
      false,
      false,
      false,
      false,
      false,
      false,
      false,
      false,
      false,
      false,
      false,
      false,
      false,
      false,
      false,
      false,
      false,
      false,
      false,
      false,
      false,
      false,
      false,
      false,
      false,
      false,
      false,
      false,
      false,
      false,
      false,
      false,
      false,
      false,
      false,
      false,
      false,
      false,
      false,
      false,
      false,
      false,
      false,
      false,
      false,
      false,
      false,
      false,
      false,
      false,
      false,
      false,
      false,
      false,
      false,
      false,
      false,
      false,
      false,
      false,
      false,
      false,
      false,
      false,
      false,
      false,
      false,
      false,
      false,
      false,
      false,
      false,
      false,
      false,
      false,
      false,
      false,
      false,
      false,
      false,
      false,
      false,
      false,
      false,
      false,
      false,
      false,
      false,
      false,
      false,
      false,
      false,
      false,
      false,
      false,
      false,
      false,
      false,
      false,
      false,
      false,
      false,
      false,
      false,
      false,
      false,
      false,
      false,
      false,
      false,
      false,
      false,
      false,
      false,
      false,
      false,
      false,
      false,
      false,
      false,
      false,
      false,
      false,
      false,
      false,
      false,
      false,
      false,
      false,
      false,
      false,
      false,
      false,
      false,
      false,
      false,
      false,
      false,
      false,
      false,
      false,
      false,
      false,
      false,
      false,
      false,
      false,
      false,
      false,
      false,
      false,
      false,
      false,
      false,
      false,
      false,
      false,
      false,
      false,
      false,
      false,
      false,
      false,
      false,
      false,
      false,
      false,
      false,
      false,
      false,
      false,
      false,
      false,
      false,
      false,
      false,
      false,
      false,
      false,
      false,
      false,
      false,
      false,
      false,
      false,
      false,
      false,
      false,
      false,
      false,
      false,
      false,
      false,
      false,
      false,
      false,
      false,
      false,
      false,
      false,
      false,
      false,
      false,
      false,
      false,
      false,
      false,
      false,
      false,
      false,
      false,
      false,
      false,
      false,
      false,
      false,
      false,
      false,
      false,
      false,
      false,
      false,
      false,
      false,
      false,
      false,
      false,
      false,
      false,
      false,
      false,
      false,
      false,
      false,
      false,
      false,
      false,
      false,
      false,
      false,
      false,
      false,
      false,
      false,
      false,
      false,
      false,
      false,
      false,
      false,
      false,
      false,
      false,
      false,
      false,
      false,
      false,
      false,
      false,
      false,
      false,
      false,
      false,
      false,
      false,
      false,
      false,
      false,
      false,
      false,
      false,
      false,
      false,
      false,
      false,
      false,
      false,
      false,
      false,
      false,
      false,
      false,
      false,
      false,
      false,
      false,
      false,
      false,
      false,
      false,
      false,
      false,
      false,
      false,
      false,
      false,
      false,
      false,
      false,
      false,
      false,
      false,
      false,
      false,
      false,
      false,
      false,
      false,
      false,
      false,
      false,
      false,
      false,
      false,
      false,
      false,
      false,
      false,
      false,
      false,
      false,
      false,
      false,
      false,
      false,
      false,
      false,
      false,
      false,
      false,
      false,
      false,
      false,
      false,
      false,
      false,
      false,
      false,
      false,
      false,
      false,
      false,
      false,
      false,
      false,
      false,
      false,
      false,
      false,
      false,
      false,
      false,
      false,
      false,
      false,
      false,
      false,
      false,
      false,
      false,
      false,
      false,
      false,
      false,
      false,
      false,
      false,
      false,
      false,
      false,
      false,
      false,
      false,
      false,
      false,
      false,
      false,
      false,
      false,
      false,
      false,
      false,
      false,
      false,
      false,
      false,
      false,
      false,
      false,
      false,
      false,
      false,
      false,
      false,
      false,
      false,
      false,
      false,
      false,
      false,
      false,
      false,
      false,
      false,
      false,
      false,
      false,
      false,
      false,
      false,
      false,
      false,
      false,
      false,
      false,
      false,
      false,
      false,
      false,
      false,
      false,
      false,
      false,
      false,
      false,
      false,
      false,
      false,
      false,
      false,
      false,
      false,
      false,
      false,
      false,
      false,
      false,
      false,
      false,
      false,
      false,
      false,
      false,
      false,
      false,
      false,
      false,
      false,
      false,
      false,
      false,
      false,
      false,
      false,
      false,
      false,
      false,
      false,
      false,
      false,
      false,
      false,
      false,
      false,
      false,
      false,
      false,
      false,
      false,
      false,
      false,
      false,
      false,
      false,
      false,
      false,
      false,
      false,
      false,
      false,
      false,
      false,
      false,
      false,
      false,
      false,
      false,
      false,
      false,
      false,
      false,
      false,
      false,
      false,
      false,
      false,
      false,
      false,
      false,
      false,
      false,
      false,
      false,
      false,
      false,
      false,
      false,
      false,
      false,
      false,
      false,
      false,
      false,
      false,
      false,
      false,
      false,
      false,
      false,
      false,
      false,
      false,
      false,
      false,
      false,
      false,
      false,
      false,
      false,
      false,
      false,
      false,
      false,
      false,
      false,
      false,
      false,
      false,
      false,
      false,
      false,
      false,
      false,
      false,
      false,
      false,
      false,
      false,
      false,
      false,
      false,
      false,
      false,
      false,
      false,
      false,
      false,
      false,
      false,
      false,
      false,
      false,
      false,
      false,
      false,
      false,
      false,
      false,
      false,
      false,
      false,
      false,
      false,
      false,
      false,
      false,
      false,
      false,
      false,
      false,
      false,
      false,
      false,
      false,
      false,
      false,
      false,
      false,
      false,
      false,
      false,
      false,
      false,
      false,
      false,
      false,
      false,
      false,
      false,
      false,
      false,
      false,
      false,
      false,
      false,
      false,
      false,
      false,
      false,
      false,
      false,
      false,
      false,
      false,
      false,
      false,
      false,
      false,
      false,
      false,
      false,
      false,
      false,
      false,
      false,
      false,
      false,
      false,
      false,
      false,
      false,
      false,
      false,
      false,
      false,
      false,
      false,
      false,
      false,
      false,
      false,
      false,
      false,
      false,
      false,
      false,
      false,
      false,
      false,
      false,
      false,
      false,
      false,
      false,
      false,
      false,
      false,
      false,
      false,
      false,
      false,
      false,
      false,
      false,
      false,
      false,
      false,
      false,
      false,
      false,
      false,
      false,
      false,
      false,
      false,
      false,
      false,
      false,
      false,
      false,
      false,
      false,
      false,
      false,
      false,
      false,
      false,
      false,
      false,
      false,
      false,
      false,
      false,
      false,
      false,
      false,
      false,
      false,
      false,
      false,
      false,
      false,
      false,
      false,
      false,
      false,
      false,
      false,
      false,
      false,
      false,
      false,
      false,
      false,
      false,
      false,
      false,
      false,
      false,
      false,
      false,
      false,
      false,
      false,
      false,
      false,
      false,
      false,
      false,
      false,
      false,
      false,
      false,
      false,
      false,
      false,
      false,
      false,
      false,
      false,
      false,
      false,
      false,
      false,
      false,
      false,
      false,
      false,
      false,
      false,
      false,
      false,
      false,
      false,
      false,
      false,
      false,
      false,
      false,
      false,
      false,
      false,
      false,
      false,
      false,
      false,
      false,
      false,
      false,
      false,
      false,
      false,
      false,
      false,
      false,
      false,
      false,
      false,
      false,
      false,
      false,
      false,
      false,
      false,
      false,
      false,
      false,
      false,
      false,
      false,
      false,
      false,
      false,
      false,
      false,
      false,
      false,
      false,
      false,
      false,
      false,
      false,
      false,
      false,
      false,
      false,
      false,
      false,
      false,
      false,
      false,
      false,
      false,
      false,
      false,
      false,
      false,
      false,
      false,
      false,
      false,
      false,
      false,
      false,
      false,
      false,
      false,
      false,
      false,
      false,
      false,
      false,
      false,
      false,
      false,
      false,
      false,
      false,
      false,
      false,
      false,
      false,
      false,
      false,
      false,
      false,
      false,
      false,
      false,
      false,
      false,
      false,
      false,
      false,
      false,
      false,
      false,
      false,
      false,
      false,
      false,
      false,
      false,
      false,
      false,
      false,
      false,
      false,
      false,
      false,
      false,
      false,
      false,
      false,
      false,
      false,
      false,
      false,
      false,
      false,
      false,
      false,
      false,
      false,
      false,
      false,
      false,
      false,
      false,
      false,
      false,
      false,
      false,
      false,
      false,
      false,
      false,
      false,
      false,
      false,
      false,
      false,
      false,
      false,
      false,
      false,
      false,
      false,
      false,
      false,
      false,
      false,
      false,
      false,
      false,
      false,
      false,
      false,
      false,
      false,
      false,
      false,
      false,
      false,
      false,
      false,
      false,
      false,
      false,
      false,
      false,
      false,
      false,
      false,
      false,
      false,
      false,
      false,
      false,
      false,
      false,
      false,
      false,
      false,
      false,
      false,
      false,
      false,
      false,
      false,
      false,
      false,
      false,
      false,
      false,
      false,
      false,
      false,
      false,
      false,
      false,
      false,
      false,
      false,
      false,
      false,
      false,
      false,
      false,
      false,
      false,
      false,
      false,
      false,
      false,
      false,
      false,
      false,
      false,
      false,
      false,
      false,
      false,
      false,
      false,
      false,
      false,
      false,
      false,
      false,
      false,
      false,
      false,
      false,
      false,
      false,
      false,
      false,
      false,
      false,
      false,
      false,
      false,
      false,
      false,
      false,
      false,
      false,
      false,
      false,
      false,
      false,
      false,
      false,
      false,
      false,
      false,
      false,
      false,
      false,
      false,
      false,
      false,
      false,
      false,
      false,
      false,
      false,
      false,
      false,
      false,
      false,
      false,
      false,
      false,
      false,
      false,
      false,
      false,
      false,
      false,
      false,
      false,
      false,
      false,
      false,
      false,
      false,
      false,
      false,
      false,
      false,
      false,
      false,
      false,
      false,
      false,
      false,
      false,
      false,
      false,
      false,
      false,
      false,
      false,
      false,
      false,
      false,
      false,
      false,
      false,
      false,
      false,
      false,
      false,
      false,
      false,
      false,
      false,
      false,
      false,
      false,
      false,
      false,
      false,
      false,
      false,
      false,
      false,
      false,
      false,
      false,
      false,
      false,
      false,
      false,
      false,
      false,
      false,
      false,
      false,
      false,
      false,
      false,
      false,
      false,
      false,
      false,
      false,
      false,
      false,
      false,
      false,
      false,
      false,
      false,
      false,
      false,
      false,
      false,
      false,
      false,
      false,
      false,
      false,
      false,
      false,
      false,
      false,
      false,
      false,
      false,
      false,
      false,
      false,
      false,
      false,
      false,
      false,
      false,
      false,
      false,
      false,
      false,
      false,
      false,
      false,
      false,
      false,
      false,
      false,
      false,
      false,
      false,
      false,
      false,
      false,
      false,
      false,
      false,
      false,
      false,
      false,
      false,
      false,
      false,
      false,
      false,
      false,
      false,
      false,
      false,
      false,
      false,
      false,
      false,
      false,
      false,
      false,
      false,
      false,
      false,
      false,
      false,
      false,
      false,
      false,
      false,
      false,
      false,
      false,
      false,
      false,
      false,
      false,
      false,
      false,
      false,
      false,
      false,
      false,
      false,
      false,
      false,
      false,
      false,
      false,
      false,
      false,
      false,
      false,
      false,
      false,
      false,
      false,
      false,
      false,
      false,
      false,
      false,
      false,
      false,
      false,
      false,
      false,
      false,
      false,
      false,
      false,
      false,
      false,
      false,
      false,
      false,
      false,
      false,
      false,
      false,
      false,
      false,
      false,
      false,
      false,
      false,
      false,
      false,
      false,
      false,
      false,
      false,
      false,
      false,
      false,
      false,
      false,
      false,
      false,
      false,
      false,
      false,
      false,
      false,
      false,
      false,
      false,
      false,
      false,
      false,
      false,
      false,
      false,
      false,
      false,
      false,
      false,
      false,
      false,
      false,
      false,
      false,
      false,
      false,
      false,
      false,
      false,
      false,
      false,
      false,
      false,
      false,
      false,
      false,
      false,
      false,
      false,
      false,
      false,
      false,
      false,
      false,
      false,
      false,
      false,
      false,
      false,
      false,
      false,
      false,
      false,
      false,
      false,
      false,
      false,
      false,
      false,
      false,
      false,
      false,
      false,
      false,
      false,
      false,
      false,
      false,
      false,
      false,
      false,
      false,
      false,
      false,
      false,
      false,
      false,
      false,
      false,
      false,
      false,
      false,
      false,
      false,
      false,
      false,
      false,
      false,
      false,
      false,
      false,
      false,
      false,
      false,
      false,
      false,
      false,
      false,
      false,
      false,
      false,
      false,
      false,
      false,
      false,
      false,
      false,
      false,
      false,
      false,
      false,
      false,
      false,
      false,
      false,
      false,
      false,
      false,
      false,
      false,
      false,
      false,
      false,
      false,
      false,
      false,
      false,
      false,
      false,
      false,
      false,
      false,
      false,
      false,
      false,
      false,
      false,
      false,
      false,
      false,
      false,
      false,
      false,
      false,
      false,
      false,
      false,
      false,
      false,
      false,
      false,
      false,
      false,
      false,
      false,
      false,
      false,
      false,
      false,
      false,
      false,
      false,
      false,
      false,
      false,
      false,
      false,
      false,
      false,
      false,
      false,
      false,
      false,
      false,
      false,
      false,
      false,
      false,
      false,
      false,
      false,
      false,
      false,
      false,
      false,
      false,
      false,
      false,
      false,
      false,
      false,
      false,
      false,
      false,
      false,
      false,
      false,
      false,
      false,
      false,
      false,
      false,
      false,
      false,
      false,
      false,
      false,
      false,
      false,
      false,
      false,
      false,
      false,
      false,
      false,
      false,
      false,
      false,
      false,
      false,
      false,
      false,
      false,
      false,
      false,
      false,
      false,
      false,
      false,
      false,
      false,
      false,
      false,
      false,
      false,
      false,
      false,
      false,
      false,
      false,
      false,
      false,
      false,
      false,
      false,
      false,
      false,
      false,
      false,
      false,
      false,
      false,
      false,
      false,
      false,
      false,
      false,
      false,
      false,
      false,
      false,
      false,
      false,
      false,
      false,
      false,
      false,
      false,
      false,
      false,
      false,
      false,
      false,
      false,
      false,
      false,
      false,
      false,
      false,
      false,
      false,
      false,
      false,
      false,
      false,
      false,
      false,
      false,
      false,
      false,
      false,
      false,
      false,
      false,
      false,
      false,
      false,
      false,
      false,
      false,
      false,
      false,
      false,
      false,
      false,
      false,
      false,
      false,
      false,
      false,
      false,
      false,
      false,
      false,
      false,
      false,
      false,
      false,
      false,
      false,
      false,
      false,
      false,
      false,
      false,
      false,
      false,
      false,
      false,
      false,
      false,
      false,
      false,
      false,
      false,
      false,
      false,
      false,
      false,
      false,
      false,
      false,
      false,
      false,
      false,
      false,
      false,
      false,
      false,
      false,
      false,
      false,
      false,
      false,
      false,
      false,
      false,
      false,
      false,
      false,
      false,
      false,
      false,
      false,
      false,
      false,
      false,
      false,
      false,
      false,
      false,
      false,
      false,
      false,
      false,
      false,
      false,
      false,
      false,
      false,
      false,
      false,
      false,
      false,
      false,
      false,
      false,
      false,
      false,
      false,
      false,
      false,
      false,
      false,
      false,
      false,
      false,
      false,
      false,
      false,
      false,
      false,
      false,
      false,
      false,
      false,
      false,
      false,
      false,
      false,
      false,
      false,
      false,
      false,
      false,
      false,
      false,
      false,
      false,
      false,
      false,
      false,
      false,
      false,
      false,
      false,
      false,
      false,
      false,
      false,
      false,
      false,
      false,
      false,
      false,
      false,
      false,
      false,
      false,
      false,
      false,
      false,
      false,
      false,
      false,
      false,
      false,
      false,
      false,
      false,
      false,
      false,
      false,
      false,
      false,
      false,
      false,
      false,
      false,
      false,
      false,
      false,
      false,
      false,
      false,
      false,
      false,
      false,
      false,
      false,
      false,
      false,
      false,
      false,
      false,
      false,
      false,
      false,
      false,
      false,
      false,
      false,
      false,
      false,
      false,
      false,
      false,
      false,
      false,
      false,
      false,
      false,
      false,
      false,
      false,
      false,
      false,
      false,
      false,
      false,
      false,
      false,
      false,
      false,
      false,
      false,
      false,
      false,
      false,
      false,
      false,
      false,
      false,
      false,
      false,
      false,
      false,
      false,
      false,
      false,
      false,
      false,
      false,
      false,
      false,
      false,
      false,
      false,
      false,
      false,
      false,
      false,
      false,
      false,
      false,
      false,
      false,
      false,
      false,
      false,
      false,
      false,
      false,
      false,
      false,
      false,
      false,
      false,
      false,
      false,
      false,
      false,
      false,
      false,
      false,
      false,
      false,
      false,
      false,
      false,
      false,
      false,
      false,
      false,
      false,
      false,
      false,
      false,
      false,
      false,
      false,
      false,
      false,
      false,
      false,
      false,
      false,
      false,
      false,
      false,
      false,
      false,
      false,
      false,
      false,
      false,
      false,
      false,
      false,
      false,
      false,
      false,
      false,
      false,
      false,
      false,
      false,
      false,
      false,
      false,
      false,
      false,
      false,
      false,
      false,
      false,
      false,
      false,
      false,
      false,
      false,
      false,
      false,
      false,
      false,
      false,
      false
    ],
    "is_embankment": [
      false,
      false,
      false,
      false,
      false,
      false,
      false,
      false,
      false,
      false,
      false,
      false,
      false,
      false,
      false,
      false,
      false,
      false,
      false,
      false,
      false,
      false,
      false,
      false,
      false,
      false,
      false,
      false,
      false,
      false,
      false,
      false,
      false,
      false,
      false,
      false,
      false,
      false,
      false,
      false,
      false,
      false,
      false,
      false,
      false,
      false,
      false,
      false,
      false,
      false,
      false,
      false,
      false,
      false,
      false,
      false,
      false,
      false,
      false,
      false,
      false,
      false,
      false,
      false,
      false,
      false,
      false,
      false,
      false,
      false,
      false,
      false,
      false,
      false,
      false,
      false,
      false,
      false,
      false,
      false,
      false,
      false,
      false,
      false,
      false,
      false,
      false,
      false,
      false,
      false,
      false,
      false,
      false,
      false,
      false,
      false,
      false,
      false,
      false,
      false,
      false,
      false,
      false,
      false,
      false,
      false,
      false,
      false,
      false,
      false,
      false,
      false,
      false,
      false,
      false,
      false,
      false,
      false,
      false,
      false,
      false,
      false,
      false,
      false,
      false,
      false,
      false,
      false,
      false,
      false,
      false,
      false,
      false,
      false,
      false,
      false,
      false,
      false,
      false,
      false,
      false,
      false,
      false,
      false,
      false,
      false,
      false,
      false,
      false,
      false,
      false,
      false,
      false,
      false,
      false,
      false,
      false,
      false,
      false,
      false,
      false,
      false,
      false,
      false,
      false,
      false,
      false,
      false,
      false,
      false,
      false,
      false,
      false,
      false,
      false,
      false,
      false,
      false,
      false,
      false,
      false,
      false,
      false,
      false,
      false,
      false,
      false,
      false,
      false,
      false,
      false,
      false,
      false,
      false,
      false,
      false,
      false,
      false,
      false,
      false,
      false,
      false,
      false,
      false,
      false,
      false,
      false,
      false,
      false,
      false,
      false,
      false,
      false,
      false,
      false,
      false,
      false,
      false,
      false,
      false,
      false,
      false,
      false,
      false,
      false,
      false,
      false,
      false,
      false,
      false,
      false,
      false,
      false,
      false,
      false,
      false,
      false,
      false,
      false,
      false,
      false,
      false,
      false,
      false,
      false,
      false,
      false,
      false,
      false,
      false,
      false,
      false,
      false,
      false,
      false,
      false,
      false,
      false,
      false,
      false,
      false,
      false,
      false,
      false,
      false,
      false,
      false,
      false,
      false,
      false,
      false,
      false,
      false,
      false,
      false,
      false,
      false,
      false,
      false,
      false,
      false,
      false,
      false,
      false,
      false,
      false,
      false,
      false,
      false,
      false,
      false,
      false,
      false,
      false,
      false,
      false,
      false,
      false,
      false,
      false,
      false,
      false,
      false,
      false,
      false,
      false,
      false,
      false,
      false,
      false,
      false,
      false,
      false,
      false,
      false,
      false,
      false,
      false,
      false,
      false,
      false,
      false,
      false,
      false,
      false,
      false,
      false,
      false,
      false,
      false,
      false,
      false,
      false,
      false,
      false,
      false,
      false,
      false,
      false,
      false,
      false,
      false,
      false,
      false,
      false,
      false,
      false,
      false,
      false,
      false,
      false,
      false,
      false,
      false,
      false,
      false,
      false,
      false,
      false,
      false,
      false,
      false,
      false,
      false,
      false,
      false,
      false,
      false,
      false,
      false,
      false,
      false,
      false,
      false,
      false,
      false,
      false,
      false,
      false,
      false,
      false,
      false,
      false,
      false,
      false,
      false,
      false,
      false,
      false,
      false,
      false,
      false,
      false,
      false,
      false,
      false,
      false,
      false,
      false,
      false,
      false,
      false,
      false,
      false,
      false,
      false,
      false,
      false,
      false,
      false,
      false,
      false,
      false,
      false,
      false,
      false,
      false,
      false,
      false,
      false,
      false,
      false,
      false,
      false,
      false,
      false,
      false,
      false,
      false,
      false,
      false,
      false,
      false,
      false,
      false,
      false,
      false,
      false,
      false,
      false,
      false,
      false,
      false,
      false,
      false,
      false,
      false,
      false,
      false,
      false,
      false,
      false,
      false,
      false,
      false,
      false,
      false,
      false,
      false,
      false,
      false,
      false,
      false,
      false,
      false,
      false,
      false,
      false,
      false,
      false,
      false,
      false,
      false,
      false,
      false,
      false,
      false,
      false,
      false,
      false,
      false,
      false,
      false,
      false,
      false,
      false,
      false,
      false,
      false,
      false,
      false,
      false,
      false,
      false,
      false,
      false,
      false,
      false,
      false,
      false,
      false,
      false,
      false,
      false,
      false,
      false,
      false,
      false,
      false,
      false,
      false,
      false,
      false,
      false,
      false,
      false,
      false,
      false,
      false,
      false,
      false,
      false,
      false,
      false,
      false,
      false,
      false,
      false,
      false,
      false,
      false,
      false,
      false,
      false,
      false,
      false,
      false,
      false,
      false,
      false,
      false,
      false,
      false,
      false,
      false,
      false,
      false,
      false,
      false,
      false,
      false,
      false,
      false,
      false,
      false,
      false,
      false,
      false,
      false,
      false,
      false,
      false,
      false,
      false,
      false,
      false,
      false,
      false,
      false,
      false,
      false,
      false,
      false,
      false,
      false,
      false,
      false,
      false,
      false,
      false,
      false,
      false,
      false,
      false,
      false,
      false,
      false,
      false,
      false,
      false,
      false,
      false,
      false,
      false,
      false,
      false,
      false,
      false,
      false,
      false,
      false,
      false,
      false,
      false,
      false,
      false,
      false,
      false,
      false,
      false,
      false,
      false,
      false,
      false,
      false,
      false,
      false,
      false,
      false,
      false,
      false,
      false,
      false,
      false,
      false,
      false,
      false,
      false,
      false,
      false,
      false,
      false,
      false,
      false,
      false,
      false,
      false,
      false,
      false,
      false,
      false,
      false,
      false,
      false,
      false,
      false,
      false,
      false,
      false,
      false,
      false,
      false,
      false,
      false,
      false,
      false,
      false,
      false,
      false,
      false,
      false,
      false,
      false,
      false,
      false,
      false,
      false,
      false,
      false,
      false,
      false,
      false,
      false,
      false,
      false,
      false,
      false,
      false,
      false,
      false,
      false,
      false,
      false,
      false,
      false,
      false,
      false,
      false,
      false,
      false,
      false,
      false,
      false,
      false,
      false,
      false,
      false,
      false,
      false,
      false,
      false,
      false,
      false,
      false,
      false,
      false,
      false,
      false,
      false,
      false,
      false,
      false,
      false,
      false,
      false,
      false,
      false,
      false,
      false,
      false,
      false,
      false,
      false,
      false,
      false,
      false,
      false,
      false,
      false,
      false,
      false,
      false,
      false,
      false,
      false,
      false,
      false,
      false,
      false,
      false,
      false,
      false,
      false,
      false,
      false,
      false,
      false,
      false,
      false,
      false,
      false,
      false,
      false,
      false,
      false,
      false,
      false,
      false,
      false,
      false,
      false,
      false,
      false,
      false,
      false,
      false,
      false,
      false,
      false,
      false,
      false,
      false,
      false,
      false,
      false,
      false,
      false,
      false,
      false,
      false,
      false,
      false,
      false,
      false,
      false,
      false,
      false,
      false,
      false,
      false,
      false,
      false,
      false,
      false,
      false,
      false,
      false,
      false,
      false,
      false,
      false,
      false,
      false,
      false,
      false,
      false,
      false,
      false,
      false,
      false,
      false,
      false,
      false,
      false,
      false,
      false,
      false,
      false,
      false,
      false,
      false,
      false,
      false,
      false,
      false,
      false,
      false,
      false,
      false,
      false,
      false,
      false,
      false,
      false,
      false,
      false,
      false,
      false,
      false,
      false,
      false,
      false,
      false,
      false,
      false,
      false,
      false,
      false,
      false,
      false,
      false,
      false,
      false,
      false,
      false,
      false,
      false,
      false,
      false,
      false,
      false,
      false,
      false,
      false,
      false,
      false,
      false,
      false,
      false,
      false,
      false,
      false,
      false,
      false,
      false,
      false,
      false,
      false,
      false,
      false,
      false,
      false,
      false,
      false,
      false,
      false,
      false,
      false,
      false,
      false,
      false,
      false,
      false,
      false,
      false,
      false,
      false,
      false,
      false,
      false,
      false,
      false,
      false,
      false,
      false,
      false,
      false,
      false,
      false,
      false,
      false,
      false,
      false,
      false,
      false,
      false,
      false,
      false,
      false,
      false,
      false,
      false,
      false,
      false,
      false,
      false,
      false,
      false,
      false,
      false,
      false,
      false,
      false,
      false,
      false,
      false,
      false,
      false,
      false,
      false,
      false,
      false,
      false,
      false,
      false,
      false,
      false,
      false,
      false,
      false,
      false,
      false,
      false,
      false,
      false,
      false,
      false,
      false,
      false,
      false,
      false,
      false,
      false,
      false,
      false,
      false,
      false,
      false,
      false,
      false,
      false,
      false,
      false,
      false,
      false,
      false,
      false,
      false,
      false,
      false,
      false,
      false,
      false,
      false,
      false,
      false,
      false,
      false,
      false,
      false,
      false,
      false,
      false,
      false,
      false,
      false,
      false,
      false,
      false,
      false,
      false,
      false,
      false,
      false,
      false,
      false,
      false,
      false,
      false,
      false,
      false,
      false,
      false,
      false,
      false,
      false,
      false,
      false,
      false,
      false,
      false,
      false,
      false,
      false,
      false,
      false,
      false,
      false,
      false,
      false,
      false,
      false,
      false,
      false,
      false,
      false,
      false,
      false,
      false,
      false,
      false,
      false,
      false,
      false,
      false,
      false,
      false,
      false,
      false,
      false,
      false,
      false,
      false,
      false,
      false,
      false,
      false,
      false,
      false,
      false,
      false,
      false,
      false,
      false,
      false,
      false,
      false,
      false,
      false,
      false,
      false,
      false,
      false,
      false,
      false,
      false,
      false,
      false,
      false,
      false,
      false,
      false,
      false,
      false,
      false,
      false,
      false,
      false,
      false,
      false,
      false,
      false,
      false,
      false,
      false,
      false,
      false,
      false,
      false,
      false,
      false,
      false,
      false,
      false,
      false,
      false,
      false,
      false,
      false,
      false,
      false,
      false,
      false,
      false,
      false,
      false,
      false,
      false,
      false,
      false,
      false,
      false,
      false,
      false,
      false,
      false,
      false,
      false,
      false,
      false,
      false,
      false,
      false,
      false,
      false,
      false,
      false,
      false,
      false,
      false,
      false,
      false,
      false,
      false,
      false,
      false,
      false,
      false,
      false,
      false,
      false,
      false,
      false,
      false,
      false,
      false,
      false,
      false,
      false,
      false,
      false,
      false,
      false,
      false,
      false,
      false,
      false,
      false,
      false,
      false,
      false,
      false,
      false,
      false,
      false,
      false,
      false,
      false,
      false,
      false,
      false,
      false,
      false,
      false,
      false,
      false,
      false,
      false,
      false,
      false,
      false,
      false,
      false,
      false,
      false,
      false,
      false,
      false,
      false,
      false,
      false,
      false,
      false,
      false,
      false,
      false,
      false,
      false,
      false,
      false,
      false,
      false,
      false,
      false,
      false,
      false,
      false,
      false,
      false,
      false,
      false,
      false,
      false,
      false,
      false,
      false,
      false,
      false,
      false,
      false,
      false,
      false,
      false,
      false,
      false,
      false,
      false,
      false,
      false,
      false,
      false,
      false,
      false,
      false,
      false,
      false,
      false,
      false,
      false,
      false,
      false,
      false,
      false,
      false,
      false,
      false,
      false,
      false,
      false,
      false,
      false,
      false,
      false,
      false,
      false,
      false,
      false,
      false,
      false,
      false,
      false,
      false,
      false,
      false,
      false,
      false,
      false,
      false,
      false,
      false,
      false,
      false,
      false,
      false,
      false,
      false,
      false,
      false,
      false,
      false,
      false,
      false,
      false,
      false,
      false,
      false,
      false,
      false,
      false,
      false,
      false,
      false,
      false,
      false,
      false,
      false,
      false,
      false,
      false,
      false,
      false,
      false,
      false,
      false,
      false,
      false,
      false,
      false,
      false,
      false,
      false,
      false,
      false,
      false,
      false,
      false,
      false,
      false,
      false,
      false,
      false,
      false,
      false,
      false,
      false,
      false,
      false,
      false,
      false,
      false,
      false,
      false,
      false,
      false,
      false,
      false,
      false,
      false,
      false,
      false,
      false,
      false,
      false,
      false,
      false,
      false,
      false,
      false,
      false,
      false,
      false,
      false,
      false,
      false,
      false,
      false,
      false,
      false,
      false,
      false,
      false,
      false,
      false,
      false,
      false,
      false,
      false,
      false,
      false,
      false,
      false,
      false,
      false,
      false,
      false,
      false,
      false,
      false,
      false,
      false,
      false,
      false,
      false,
      false,
      false,
      false,
      false,
      false,
      false,
      false,
      false,
      false,
      false,
      false,
      false,
      false,
      false,
      false,
      false,
      false,
      false,
      false,
      false,
      false,
      false,
      false,
      false,
      false,
      false,
      false,
      false,
      false,
      false,
      false,
      false,
      false,
      false,
      false,
      false,
      false,
      false,
      false,
      false,
      false,
      false,
      false,
      false,
      false,
      false,
      false,
      false,
      false,
      false,
      false,
      false,
      false,
      false,
      false,
      false,
      false,
      false,
      false,
      false,
      false,
      false,
      false,
      false,
      false,
      false,
      false,
      false,
      false,
      false,
      false,
      false,
      false,
      false,
      false,
      false,
      false,
      false,
      false,
      false,
      false,
      false,
      false,
      false,
      false,
      false,
      false,
      false,
      false,
      false,
      false,
      false,
      false,
      false,
      false,
      false,
      false,
      false,
      false,
      false,
      false,
      false,
      false,
      false,
      false,
      false,
      false,
      false,
      false,
      false,
      false,
      false,
      false,
      false,
      false,
      false,
      false,
      false,
      false,
      false,
      false,
      false,
      false,
      false,
      false,
      false,
      false,
      false,
      false,
      false,
      false,
      false,
      false,
      false,
      false,
      false,
      false,
      false,
      false,
      false,
      false,
      false,
      false,
      false,
      false,
      false,
      false,
      false,
      false,
      false,
      false,
      false,
      false,
      false,
      false,
      false,
      false,
      false,
      false,
      false,
      false,
      false,
      false,
      false,
      false,
      false,
      false,
      false,
      false,
      false,
      false,
      false,
      false,
      false,
      false,
      false,
      false,
      false,
      false,
      false,
      false,
      false,
      false,
      false,
      false,
      false,
      false,
      false,
      false,
      false,
      false,
      false,
      false,
      false,
      false,
      false,
      false,
      false,
      false,
      false,
      false,
      false,
      false,
      false,
      false,
      false,
      false,
      false,
      false,
      false,
      false,
      false,
      false,
      false,
      false,
      false,
      false,
      false,
      false,
      false,
      false,
      false,
      false,
      false,
      false,
      false,
      false,
      false,
      false,
      false,
      false,
      false,
      false,
      false,
      false,
      false,
      false,
      false,
      false,
      false,
      false,
      false,
      false,
      false,
      false,
      false,
      false,
      false,
      false,
      false,
      false,
      false,
      false,
      false,
      false,
      false,
      false,
      false,
      false,
      false,
      false,
      false,
      false,
      false,
      false,
      false,
      false,
      false,
      false,
      false,
      false,
      false,
      false,
      false,
      false,
      false,
      false,
      false,
      false,
      false,
      false,
      false,
      false,
      false,
      false,
      false,
      false,
      false,
      false,
      false,
      false,
      false,
      false,
      false,
      false,
      false,
      false,
      false,
      false,
      false,
      false,
      false,
      false,
      false,
      false,
      false,
      false,
      false,
      false,
      false,
      false,
      false,
      false,
      false,
      false,
      false,
      false,
      false,
      false,
      false,
      false,
      false,
      false,
      false,
      false,
      false,
      false,
      false,
      false,
      false,
      false,
      false,
      false,
      false,
      false,
      false,
      false,
      false,
      false,
      false,
      false,
      false,
      false,
      false,
      false,
      false,
      false,
      false,
      false,
      false,
      false,
      false,
      false,
      false,
      false,
      false,
      false,
      false,
      false,
      false,
      false,
      false,
      false,
      false,
      false,
      false,
      false,
      false,
      false,
      false,
      false,
      false,
      false,
      false,
      false,
      false,
      false,
      false,
      false,
      false,
      false,
      false,
      false,
      false,
      false,
      false,
      false,
      false,
      false,
      false,
      false,
      false,
      false,
      false,
      false,
      false,
      false,
      false,
      false,
      false,
      false,
      false,
      false,
      false,
      false,
      false,
      false,
      false,
      false,
      false,
      false,
      false,
      false,
      false,
      false,
      false,
      false,
      false,
      false,
      false,
      false,
      false,
      false,
      false,
      false,
      false,
      false,
      false,
      false,
      false,
      false,
      false,
      false,
      false,
      false,
      false,
      false,
      false,
      false,
      false,
      false,
      false,
      false,
      false,
      false,
      false,
      false,
      false,
      false,
      false,
      false,
      false,
      false,
      false,
      false,
      false,
      false,
      false,
      false,
      false,
      false,
      false,
      false,
      false,
      false,
      false,
      false,
      false,
      false,
      false,
      false,
      false,
      false,
      false,
      false,
      false,
      false,
      false,
      false,
      false,
      false,
      false,
      false,
      false,
      false,
      false,
      false,
      false,
      false,
      false,
      false,
      false,
      false,
      false,
      false,
      false,
      false,
      false,
      false,
      false,
      false,
      false,
      false,
      false,
      false,
      false,
      false,
      false,
      false,
      false,
      false,
      false,
      false,
      false,
      false,
      false,
      false,
      false,
      false,
      false,
      false,
      false,
      false,
      false,
      false,
      false,
      false,
      false,
      false,
      false,
      false,
      false,
      false,
      false,
      false,
      false,
      false,
      false,
      false,
      false,
      false,
      false,
      false,
      false,
      false,
      false,
      false,
      false,
      false,
      false,
      false,
      false,
      false,
      false,
      false,
      false,
      false,
      false,
      false,
      false,
      false,
      false,
      false,
      false,
      false,
      false,
      false,
      false,
      false,
      false,
      false,
      false,
      false,
      false,
      false,
      false,
      false,
      false,
      false,
      false,
      false,
      false,
      false,
      false,
      false,
      false,
      false,
      false,
      false,
      false,
      false,
      false,
      false,
      false,
      false,
      false,
      false,
      false,
      false,
      false,
      false,
      false,
      false,
      false,
      false,
      false,
      false,
      false,
      false,
      false,
      false,
      false,
      false,
      false,
      false,
      false,
      false,
      false,
      false,
      false,
      false,
      false,
      false,
      false,
      false,
      false,
      false,
      false,
      false,
      false,
      false,
      false,
      false,
      false,
      false,
      false,
      false,
      false,
      false,
      false,
      false,
      false,
      false,
      false,
      false,
      false,
      false,
      false,
      false,
      false,
      false,
      false,
      false,
      false,
      false,
      false,
      false,
      false,
      false,
      false,
      false,
      false,
      false,
      false,
      false,
      false,
      false,
      false,
      false,
      false,
      false,
      false,
      false,
      false,
      false,
      false,
      false,
      false,
      false,
      false,
      false,
      false,
      false,
      false,
      false,
      false,
      false,
      false,
      false,
      false,
      false,
      false,
      false,
      false,
      false,
      false,
      false,
      false,
      false,
      false,
      false,
      false,
      false,
      false,
      false,
      false,
      false,
      false,
      false,
      false,
      false,
      false,
      false,
      false,
      false,
      false,
      false,
      false,
      false,
      false,
      false,
      false,
      false,
      false,
      false,
      false,
      false,
      false,
      false,
      false,
      false,
      false,
      false,
      false,
      false,
      false,
      false,
      false,
      false,
      false,
      false,
      false,
      false,
      false,
      false,
      false,
      false,
      false,
      false,
      false,
      false,
      false,
      false,
      false,
      false,
      false,
      false,
      false,
      false,
      false,
      false,
      false,
      false,
      false,
      false,
      false,
      false,
      false,
      false,
      false,
      false,
      false,
      false,
      false,
      false,
      false,
      false,
      false,
      false,
      false,
      false,
      false,
      false,
      false,
      false,
      false,
      false,
      false,
      false,
      false,
      false,
      false,
      false,
      false,
      false,
      false,
      false,
      false,
      false,
      false,
      false,
      false,
      false,
      false,
      false,
      false
    ],
    "name": "route_line5_22km",
    "seg_len_m": [
      37.60098477126032,
      37.60098477126032,
      37.60098477126032,
      37.60098477126032,
      139.3844557582513,
      139.3844557582513,
      139.3844557582513,
      139.3844557582513,
      139.3844557582513,
      139.3844557582513,
      139.3844557582513,
      139.3844557582513,
      139.3844557582513,
      139.3844557582513,
      139.3844557582513,
      139.3844557582513,
      139.3844557582513,
      139.3844557582513,
      26.8363047733107,
      26.8363047733107,
      26.8363047733107,
      68.89171519834807,
      68.89171519834807,
      68.89171519834807,
      68.89171519834807,
      68.89171519834807,
      68.89171519834807,
      68.89171519834807,
      65.63914323596566,
      65.63914323596566,
      65.63914323596566,
      65.63914323596566,
      65.63914323596566,
      65.63914323596566,
      76.36888285591971,
      76.36888285591971,
      76.36888285591971,
      76.36888285591971,
      76.36888285591971,
      76.36888285591971,
      76.36888285591971,
      76.36888285591971,
      19.51587157467486,
      19.51587157467486,
      172.9555773742639,
      172.9555773742639,
      172.9555773742639,
      172.9555773742639,
      172.9555773742639,
      172.9555773742639,
      172.9555773742639,
      172.9555773742639,
      172.9555773742639,
      172.9555773742639,
      172.9555773742639,
      172.9555773742639,
      172.9555773742639,
      172.9555773742639,
      172.9555773742639,
      172.9555773742639,
      172.9555773742639,
      156.33860005583222,
      156.33860005583222,
      156.33860005583222,
      156.33860005583222,
      156.33860005583222,
      156.33860005583222,
      156.33860005583222,
      156.33860005583222,
      156.33860005583222,
      156.33860005583222,
      156.33860005583222,
      156.33860005583222,
      156.33860005583222,
      156.33860005583222,
      156.33860005583222,
      156.33860005583222,
      54.902043423707596,
      54.902043423707596,
      54.902043423707596,
      54.902043423707596,
      54.902043423707596,
      487.54914451217405,
      487.54914451217405,
      487.54914451217405,
      487.54914451217405,
      487.54914451217405,
      487.54914451217405,
      487.54914451217405,
      487.54914451217405,
      487.54914451217405,
      487.54914451217405,
      487.54914451217405,
      487.54914451217405,
      487.54914451217405,
      487.54914451217405,
      487.54914451217405,
      487.54914451217405,
      487.54914451217405,
      487.54914451217405,
      487.54914451217405,
      487.54914451217405,
      487.54914451217405,
      487.54914451217405,
      487.54914451217405,
      487.54914451217405,
      487.54914451217405,
      487.54914451217405,
      487.54914451217405,
      487.54914451217405,
      487.54914451217405,
      487.54914451217405,
      487.54914451217405,
      487.54914451217405,
      487.54914451217405,
      487.54914451217405,
      487.54914451217405,
      487.54914451217405,
      487.54914451217405,
      487.54914451217405,
      487.54914451217405,
      487.54914451217405,
      487.54914451217405,
      487.54914451217405,
      487.54914451217405,
      487.54914451217405,
      487.54914451217405,
      487.54914451217405,
      487.54914451217405,
      487.54914451217405,
      487.54914451217405,
      147.74776146976524,
      147.74776146976524,
      147.74776146976524,
      147.74776146976524,
      147.74776146976524,
      147.74776146976524,
      147.74776146976524,
      147.74776146976524,
      147.74776146976524,
      147.74776146976524,
      147.74776146976524,
      147.74776146976524,
      147.74776146976524,
      147.74776146976524,
      147.74776146976524,
      48.85266307041093,
      48.85266307041093,
      48.85266307041093,
      48.85266307041093,
      48.85266307041093,
      33.44588170025918,
      33.44588170025918,
      33.44588170025918,
      49.51705815167975,
      49.51705815167975,
      49.51705815167975,
      49.51705815167975,
      49.51705815167975,
      229.69270080520346,
      229.69270080520346,
      229.69270080520346,
      229.69270080520346,
      229.69270080520346,
      229.69270080520346,
      229.69270080520346,
      229.69270080520346,
      229.69270080520346,
      229.69270080520346,
      229.69270080520346,
      229.69270080520346,
      229.69270080520346,
      229.69270080520346,
      229.69270080520346,
      229.69270080520346,
      229.69270080520346,
      229.69270080520346,
      229.69270080520346,
      229.69270080520346,
      229.69270080520346,
      229.69270080520346,
      229.69270080520346,
      112.77843994550221,
      112.77843994550221,
      112.77843994550221,
      112.77843994550221,
      112.77843994550221,
      112.77843994550221,
      112.77843994550221,
      112.77843994550221,
      112.77843994550221,
      112.77843994550221,
      112.77843994550221,
      357.6437928022169,
      357.6437928022169,
      357.6437928022169,
      357.6437928022169,
      357.6437928022169,
      357.6437928022169,
      357.6437928022169,
      357.6437928022169,
      357.6437928022169,
      357.6437928022169,
      357.6437928022169,
      357.6437928022169,
      357.6437928022169,
      357.6437928022169,
      357.6437928022169,
      357.6437928022169,
      357.6437928022169,
      357.6437928022169,
      357.6437928022169,
      357.6437928022169,
      357.6437928022169,
      357.6437928022169,
      357.6437928022169,
      357.6437928022169,
      357.6437928022169,
      357.6437928022169,
      357.6437928022169,
      357.6437928022169,
      357.6437928022169,
      357.6437928022169,
      357.6437928022169,
      357.6437928022169,
      357.6437928022169,
      357.6437928022169,
      357.6437928022169,
      357.6437928022169,
      126.3019142195717,
      126.3019142195717,
      126.3019142195717,
      126.3019142195717,
      126.3019142195717,
      126.3019142195717,
      126.3019142195717,
      126.3019142195717,
      126.3019142195717,
      126.3019142195717,
      126.3019142195717,
      126.3019142195717,
      126.3019142195717,
      27.929282814625367,
      27.929282814625367,
      38.77445704500133,
      38.77445704500133,
      38.77445704500133,
      38.77445704500133,
      26.604881879999084,
      26.604881879999084,
      26.604881879999084,
      40.3629224171691,
      40.3629224171691,
      40.3629224171691,
      40.3629224171691,
      36.7839785133242,
      36.7839785133242,
      36.7839785133242,
      36.7839785133242,
      23.134055827820248,
      23.134055827820248,
      55.27824391581635,
      55.27824391581635,
      55.27824391581635,
      55.27824391581635,
      55.27824391581635,
      55.27824391581635,
      55.284317668894346,
      55.284317668894346,
      55.284317668894346,
      55.284317668894346,
      55.284317668894346,
      34.253206223365396,
      34.253206223365396,
      34.253206223365396,
      34.253206223365396,
      308.43564318909876,
      308.43564318909876,
      308.43564318909876,
      308.43564318909876,
      308.43564318909876,
      308.43564318909876,
      308.43564318909876,
      308.43564318909876,
      308.43564318909876,
      308.43564318909876,
      308.43564318909876,
      308.43564318909876,
      308.43564318909876,
      308.43564318909876,
      308.43564318909876,
      308.43564318909876,
      308.43564318909876,
      308.43564318909876,
      308.43564318909876,
      308.43564318909876,
      308.43564318909876,
      308.43564318909876,
      308.43564318909876,
      308.43564318909876,
      308.43564318909876,
      308.43564318909876,
      308.43564318909876,
      308.43564318909876,
      308.43564318909876,
      308.43564318909876,
      26.59225825368503,
      26.59225825368503,
      26.59225825368503,
      150.73018652951123,
      150.73018652951123,
      150.73018652951123,
      150.73018652951123,
      150.73018652951123,
      150.73018652951123,
      150.73018652951123,
      150.73018652951123,
      150.73018652951123,
      150.73018652951123,
      150.73018652951123,
      150.73018652951123,
      150.73018652951123,
      150.73018652951123,
      150.73018652951123,
      146.54578035923805,
      146.54578035923805,
      146.54578035923805,
      146.54578035923805,
      146.54578035923805,
      146.54578035923805,
      146.54578035923805,
      146.54578035923805,
      146.54578035923805,
      146.54578035923805,
      146.54578035923805,
      146.54578035923805,
      146.54578035923805,
      146.54578035923805,
      146.54578035923805,
      51.73399611081322,
      51.73399611081322,
      51.73399611081322,
      51.73399611081322,
      51.73399611081322,
      45.12038684427898,
      45.12038684427898,
      45.12038684427898,
      45.12038684427898,
      41.79628480468273,
      41.79628480468273,
      41.79628480468273,
      41.79628480468273,
      41.79628480468273,
      63.98485772896811,
      63.98485772896811,
      63.98485772896811,
      63.98485772896811,
      63.98485772896811,
      63.98485772896811,
      49.35786693597083,
      49.35786693597083,
      49.35786693597083,
      49.35786693597083,
      49.35786693597083,
      72.87593546117068,
      72.87593546117068,
      72.87593546117068,
      72.87593546117068,
      72.87593546117068,
      72.87593546117068,
      72.87593546117068,
      72.87593546117068,
      72.87593546117068,
      59.22194892274956,
      59.22194892274956,
      59.22194892274956,
      59.22194892274956,
      59.22194892274956,
      59.22194892274956,
      66.77684306458559,
      66.77684306458559,
      66.77684306458559,
      66.77684306458559,
      66.77684306458559,
      66.77684306458559,
      66.77684306458559,
      26.78775581388436,
      26.78775581388436,
      26.78775581388436,
      48.745136803938294,
      48.745136803938294,
      48.745136803938294,
      48.745136803938294,
      79.64097610422505,
      79.64097610422505,
      79.64097610422505,
      79.64097610422505,
      79.64097610422505,
      79.64097610422505,
      79.64097610422505,
      79.64097610422505,
      238.06937621884663,
      238.06937621884663,
      238.06937621884663,
      238.06937621884663,
      238.06937621884663,
      238.06937621884663,
      238.06937621884663,
      238.06937621884663,
      238.06937621884663,
      238.06937621884663,
      238.06937621884663,
      238.06937621884663,
      238.06937621884663,
      238.06937621884663,
      238.06937621884663,
      238.06937621884663,
      238.06937621884663,
      238.06937621884663,
      238.06937621884663,
      238.06937621884663,
      238.06937621884663,
      238.06937621884663,
      238.06937621884663,
      238.06937621884663,
      125.24013174155425,
      125.24013174155425,
      125.24013174155425,
      125.24013174155425,
      125.24013174155425,
      125.24013174155425,
      125.24013174155425,
      125.24013174155425,
      125.24013174155425,
      125.24013174155425,
      125.24013174155425,
      125.24013174155425,
      125.24013174155425,
      83.42295924224527,
      83.42295924224527,
      83.42295924224527,
      83.42295924224527,
      83.42295924224527,
      83.42295924224527,
      83.42295924224527,
      83.42295924224527,
      20.87957352167814,
      20.87957352167814,
      151.5578494081783,
      151.5578494081783,
      151.5578494081783,
      151.5578494081783,
      151.5578494081783,
      151.5578494081783,
      151.5578494081783,
      151.5578494081783,
      151.5578494081783,
      151.5578494081783,
      151.5578494081783,
      151.5578494081783,
      151.5578494081783,
      151.5578494081783,
      151.5578494081783,
      168.4444712190434,
      168.4444712190434,
      168.4444712190434,
      168.4444712190434,
      168.4444712190434,
      168.4444712190434,
      168.4444712190434,
      168.4444712190434,
      168.4444712190434,
      168.4444712190434,
      168.4444712190434,
      168.4444712190434,
      168.4444712190434,
      168.4444712190434,
      168.4444712190434,
      168.4444712190434,
      168.4444712190434,
      26.797275197129238,
      26.797275197129238,
      26.797275197129238,
      25.163743257286114,
      25.163743257286114,
      34.657311750533154,
      34.657311750533154,
      34.657311750533154,
      34.657311750533154,
      27.23766802625869,
      27.23766802625869,
      27.23766802625869,
      28.86634248653081,
      28.86634248653081,
      38.724642789204154,
      38.724642789204154,
      38.724642789204154,
      38.724642789204154,
      66.90259533875269,
      66.90259533875269,
      66.90259533875269,
      66.90259533875269,
      66.90259533875269,
      66.90259533875269,
      66.90259533875269,
      92.90700742989884,
      92.90700742989884,
      92.90700742989884,
      92.90700742989884,
      92.90700742989884,
      92.90700742989884,
      92.90700742989884,
      92.90700742989884,
      92.90700742989884,
      81.9745578659149,
      81.9745578659149,
      81.9745578659149,
      81.9745578659149,
      81.9745578659149,
      81.9745578659149,
      81.9745578659149,
      81.9745578659149,
      81.9745578659149,
      301.0211375945246,
      301.0211375945246,
      301.0211375945246,
      301.0211375945246,
      301.0211375945246,
      301.0211375945246,
      301.0211375945246,
      301.0211375945246,
      301.0211375945246,
      301.0211375945246,
      301.0211375945246,
      301.0211375945246,
      301.0211375945246,
      301.0211375945246,
      301.0211375945246,
      301.0211375945246,
      301.0211375945246,
      301.0211375945246,
      301.0211375945246,
      301.0211375945246,
      301.0211375945246,
      301.0211375945246,
      301.0211375945246,
      301.0211375945246,
      301.0211375945246,
      301.0211375945246,
      301.0211375945246,
      301.0211375945246,
      301.0211375945246,
      301.0211375945246,
      301.0211375945246,
      67.50840470094408,
      67.50840470094408,
      67.50840470094408,
      67.50840470094408,
      67.50840470094408,
      67.50840470094408,
      42.07948242833754,
      42.07948242833754,
      42.07948242833754,
      42.07948242833754,
      42.07948242833754,
      47.43520859682576,
      47.43520859682576,
      47.43520859682576,
      47.43520859682576,
      38.001261566264475,
      38.001261566264475,
      38.001261566264475,
      38.001261566264475,
      41.34246225052084,
      41.34246225052084,
      41.34246225052084,
      41.34246225052084,
      35.84922070261382,
      35.84922070261382,
      35.84922070261382,
      35.84922070261382,
      44.735247464220265,
      44.735247464220265,
      44.735247464220265,
      44.735247464220265,
      28.72732760339113,
      28.72732760339113,
      28.72732760339113,
      57.25029635851661,
      57.25029635851661,
      57.25029635851661,
      57.25029635851661,
      57.25029635851661,
      57.25029635851661,
      43.163505963939315,
      43.163505963939315,
      43.163505963939315,
      43.163505963939315,
      30.022595633483434,
      30.022595633483434,
      30.022595633483434,
      52.62827915858179,
      52.62827915858179,
      52.62827915858179,
      52.62827915858179,
      52.62827915858179,
      46.28483270602828,
      46.28483270602828,
      46.28483270602828,
      46.28483270602828,
      46.28483270602828,
      122.49635225863949,
      122.49635225863949,
      122.49635225863949,
      122.49635225863949,
      122.49635225863949,
      122.49635225863949,
      122.49635225863949,
      122.49635225863949,
      122.49635225863949,
      122.49635225863949,
      122.49635225863949,
      122.49635225863949,
      162.12804344378583,
      162.12804344378583,
      162.12804344378583,
      162.12804344378583,
      162.12804344378583,
      162.12804344378583,
      162.12804344378583,
      162.12804344378583,
      162.12804344378583,
      162.12804344378583,
      162.12804344378583,
      162.12804344378583,
      162.12804344378583,
      162.12804344378583,
      162.12804344378583,
      162.12804344378583,
      162.12804344378583,
      98.54722454663715,
      98.54722454663715,
      98.54722454663715,
      98.54722454663715,
      98.54722454663715,
      98.54722454663715,
      98.54722454663715,
      98.54722454663715,
      98.54722454663715,
      93.95492422634106,
      93.95492422634106,
      93.95492422634106,
      93.95492422634106,
      93.95492422634106,
      93.95492422634106,
      93.95492422634106,
      93.95492422634106,
      93.95492422634106,
      93.95492422634106,
      312.33591242159764,
      312.33591242159764,
      312.33591242159764,
      312.33591242159764,
      312.33591242159764,
      312.33591242159764,
      312.33591242159764,
      312.33591242159764,
      312.33591242159764,
      312.33591242159764,
      312.33591242159764,
      312.33591242159764,
      312.33591242159764,
      312.33591242159764,
      312.33591242159764,
      312.33591242159764,
      312.33591242159764,
      312.33591242159764,
      312.33591242159764,
      312.33591242159764,
      312.33591242159764,
      312.33591242159764,
      312.33591242159764,
      312.33591242159764,
      312.33591242159764,
      312.33591242159764,
      312.33591242159764,
      312.33591242159764,
      312.33591242159764,
      312.33591242159764,
      312.33591242159764,
      150.8774354981333,
      150.8774354981333,
      150.8774354981333,
      150.8774354981333,
      150.8774354981333,
      150.8774354981333,
      150.8774354981333,
      150.8774354981333,
      150.8774354981333,
      150.8774354981333,
      150.8774354981333,
      150.8774354981333,
      150.8774354981333,
      150.8774354981333,
      150.8774354981333,
      82.9244748233541,
      82.9244748233541,
      82.9244748233541,
      82.9244748233541,
      82.9244748233541,
      82.9244748233541,
      82.9244748233541,
      82.9244748233541,
      46.06252831748316,
      46.06252831748316,
      46.06252831748316,
      46.06252831748316,
      46.06252831748316,
      62.138184163129154,
      62.138184163129154,
      62.138184163129154,
      62.138184163129154,
      62.138184163129154,
      62.138184163129154,
      81.58853389855267,
      81.58853389855267,
      81.58853389855267,
      81.58853389855267,
      81.58853389855267,
      81.58853389855267,
      81.58853389855267,
      81.58853389855267,
      114.1000327479669,
      114.1000327479669,
      114.1000327479669,
      114.1000327479669,
      114.1000327479669,
      114.1000327479669,
      114.1000327479669,
      114.1000327479669,
      114.1000327479669,
      114.1000327479669,
      114.1000327479669,
      114.1000327479669,
      48.34040471815206,
      48.34040471815206,
      48.34040471815206,
      48.34040471815206,
      48.34040471815206,
      59.34152712321884,
      59.34152712321884,
      59.34152712321884,
      59.34152712321884,
      59.34152712321884,
      59.34152712321884,
      26.357443949280423,
      26.357443949280423,
      64.00278245293885,
      64.00278245293885,
      64.00278245293885,
      64.00278245293885,
      64.00278245293885,
      64.00278245293885,
      64.00278245293885,
      48.77660178462884,
      48.77660178462884,
      48.77660178462884,
      48.77660178462884,
      65.76533405479131,
      65.76533405479131,
      65.76533405479131,
      65.76533405479131,
      65.76533405479131,
      65.76533405479131,
      65.76533405479131,
      74.2233373407289,
      74.2233373407289,
      74.2233373407289,
      74.2233373407289,
      74.2233373407289,
      74.2233373407289,
      74.2233373407289,
      45.99146562389251,
      45.99146562389251,
      45.99146562389251,
      45.99146562389251,
      45.99146562389251,
      57.28550742889911,
      57.28550742889911,
      57.28550742889911,
      57.28550742889911,
      57.28550742889911,
      57.28550742889911,
      53.7599484245593,
      53.7599484245593,
      53.7599484245593,
      53.7599484245593,
      53.7599484245593,
      208.90228933928938,
      208.90228933928938,
      208.90228933928938,
      208.90228933928938,
      208.90228933928938,
      208.90228933928938,
      208.90228933928938,
      208.90228933928938,
      208.90228933928938,
      208.90228933928938,
      208.90228933928938,
      208.90228933928938,
      208.90228933928938,
      208.90228933928938,
      208.90228933928938,
      208.90228933928938,
      208.90228933928938,
      208.90228933928938,
      208.90228933928938,
      208.90228933928938,
      208.90228933928938,
      145.87295400978383,
      145.87295400978383,
      145.87295400978383,
      145.87295400978383,
      145.87295400978383,
      145.87295400978383,
      145.87295400978383,
      145.87295400978383,
      145.87295400978383,
      145.87295400978383,
      145.87295400978383,
      145.87295400978383,
      145.87295400978383,
      145.87295400978383,
      145.87295400978383,
      81.49367645690654,
      81.49367645690654,
      81.49367645690654,
      81.49367645690654,
      81.49367645690654,
      81.49367645690654,
      81.49367645690654,
      81.49367645690654,
      48.96502616953876,
      48.96502616953876,
      48.96502616953876,
      48.96502616953876,
      48.96502616953876,
      45.15357504764506,
      45.15357504764506,
      45.15357504764506,
      45.15357504764506,
      32.92164852745191,
      32.92164852745191,
      32.92164852745191,
      55.13790550830163,
      55.13790550830163,
      55.13790550830163,
      55.13790550830163,
      55.13790550830163,
      55.13790550830163,
      53.76855828718726,
      53.76855828718726,
      53.76855828718726,
      53.76855828718726,
      53.76855828718726,
      285.4188261599229,
      285.4188261599229,
      285.4188261599229,
      285.4188261599229,
      285.4188261599229,
      285.4188261599229,
      285.4188261599229,
      285.4188261599229,
      285.4188261599229,
      285.4188261599229,
      285.4188261599229,
      285.4188261599229,
      285.4188261599229,
      285.4188261599229,
      285.4188261599229,
      285.4188261599229,
      285.4188261599229,
      285.4188261599229,
      285.4188261599229,
      285.4188261599229,
      285.4188261599229,
      285.4188261599229,
      285.4188261599229,
      285.4188261599229,
      285.4188261599229,
      285.4188261599229,
      285.4188261599229,
      285.4188261599229,
      285.4188261599229,
      725.5704354735353,
      725.5704354735353,
      725.5704354735353,
      725.5704354735353,
      725.5704354735353,
      725.5704354735353,
      725.5704354735353,
      725.5704354735353,
      725.5704354735353,
      725.5704354735353,
      725.5704354735353,
      725.5704354735353,
      725.5704354735353,
      725.5704354735353,
      725.5704354735353,
      725.5704354735353,
      725.5704354735353,
      725.5704354735353,
      725.5704354735353,
      725.5704354735353,
      725.5704354735353,
      725.5704354735353,
      725.5704354735353,
      725.5704354735353,
      725.5704354735353,
      725.5704354735353,
      725.5704354735353,
      725.5704354735353,
      725.5704354735353,
      725.5704354735353,
      725.5704354735353,
      725.5704354735353,
      725.5704354735353,
      725.5704354735353,
      725.5704354735353,
      725.5704354735353,
      725.5704354735353,
      725.5704354735353,
      725.5704354735353,
      725.5704354735353,
      725.5704354735353,
      725.5704354735353,
      725.5704354735353,
      725.5704354735353,
      725.5704354735353,
      725.5704354735353,
      725.5704354735353,
      725.5704354735353,
      725.5704354735353,
      725.5704354735353,
      725.5704354735353,
      725.5704354735353,
      725.5704354735353,
      725.5704354735353,
      725.5704354735353,
      725.5704354735353,
      725.5704354735353,
      725.5704354735353,
      725.5704354735353,
      725.5704354735353,
      725.5704354735353,
      725.5704354735353,
      725.5704354735353,
      725.5704354735353,
      725.5704354735353,
      725.5704354735353,
      725.5704354735353,
      725.5704354735353,
      725.5704354735353,
      725.5704354735353,
      725.5704354735353,
      725.5704354735353,
      141.61178419018324,
      141.61178419018324,
      141.61178419018324,
      141.61178419018324,
      141.61178419018324,
      141.61178419018324,
      141.61178419018324,
      141.61178419018324,
      141.61178419018324,
      141.61178419018324,
      141.61178419018324,
      141.61178419018324,
      141.61178419018324,
      141.61178419018324,
      141.61178419018324,
      86.62508066461669,
      86.62508066461669,
      86.62508066461669,
      86.62508066461669,
      86.62508066461669,
      86.62508066461669,
      86.62508066461669,
      86.62508066461669,
      294.721206084756,
      294.721206084756,
      294.721206084756,
      294.721206084756,
      294.721206084756,
      294.721206084756,
      294.721206084756,
      294.721206084756,
      294.721206084756,
      294.721206084756,
      294.721206084756,
      294.721206084756,
      294.721206084756,
      294.721206084756,
      294.721206084756,
      294.721206084756,
      294.721206084756,
      294.721206084756,
      294.721206084756,
      294.721206084756,
      294.721206084756,
      294.721206084756,
      294.721206084756,
      294.721206084756,
      294.721206084756,
      294.721206084756,
      294.721206084756,
      294.721206084756,
      294.721206084756,
      294.721206084756,
      224.43439197401312,
      224.43439197401312,
      224.43439197401312,
      224.43439197401312,
      224.43439197401312,
      224.43439197401312,
      224.43439197401312,
      224.43439197401312,
      224.43439197401312,
      224.43439197401312,
      224.43439197401312,
      224.43439197401312,
      224.43439197401312,
      224.43439197401312,
      224.43439197401312,
      224.43439197401312,
      224.43439197401312,
      224.43439197401312,
      224.43439197401312,
      224.43439197401312,
      224.43439197401312,
      224.43439197401312,
      211.2233676002288,
      211.2233676002288,
      211.2233676002288,
      211.2233676002288,
      211.2233676002288,
      211.2233676002288,
      211.2233676002288,
      211.2233676002288,
      211.2233676002288,
      211.2233676002288,
      211.2233676002288,
      211.2233676002288,
      211.2233676002288,
      211.2233676002288,
      211.2233676002288,
      211.2233676002288,
      211.2233676002288,
      211.2233676002288,
      211.2233676002288,
      211.2233676002288,
      211.2233676002288,
      175.9451262749426,
      175.9451262749426,
      175.9451262749426,
      175.9451262749426,
      175.9451262749426,
      175.9451262749426,
      175.9451262749426,
      175.9451262749426,
      175.9451262749426,
      175.9451262749426,
      175.9451262749426,
      175.9451262749426,
      175.9451262749426,
      175.9451262749426,
      175.9451262749426,
      175.9451262749426,
      175.9451262749426,
      175.9451262749426,
      69.50914691642902,
      69.50914691642902,
      69.50914691642902,
      69.50914691642902,
      69.50914691642902,
      69.50914691642902,
      69.50914691642902,
      68.99659190865896,
      68.99659190865896,
      68.99659190865896,
      68.99659190865896,
      68.99659190865896,
      68.99659190865896,
      68.99659190865896,
      61.80223112911517,
      61.80223112911517,
      61.80223112911517,
      61.80223112911517,
      61.80223112911517,
      61.80223112911517,
      97.50782549241922,
      97.50782549241922,
      97.50782549241922,
      97.50782549241922,
      97.50782549241922,
      97.50782549241922,
      97.50782549241922,
      97.50782549241922,
      97.50782549241922,
      97.50782549241922,
      97.58253708371194,
      97.58253708371194,
      97.58253708371194,
      97.58253708371194,
      97.58253708371194,
      97.58253708371194,
      97.58253708371194,
      97.58253708371194,
      97.58253708371194,
      141.8202503670309,
      141.8202503670309,
      141.8202503670309,
      141.8202503670309,
      141.8202503670309,
      141.8202503670309,
      141.8202503670309,
      141.8202503670309,
      141.8202503670309,
      141.8202503670309,
      141.8202503670309,
      141.8202503670309,
      141.8202503670309,
      141.8202503670309,
      141.8202503670309,
      74.0441039935813,
      74.0441039935813,
      74.0441039935813,
      74.0441039935813,
      74.0441039935813,
      74.0441039935813,
      74.0441039935813,
      69.22028116373076,
      69.22028116373076,
      69.22028116373076,
      69.22028116373076,
      69.22028116373076,
      69.22028116373076,
      69.22028116373076,
      109.53470552957697,
      109.53470552957697,
      109.53470552957697,
      109.53470552957697,
      109.53470552957697,
      109.53470552957697,
      109.53470552957697,
      109.53470552957697,
      109.53470552957697,
      109.53470552957697,
      109.53470552957697,
      35.04676307520276,
      35.04676307520276,
      35.04676307520276,
      100.40891980158813,
      100.40891980158813,
      100.40891980158813,
      100.40891980158813,
      100.40891980158813,
      100.40891980158813,
      100.40891980158813,
      100.40891980158813,
      100.40891980158813,
      100.40891980158813,
      262.1316828525869,
      262.1316828525869,
      262.1316828525869,
      262.1316828525869,
      262.1316828525869,
      262.1316828525869,
      262.1316828525869,
      262.1316828525869,
      262.1316828525869,
      262.1316828525869,
      262.1316828525869,
      262.1316828525869,
      262.1316828525869,
      262.1316828525869,
      262.1316828525869,
      262.1316828525869,
      262.1316828525869,
      262.1316828525869,
      262.1316828525869,
      262.1316828525869,
      262.1316828525869,
      262.1316828525869,
      262.1316828525869,
      262.1316828525869,
      262.1316828525869,
      262.1316828525869,
      262.1316828525869,
      94.57765572856806,
      94.57765572856806,
      94.57765572856806,
      94.57765572856806,
      94.57765572856806,
      94.57765572856806,
      94.57765572856806,
      94.57765572856806,
      94.57765572856806,
      215.80994656555413,
      215.80994656555413,
      215.80994656555413,
      215.80994656555413,
      215.80994656555413,
      215.80994656555413,
      215.80994656555413,
      215.80994656555413,
      215.80994656555413,
      215.80994656555413,
      215.80994656555413,
      215.80994656555413,
      215.80994656555413,
      215.80994656555413,
      215.80994656555413,
      215.80994656555413,
      215.80994656555413,
      215.80994656555413,
      215.80994656555413,
      215.80994656555413,
      215.80994656555413,
      215.80994656555413,
      208.073823074772,
      208.073823074772,
      208.073823074772,
      208.073823074772,
      208.073823074772,
      208.073823074772,
      208.073823074772,
      208.073823074772,
      208.073823074772,
      208.073823074772,
      208.073823074772,
      208.073823074772,
      208.073823074772,
      208.073823074772,
      208.073823074772,
      208.073823074772,
      208.073823074772,
      208.073823074772,
      208.073823074772,
      208.073823074772,
      208.073823074772,
      20.518990911945366,
      20.518990911945366,
      114.48094796906662,
      114.48094796906662,
      114.48094796906662,
      114.48094796906662,
      114.48094796906662,
      114.48094796906662,
      114.48094796906662,
      114.48094796906662,
      114.48094796906662,
      114.48094796906662,
      114.48094796906662,
      114.48094796906662,
      474.97684730690344,
      474.97684730690344,
      474.97684730690344,
      474.97684730690344,
      474.97684730690344,
      474.97684730690344,
      474.97684730690344,
      474.97684730690344,
      474.97684730690344,
      474.97684730690344,
      474.97684730690344,
      474.97684730690344,
      474.97684730690344,
      474.97684730690344,
      474.97684730690344,
      474.97684730690344,
      474.97684730690344,
      474.97684730690344,
      474.97684730690344,
      474.97684730690344,
      474.97684730690344,
      474.97684730690344,
      474.97684730690344,
      474.97684730690344,
      474.97684730690344,
      474.97684730690344,
      474.97684730690344,
      474.97684730690344,
      474.97684730690344,
      474.97684730690344,
      474.97684730690344,
      474.97684730690344,
      474.97684730690344,
      474.97684730690344,
      474.97684730690344,
      474.97684730690344,
      474.97684730690344,
      474.97684730690344,
      474.97684730690344,
      474.97684730690344,
      474.97684730690344,
      474.97684730690344,
      474.97684730690344,
      474.97684730690344,
      474.97684730690344,
      474.97684730690344,
      474.97684730690344,
      474.97684730690344,
      474.97684730690344,
      190.1897528967038,
      190.1897528967038,
      190.1897528967038,
      190.1897528967038,
      190.1897528967038,
      190.1897528967038,
      190.1897528967038,
      190.1897528967038,
      190.1897528967038,
      190.1897528967038,
      190.1897528967038,
      190.1897528967038,
      190.1897528967038,
      190.1897528967038,
      190.1897528967038,
      190.1897528967038,
      190.1897528967038,
      190.1897528967038,
      190.1897528967038,
      134.02532194010746,
      134.02532194010746,
      134.02532194010746,
      134.02532194010746,
      134.02532194010746,
      134.02532194010746,
      134.02532194010746,
      134.02532194010746,
      134.02532194010746,
      134.02532194010746,
      134.02532194010746,
      134.02532194010746,
      134.02532194010746,
      146.95654503742117,
      146.95654503742117,
      146.95654503742117,
      146.95654503742117,
      146.95654503742117,
      146.95654503742117,
      146.95654503742117,
      146.95654503742117,
      146.95654503742117,
      146.95654503742117,
      146.95654503742117,
      146.95654503742117,
      146.95654503742117,
      146.95654503742117,
      146.95654503742117,
      116.69445810153957,
      116.69445810153957,
      116.69445810153957,
      116.69445810153957,
      116.69445810153957,
      116.69445810153957,
      116.69445810153957,
      116.69445810153957,
      116.69445810153957,
      116.69445810153957,
      116.69445810153957,
      38.91591977354801,
      38.91591977354801,
      38.91591977354801,
      38.91591977354801,
      93.75552035446708,
      93.75552035446708,
      93.75552035446708,
      93.75552035446708,
      93.75552035446708,
      93.75552035446708,
      93.75552035446708,
      93.75552035446708,
      93.75552035446708,
      93.75552035446708,
      190.84494830590302,
      190.84494830590302,
      190.84494830590302,
      190.84494830590302,
      190.84494830590302,
      190.84494830590302,
      190.84494830590302,
      190.84494830590302,
      190.84494830590302,
      190.84494830590302,
      190.84494830590302,
      190.84494830590302,
      190.84494830590302,
      190.84494830590302,
      190.84494830590302,
      190.84494830590302,
      190.84494830590302,
      190.84494830590302,
      190.84494830590302,
      121.51987013185862,
      121.51987013185862,
      121.51987013185862,
      121.51987013185862,
      121.51987013185862,
      121.51987013185862,
      121.51987013185862,
      121.51987013185862,
      121.51987013185862,
      121.51987013185862,
      121.51987013185862,
      121.51987013185862,
      121.15758691770316,
      121.15758691770316,
      121.15758691770316,
      121.15758691770316,
      121.15758691770316,
      121.15758691770316,
      121.15758691770316,
      121.15758691770316,
      121.15758691770316,
      121.15758691770316,
      121.15758691770316,
      121.15758691770316,
      131.80764820701552,
      131.80764820701552,
      131.80764820701552,
      131.80764820701552,
      131.80764820701552,
      131.80764820701552,
      131.80764820701552,
      131.80764820701552,
      131.80764820701552,
      131.80764820701552,
      131.80764820701552,
      131.80764820701552,
      131.80764820701552,
      125.86880560880672,
      125.86880560880672,
      125.86880560880672,
      125.86880560880672,
      125.86880560880672,
      125.86880560880672,
      125.86880560880672,
      125.86880560880672,
      125.86880560880672,
      125.86880560880672,
      125.86880560880672,
      125.86880560880672,
      125.86880560880672,
      119.14894849277698,
      119.14894849277698,
      119.14894849277698,
      119.14894849277698,
      119.14894849277698,
      119.14894849277698,
      119.14894849277698,
      119.14894849277698,
      119.14894849277698,
      119.14894849277698,
      119.14894849277698,
      119.14894849277698,
      87.64714245426148,
      87.64714245426148,
      87.64714245426148,
      87.64714245426148,
      87.64714245426148,
      87.64714245426148,
      87.64714245426148,
      87.64714245426148,
      248.26526926743463,
      248.26526926743463,
      248.26526926743463,
      248.26526926743463,
      248.26526926743463,
      248.26526926743463,
      248.26526926743463,
      248.26526926743463,
      248.26526926743463,
      248.26526926743463,
      248.26526926743463,
      248.26526926743463,
      248.26526926743463,
      248.26526926743463,
      248.26526926743463,
      248.26526926743463,
      248.26526926743463,
      248.26526926743463,
      248.26526926743463,
      248.26526926743463,
      248.26526926743463,
      248.26526926743463,
      248.26526926743463,
      248.26526926743463,
      248.26526926743463,
      187.30118201014375,
      187.30118201014375,
      187.30118201014375,
      187.30118201014375,
      187.30118201014375,
      187.30118201014375,
      187.30118201014375,
      187.30118201014375,
      187.30118201014375,
      187.30118201014375,
      187.30118201014375,
      187.30118201014375,
      187.30118201014375,
      187.30118201014375,
      187.30118201014375,
      187.30118201014375,
      187.30118201014375,
      187.30118201014375,
      187.30118201014375,
      131.6348591240603,
      131.6348591240603,
      131.6348591240603,
      131.6348591240603,
      131.6348591240603,
      131.6348591240603,
      131.6348591240603,
      131.6348591240603,
      131.6348591240603,
      131.6348591240603,
      131.6348591240603,
      131.6348591240603,
      131.6348591240603,
      110.90501223648062,
      110.90501223648062,
      110.90501223648062,
      110.90501223648062,
      110.90501223648062,
      110.90501223648062,
      110.90501223648062,
      110.90501223648062,
      110.90501223648062,
      110.90501223648062,
      110.90501223648062,
      122.01473225580594,
      122.01473225580594,
      122.01473225580594,
      122.01473225580594,
      122.01473225580594,
      122.01473225580594,
      122.01473225580594,
      122.01473225580594,
      122.01473225580594,
      122.01473225580594,
      122.01473225580594,
      122.01473225580594,
      216.6629286487041,
      216.6629286487041,
      216.6629286487041,
      216.6629286487041,
      216.6629286487041,
      216.6629286487041,
      216.6629286487041,
      216.6629286487041,
      216.6629286487041,
      216.6629286487041,
      216.6629286487041,
      216.6629286487041,
      216.6629286487041,
      216.6629286487041,
      216.6629286487041,
      216.6629286487041,
      216.6629286487041,
      216.6629286487041,
      216.6629286487041,
      216.6629286487041,
      216.6629286487041,
      216.6629286487041,
      156.5877794943699,
      156.5877794943699,
      156.5877794943699,
      156.5877794943699,
      156.5877794943699,
      156.5877794943699,
      156.5877794943699,
      156.5877794943699,
      156.5877794943699,
      156.5877794943699,
      156.5877794943699,
      156.5877794943699,
      156.5877794943699,
      156.5877794943699,
      156.5877794943699,
      156.5877794943699,
      155.30363321855657,
      155.30363321855657,
      155.30363321855657,
      155.30363321855657,
      155.30363321855657,
      155.30363321855657,
      155.30363321855657,
      155.30363321855657,
      155.30363321855657,
      155.30363321855657,
      155.30363321855657,
      155.30363321855657,
      155.30363321855657,
      155.30363321855657,
      155.30363321855657,
      26.695712568749514,
      26.695712568749514,
      26.695712568749514,
      26.695712568749514,
      105.33362351845972,
      105.33362351845972,
      105.33362351845972,
      105.33362351845972,
      105.33362351845972,
      105.33362351845972,
      105.33362351845972,
      105.33362351845972,
      105.33362351845972,
      105.33362351845972,
      134.56480305460718,
      134.56480305460718,
      134.56480305460718,
      134.56480305460718,
      134.56480305460718,
      134.56480305460718,
      134.56480305460718,
      134.56480305460718,
      134.56480305460718,
      134.56480305460718,
      134.56480305460718,
      134.56480305460718,
      134.56480305460718,
      134.56480305460718,
      134.56480305460718,
      267.8054527055883,
      267.8054527055883,
      267.8054527055883,
      267.8054527055883,
      267.8054527055883,
      267.8054527055883,
      267.8054527055883,
      267.8054527055883,
      267.8054527055883,
      267.8054527055883,
      267.8054527055883,
      267.8054527055883,
      267.8054527055883,
      267.8054527055883,
      267.8054527055883,
      267.8054527055883,
      267.8054527055883,
      267.8054527055883,
      267.8054527055883,
      267.8054527055883,
      267.8054527055883,
      267.8054527055883,
      267.8054527055883,
      267.8054527055883,
      267.8054527055883,
      267.8054527055883,
      267.8054527055883,
      55.15936734938077,
      55.15936734938077,
      55.15936734938077,
      55.15936734938077,
      55.15936734938077,
      41.86743096995633,
      41.86743096995633,
      41.86743096995633,
      41.86743096995633,
      106.08525627697964,
      106.08525627697964,
      106.08525627697964,
      106.08525627697964,
      106.08525627697964,
      106.08525627697964,
      106.08525627697964,
      106.08525627697964,
      106.08525627697964,
      106.08525627697964,
      106.08525627697964,
      60.93094228672635,
      60.93094228672635,
      60.93094228672635,
      60.93094228672635,
      60.93094228672635,
      60.93094228672635,
      59.10180431024128,
      59.10180431024128,
      59.10180431024128,
      59.10180431024128,
      59.10180431024128,
      59.10180431024128,
      223.84226167087036,
      223.84226167087036,
      223.84226167087036,
      223.84226167087036,
      223.84226167087036,
      223.84226167087036,
      223.84226167087036,
      223.84226167087036,
      223.84226167087036,
      223.84226167087036,
      223.84226167087036,
      223.84226167087036,
      223.84226167087036,
      223.84226167087036,
      223.84226167087036,
      223.84226167087036,
      223.84226167087036,
      223.84226167087036,
      223.84226167087036,
      223.84226167087036,
      223.84226167087036,
      223.84226167087036,
      119.97929337028472,
      119.97929337028472,
      119.97929337028472,
      119.97929337028472,
      119.97929337028472,
      119.97929337028472,
      119.97929337028472,
      119.97929337028472,
      119.97929337028472,
      119.97929337028472,
      119.97929337028472,
      119.97929337028472,
      204.00680599490443,
      204.00680599490443,
      204.00680599490443,
      204.00680599490443,
      204.00680599490443,
      204.00680599490443,
      204.00680599490443,
      204.00680599490443,
      204.00680599490443,
      204.00680599490443,
      204.00680599490443,
      204.00680599490443,
      204.00680599490443,
      204.00680599490443,
      204.00680599490443,
      204.00680599490443,
      204.00680599490443,
      204.00680599490443,
      204.00680599490443,
      204.00680599490443,
      204.00680599490443,
      88.38982111564474,
      88.38982111564474,
      88.38982111564474,
      88.38982111564474,
      88.38982111564474,
      88.38982111564474,
      88.38982111564474,
      88.38982111564474,
      88.38982111564474,
      40.712067850392486,
      40.712067850392486,
      40.712067850392486,
      40.712067850392486,
      47.4155486800737,
      47.4155486800737,
      47.4155486800737,
      47.4155486800737,
      1010.867128366157,
      1010.867128366157,
      1010.867128366157,
      1010.867128366157,
      1010.867128366157,
      1010.867128366157,
      1010.867128366157,
      1010.867128366157,
      1010.867128366157,
      1010.867128366157,
      1010.867128366157,
      1010.867128366157,
      1010.867128366157,
      1010.867128366157,
      1010.867128366157,
      1010.867128366157,
      1010.867128366157,
      1010.867128366157,
      1010.867128366157,
      1010.867128366157,
      1010.867128366157,
      1010.867128366157,
      1010.867128366157,
      1010.867128366157,
      1010.867128366157,
      1010.867128366157,
      1010.867128366157,
      1010.867128366157,
      1010.867128366157,
      1010.867128366157,
      1010.867128366157,
      1010.867128366157,
      1010.867128366157,
      1010.867128366157,
      1010.867128366157,
      1010.867128366157,
      1010.867128366157,
      1010.867128366157,
      1010.867128366157,
      1010.867128366157,
      1010.867128366157,
      1010.867128366157,
      1010.867128366157,
      1010.867128366157,
      1010.867128366157,
      1010.867128366157,
      1010.867128366157,
      1010.867128366157,
      1010.867128366157,
      1010.867128366157,
      1010.867128366157,
      1010.867128366157,
      1010.867128366157,
      1010.867128366157,
      1010.867128366157,
      1010.867128366157,
      1010.867128366157,
      1010.867128366157,
      1010.867128366157,
      1010.867128366157,
      1010.867128366157,
      1010.867128366157,
      1010.867128366157,
      1010.867128366157,
      1010.867128366157,
      1010.867128366157,
      1010.867128366157,
      1010.867128366157,
      1010.867128366157,
      1010.867128366157,
      1010.867128366157,
      1010.867128366157,
      1010.867128366157,
      1010.867128366157,
      1010.867128366157,
      1010.867128366157,
      1010.867128366157,
      1010.867128366157,
      1010.867128366157,
      1010.867128366157,
      1010.867128366157,
      1010.867128366157,
      1010.867128366157,
      1010.867128366157,
      1010.867128366157,
      1010.867128366157,
      1010.867128366157,
      1010.867128366157,
      1010.867128366157,
      1010.867128366157,
      1010.867128366157,
      1010.867128366157,
      1010.867128366157,
      1010.867128366157,
      1010.867128366157,
      1010.867128366157,
      1010.867128366157,
      1010.867128366157,
      1010.867128366157,
      1010.867128366157,
      1010.867128366157,
      1010.867128366157,
      362.47920786276154,
      362.47920786276154,
      362.47920786276154,
      362.47920786276154,
      362.47920786276154,
      362.47920786276154,
      362.47920786276154,
      362.47920786276154,
      362.47920786276154,
      362.47920786276154,
      362.47920786276154,
      362.47920786276154,
      362.47920786276154,
      362.47920786276154,
      362.47920786276154,
      362.47920786276154,
      362.47920786276154,
      362.47920786276154,
      362.47920786276154,
      362.47920786276154,
      362.47920786276154,
      362.47920786276154,
      362.47920786276154,
      362.47920786276154,
      362.47920786276154,
      362.47920786276154,
      362.47920786276154,
      362.47920786276154,
      362.47920786276154,
      362.47920786276154,
      362.47920786276154,
      362.47920786276154,
      362.47920786276154,
      362.47920786276154,
      362.47920786276154,
      362.47920786276154,
      55.56226258089009,
      55.56226258089009,
      55.56226258089009,
      55.56226258089009,
      55.56226258089009,
      553.3063446116103,
      553.3063446116103,
      553.3063446116103,
      553.3063446116103,
      553.3063446116103,
      553.3063446116103,
      553.3063446116103,
      553.3063446116103,
      553.3063446116103,
      553.3063446116103,
      553.3063446116103,
      553.3063446116103,
      553.3063446116103,
      553.3063446116103,
      553.3063446116103,
      553.3063446116103,
      553.3063446116103,
      553.3063446116103,
      553.3063446116103,
      553.3063446116103,
      553.3063446116103,
      553.3063446116103,
      553.3063446116103,
      553.3063446116103,
      553.3063446116103,
      553.3063446116103,
      553.3063446116103,
      553.3063446116103,
      553.3063446116103,
      553.3063446116103,
      553.3063446116103,
      553.3063446116103,
      553.3063446116103,
      553.3063446116103,
      553.3063446116103,
      553.3063446116103,
      553.3063446116103,
      553.3063446116103,
      553.3063446116103,
      553.3063446116103,
      553.3063446116103,
      553.3063446116103,
      553.3063446116103,
      553.3063446116103,
      553.3063446116103,
      553.3063446116103,
      553.3063446116103,
      553.3063446116103,
      553.3063446116103,
      553.3063446116103,
      553.3063446116103,
      553.3063446116103,
      553.3063446116103,
      553.3063446116103,
      553.3063446116103,
      553.3063446116103,
      99.34413020877764,
      99.34413020877764,
      99.34413020877764,
      99.34413020877764,
      99.34413020877764,
      99.34413020877764,
      99.34413020877764,
      99.34413020877764,
      99.34413020877764,
      99.34413020877764,
      21.04320569319316,
      21.04320569319316,
      624.316418346727,
      624.316418346727,
      624.316418346727,
      624.316418346727,
      624.316418346727,
      624.316418346727,
      624.316418346727,
      624.316418346727,
      624.316418346727,
      624.316418346727,
      624.316418346727,
      624.316418346727,
      624.316418346727,
      624.316418346727,
      624.316418346727,
      624.316418346727,
      624.316418346727,
      624.316418346727,
      624.316418346727,
      624.316418346727,
      624.316418346727,
      624.316418346727,
      624.316418346727,
      624.316418346727,
      624.316418346727,
      624.316418346727,
      624.316418346727,
      624.316418346727,
      624.316418346727,
      624.316418346727,
      624.316418346727,
      624.316418346727,
      624.316418346727,
      624.316418346727,
      624.316418346727,
      624.316418346727,
      624.316418346727,
      624.316418346727,
      624.316418346727,
      624.316418346727,
      624.316418346727,
      624.316418346727,
      624.316418346727,
      624.316418346727,
      624.316418346727,
      624.316418346727,
      624.316418346727,
      624.316418346727,
      624.316418346727,
      624.316418346727,
      624.316418346727,
      624.316418346727,
      624.316418346727,
      624.316418346727,
      624.316418346727,
      624.316418346727,
      624.316418346727,
      624.316418346727,
      624.316418346727,
      624.316418346727,
      624.316418346727,
      624.316418346727,
      624.316418346727,
      178.10350935953466,
      178.10350935953466,
      178.10350935953466,
      178.10350935953466,
      178.10350935953466,
      178.10350935953466,
      178.10350935953466,
      178.10350935953466,
      178.10350935953466,
      178.10350935953466,
      178.10350935953466,
      178.10350935953466,
      178.10350935953466,
      178.10350935953466,
      178.10350935953466,
      178.10350935953466,
      178.10350935953466,
      178.10350935953466,
      178.10350935953466,
      57.8576478692994,
      57.8576478692994,
      57.8576478692994,
      57.8576478692994,
      57.8576478692994,
      57.8576478692994,
      33.149780375788396,
      33.149780375788396,
      33.149780375788396,
      143.07308520486913,
      143.07308520486913,
      143.07308520486913,
      143.07308520486913,
      143.07308520486913,
      143.07308520486913,
      143.07308520486913,
      143.07308520486913,
      143.07308520486913,
      143.07308520486913,
      143.07308520486913,
      143.07308520486913,
      143.07308520486913,
      143.07308520486913,
      329.5962526143412,
      329.5962526143412,
      329.5962526143412,
      329.5962526143412,
      329.5962526143412,
      329.5962526143412,
      329.5962526143412,
      329.5962526143412,
      329.5962526143412,
      329.5962526143412,
      329.5962526143412,
      329.5962526143412,
      329.5962526143412,
      329.5962526143412,
      329.5962526143412,
      329.5962526143412,
      329.5962526143412,
      329.5962526143412,
      329.5962526143412,
      329.5962526143412,
      329.5962526143412,
      329.5962526143412,
      329.5962526143412,
      329.5962526143412,
      329.5962526143412,
      329.5962526143412,
      329.5962526143412,
      329.5962526143412,
      329.5962526143412,
      329.5962526143412,
      329.5962526143412,
      329.5962526143412,
      329.5962526143412,
      36.262342257956334,
      36.262342257956334,
      36.262342257956334,
      36.262342257956334,
      96.23233617416554,
      96.23233617416554,
      96.23233617416554,
      96.23233617416554,
      96.23233617416554,
      96.23233617416554,
      96.23233617416554,
      96.23233617416554,
      96.23233617416554,
      96.23233617416554,
      148.19250757390546,
      148.19250757390546,
      148.19250757390546,
      148.19250757390546,
      148.19250757390546,
      148.19250757390546,
      148.19250757390546,
      148.19250757390546,
      148.19250757390546,
      148.19250757390546,
      148.19250757390546,
      148.19250757390546,
      148.19250757390546,
      148.19250757390546,
      54.816105825015256,
      54.816105825015256,
      54.816105825015256,
      54.816105825015256,
      54.816105825015256,
      54.816105825015256,
      302.7039226564666,
      302.7039226564666,
      302.7039226564666,
      302.7039226564666,
      302.7039226564666,
      302.7039226564666,
      302.7039226564666,
      302.7039226564666,
      302.7039226564666,
      302.7039226564666,
      302.7039226564666,
      302.7039226564666,
      302.7039226564666,
      302.7039226564666,
      302.7039226564666,
      302.7039226564666,
      302.7039226564666,
      302.7039226564666,
      302.7039226564666,
      302.7039226564666,
      302.7039226564666,
      302.7039226564666,
      302.7039226564666,
      302.7039226564666,
      302.7039226564666,
      302.7039226564666,
      302.7039226564666,
      302.7039226564666,
      302.7039226564666,
      302.7039226564666,
      61.9661323016735,
      61.9661323016735,
      61.9661323016735,
      61.9661323016735,
      61.9661323016735,
      61.9661323016735,
      54.58662051570718,
      54.58662051570718,
      54.58662051570718,
      54.58662051570718,
      54.58662051570718,
      54.58662051570718,
      60.56989618680382,
      60.56989618680382,
      60.56989618680382,
      60.56989618680382,
      60.56989618680382,
      60.56989618680382
    ],
    "is_long_segment": [
      false,
      false,
      false,
      false,
      false,
      false,
      false,
      false,
      false,
      false,
      false,
      false,
      false,
      false,
      false,
      false,
      false,
      false,
      false,
      false,
      false,
      false,
      false,
      false,
      false,
      false,
      false,
      false,
      false,
      false,
      false,
      false,
      false,
      false,
      false,
      false,
      false,
      false,
      false,
      false,
      false,
      false,
      false,
      false,
      false,
      false,
      false,
      false,
      false,
      false,
      false,
      false,
      false,
      false,
      false,
      false,
      false,
      false,
      false,
      false,
      false,
      false,
      false,
      false,
      false,
      false,
      false,
      false,
      false,
      false,
      false,
      false,
      false,
      false,
      false,
      false,
      false,
      false,
      false,
      false,
      false,
      false,
      true,
      true,
      true,
      true,
      true,
      true,
      true,
      true,
      true,
      true,
      true,
      true,
      true,
      true,
      true,
      true,
      true,
      true,
      true,
      true,
      true,
      true,
      true,
      true,
      true,
      true,
      true,
      true,
      true,
      true,
      true,
      true,
      true,
      true,
      true,
      true,
      true,
      true,
      true,
      true,
      true,
      true,
      true,
      true,
      true,
      true,
      true,
      true,
      true,
      false,
      false,
      false,
      false,
      false,
      false,
      false,
      false,
      false,
      false,
      false,
      false,
      false,
      false,
      false,
      false,
      false,
      false,
      false,
      false,
      false,
      false,
      false,
      false,
      false,
      false,
      false,
      false,
      false,
      false,
      false,
      false,
      false,
      false,
      false,
      false,
      false,
      false,
      false,
      false,
      false,
      false,
      false,
      false,
      false,
      false,
      false,
      false,
      false,
      false,
      false,
      false,
      false,
      false,
      false,
      false,
      false,
      false,
      false,
      false,
      false,
      false,
      true,
      true,
      true,
      true,
      true,
      true,
      true,
      true,
      true,
      true,
      true,
      true,
      true,
      true,
      true,
      true,
      true,
      true,
      true,
      true,
      true,
      true,
      true,
      true,
      true,
      true,
      true,
      true,
      true,
      true,
      true,
      true,
      true,
      true,
      true,
      true,
      false,
      false,
      false,
      false,
      false,
      false,
      false,
      false,
      false,
      false,
      false,
      false,
      false,
      false,
      false,
      false,
      false,
      false,
      false,
      false,
      false,
      false,
      false,
      false,
      false,
      false,
      false,
      false,
      false,
      false,
      false,
      false,
      false,
      false,
      false,
      false,
      false,
      false,
      false,
      false,
      false,
      false,
      false,
      false,
      false,
      false,
      false,
      true,
      true,
      true,
      true,
      true,
      true,
      true,
      true,
      true,
      true,
      true,
      true,
      true,
      true,
      true,
      true,
      true,
      true,
      true,
      true,
      true,
      true,
      true,
      true,
      true,
      true,
      true,
      true,
      true,
      true,
      false,
      false,
      false,
      false,
      false,
      false,
      false,
      false,
      false,
      false,
      false,
      false,
      false,
      false,
      false,
      false,
      false,
      false,
      false,
      false,
      false,
      false,
      false,
      false,
      false,
      false,
      false,
      false,
      false,
      false,
      false,
      false,
      false,
      false,
      false,
      false,
      false,
      false,
      false,
      false,
      false,
      false,
      false,
      false,
      false,
      false,
      false,
      false,
      false,
      false,
      false,
      false,
      false,
      false,
      false,
      false,
      false,
      false,
      false,
      false,
      false,
      false,
      false,
      false,
      false,
      false,
      false,
      false,
      false,
      false,
      false,
      false,
      false,
      false,
      false,
      false,
      false,
      false,
      false,
      false,
      false,
      false,
      false,
      false,
      false,
      false,
      false,
      false,
      false,
      false,
      false,
      false,
      false,
      false,
      false,
      false,
      false,
      false,
      false,
      false,
      false,
      false,
      false,
      false,
      false,
      false,
      false,
      false,
      false,
      false,
      false,
      false,
      false,
      false,
      false,
      false,
      false,
      false,
      false,
      false,
      false,
      false,
      false,
      false,
      false,
      false,
      false,
      false,
      false,
      false,
      false,
      false,
      false,
      false,
      false,
      false,
      false,
      false,
      false,
      false,
      false,
      false,
      false,
      false,
      false,
      false,
      false,
      false,
      false,
      false,
      false,
      false,
      false,
      false,
      false,
      false,
      false,
      false,
      false,
      false,
      false,
      false,
      false,
      false,
      false,
      false,
      false,
      false,
      false,
      false,
      false,
      false,
      false,
      false,
      false,
      false,
      false,
      false,
      false,
      false,
      false,
      false,
      false,
      false,
      false,
      false,
      false,
      false,
      false,
      false,
      false,
      false,
      false,
      false,
      false,
      false,
      false,
      false,
      false,
      false,
      false,
      false,
      false,
      false,
      false,
      false,
      false,
      false,
      false,
      false,
      false,
      false,
      false,
      false,
      false,
      false,
      false,
      true,
      true,
      true,
      true,
      true,
      true,
      true,
      true,
      true,
      true,
      true,
      true,
      true,
      true,
      true,
      true,
      true,
      true,
      true,
      true,
      true,
      true,
      true,
      true,
      true,
      true,
      true,
      true,
      true,
      true,
      true,
      false,
      false,
      false,
      false,
      false,
      false,
      false,
      false,
      false,
      false,
      false,
      false,
      false,
      false,
      false,
      false,
      false,
      false,
      false,
      false,
      false,
      false,
      false,
      false,
      false,
      false,
      false,
      false,
      false,
      false,
      false,
      false,
      false,
      false,
      false,
      false,
      false,
      false,
      false,
      false,
      false,
      false,
      false,
      false,
      false,
      false,
      false,
      false,
      false,
      false,
      false,
      false,
      false,
      false,
      false,
      false,
      false,
      false,
      false,
      false,
      false,
      false,
      false,
      false,
      false,
      false,
      false,
      false,
      false,
      false,
      false,
      false,
      false,
      false,
      false,
      false,
      false,
      false,
      false,
      false,
      false,
      false,
      false,
      false,
      false,
      false,
      false,
      false,
      false,
      false,
      false,
      false,
      false,
      false,
      false,
      false,
      false,
      false,
      false,
      false,
      false,
      false,
      false,
      false,
      false,
      true,
      true,
      true,
      true,
      true,
      true,
      true,
      true,
      true,
      true,
      true,
      true,
      true,
      true,
      true,
      true,
      true,
      true,
      true,
      true,
      true,
      true,
      true,
      true,
      true,
      true,
      true,
      true,
      true,
      true,
      true,
      false,
      false,
      false,
      false,
      false,
      false,
      false,
      false,
      false,
      false,
      false,
      false,
      false,
      false,
      false,
      false,
      false,
      false,
      false,
      false,
      false,
      false,
      false,
      false,
      false,
      false,
      false,
      false,
      false,
      false,
      false,
      false,
      false,
      false,
      false,
      false,
      false,
      false,
      false,
      false,
      false,
      false,
      false,
      false,
      false,
      false,
      false,
      false,
      false,
      false,
      false,
      false,
      false,
      false,
      false,
      false,
      false,
      false,
      false,
      false,
      false,
      false,
      false,
      false,
      false,
      false,
      false,
      false,
      false,
      false,
      false,
      false,
      false,
      false,
      false,
      false,
      false,
      false,
      false,
      false,
      false,
      false,
      false,
      false,
      false,
      false,
      false,
      false,
      false,
      false,
      false,
      false,
      false,
      false,
      false,
      false,
      false,
      false,
      false,
      false,
      false,
      false,
      false,
      false,
      false,
      false,
      false,
      false,
      false,
      false,
      false,
      false,
      false,
      false,
      false,
      false,
      false,
      false,
      false,
      false,
      false,
      false,
      false,
      false,
      false,
      false,
      false,
      false,
      false,
      false,
      false,
      false,
      false,
      false,
      false,
      false,
      false,
      false,
      false,
      false,
      false,
      false,
      false,
      false,
      false,
      false,
      false,
      false,
      false,
      false,
      false,
      false,
      false,
      false,
      false,
      false,
      false,
      false,
      false,
      false,
      false,
      false,
      false,
      false,
      false,
      false,
      false,
      false,
      false,
      false,
      false,
      false,
      false,
      false,
      false,
      false,
      false,
      false,
      false,
      false,
      false,
      false,
      false,
      false,
      false,
      false,
      false,
      false,
      false,
      false,
      false,
      false,
      false,
      false,
      false,
      false,
      false,
      false,
      false,
      false,
      false,
      false,
      false,
      false,
      true,
      true,
      true,
      true,
      true,
      true,
      true,
      true,
      true,
      true,
      true,
      true,
      true,
      true,
      true,
      true,
      true,
      true,
      true,
      true,
      true,
      true,
      true,
      true,
      true,
      true,
      true,
      true,
      true,
      true,
      true,
      true,
      true,
      true,
      true,
      true,
      true,
      true,
      true,
      true,
      true,
      true,
      true,
      true,
      true,
      true,
      true,
      true,
      true,
      true,
      true,
      true,
      true,
      true,
      true,
      true,
      true,
      true,
      true,
      true,
      true,
      true,
      true,
      true,
      true,
      true,
      true,
      true,
      true,
      true,
      true,
      true,
      false,
      false,
      false,
      false,
      false,
      false,
      false,
      false,
      false,
      false,
      false,
      false,
      false,
      false,
      false,
      false,
      false,
      false,
      false,
      false,
      false,
      false,
      false,
      false,
      false,
      false,
      false,
      false,
      false,
      false,
      false,
      false,
      false,
      false,
      false,
      false,
      false,
      false,
      false,
      false,
      false,
      false,
      false,
      false,
      false,
      false,
      false,
      false,
      false,
      false,
      false,
      false,
      false,
      false,
      false,
      false,
      false,
      false,
      false,
      false,
      false,
      false,
      false,
      false,
      false,
      false,
      false,
      false,
      false,
      false,
      false,
      false,
      false,
      false,
      false,
      false,
      false,
      false,
      false,
      false,
      false,
      false,
      false,
      false,
      false,
      false,
      false,
      false,
      false,
      false,
      false,
      false,
      false,
      false,
      false,
      false,
      false,
      false,
      false,
      false,
      false,
      false,
      false,
      false,
      false,
      false,
      false,
      false,
      false,
      false,
      false,
      false,
      false,
      false,
      false,
      false,
      false,
      false,
      false,
      false,
      false,
      false,
      false,
      false,
      false,
      false,
      false,
      false,
      false,
      false,
      false,
      false,
      false,
      false,
      false,
      false,
      false,
      false,
      false,
      false,
      false,
      false,
      false,
      false,
      false,
      false,
      false,
      false,
      false,
      false,
      false,
      false,
      false,
      false,
      false,
      false,
      false,
      false,
      false,
      false,
      false,
      false,
      false,
      false,
      false,
      false,
      false,
      false,
      false,
      false,
      false,
      false,
      false,
      false,
      false,
      false,
      false,
      false,
      false,
      false,
      false,
      false,
      false,
      false,
      false,
      false,
      false,
      false,
      false,
      false,
      false,
      false,
      false,
      false,
      false,
      false,
      false,
      false,
      false,
      false,
      false,
      false,
      false,
      false,
      false,
      false,
      false,
      false,
      false,
      false,
      false,
      false,
      false,
      false,
      false,
      false,
      false,
      false,
      false,
      false,
      false,
      false,
      false,
      false,
      false,
      false,
      false,
      false,
      false,
      false,
      false,
      false,
      false,
      false,
      false,
      false,
      false,
      false,
      false,
      false,
      false,
      false,
      false,
      false,
      false,
      false,
      false,
      false,
      false,
      false,
      false,
      false,
      false,
      false,
      false,
      false,
      false,
      false,
      false,
      false,
      false,
      false,
      false,
      false,
      false,
      false,
      false,
      false,
      false,
      false,
      false,
      false,
      false,
      false,
      false,
      false,
      false,
      false,
      false,
      false,
      false,
      false,
      false,
      false,
      false,
      false,
      false,
      false,
      false,
      false,
      false,
      false,
      false,
      false,
      false,
      false,
      false,
      false,
      false,
      true,
      true,
      true,
      true,
      true,
      true,
      true,
      true,
      true,
      true,
      true,
      true,
      true,
      true,
      true,
      true,
      true,
      true,
      true,
      true,
      true,
      true,
      true,
      true,
      true,
      true,
      true,
      true,
      true,
      true,
      true,
      true,
      true,
      true,
      true,
      true,
      true,
      true,
      true,
      true,
      true,
      true,
      true,
      true,
      true,
      true,
      true,
      true,
      true,
      false,
      false,
      false,
      false,
      false,
      false,
      false,
      false,
      false,
      false,
      false,
      false,
      false,
      false,
      false,
      false,
      false,
      false,
      false,
      false,
      false,
      false,
      false,
      false,
      false,
      false,
      false,
      false,
      false,
      false,
      false,
      false,
      false,
      false,
      false,
      false,
      false,
      false,
      false,
      false,
      false,
      false,
      false,
      false,
      false,
      false,
      false,
      false,
      false,
      false,
      false,
      false,
      false,
      false,
      false,
      false,
      false,
      false,
      false,
      false,
      false,
      false,
      false,
      false,
      false,
      false,
      false,
      false,
      false,
      false,
      false,
      false,
      false,
      false,
      false,
      false,
      false,
      false,
      false,
      false,
      false,
      false,
      false,
      false,
      false,
      false,
      false,
      false,
      false,
      false,
      false,
      false,
      false,
      false,
      false,
      false,
      false,
      false,
      false,
      false,
      false,
      false,
      false,
      false,
      false,
      false,
      false,
      false,
      false,
      false,
      false,
      false,
      false,
      false,
      false,
      false,
      false,
      false,
      false,
      false,
      false,
      false,
      false,
      false,
      false,
      false,
      false,
      false,
      false,
      false,
      false,
      false,
      false,
      false,
      false,
      false,
      false,
      false,
      false,
      false,
      false,
      false,
      false,
      false,
      false,
      false,
      false,
      false,
      false,
      false,
      false,
      false,
      false,
      false,
      false,
      false,
      false,
      false,
      false,
      false,
      false,
      false,
      false,
      false,
      false,
      false,
      false,
      false,
      false,
      false,
      false,
      false,
      false,
      false,
      false,
      false,
      false,
      false,
      false,
      false,
      false,
      false,
      false,
      false,
      false,
      false,
      false,
      false,
      false,
      false,
      false,
      false,
      false,
      false,
      false,
      false,
      false,
      false,
      false,
      false,
      false,
      false,
      false,
      false,
      false,
      false,
      false,
      false,
      false,
      false,
      false,
      false,
      false,
      false,
      false,
      false,
      false,
      false,
      false,
      false,
      false,
      false,
      false,
      false,
      false,
      false,
      false,
      false,
      false,
      false,
      false,
      false,
      false,
      false,
      false,
      false,
      false,
      false,
      false,
      false,
      false,
      false,
      false,
      false,
      false,
      false,
      false,
      false,
      false,
      false,
      false,
      false,
      false,
      false,
      false,
      false,
      false,
      false,
      false,
      false,
      false,
      false,
      false,
      false,
      false,
      false,
      false,
      false,
      false,
      false,
      false,
      false,
      false,
      false,
      false,
      false,
      false,
      false,
      false,
      false,
      false,
      false,
      false,
      false,
      false,
      false,
      false,
      false,
      false,
      false,
      false,
      false,
      false,
      false,
      false,
      false,
      false,
      false,
      false,
      false,
      false,
      false,
      false,
      false,
      false,
      false,
      false,
      false,
      false,
      false,
      false,
      false,
      false,
      false,
      false,
      false,
      false,
      false,
      false,
      false,
      false,
      false,
      false,
      false,
      false,
      false,
      false,
      false,
      false,
      false,
      false,
      false,
      false,
      false,
      false,
      false,
      false,
      false,
      false,
      false,
      false,
      false,
      false,
      false,
      false,
      false,
      false,
      false,
      false,
      false,
      false,
      false,
      false,
      false,
      false,
      false,
      false,
      false,
      false,
      false,
      false,
      false,
      false,
      false,
      false,
      false,
      false,
      false,
      false,
      false,
      false,
      false,
      false,
      false,
      false,
      false,
      false,
      false,
      false,
      false,
      false,
      false,
      false,
      false,
      false,
      false,
      false,
      false,
      false,
      false,
      false,
      false,
      false,
      false,
      false,
      false,
      false,
      false,
      false,
      false,
      false,
      false,
      false,
      false,
      false,
      false,
      false,
      false,
      false,
      false,
      false,
      false,
      false,
      false,
      false,
      false,
      false,
      false,
      false,
      false,
      false,
      false,
      false,
      false,
      false,
      false,
      false,
      false,
      false,
      false,
      false,
      false,
      false,
      false,
      false,
      false,
      false,
      false,
      false,
      false,
      false,
      false,
      false,
      false,
      false,
      false,
      false,
      false,
      false,
      false,
      false,
      false,
      false,
      false,
      true,
      true,
      true,
      true,
      true,
      true,
      true,
      true,
      true,
      true,
      true,
      true,
      true,
      true,
      true,
      true,
      true,
      true,
      true,
      true,
      true,
      true,
      true,
      true,
      true,
      true,
      true,
      true,
      true,
      true,
      true,
      true,
      true,
      true,
      true,
      true,
      true,
      true,
      true,
      true,
      true,
      true,
      true,
      true,
      true,
      true,
      true,
      true,
      true,
      true,
      true,
      true,
      true,
      true,
      true,
      true,
      true,
      true,
      true,
      true,
      true,
      true,
      true,
      true,
      true,
      true,
      true,
      true,
      true,
      true,
      true,
      true,
      true,
      true,
      true,
      true,
      true,
      true,
      true,
      true,
      true,
      true,
      true,
      true,
      true,
      true,
      true,
      true,
      true,
      true,
      true,
      true,
      true,
      true,
      true,
      true,
      true,
      true,
      true,
      true,
      true,
      true,
      true,
      true,
      true,
      true,
      true,
      true,
      true,
      true,
      true,
      true,
      true,
      true,
      true,
      true,
      true,
      true,
      true,
      true,
      true,
      true,
      true,
      true,
      true,
      true,
      true,
      true,
      true,
      true,
      true,
      true,
      true,
      true,
      true,
      true,
      true,
      true,
      false,
      false,
      false,
      false,
      false,
      true,
      true,
      true,
      true,
      true,
      true,
      true,
      true,
      true,
      true,
      true,
      true,
      true,
      true,
      true,
      true,
      true,
      true,
      true,
      true,
      true,
      true,
      true,
      true,
      true,
      true,
      true,
      true,
      true,
      true,
      true,
      true,
      true,
      true,
      true,
      true,
      true,
      true,
      true,
      true,
      true,
      true,
      true,
      true,
      true,
      true,
      true,
      true,
      true,
      true,
      true,
      true,
      true,
      true,
      true,
      true,
      false,
      false,
      false,
      false,
      false,
      false,
      false,
      false,
      false,
      false,
      false,
      false,
      true,
      true,
      true,
      true,
      true,
      true,
      true,
      true,
      true,
      true,
      true,
      true,
      true,
      true,
      true,
      true,
      true,
      true,
      true,
      true,
      true,
      true,
      true,
      true,
      true,
      true,
      true,
      true,
      true,
      true,
      true,
      true,
      true,
      true,
      true,
      true,
      true,
      true,
      true,
      true,
      true,
      true,
      true,
      true,
      true,
      true,
      true,
      true,
      true,
      true,
      true,
      true,
      true,
      true,
      true,
      true,
      true,
      true,
      true,
      true,
      true,
      true,
      true,
      false,
      false,
      false,
      false,
      false,
      false,
      false,
      false,
      false,
      false,
      false,
      false,
      false,
      false,
      false,
      false,
      false,
      false,
      false,
      false,
      false,
      false,
      false,
      false,
      false,
      false,
      false,
      false,
      false,
      false,
      false,
      false,
      false,
      false,
      false,
      false,
      false,
      false,
      false,
      false,
      false,
      false,
      true,
      true,
      true,
      true,
      true,
      true,
      true,
      true,
      true,
      true,
      true,
      true,
      true,
      true,
      true,
      true,
      true,
      true,
      true,
      true,
      true,
      true,
      true,
      true,
      true,
      true,
      true,
      true,
      true,
      true,
      true,
      true,
      true,
      false,
      false,
      false,
      false,
      false,
      false,
      false,
      false,
      false,
      false,
      false,
      false,
      false,
      false,
      false,
      false,
      false,
      false,
      false,
      false,
      false,
      false,
      false,
      false,
      false,
      false,
      false,
      false,
      false,
      false,
      false,
      false,
      false,
      false,
      true,
      true,
      true,
      true,
      true,
      true,
      true,
      true,
      true,
      true,
      true,
      true,
      true,
      true,
      true,
      true,
      true,
      true,
      true,
      true,
      true,
      true,
      true,
      true,
      true,
      true,
      true,
      true,
      true,
      true,
      false,
      false,
      false,
      false,
      false,
      false,
      false,
      false,
      false,
      false,
      false,
      false,
      false,
      false,
      false,
      false,
      false,
      false
    ],
    "resample_meta": {
      "ds_m": 10.0,
      "snap_transitions": true,
      "long_segment_m": 300.0,
      "n_in": 184,
      "n_unique_in": 184,
      "n_out": 2199,
      "n_snapped": 8,
      "n_long_segment": 618
    },
    "elevation_m": [
      1425.802124023,
      1425.750854492,
      1425.821777344,
      1425.722167969,
      1425.789672852,
      1425.672119141,
      1425.732177734,
      1425.784667969,
      1425.64465332,
      1425.703369141,
      1425.633300781,
      1425.693237305,
      1425.512329102,
      1425.566040039,
      1425.637817383,
      1425.439086914,
      1425.491455078,
      1425.336425781,
      1425.424438477,
      1425.345092773,
      1425.492797852,
      1425.635375977,
      1425.571533203,
      1425.681518555,
      1425.657836914,
      1425.800292969,
      1425.81652832,
      1426.043334961,
      1426.038818359,
      1426.267578125,
      1426.190063477,
      1426.291381836,
      1426.307495117,
      1426.090087891,
      1426.078857422,
      1425.898803711,
      1425.935913086,
      1425.820068359,
      1425.952514648,
      1425.888793945,
      1426.028808594,
      1426.165039062,
      1426.161254883,
      1426.333618164,
      1426.266967773,
      1426.354980469,
      1426.231201172,
      1426.266967773,
      1426.17956543,
      1426.185668945,
      1426.20324707,
      1426.085693359,
      1426.139526367,
      1426.032714844,
      1426.05078125,
      1425.964599609,
      1425.973266602,
      1426.02331543,
      1425.963378906,
      1425.98828125,
      1425.948242188,
      1425.978027344,
      1425.942138672,
      1425.982055664,
      1425.962036133,
      1425.997192383,
      1426.037109375,
      1426.032104492,
      1426.0859375,
      1426.098388672,
      1426.159179688,
      1426.180297852,
      1426.272338867,
      1426.359008789,
      1426.390258789,
      1426.474853516,
      1426.498535156,
      1426.59362793,
      1426.63269043,
      1426.75769043,
      1426.827636719,
      1426.94140625,
      1427.046508789,
      1427.042724609,
      1427.12890625,
      1427.123901367,
      1427.176391602,
      1426.927612305,
      1426.765136719,
      1426.528930664,
      1426.388916016,
      1426.32019043,
      1426.275146484,
      1426.335205078,
      1426.367675781,
      1426.43359375,
      1426.522949219,
      1426.566650391,
      1426.624145508,
      1426.581665039,
      1426.511352539,
      1426.473876953,
      1426.436889648,
      1426.451904297,
      1426.589477539,
      1426.893676758,
      1427.21875,
      1427.353759766,
      1427.393798828,
      1427.403808594,
      1427.411254883,
      1427.46496582,
      1427.613525391,
      1427.758911133,
      1427.93762207,
      1428.103881836,
      1428.178833008,
      1428.238891602,
      1428.390136719,
      1428.292602539,
      1428.227294922,
      1428.047485352,
      1428.166259766,
      1427.976196289,
      1427.978759766,
      1428.036254883,
      1427.881225586,
      1427.90246582,
      1427.776245117,
      1427.911376953,
      1427.825317383,
      1428.003173828,
      1427.967041016,
      1428.090942383,
      1428.149658203,
      1428.133422852,
      1428.223388672,
      1428.169067383,
      1428.247192383,
      1428.194580078,
      1428.274658203,
      1428.262207031,
      1428.350830078,
      1428.474609375,
      1428.552124023,
      1428.989624023,
      1429.72253418,
      1430.486816406,
      1430.758056641,
      1430.911865234,
      1430.901855469,
      1430.979370117,
      1430.869384766,
      1430.955444336,
      1430.854614258,
      1430.733276367,
      1430.651977539,
      1430.572021484,
      1430.638183594,
      1430.596923828,
      1430.562011719,
      1430.51953125,
      1430.502197266,
      1430.495361328,
      1430.495361328,
      1430.495361328,
      1430.495361328,
      1430.491577148,
      1430.490356445,
      1430.479003906,
      1430.475341797,
      1430.473999023,
      1430.484741211,
      1430.481079102,
      1430.478637695,
      1430.489746094,
      1430.543579102,
      1430.55480957,
      1430.55480957,
      1430.565551758,
      1430.595703125,
      1430.660766602,
      1430.695678711,
      1430.756958008,
      1430.808227539,
      1430.869384766,
      1430.960693359,
      1431.090332031,
      1431.232666016,
      1431.368896484,
      1431.505126953,
      1431.69140625,
      1431.940185547,
      1432.242553711,
      1432.530029297,
      1432.625488281,
      1432.623046875,
      1432.724365234,
      1433.103027344,
      1433.453125,
      1433.500610352,
      1433.524291992,
      1433.520507812,
      1433.519287109,
      1433.517822266,
      1433.517333984,
      1433.517333984,
      1433.554199219,
      1433.554199219,
      1433.554199219,
      1433.584228516,
      1433.598022461,
      1433.612670898,
      1433.6171875,
      1433.62097168,
      1433.656005859,
      1433.708374023,
      1433.730957031,
      1433.778442383,
      1433.873535156,
      1433.978393555,
      1434.025634766,
      1434.095581055,
      1434.219360352,
      1434.375610352,
      1434.528076172,
      1434.596801758,
      1434.614257812,
      1434.620239258,
      1434.620727539,
      1434.653198242,
      1434.774414062,
      1435.111938477,
      1435.653198242,
      1435.988525391,
      1436.498535156,
      1437.189819336,
      1437.307983398,
      1436.899169922,
      1436.402954102,
      1436.002929688,
      1435.63293457,
      1435.38293457,
      1435.139160156,
      1434.959106445,
      1434.766235352,
      1434.828369141,
      1434.783325195,
      1434.755859375,
      1434.745849609,
      1434.855834961,
      1434.864501953,
      1434.978393555,
      1434.999145508,
      1435.129272461,
      1435.290527344,
      1435.424316406,
      1435.633056641,
      1435.775512695,
      1436.040527344,
      1436.270507812,
      1436.434326172,
      1436.493408203,
      1436.498535156,
      1436.494750977,
      1436.507324219,
      1436.534790039,
      1436.527099609,
      1436.55090332,
      1436.568359375,
      1436.58215332,
      1436.591064453,
      1436.657714844,
      1436.745239258,
      1436.775146484,
      1436.852783203,
      1436.937744141,
      1437.008911133,
      1437.033935547,
      1437.114013672,
      1437.192138672,
      1437.268554688,
      1437.313598633,
      1437.388549805,
      1437.46484375,
      1437.512329102,
      1437.581054688,
      1437.656005859,
      1437.717285156,
      1437.751098633,
      1437.820678711,
      1437.894775391,
      1437.937255859,
      1437.983520508,
      1438.038208008,
      1438.097900391,
      1438.137573242,
      1438.202636719,
      1438.257568359,
      1438.293945312,
      1438.338256836,
      1438.382080078,
      1438.427001953,
      1438.463256836,
      1438.52331543,
      1438.564453125,
      1438.602050781,
      1438.647094727,
      1438.695068359,
      1438.750732422,
      1438.809814453,
      1438.868652344,
      1438.948608398,
      1439.039916992,
      1439.104858398,
      1439.217285156,
      1439.334838867,
      1439.431152344,
      1439.505493164,
      1439.525634766,
      1439.51940918,
      1439.524414062,
      1439.52331543,
      1439.531616211,
      1439.531616211,
      1439.554077148,
      1439.59777832,
      1439.628662109,
      1439.62512207,
      1439.69140625,
      1439.743896484,
      1439.706420898,
      1439.857666016,
      1440.033935547,
      1440.202636719,
      1440.266479492,
      1440.39050293,
      1440.536499023,
      1440.689086914,
      1440.762817383,
      1440.908935547,
      1441.032836914,
      1441.154052734,
      1441.23034668,
      1441.338989258,
      1441.420654297,
      1441.48059082,
      1441.536743164,
      1441.576782227,
      1441.621826172,
      1441.645507812,
      1441.665893555,
      1441.650878906,
      1441.646728516,
      1441.630737305,
      1441.621948242,
      1441.602050781,
      1441.538208008,
      1441.516967773,
      1441.528320312,
      1441.508300781,
      1441.470825195,
      1441.497070312,
      1441.53527832,
      1441.534667969,
      1441.534667969,
      1441.570922852,
      1441.584716797,
      1441.628540039,
      1441.670898438,
      1441.779785156,
      1441.95715332,
      1442.158203125,
      1442.158203125,
      1442.346191406,
      1442.463745117,
      1442.56237793,
      1442.792480469,
      1443.020019531,
      1443.189208984,
      1443.456665039,
      1443.70300293,
      1444.066162109,
      1444.374389648,
      1444.570678711,
      1444.689453125,
      1444.860961914,
      1444.859619141,
      1444.870849609,
      1444.887207031,
      1445.012939453,
      1445.035766602,
      1445.008300781,
      1444.937011719,
      1444.875732422,
      1444.674560547,
      1444.334472656,
      1443.891967773,
      1443.409545898,
      1442.948364258,
      1442.618408203,
      1442.305908203,
      1441.749633789,
      1441.632080078,
      1442.395874023,
      1442.674682617,
      1442.720336914,
      1442.744628906,
      1442.737060547,
      1442.690673828,
      1442.690673828,
      1442.690673828,
      1442.67199707,
      1442.61328125,
      1442.610717773,
      1442.584716797,
      1442.576904297,
      1442.576904297,
      1442.580688477,
      1442.596923828,
      1442.601928711,
      1442.557373047,
      1442.588623047,
      1442.604003906,
      1442.620849609,
      1442.625854492,
      1442.640869141,
      1442.597167969,
      1442.604614258,
      1442.612182617,
      1442.593383789,
      1442.573120117,
      1442.574584961,
      1442.574584961,
      1442.574584961,
      1442.574584961,
      1442.574584961,
      1442.578369141,
      1442.650756836,
      1442.770263672,
      1442.875976562,
      1442.989746094,
      1443.078491211,
      1443.057250977,
      1443.062255859,
      1443.028442383,
      1442.972290039,
      1442.908447266,
      1442.845581055,
      1442.75012207,
      1442.721313477,
      1442.977539062,
      1443.950073242,
      1445.197509766,
      1445.565063477,
      1445.612548828,
      1445.61730957,
      1445.63293457,
      1445.639160156,
      1445.595458984,
      1445.606811523,
      1445.618041992,
      1445.621826172,
      1445.631835938,
      1445.596557617,
      1445.593505859,
      1445.598510742,
      1445.602294922,
      1445.603515625,
      1445.611083984,
      1445.596069336,
      1445.607299805,
      1445.607421875,
      1445.611572266,
      1445.619018555,
      1445.602783203,
      1445.606567383,
      1445.607788086,
      1445.611572266,
      1445.612792969,
      1445.612792969,
      1445.598510742,
      1445.611572266,
      1445.615356445,
      1445.615356445,
      1445.595336914,
      1445.7265625,
      1445.825317383,
      1446.046508789,
      1446.144897461,
      1446.236938477,
      1446.796875,
      1447.541015625,
      1447.920654297,
      1448.306884766,
      1448.381958008,
      1448.188232422,
      1447.648193359,
      1447.803955078,
      1447.700927734,
      1447.869628906,
      1448.525878906,
      1448.313476562,
      1448.638305664,
      1448.680908203,
      1448.653442383,
      1448.643432617,
      1448.645751953,
      1448.663696289,
      1448.661132812,
      1448.607177734,
      1448.575927734,
      1448.578369141,
      1448.605957031,
      1448.618408203,
      1448.588378906,
      1448.603515625,
      1448.615600586,
      1448.625610352,
      1448.638183594,
      1448.626953125,
      1448.631958008,
      1448.636962891,
      1448.636962891,
      1448.658203125,
      1448.637207031,
      1448.658569336,
      1448.68371582,
      1448.733764648,
      1448.696289062,
      1448.703735352,
      1448.733764648,
      1448.875,
      1449.458740234,
      1449.948730469,
      1451.136352539,
      1451.404296875,
      1451.486694336,
      1451.35168457,
      1451.426757812,
      1451.490600586,
      1451.508056641,
      1451.559326172,
      1451.463134766,
      1451.504394531,
      1451.526611328,
      1451.568969727,
      1451.527709961,
      1451.546508789,
      1451.590332031,
      1451.606567383,
      1451.627807617,
      1451.59777832,
      1451.610717773,
      1451.635009766,
      1451.642578125,
      1451.611328125,
      1451.634155273,
      1451.627319336,
      1451.620117188,
      1451.62512207,
      1451.650146484,
      1451.650024414,
      1451.646728516,
      1451.624145508,
      1451.69543457,
      1451.669189453,
      1451.66418457,
      1451.719238281,
      1451.897949219,
      1452.303466797,
      1452.632446289,
      1452.814941406,
      1452.947387695,
      1453.028686523,
      1453.551147461,
      1454.163696289,
      1454.628662109,
      1454.700561523,
      1454.721435547,
      1454.751464844,
      1454.782592773,
      1454.800170898,
      1454.82019043,
      1454.790161133,
      1454.745239258,
      1454.688964844,
      1454.839355469,
      1454.851928711,
      1454.820678711,
      1454.964477539,
      1455.290649414,
      1453.359375,
      1450.990722656,
      1450.435668945,
      1451.189086914,
      1454.184570312,
      1455.084472656,
      1454.86328125,
      1454.967041016,
      1455.160766602,
      1455.406982422,
      1455.766235352,
      1456.573608398,
      1457.326904297,
      1457.610717773,
      1457.674438477,
      1457.753173828,
      1457.778198242,
      1457.786865234,
      1457.784423828,
      1457.756835938,
      1457.775634766,
      1457.772094727,
      1457.781860352,
      1457.741699219,
      1457.763061523,
      1457.759399414,
      1457.748535156,
      1457.756103516,
      1457.826171875,
      1458.193603516,
      1458.375854492,
      1458.294189453,
      1458.210449219,
      1458.280395508,
      1458.197875977,
      1458.121704102,
      1458.056640625,
      1458.302856445,
      1458.245361328,
      1458.176635742,
      1458.240966797,
      1458.183959961,
      1458.122680664,
      1458.067749023,
      1458.138916016,
      1458.272705078,
      1458.207763672,
      1458.153930664,
      1458.207763672,
      1458.142578125,
      1458.082641602,
      1458.142578125,
      1458.075073242,
      1458.200927734,
      1458.155029297,
      1458.244628906,
      1458.280761719,
      1458.380859375,
      1458.524658203,
      1458.670166016,
      1458.778930664,
      1458.792724609,
      1458.863891602,
      1458.893920898,
      1458.838989258,
      1458.806396484,
      1458.947631836,
      1459.452758789,
      1460.355712891,
      1460.819091797,
      1460.979492188,
      1460.968383789,
      1460.950805664,
      1460.924560547,
      1460.933349609,
      1460.915771484,
      1460.884399414,
      1460.920288086,
      1460.935058594,
      1460.920043945,
      1460.921386719,
      1460.930175781,
      1460.932128906,
      1460.912231445,
      1460.891723633,
      1460.994262695,
      1461.007446289,
      1460.999755859,
      1460.993530273,
      1461.057250977,
      1461.036010742,
      1460.991088867,
      1461.041015625,
      1461.144775391,
      1461.08605957,
      1461.041992188,
      1461.120727539,
      1461.201293945,
      1461.334716797,
      1461.487304688,
      1461.643432617,
      1461.939697266,
      1462.063476562,
      1462.21472168,
      1462.367553711,
      1462.552246094,
      1462.830932617,
      1462.989746094,
      1463.348388672,
      1463.633422852,
      1463.916992188,
      1463.942749023,
      1463.924926758,
      1463.912841797,
      1463.895385742,
      1463.915405273,
      1463.904052734,
      1463.906616211,
      1463.877929688,
      1463.894042969,
      1463.891601562,
      1463.935302734,
      1463.967529297,
      1464.01940918,
      1464.037841797,
      1464.005004883,
      1463.94128418,
      1464.145629883,
      1464.326660156,
      1464.562866211,
      1464.770263672,
      1464.936401367,
      1465.075805664,
      1465.195800781,
      1465.275756836,
      1465.261962891,
      1465.310668945,
      1465.350708008,
      1465.364501953,
      1465.408203125,
      1465.411132812,
      1465.334716797,
      1465.333374023,
      1465.350952148,
      1465.386108398,
      1465.46887207,
      1465.463867188,
      1465.747680664,
      1466.187744141,
      1466.641967773,
      1466.833496094,
      1466.782226562,
      1466.798461914,
      1466.802246094,
      1466.815917969,
      1466.637207031,
      1466.668457031,
      1466.782226562,
      1466.856201172,
      1466.850830078,
      1466.583374023,
      1466.557128906,
      1466.104614258,
      1465.467041016,
      1465.721557617,
      1465.991577148,
      1466.513549805,
      1466.526733398,
      1466.487915039,
      1466.487915039,
      1466.285522461,
      1466.338012695,
      1466.381713867,
      1466.439208984,
      1465.906738281,
      1466.12097168,
      1466.55480957,
      1466.788574219,
      1466.799804688,
      1466.291137695,
      1465.984863281,
      1465.799804688,
      1466.068603516,
      1465.976074219,
      1465.990600586,
      1465.052734375,
      1465.959228516,
      1467.147338867,
      1467.566162109,
      1467.734863281,
      1467.40612793,
      1467.634887695,
      1467.760498047,
      1467.868530273,
      1468.268432617,
      1468.254760742,
      1468.283447266,
      1468.294677734,
      1468.727172852,
      1468.735961914,
      1468.759765625,
      1468.775634766,
      1468.823486328,
      1469.088256836,
      1468.995605469,
      1468.658203125,
      1468.391967773,
      1468.768188477,
      1468.870727539,
      1469.765625,
      1469.91809082,
      1470.226806641,
      1469.98059082,
      1469.650512695,
      1468.791748047,
      1468.48425293,
      1467.534301758,
      1467.082641602,
      1467.130615234,
      1467.812866211,
      1468.843017578,
      1468.762207031,
      1468.677246094,
      1469.047241211,
      1469.047241211,
      1468.891113281,
      1468.977294922,
      1468.671020508,
      1468.754760742,
      1469.354736328,
      1470.507568359,
      1470.810180664,
      1471.10534668,
      1470.819213867,
      1471.439208984,
      1471.437866211,
      1471.194213867,
      1470.881713867,
      1471.12890625,
      1471.061645508,
      1471.961791992,
      1471.676757812,
      1471.000488281,
      1469.732910156,
      1469.91418457,
      1471.194213867,
      1472.037109375,
      1472.217651367,
      1472.200073242,
      1472.262573242,
      1472.532592773,
      1472.673828125,
      1472.856323242,
      1473.157592773,
      1473.448852539,
      1473.603881836,
      1473.799072266,
      1473.979980469,
      1474.138671875,
      1474.234863281,
      1474.256225586,
      1474.351196289,
      1474.408691406,
      1474.583618164,
      1474.721191406,
      1474.960327148,
      1475.075927734,
      1475.195922852,
      1475.467773438,
      1475.712890625,
      1475.900390625,
      1475.936523438,
      1476.10534668,
      1476.083007812,
      1476.059692383,
      1476.015991211,
      1475.966064453,
      1475.919799805,
      1475.712280273,
      1475.187255859,
      1474.529663086,
      1475.161865234,
      1475.915405273,
      1475.995361328,
      1475.997924805,
      1475.996704102,
      1475.999145508,
      1475.982910156,
      1475.977905273,
      1475.969116211,
      1476.110229492,
      1476.093994141,
      1476.075195312,
      1476.058959961,
      1476.048950195,
      1476.017700195,
      1475.997680664,
      1475.978881836,
      1475.959106445,
      1475.942871094,
      1476.090332031,
      1476.07409668,
      1476.054077148,
      1476.045288086,
      1476.040405273,
      1476.024047852,
      1476.005126953,
      1475.989379883,
      1475.974365234,
      1476.491821289,
      1478.116821289,
      1478.528076172,
      1478.771850586,
      1478.805541992,
      1478.801635742,
      1478.784790039,
      1478.765991211,
      1478.750976562,
      1478.737304688,
      1479.028442383,
      1479.014770508,
      1478.980957031,
      1478.963745117,
      1478.942016602,
      1478.92578125,
      1478.904541016,
      1478.883300781,
      1478.870727539,
      1478.860717773,
      1479.01574707,
      1478.975708008,
      1478.953735352,
      1478.927124023,
      1478.885864258,
      1478.852050781,
      1478.825927734,
      1478.785888672,
      1478.752197266,
      1478.722167969,
      1478.951049805,
      1478.920288086,
      1478.885375977,
      1478.838989258,
      1478.777832031,
      1478.697875977,
      1478.647827148,
      1478.532836914,
      1478.435424805,
      1478.406738281,
      1478.795532227,
      1478.836791992,
      1478.948120117,
      1479.010498047,
      1479.009277344,
      1479.039306641,
      1479.141723633,
      1479.271484375,
      1479.348999023,
      1479.361450195,
      1479.432739258,
      1479.415283203,
      1479.358886719,
      1479.373901367,
      1479.381469727,
      1479.39074707,
      1479.393920898,
      1479.360229492,
      1479.367675781,
      1479.403930664,
      1479.510131836,
      1479.563964844,
      1479.822631836,
      1480.489990234,
      1481.236572266,
      1481.611572266,
      1481.694091797,
      1481.711669922,
      1481.704101562,
      1481.940307617,
      1481.931640625,
      1481.914794922,
      1481.897705078,
      1481.893920898,
      1481.874023438,
      1481.842773438,
      1481.822753906,
      1481.805297852,
      1482.0078125,
      1482.002075195,
      1481.986083984,
      1481.987304688,
      1481.979858398,
      1481.981079102,
      1481.981079102,
      1481.969848633,
      1481.969848633,
      1482.084838867,
      1482.073608398,
      1482.069824219,
      1482.05859375,
      1482.05859375,
      1482.048583984,
      1482.041137695,
      1482.039794922,
      1482.024780273,
      1482.018432617,
      1482.112915039,
      1482.096679688,
      1482.089233398,
      1482.076660156,
      1482.069213867,
      1482.056640625,
      1482.047851562,
      1482.031982422,
      1482.027954102,
      1482.125244141,
      1482.110229492,
      1482.105224609,
      1482.086425781,
      1482.07019043,
      1482.057739258,
      1482.114624023,
      1482.315551758,
      1482.490600586,
      1482.540527344,
      1482.631225586,
      1482.627441406,
      1482.627441406,
      1482.622436523,
      1482.612426758,
      1482.600708008,
      1482.583374023,
      1482.578369141,
      1482.574707031,
      1482.588378906,
      1482.754394531,
      1482.839477539,
      1482.930664062,
      1483.006347656,
      1483.065429688,
      1483.097900391,
      1483.119140625,
      1483.124145508,
      1483.124145508,
      1483.200317383,
      1483.19909668,
      1483.197875977,
      1483.194335938,
      1483.19934082,
      1483.214233398,
      1483.215576172,
      1483.219238281,
      1483.218017578,
      1483.208007812,
      1483.248046875,
      1483.229003906,
      1483.346557617,
      1483.53527832,
      1483.990234375,
      1484.44519043,
      1484.56640625,
      1484.481445312,
      1484.342285156,
      1484.798706055,
      1484.728271484,
      1484.700805664,
      1484.719604492,
      1484.779541016,
      1484.834472656,
      1484.869506836,
      1484.910766602,
      1484.936035156,
      1484.951904297,
      1484.948120117,
      1485.095703125,
      1485.086914062,
      1485.074462891,
      1485.070678711,
      1485.059448242,
      1485.053588867,
      1485.049194336,
      1485.037841797,
      1485.032958984,
      1485.014282227,
      1484.999267578,
      1485.122924805,
      1485.107910156,
      1485.10559082,
      1485.09375,
      1485.078735352,
      1485.078735352,
      1485.077392578,
      1485.073730469,
      1485.069946289,
      1485.057373047,
      1485.052612305,
      1485.044677734,
      1485.034667969,
      1485.025878906,
      1485.009643555,
      1484.985961914,
      1484.9609375,
      1484.928466797,
      1484.859619141,
      1484.758178711,
      1484.524780273,
      1484.017211914,
      1482.378540039,
      1480.306030273,
      1480.789794922,
      1482.389770508,
      1484.224853516,
      1484.917114258,
      1485.058349609,
      1485.08581543,
      1485.108276367,
      1485.135742188,
      1485.153320312,
      1485.160766602,
      1485.083251953,
      1485.162353516,
      1485.336914062,
      1485.54309082,
      1485.758178711,
      1485.936767578,
      1486.098144531,
      1486.26184082,
      1486.351806641,
      1486.486938477,
      1486.597412109,
      1486.681152344,
      1486.728637695,
      1486.733642578,
      1486.817382812,
      1486.882446289,
      1486.942382812,
      1487.013671875,
      1487.044433594,
      1487.141357422,
      1487.255126953,
      1487.37878418,
      1487.491333008,
      1487.682617188,
      1487.840087891,
      1487.908813477,
      1487.879882812,
      1487.916748047,
      1488.001708984,
      1488.049194336,
      1488.052612305,
      1488.122680664,
      1488.217651367,
      1488.259277344,
      1488.286254883,
      1488.277099609,
      1488.287109375,
      1488.287109375,
      1488.282104492,
      1488.277099609,
      1488.277099609,
      1488.287109375,
      1488.287109375,
      1488.288818359,
      1488.286865234,
      1488.280517578,
      1488.285522461,
      1488.284301758,
      1488.273071289,
      1488.279296875,
      1488.268066406,
      1488.27355957,
      1488.268798828,
      1488.28503418,
      1488.28125,
      1488.288818359,
      1488.280029297,
      1488.262573242,
      1488.28125,
      1488.266601562,
      1488.281494141,
      1488.261474609,
      1488.267822266,
      1488.260375977,
      1488.286499023,
      1488.275268555,
      1488.278320312,
      1488.281982422,
      1488.273071289,
      1488.290893555,
      1488.270996094,
      1488.2734375,
      1488.250854492,
      1488.285888672,
      1488.277099609,
      1488.285888672,
      1488.265014648,
      1488.278564453,
      1488.258666992,
      1488.393676758,
      1488.903564453,
      1489.258666992,
      1489.188598633,
      1489.206054688,
      1489.092407227,
      1489.116455078,
      1489.022827148,
      1489.07409668,
      1489.0078125,
      1489.082763672,
      1489.032836914,
      1489.127807617,
      1489.052734375,
      1489.172241211,
      1489.165771484,
      1489.305786133,
      1489.310791016,
      1489.310791016,
      1489.450805664,
      1489.443359375,
      1489.563354492,
      1489.560302734,
      1489.609375,
      1489.586425781,
      1489.688964844,
      1489.640258789,
      1489.703979492,
      1489.637695312,
      1489.567626953,
      1489.585205078,
      1489.495605469,
      1489.502807617,
      1489.4140625,
      1489.399047852,
      1489.276489258,
      1489.2890625,
      1489.187744141,
      1489.215332031,
      1489.166381836,
      1489.116088867,
      1489.147460938,
      1489.067382812,
      1489.068725586,
      1488.967529297,
      1488.967529297,
      1488.863647461,
      1488.877319336,
      1488.797851562,
      1488.858886719,
      1488.814331055,
      1488.829223633,
      1488.69934082,
      1488.66809082,
      1488.55065918,
      1488.593139648,
      1488.666870117,
      1488.991088867,
      1488.064819336,
      1486.337280273,
      1486.52722168,
      1486.83605957,
      1487.699707031,
      1487.833496094,
      1487.533569336,
      1487.472290039,
      1487.60534668,
      1487.804199219,
      1488.002929688,
      1488.235473633,
      1488.461669922,
      1488.705444336,
      1488.791748047,
      1489.01550293,
      1489.198608398,
      1489.305053711,
      1489.408203125,
      1489.579345703,
      1489.736328125,
      1489.922607422,
      1490.015380859,
      1490.170288086,
      1490.221069336,
      1490.28112793,
      1490.303833008,
      1490.361328125,
      1490.328857422,
      1490.37512207,
      1490.307617188,
      1490.245117188,
      1490.28137207,
      1490.226318359,
      1490.239746094,
      1490.205078125,
      1490.251342773,
      1490.258911133,
      1490.346435547,
      1490.462646484,
      1490.720092773,
      1491.107666016,
      1491.337158203,
      1491.375610352,
      1491.305541992,
      1491.346801758,
      1491.320556641,
      1491.370605469,
      1491.335571289,
      1491.365600586,
      1491.348144531,
      1491.377441406,
      1491.372314453,
      1491.388671875,
      1491.355224609,
      1491.348999023,
      1491.44519043,
      1491.397705078,
      1491.462646484,
      1491.410644531,
      1491.508666992,
      1491.574829102,
      1491.794799805,
      1491.794799805,
      1492.029785156,
      1492.136108398,
      1492.30859375,
      1492.368652344,
      1492.421508789,
      1492.524047852,
      1492.509033203,
      1492.635375977,
      1492.640380859,
      1492.764160156,
      1492.965332031,
      1493.616577148,
      1494.287109375,
      1494.534912109,
      1494.559936523,
      1494.547363281,
      1494.544677734,
      1494.549682617,
      1494.558105469,
      1494.538085938,
      1494.494140625,
      1494.469604492,
      1494.487182617,
      1494.514770508,
      1494.502197266,
      1494.52722168,
      1494.5234375,
      1494.529785156,
      1494.517211914,
      1494.559204102,
      1494.637451172,
      1494.796264648,
      1494.881225586,
      1494.896240234,
      1494.949951172,
      1494.954956055,
      1495.041259766,
      1495.075561523,
      1495.051513672,
      1495.155761719,
      1495.187011719,
      1495.32824707,
      1495.392089844,
      1495.51574707,
      1495.592041016,
      1495.746948242,
      1495.886108398,
      1496.102172852,
      1496.18371582,
      1496.469848633,
      1496.78503418,
      1497.141235352,
      1497.400024414,
      1497.491210938,
      1497.495239258,
      1497.489501953,
      1497.499511719,
      1497.489501953,
      1497.490722656,
      1497.478271484,
      1497.49206543,
      1497.493286133,
      1497.484619141,
      1497.501220703,
      1497.568115234,
      1497.681884766,
      1497.780639648,
      1497.718139648,
      1497.67565918,
      1497.76940918,
      1497.783081055,
      1497.988769531,
      1498.064331055,
      1498.275512695,
      1498.339355469,
      1498.490600586,
      1498.55065918,
      1498.447021484,
      1498.439575195,
      1498.377441406,
      1498.382446289,
      1498.393798828,
      1498.513793945,
      1498.641357422,
      1498.807495117,
      1499.028808594,
      1499.421386719,
      1499.811401367,
      1500.191772461,
      1500.342773438,
      1500.542724609,
      1500.591552734,
      1500.626586914,
      1500.690307617,
      1500.742797852,
      1500.790283203,
      1500.786499023,
      1500.845336914,
      1500.795288086,
      1500.799072266,
      1500.770385742,
      1500.797851562,
      1500.879150391,
      1500.861694336,
      1500.930297852,
      1500.893432617,
      1500.957397461,
      1500.901123047,
      1500.973754883,
      1501.022460938,
      1500.952514648,
      1501.008789062,
      1500.90246582,
      1500.986083984,
      1500.920166016,
      1500.998901367,
      1501.048828125,
      1501.293823242,
      1501.522583008,
      1501.668212891,
      1501.850585938,
      1501.929321289,
      1502.050537109,
      1502.10559082,
      1502.16809082,
      1502.319335938,
      1502.44934082,
      1502.66809082,
      1502.871826172,
      1503.174316406,
      1503.428833008,
      1503.602050781,
      1503.723388672,
      1503.847045898,
      1503.918334961,
      1503.902099609,
      1503.922119141,
      1503.958374023,
      1503.92175293,
      1503.96081543,
      1503.930908203,
      1503.970825195,
      1503.940795898,
      1503.980834961,
      1504.020874023,
      1503.990966797,
      1504.032470703,
      1503.985839844,
      1504.038696289,
      1504.002441406,
      1504.042480469,
      1504.09375,
      1504.075561523,
      1504.123046875,
      1504.087890625,
      1504.130615234,
      1504.087768555,
      1504.157836914,
      1504.207763672,
      1504.137817383,
      1504.177856445,
      1504.13659668,
      1504.189086914,
      1504.23828125,
      1504.215820312,
      1504.259643555,
      1504.209594727,
      1504.249511719,
      1504.198242188,
      1504.235839844,
      1504.258300781,
      1504.229614258,
      1504.280029297,
      1504.23059082,
      1504.251831055,
      1504.201782227,
      1504.241821289,
      1504.296875,
      1504.231811523,
      1504.228149414,
      1504.185668945,
      1504.225219727,
      1504.246459961,
      1504.22644043,
      1504.255249023,
      1504.234008789,
      1504.301391602,
      1504.34387207,
      1504.440063477,
      1504.528320312,
      1504.495849609,
      1504.568237305,
      1504.558105469,
      1504.651855469,
      1504.564331055,
      1504.695678711,
      1504.681884766,
      1504.767089844,
      1504.85168457,
      1504.860473633,
      1504.98425293,
      1505.019287109,
      1505.211791992,
      1505.425537109,
      1505.883056641,
      1506.12109375,
      1506.519165039,
      1506.694213867,
      1506.687866211,
      1506.694213867,
      1506.710449219,
      1506.709228516,
      1506.701660156,
      1506.689208984,
      1506.682861328,
      1506.685424805,
      1506.685424805,
      1506.679199219,
      1506.684204102,
      1506.674194336,
      1506.670410156,
      1506.666625977,
      1506.673339844,
      1506.676025391,
      1506.664794922,
      1506.661010742,
      1506.661010742,
      1506.657836914,
      1506.655273438,
      1506.650146484,
      1506.65234375,
      1506.655151367,
      1506.634887695,
      1506.628662109,
      1506.667480469,
      1506.744873047,
      1506.753662109,
      1506.851196289,
      1506.858398438,
      1506.926025391,
      1506.973510742,
      1506.927246094,
      1507.026000977,
      1507.111083984,
      1507.302246094,
      1507.281005859,
      1507.237304688,
      1507.172241211,
      1507.003051758,
      1506.970458984,
      1506.864257812,
      1506.880493164,
      1506.920532227,
      1506.851806641,
      1506.895507812,
      1506.827270508,
      1506.876220703,
      1506.8125,
      1506.863769531,
      1506.877441406,
      1506.802368164,
      1506.842407227,
      1506.779907227,
      1506.774902344,
      1506.719726562,
      1506.818603516,
      1506.924804688,
      1506.950439453,
      1507.019165039,
      1507.052612305,
      1506.885131836,
      1506.978881836,
      1507.005004883,
      1506.895385742,
      1507.057861328,
      1506.961669922,
      1506.937988281,
      1506.892944336,
      1506.847900391,
      1506.837890625,
      1506.834960938,
      1506.891235352,
      1506.858642578,
      1506.829833984,
      1506.809814453,
      1506.848632812,
      1506.876220703,
      1506.886108398,
      1506.859863281,
      1506.830932617,
      1506.826293945,
      1506.846313477,
      1506.858764648,
      1506.858764648,
      1506.822509766,
      1506.802612305,
      1504.898803711,
      1503.341918945,
      1503.989135742,
      1505.866699219,
      1507.617919922,
      1509.960449219,
      1510.174194336,
      1510.045288086,
      1509.961547852,
      1509.954956055,
      1509.920898438,
      1509.864990234,
      1509.849975586,
      1509.819946289,
      1509.869995117,
      1509.869995117,
      1509.844970703,
      1509.844970703,
      1509.809936523,
      1509.798706055,
      1509.800537109,
      1509.796142578,
      1509.831054688,
      1509.907348633,
      1509.939941406,
      1510.042358398,
      1509.958618164,
      1510.032348633,
      1510.10168457,
      1510.066894531,
      1510.131958008,
      1510.103149414,
      1510.171875,
      1510.151977539,
      1510.231933594,
      1510.315673828,
      1510.302856445,
      1510.365844727,
      1510.295898438,
      1510.359619141,
      1510.432128906,
      1510.410888672,
      1510.502075195,
      1510.472045898,
      1510.55456543,
      1510.544433594,
      1510.686157227,
      1510.86730957,
      1511.127563477,
      1511.703857422,
      1511.938964844,
      1512.553955078,
      1512.75769043,
      1512.766845703,
      1512.753051758,
      1512.750488281,
      1512.743041992,
      1512.745483398,
      1512.753051758,
      1512.749267578,
      1512.743041992,
      1512.739990234,
      1512.733886719,
      1512.727050781,
      1512.749633789,
      1512.83215332,
      1512.923339844,
      1512.885864258,
      1512.922119141,
      1512.870849609,
      1512.916259766,
      1512.882202148,
      1512.908447266,
      1512.924682617,
      1512.874633789,
      1512.918457031,
      1512.879760742,
      1512.927246094,
      1512.902099609,
      1512.997070312,
      1513.194580078,
      1513.448364258,
      1513.83203125,
      1514.233520508,
      1514.678588867,
      1514.88659668,
      1515.337890625,
      1515.698486328,
      1515.768676758,
      1515.786132812,
      1515.774902344,
      1515.813598633,
      1515.832397461,
      1515.868652344,
      1515.908569336,
      1515.853881836,
      1515.876953125,
      1515.838256836,
      1515.880737305,
      1515.816894531,
      1515.861938477,
      1515.915649414,
      1515.858154297,
      1515.901123047,
      1515.856079102,
      1515.888549805,
      1515.829833984,
      1515.873535156,
      1515.893554688,
      1515.858520508,
      1515.892211914,
      1515.799804688,
      1515.803466797,
      1515.772583008,
      1515.775146484,
      1515.782592773,
      1515.773803711,
      1515.790039062,
      1515.775146484,
      1515.783813477,
      1515.829711914,
      1516.029541016,
      1516.279663086,
      1516.465209961,
      1516.583984375,
      1516.561767578,
      1516.641845703,
      1516.621704102,
      1516.711914062,
      1516.855957031,
      1516.826049805,
      1516.880981445,
      1516.80480957,
      1516.912231445,
      1516.774780273,
      1516.823486328,
      1516.878540039,
      1516.702636719,
      1516.742431641,
      1516.578613281,
      1516.622436523,
      1516.446166992,
      1516.46862793,
      1516.511230469,
      1516.327392578,
      1516.348510742,
      1516.371704102,
      1516.201660156,
      1516.227905273,
      1516.266723633,
      1516.106689453,
      1516.125366211,
      1516.141723633,
      1515.992553711,
      1516.013793945,
      1516.030151367,
      1516.040161133,
      1515.930053711,
      1515.950073242,
      1515.981323242,
      1516.083740234,
      1516.208740234,
      1516.217895508,
      1516.277587891,
      1516.28515625,
      1516.265136719,
      1516.228881836,
      1516.188842773,
      1516.148925781,
      1516.068969727,
      1516.04296875,
      1516.007202148,
      1515.993408203,
      1515.980834961,
      1515.978393555,
      1515.982177734,
      1515.957519531,
      1515.977539062,
      1516.018188477,
      1516.131225586,
      1516.290039062,
      1516.5,
      1516.739990234,
      1516.923339844,
      1517.142089844,
      1517.342163086,
      1517.487792969,
      1517.601074219,
      1517.651123047,
      1517.709838867,
      1517.706054688,
      1517.751098633,
      1517.787353516,
      1517.826049805,
      1517.854858398,
      1517.894775391,
      1517.936157227,
      1517.926147461,
      1517.954833984,
      1517.976074219,
      1517.99609375,
      1518.02734375,
      1518.054931641,
      1518.087768555,
      1518.072998047,
      1518.088012695,
      1518.111816406,
      1518.135498047,
      1518.166748047,
      1518.186767578,
      1518.211791992,
      1518.209716797,
      1518.244628906,
      1518.289672852,
      1518.344726562,
      1518.432128906,
      1518.543457031,
      1518.699707031,
      1518.807250977,
      1518.831176758,
      1518.82434082,
      1518.82434082,
      1518.82434082,
      1518.82434082,
      1518.819335938,
      1518.819335938,
      1518.819335938,
      1518.823120117,
      1518.823242188,
      1518.822875977,
      1518.822875977,
      1518.822875977,
      1518.822875977,
      1518.822875977,
      1518.830444336,
      1518.892822266,
      1518.974975586,
      1519.089477539,
      1519.236938477,
      1519.396972656,
      1519.603149414,
      1519.816894531,
      1520.038208008,
      1520.248168945,
      1520.446044922,
      1520.543701172,
      1520.684936523,
      1520.803710938,
      1520.891235352,
      1520.981201172,
      1521.052490234,
      1521.108764648,
      1521.109985352,
      1521.166625977,
      1521.204101562,
      1521.267822266,
      1521.327758789,
      1521.376586914,
      1521.444091797,
      1521.457763672,
      1521.487792969,
      1521.510009766,
      1521.530761719,
      1521.535766602,
      1521.55078125,
      1521.555786133,
      1521.514526367,
      1521.51574707,
      1521.530761719,
      1521.548706055,
      1521.567993164,
      1521.572998047,
      1521.576782227,
      1521.541748047,
      1521.553100586,
      1521.553100586,
      1521.554321289,
      1521.561157227,
      1521.571777344,
      1521.536376953,
      1521.552612305,
      1521.561401367,
      1521.583984375,
      1521.622680664,
      1521.702636719,
      1521.817016602,
      1521.878662109,
      1521.876220703,
      1521.87487793,
      1521.87487793,
      1521.87487793,
      1521.87487793,
      1521.875366211,
      1521.875366211,
      1521.875,
      1521.87487793,
      1521.863647461,
      1521.859863281,
      1521.859863281,
      1521.869873047,
      1521.869873047,
      1521.873657227,
      1521.871459961,
      1521.870239258,
      1521.869018555,
      1521.885253906,
      1522.130249023,
      1522.470214844,
      1522.885131836,
      1523.168945312,
      1523.44921875,
      1523.661010742,
      1523.789794922,
      1523.799682617,
      1523.87097168,
      1523.928466797,
      1523.972167969,
      1523.99597168,
      1524.01159668,
      1524.02355957,
      1523.979736328,
      1524.018432617,
      1524.047241211,
      1524.068481445,
      1524.088500977,
      1524.093505859,
      1524.108520508,
      1524.069335938,
      1524.08972168,
      1524.124633789,
      1524.17590332,
      1524.219726562,
      1524.270874023,
      1524.299682617,
      1524.313476562,
      1524.373535156,
      1524.417236328,
      1524.526000977,
      1524.664794922,
      1524.862304688,
      1524.914794922,
      1524.914794922,
      1524.914794922,
      1524.917236328,
      1524.920898438,
      1524.908447266,
      1524.912231445,
      1524.993408203,
      1525.223388672,
      1525.318359375,
      1525.349609375,
      1525.376464844,
      1525.426757812,
      1525.456787109,
      1525.535522461,
      1525.631835938,
      1525.553100586,
      1525.576782227,
      1525.611816406,
      1525.666748047,
      1525.76184082,
      1525.908569336,
      1526.128540039,
      1526.323486328,
      1526.577148438,
      1526.783569336,
      1526.927246094,
      1527.033447266,
      1527.119995117,
      1527.126708984,
      1527.190551758,
      1527.220458984,
      1527.254272461,
      1527.335571289,
      1527.430541992,
      1527.506713867,
      1527.575561523,
      1527.605224609,
      1527.639404297,
      1527.655639648,
      1527.663208008,
      1527.679443359,
      1527.695678711,
      1527.699462891,
      1527.674438477,
      1527.688964844,
      1527.696289062,
      1527.713745117,
      1527.763671875,
      1527.841186523,
      1527.945800781,
      1527.958251953,
      1527.954589844,
      1527.954589844,
      1527.962036133,
      1527.95324707,
      1527.949584961,
      1527.95703125,
      1527.95703125,
      1527.95703125,
      1527.95703125,
      1527.95703125,
      1527.953735352,
      1527.953857422,
      1527.956787109,
      1527.960449219,
      1527.999267578,
      1528.071655273,
      1528.213012695,
      1528.557983398,
      1529.01953125,
      1529.494262695,
      1529.940551758,
      1530.200439453,
      1530.363037109,
      1530.468017578,
      1530.595581055,
      1530.696777344,
      1530.883300781,
      1530.975341797,
      1530.985351562,
      1530.997802734,
      1531.011474609,
      1531.015258789,
      1531.014038086,
      1531.010253906,
      1531.036499023,
      1531.142944336,
      1531.295532227,
      1531.478027344,
      1531.544311523,
      1531.468017578,
      1531.520507812,
      1531.565551758,
      1531.599243164,
      1531.646728516,
      1531.794677734,
      1531.893554688,
      1531.919799805,
      1532.494750977,
      1533.529785156,
      1534.232299805,
      1534.138549805,
      1534.119750977,
      1534.140869141,
      1534.190429688,
      1534.29675293,
      1534.301635742,
      1534.251708984,
      1534.23046875,
      1534.249267578,
      1534.264160156,
      1534.275390625,
      1534.232788086,
      1534.238891602,
      1534.255249023,
      1534.256469727,
      1534.255249023,
      1534.255249023,
      1534.270141602,
      1534.278930664,
      1534.278564453,
      1534.29309082,
      1534.298095703,
      1534.301757812,
      1534.314208984,
      1534.369262695,
      1534.376831055,
      1534.404296875,
      1534.409545898,
      1534.409545898,
      1534.453369141,
      1534.452148438,
      1534.444580078,
      1534.433349609,
      1534.433349609,
      1534.434570312,
      1534.487670898,
      1534.480712891,
      1534.464477539,
      1534.45690918,
      1534.440673828,
      1534.46081543,
      1534.440795898,
      1534.420776367,
      1534.395629883,
      1534.375488281,
      1534.375366211,
      1534.301635742,
      1534.171630859,
      1534.090454102,
      1534.071655273,
      1534.049194336,
      1534.045410156,
      1534.057006836,
      1534.060913086,
      1534.060913086,
      1534.060913086,
      1534.060913086,
      1534.060913086,
      1534.060913086,
      1534.060913086,
      1534.057983398,
      1534.055908203,
      1534.055908203,
      1534.055908203,
      1534.055908203,
      1534.05065918,
      1534.05065918,
      1534.05065918,
      1534.053222656,
      1534.060791016,
      1534.065307617,
      1534.06652832,
      1534.0703125,
      1534.07409668,
      1534.085327148,
      1534.095336914,
      1534.095336914,
      1534.089111328,
      1534.090820312,
      1534.103271484,
      1534.118286133,
      1534.14453125,
      1534.208251953,
      1534.328369141,
      1534.465820312,
      1534.674926758,
      1534.915039062,
      1535.142578125,
      1535.332519531,
      1535.537475586,
      1535.678710938,
      1535.742553711,
      1535.857543945,
      1535.952758789,
      1536.069702148,
      1536.133544922,
      1536.193481445,
      1536.254760742,
      1536.318481445,
      1536.378540039,
      1536.468505859,
      1536.560180664,
      1536.631469727,
      1536.711425781,
      1536.768920898,
      1536.843994141,
      1536.871337891,
      1536.873901367,
      1536.87512207,
      1536.87890625,
      1536.920043945,
      1536.936767578,
      1536.994262695,
      1537.067993164,
      1537.10168457,
      1537.106689453,
      1537.106689453,
      1537.106689453,
      1537.106933594,
      1537.106933594,
      1537.106933594,
      1537.106933594,
      1537.106933594,
      1537.118164062,
      1537.166992188,
      1537.169433594,
      1537.286621094,
      1537.404296875,
      1537.440429688,
      1537.429199219,
      1537.497924805,
      1537.496704102,
      1537.520507812,
      1537.550537109,
      1537.694702148,
      1537.771118164,
      1537.852294922,
      1537.948486328,
      1538.079833984,
      1538.169921875,
      1538.272460938,
      1538.473999023,
      1538.565185547,
      1538.66796875,
      1538.835571289,
      1538.915649414,
      1539.044433594,
      1539.109375,
      1539.215576172
    ],
    "elevation_meta": {
      "source": "USGS 3DEP (getSamples + EPQS)",
      "vertical_units": "m",
      "datum": "NAVD88 (3DEP native)",
      "n": 2199,
      "n_filled": 2199,
      "n_missing": 0,
      "n_batch": 2199,
      "n_epqs_fallback": 0,
      "method": "batch"
    }
  }
}