{
  "type": "Feature",
  "geometry": {
    "type": "LineString",
    "coordinates": [
      [
        -104.598541,
        38.2628839,
        1424.284179688
      ],
      [
        -104.59844886915937,
        38.26283046960185,
        1424.330444336
      ],
      [
        -104.59835673831873,
        38.26277703920371,
        1424.274291992
      ],
      [
        -104.5982646074781,
        38.262723608805565,
        1424.225219727
      ],
      [
        -104.59817247663746,
        38.262670178407426,
        1424.237792969
      ],
      [
        -104.59808034579683,
        38.26261674800928,
        1424.231567383
      ],
      [
        -104.59798673374776,
        38.26256496340311,
        1424.092773438
      ],
      [
        -104.59789183401482,
        38.26251460956098,
        1424.236450195
      ],
      [
        -104.59779365516648,
        38.26246839868485,
        1423.979003906
      ],
      [
        -104.59769413606357,
        38.26242388114014,
        1423.07409668
      ],
      [
        -104.59759277454947,
        38.26238203030867,
        1421.548095703
      ],
      [
        -104.59749079641638,
        38.26234113932464,
        1419.814941406
      ],
      [
        -104.59738301265756,
        38.26231071691916,
        1418.333618164
      ],
      [
        -104.59727490514672,
        38.26228107297246,
        1417.447387695
      ],
      [
        -104.5971650282322,
        38.26225568354062,
        1417.352416992
      ],
      [
        -104.59705515131768,
        38.26223029410878,
        1417.27746582
      ],
      [
        -104.59694527440315,
        38.26220490467694,
        1417.252441406
      ],
      [
        -104.59683539748862,
        38.262179515245094,
        1417.222290039
      ],
      [
        -104.59680850000451,
        38.262173300001045,
        1417.212280273
      ],
      [
        -104.5967233223821,
        38.26216147835236,
        1417.202392578
      ],
      [
        -104.59661053425977,
        38.26214582690035,
        1417.15612793
      ],
      [
        -104.59649773549806,
        38.26213022294226,
        1417.122314453
      ],
      [
        -104.59638366078056,
        38.26212445071595,
        1417.092407227
      ],
      [
        -104.59626917201511,
        38.2621218688888,
        1417.068603516
      ],
      [
        -104.59615468324967,
        38.262119287061644,
        1417.024047852
      ],
      [
        -104.59604023154145,
        38.26211807718876,
        1417.023071289
      ],
      [
        -104.595925985136,
        38.262124468153566,
        1417.10925293
      ],
      [
        -104.59581173873056,
        38.262130859118365,
        1417.192993164
      ],
      [
        -104.59569749232512,
        38.26213725008317,
        1417.415527344
      ],
      [
        -104.59558553463044,
        38.26215619125578,
        1417.596801758
      ],
      [
        -104.59547359495254,
        38.26217523122383,
        1417.945556641
      ],
      [
        -104.59536165527463,
        38.26219427119187,
        1420.329345703
      ],
      [
        -104.59524979951323,
        38.26221361295484,
        1421.165527344
      ],
      [
        -104.59513795719394,
        38.26223300306058,
        1422.85925293
      ],
      [
        -104.59502611487464,
        38.262252393166314,
        1422.633056641
      ],
      [
        -104.59491427255534,
        38.262271783272055,
        1422.276855469
      ],
      [
        -104.59480243023604,
        38.26229117337779,
        1423.266845703
      ],
      [
        -104.59469058791674,
        38.26231056348353,
        1422.915527344
      ],
      [
        -104.59457874559745,
        38.262329953589266,
        1423.877441406
      ],
      [
        -104.59446690327816,
        38.26234934369501,
        1423.686157227
      ],
      [
        -104.59440140000544,
        38.26236069999906,
        1423.831176758
      ],
      [
        -104.59435503539852,
        38.26236864259101,
        1424.362426758
      ],
      [
        -104.59424313138767,
        38.26238781255605,
        1424.168701172
      ],
      [
        -104.59418950000287,
        38.26239699999951,
        1423.96862793
      ],
      [
        -104.59413082381286,
        38.26240539984867,
        1423.68371582
      ],
      [
        -104.5940181448167,
        38.26242153052385,
        1424.151123047
      ],
      [
        -104.59390546582054,
        38.26243766119903,
        1423.800048828
      ],
      [
        -104.59379278682438,
        38.262453791874215,
        1423.170166016
      ],
      [
        -104.5936801078282,
        38.26246992254939,
        1423.921386719
      ],
      [
        -104.59356742883205,
        38.26248605322458,
        1422.647705078
      ],
      [
        -104.59345535780335,
        38.262504503540036,
        1421.727661133
      ],
      [
        -104.59334377056814,
        38.2625247799866,
        1421.710205078
      ],
      [
        -104.59323224950643,
        38.262545280935136,
        1421.278930664
      ],
      [
        -104.5931207284447,
        38.26256578188367,
        1421.327880859
      ],
      [
        -104.59300920738299,
        38.26258628283221,
        1421.225830078
      ],
      [
        -104.59289768632127,
        38.26260678378075,
        1421.220825195
      ],
      [
        -104.59278616525955,
        38.262627284729284,
        1421.224609375
      ],
      [
        -104.59267464419783,
        38.26264778567783,
        1421.227050781
      ],
      [
        -104.59256312313612,
        38.262668286626365,
        1421.223388672
      ],
      [
        -104.59245160207439,
        38.2626887875749,
        1421.219116211
      ],
      [
        -104.59234008101268,
        38.26270928852344,
        1421.225097656
      ],
      [
        -104.59222855995097,
        38.262729789471976,
        1421.221313477
      ],
      [
        -104.59211634304702,
        38.26274770605017,
        1421.238037109
      ],
      [
        -104.59200381231736,
        38.262764464618215,
        1421.211791992
      ],
      [
        -104.59189129714578,
        38.262781287742264,
        1421.103027344
      ],
      [
        -104.5917787819742,
        38.26279811086631,
        1421.120117188
      ],
      [
        -104.59166626680262,
        38.26281493399037,
        1421.192016602
      ],
      [
        -104.59159559999516,
        38.26282550000082,
        1421.207275391
      ],
      [
        -104.59155396553044,
        38.26283258284775,
        1421.244995117
      ],
      [
        -104.59144202545717,
        38.26285162607092,
        1421.25
      ],
      [
        -104.59133008538392,
        38.262870669294095,
        1421.261230469
      ],
      [
        -104.59121814531065,
        38.26288971251727,
        1421.391235352
      ],
      [
        -104.5911062052374,
        38.26290875574045,
        1421.515014648
      ],
      [
        -104.59099426516413,
        38.262927798963624,
        1421.84753418
      ],
      [
        -104.59088232509087,
        38.26294684218679,
        1422.405761719
      ],
      [
        -104.59077038501762,
        38.26296588540997,
        1422.871948242
      ],
      [
        -104.59065844494435,
        38.262984928633145,
        1423.393188477
      ],
      [
        -104.5905465048711,
        38.26300397185632,
        1423.659423828
      ],
      [
        -104.59043456479783,
        38.2630230150795,
        1423.786987305
      ],
      [
        -104.59032262472458,
        38.263042058302666,
        1423.855712891
      ],
      [
        -104.59021068465131,
        38.26306110152584,
        1423.986328125
      ],
      [
        -104.59009874457806,
        38.26308014474902,
        1424.061767578
      ],
      [
        -104.58998680450479,
        38.263099187972195,
        1424.126831055
      ],
      [
        -104.58987486443154,
        38.26311823119537,
        1423.723144531
      ],
      [
        -104.58976292435828,
        38.26313727441854,
        1423.595581055
      ],
      [
        -104.58965098428502,
        38.263156317641716,
        1422.951782227
      ],
      [
        -104.58953904421176,
        38.26317536086489,
        1423.326904297
      ],
      [
        -104.58946710000205,
        38.263187599999654,
        1423.625610352
      ],
      [
        -104.58942719510031,
        38.26319472637943,
        1424.013061523
      ],
      [
        -104.58931550961017,
        38.26321467162891,
        1423.070556641
      ],
      [
        -104.58920382412005,
        38.263234616878385,
        1424.17175293
      ],
      [
        -104.58909213862992,
        38.26325456212786,
        1422.869262695
      ],
      [
        -104.58898045313978,
        38.26327450737734,
        1423.368041992
      ],
      [
        -104.58886876764966,
        38.263294452626816,
        1422.675537109
      ],
      [
        -104.58875708215953,
        38.26331439787629,
        1423.403320312
      ],
      [
        -104.5886453966694,
        38.26333434312576,
        1424.120483398
      ],
      [
        -104.58853371117927,
        38.26335428837524,
        1422.76184082
      ],
      [
        -104.58842202568914,
        38.26337423362472,
        1423.485473633
      ],
      [
        -104.58831034019902,
        38.263394178874194,
        1422.723022461
      ],
      [
        -104.58819865470888,
        38.26341412412367,
        1423.375488281
      ],
      [
        -104.58808696921875,
        38.26343406937315,
        1422.591796875
      ],
      [
        -104.58797528372862,
        38.263454014622624,
        1422.772827148
      ],
      [
        -104.5878635982385,
        38.2634739598721,
        1423.582397461
      ],
      [
        -104.58775185289001,
        38.263493692650954,
        1422.698486328
      ],
      [
        -104.58763983623498,
        38.26351246241177,
        1423.256103516
      ],
      [
        -104.58752781957996,
        38.26353123217259,
        1422.448364258
      ],
      [
        -104.58741580292492,
        38.2635500019334,
        1423.078369141
      ],
      [
        -104.5873037862699,
        38.26356877169422,
        1423.634643555
      ],
      [
        -104.58719176961486,
        38.26358754145504,
        1422.674072266
      ],
      [
        -104.58707975295984,
        38.26360631121585,
        1423.235717773
      ],
      [
        -104.5869677363048,
        38.263625080976674,
        1422.513183594
      ],
      [
        -104.58685571964978,
        38.26364385073749,
        1423.150634766
      ],
      [
        -104.58674370299474,
        38.2636626204983,
        1423.66809082
      ],
      [
        -104.58663168633971,
        38.26368139025912,
        1422.585693359
      ],
      [
        -104.58651966968469,
        38.26370016001994,
        1423.202392578
      ],
      [
        -104.58640765302965,
        38.26371892978075,
        1422.558959961
      ],
      [
        -104.58629563637463,
        38.26373769954157,
        1423.1328125
      ],
      [
        -104.58618361971959,
        38.263756469302386,
        1422.470336914
      ],
      [
        -104.58607160306457,
        38.2637752390632,
        1422.710205078
      ],
      [
        -104.58595958640953,
        38.26379400882402,
        1423.180297852
      ],
      [
        -104.5858475697545,
        38.263812778584835,
        1422.611572266
      ],
      [
        -104.58573555309948,
        38.26383154834565,
        1422.900268555
      ],
      [
        -104.58562353644444,
        38.26385031810647,
        1422.356445312
      ],
      [
        -104.58551151978942,
        38.263869087867285,
        1421.966430664
      ],
      [
        -104.58539950313438,
        38.2638878576281,
        1421.286376953
      ],
      [
        -104.58528748647936,
        38.26390662738892,
        1420.120239258
      ],
      [
        -104.58517546982432,
        38.263925397149734,
        1420.408935547
      ],
      [
        -104.5850634531693,
        38.26394416691055,
        1420.259033203
      ],
      [
        -104.58495143651426,
        38.26396293667137,
        1420.526245117
      ],
      [
        -104.58483941985924,
        38.26398170643218,
        1420.893798828
      ],
      [
        -104.58472740320421,
        38.264000476193,
        1420.75
      ],
      [
        -104.58461538654917,
        38.26401924595382,
        1420.895019531
      ],
      [
        -104.58450336989415,
        38.26403801571463,
        1421.161254883
      ],
      [
        -104.58439135323911,
        38.26405678547545,
        1421.132568359
      ],
      [
        -104.58427933658409,
        38.26407555523627,
        1421.127075195
      ],
      [
        -104.58416731992905,
        38.26409432499708,
        1421.075805664
      ],
      [
        -104.58405530327403,
        38.264113094757896,
        1421.143310547
      ],
      [
        -104.583943286619,
        38.26413186451872,
        1421.080810547
      ],
      [
        -104.58383126996397,
        38.26415063427953,
        1420.983276367
      ],
      [
        -104.58371925330894,
        38.264169404040345,
        1420.850830078
      ],
      [
        -104.5836072366539,
        38.264188173801166,
        1420.779541016
      ],
      [
        -104.58349521999888,
        38.26420694356198,
        1420.617675781
      ],
      [
        -104.58338320334384,
        38.264225713322794,
        1420.334594727
      ],
      [
        -104.58327118668882,
        38.264244483083615,
        1419.974609375
      ],
      [
        -104.58315917003378,
        38.26426325284443,
        1419.614624023
      ],
      [
        -104.58304715337876,
        38.264282022605244,
        1419.209716797
      ],
      [
        -104.58293513672373,
        38.264300792366065,
        1418.969726562
      ],
      [
        -104.5828231200687,
        38.26431956212688,
        1418.665527344
      ],
      [
        -104.58271110341367,
        38.26433833188769,
        1418.59765625
      ],
      [
        -104.58259908675863,
        38.264357101648514,
        1418.533935547
      ],
      [
        -104.58248707010361,
        38.26437587140933,
        1418.354003906
      ],
      [
        -104.58237505344857,
        38.26439464117014,
        1418.305175781
      ],
      [
        -104.58226303679355,
        38.26441341093096,
        1418.241455078
      ],
      [
        -104.58215102013853,
        38.26443218069178,
        1418.162719727
      ],
      [
        -104.58203900348349,
        38.26445095045259,
        1418.182128906
      ],
      [
        -104.58192698682846,
        38.26446972021341,
        1418.153564453
      ],
      [
        -104.58181497017343,
        38.26448848997423,
        1418.03112793
      ],
      [
        -104.5817029535184,
        38.26450725973504,
        1418.133666992
      ],
      [
        -104.58159093686336,
        38.26452602949586,
        1418.077270508
      ],
      [
        -104.58147892020834,
        38.264544799256676,
        1418.168579102
      ],
      [
        -104.5813669035533,
        38.26456356901749,
        1418.231079102
      ],
      [
        -104.58125488689828,
        38.26458233877831,
        1418.279174805
      ],
      [
        -104.58114287024326,
        38.264601108539125,
        1418.970458984
      ],
      [
        -104.58103085358822,
        38.26461987829994,
        1418.871704102
      ],
      [
        -104.5809188369332,
        38.26463864806076,
        1419.499267578
      ],
      [
        -104.58080682027816,
        38.264657417821574,
        1419.50793457
      ],
      [
        -104.58069480362313,
        38.26467618758239,
        1418.997924805
      ],
      [
        -104.5805827869681,
        38.26469495734321,
        1419.248901367
      ],
      [
        -104.58047079768292,
        38.264713823268664,
        1416.713012695
      ],
      [
        -104.58035928119689,
        38.26473435038531,
        1414.458007812
      ],
      [
        -104.58026720000477,
        38.26475129999912,
        1414.07421875
      ],
      [
        -104.5802476874812,
        38.264754608576965,
        1414.07421875
      ],
      [
        -104.58013572786416,
        38.264773592646314,
        1416.848022461
      ],
      [
        -104.58002376824712,
        38.26479257671566,
        1418.76171875
      ],
      [
        -104.57991180863009,
        38.264811560785006,
        1418.349243164
      ],
      [
        -104.57979984901304,
        38.264830544854355,
        1418.420898438
      ],
      [
        -104.579687889396,
        38.2648495289237,
        1418.248168945
      ],
      [
        -104.57957592977895,
        38.26486851299305,
        1418.305664062
      ],
      [
        -104.57946397016192,
        38.2648874970624,
        1418.270629883
      ],
      [
        -104.57935201054488,
        38.26490648113174,
        1418.218139648
      ],
      [
        -104.57924005092784,
        38.26492546520109,
        1418.319458008
      ],
      [
        -104.57912809131079,
        38.26494444927044,
        1418.235107422
      ],
      [
        -104.57901613169376,
        38.26496343333978,
        1418.284301758
      ],
      [
        -104.57890417207672,
        38.26498241740913,
        1418.253051758
      ],
      [
        -104.57879221245967,
        38.26500140147848,
        1418.163085938
      ],
      [
        -104.57868025284263,
        38.26502038554782,
        1418.205566406
      ],
      [
        -104.5785682932256,
        38.26503936961717,
        1418.123046875
      ],
      [
        -104.57845633360856,
        38.26505835368652,
        1418.213745117
      ],
      [
        -104.57834437399151,
        38.26507733775586,
        1418.218139648
      ],
      [
        -104.57823241437447,
        38.26509632182521,
        1418.130249023
      ],
      [
        -104.57812045475744,
        38.26511530589456,
        1418.141479492
      ],
      [
        -104.5780084951404,
        38.2651342899639,
        1418.087768555
      ],
      [
        -104.57789653552335,
        38.26515327403325,
        1418.242675781
      ],
      [
        -104.5777845759063,
        38.2651722581026,
        1418.201538086
      ],
      [
        -104.57767261628928,
        38.265191242171944,
        1418.085327148
      ],
      [
        -104.57756065667223,
        38.265210226241294,
        1418.124023438
      ],
      [
        -104.57744869705519,
        38.265229210310636,
        1418.061157227
      ],
      [
        -104.57733673743816,
        38.265248194379986,
        1418.279907227
      ],
      [
        -104.57722477782112,
        38.265267178449335,
        1418.204956055
      ],
      [
        -104.57711281820407,
        38.26528616251868,
        1418.158569336
      ],
      [
        -104.57700085858703,
        38.26530514658803,
        1418.116088867
      ],
      [
        -104.57688889897,
        38.265324130657376,
        1418.028808594
      ],
      [
        -104.57677693935295,
        38.26534311472672,
        1418.305664062
      ],
      [
        -104.57666497973591,
        38.26536209879607,
        1418.151855469
      ],
      [
        -104.57655302011887,
        38.26538108286542,
        1418.133178711
      ],
      [
        -104.57644106050184,
        38.26540006693476,
        1417.98059082
      ],
      [
        -104.57632910088479,
        38.26541905100411,
        1417.833129883
      ],
      [
        -104.57621714126775,
        38.26543803507346,
        1418.20690918
      ],
      [
        -104.5761051816507,
        38.2654570191428,
        1417.843383789
      ],
      [
        -104.57599559999996,
        38.26547560000001,
        1418.033325195
      ],
      [
        -104.57599322139617,
        38.26547600095708,
        1418.033325195
      ],
      [
        -104.57588123176448,
        38.26549487885281,
        1417.900878906
      ],
      [
        -104.5757692421328,
        38.26551375674855,
        1417.823364258
      ],
      [
        -104.5756572525011,
        38.26553263464428,
        1418.145874023
      ],
      [
        -104.5755452628694,
        38.265551512540014,
        1417.805908203
      ],
      [
        -104.5754332732377,
        38.26557039043575,
        1418.005859375
      ],
      [
        -104.57532128360602,
        38.26558926833148,
        1417.875610352
      ],
      [
        -104.57520929397432,
        38.265608146227216,
        1418.368164062
      ],
      [
        -104.57509730434263,
        38.26562702412295,
        1418.030639648
      ],
      [
        -104.57498531471094,
        38.26564590201868,
        1417.648193359
      ],
      [
        -104.57487332507925,
        38.26566477991442,
        1417.974365234
      ],
      [
        -104.57476133544756,
        38.26568365781015,
        1417.893188477
      ],
      [
        -104.57464934581587,
        38.26570253570589,
        1418.280029297
      ],
      [
        -104.57453735618418,
        38.265721413601625,
        1417.887695312
      ],
      [
        -104.57442536655249,
        38.26574029149736,
        1417.500244141
      ],
      [
        -104.5743133769208,
        38.26575916939309,
        1417.931030273
      ],
      [
        -104.57420138728911,
        38.265778047288826,
        1417.897216797
      ],
      [
        -104.57408939765742,
        38.26579692518456,
        1418.210693359
      ],
      [
        -104.57397740802571,
        38.265815803080294,
        1417.753173828
      ],
      [
        -104.57386541839402,
        38.26583468097603,
        1417.382202148
      ],
      [
        -104.57375342876233,
        38.26585355887176,
        1417.935180664
      ],
      [
        -104.57364143913064,
        38.265872436767495,
        1417.850097656
      ],
      [
        -104.57352944949895,
        38.26589131466323,
        1418.104003906
      ],
      [
        -104.57341745986726,
        38.26591019255897,
        1417.635253906
      ],
      [
        -104.57330623105632,
        38.2659316203079,
        1417.352661133
      ],
      [
        -104.57319522044641,
        38.26595377934685,
        1417.962158203
      ],
      [
        -104.57308420983651,
        38.26597593838581,
        1417.823120117
      ],
      [
        -104.5729731992266,
        38.265998097424756,
        1417.998168945
      ],
      [
        -104.5728621886167,
        38.266020256463705,
        1417.540527344
      ],
      [
        -104.57275117800678,
        38.26604241550265,
        1418.005615234
      ],
      [
        -104.57264016739688,
        38.2660645745416,
        1417.881835938
      ],
      [
        -104.57261949999662,
        38.26606870000077,
        1417.881835938
      ],
      [
        -104.5725299970137,
        38.266089154317584,
        1418.134399414
      ],
      [
        -104.57242001884528,
        38.266114287874316,
        1418.059814453
      ],
      [
        -104.57231004067685,
        38.26613942143105,
        1418.123535156
      ],
      [
        -104.57220095757464,
        38.266166756804,
        1418.167358398
      ],
      [
        -104.57209277121977,
        38.26619629812868,
        1418.082275391
      ],
      [
        -104.57198458486491,
        38.26622583945337,
        1418.128540039
      ],
      [
        -104.5718767121683,
        38.266256048646156,
        1418.036010742
      ],
      [
        -104.57177000108935,
        38.26628873125495,
        1418.115966797
      ],
      [
        -104.57166329001038,
        38.26632141386375,
        1418.136108398
      ],
      [
        -104.57155657893142,
        38.266354096472554,
        1418.173583984
      ],
      [
        -104.57144986785246,
        38.26638677908135,
        1418.109863281
      ],
      [
        -104.5713431567735,
        38.266419461690155,
        1418.087402344
      ],
      [
        -104.57123647210042,
        38.26645219683046,
        1418.151855469
      ],
      [
        -104.57113012915424,
        38.2664856117975,
        1418.088134766
      ],
      [
        -104.57102378620807,
        38.266519026764534,
        1418.024658203
      ],
      [
        -104.57091744326189,
        38.26655244173158,
        1418.126708984
      ],
      [
        -104.57081110031572,
        38.26658585669861,
        1418.147583008
      ],
      [
        -104.57070475736954,
        38.26661927166565,
        1418.030151367
      ],
      [
        -104.57059841442337,
        38.26665268663269,
        1418.106323242
      ],
      [
        -104.57049207147719,
        38.266686101599724,
        1418.111328125
      ],
      [
        -104.57038572853101,
        38.266719516566766,
        1418.157592773
      ],
      [
        -104.57027938558484,
        38.2667529315338,
        1418.09387207
      ],
      [
        -104.57017304263866,
        38.26678634650084,
        1418.010620117
      ],
      [
        -104.57006669969249,
        38.26681976146788,
        1418.140869141
      ],
      [
        -104.56996059999517,
        38.266853100001526,
        1418.095825195
      ],
      [
        -104.56996035686498,
        38.266853176669414,
        1418.095825195
      ],
      [
        -104.56985406579764,
        38.26688669415167,
        1418.009521484
      ],
      [
        -104.56974777473032,
        38.26692021163394,
        1418.200805664
      ],
      [
        -104.56964148366298,
        38.2669537291162,
        1418.192016602
      ],
      [
        -104.56953519259564,
        38.26698724659846,
        1417.813354492
      ],
      [
        -104.56942890152831,
        38.267020764080726,
        1418.272827148
      ],
      [
        -104.56932261046097,
        38.267054281562984,
        1418.166381836
      ],
      [
        -104.56921631939365,
        38.26708779904525,
        1417.821411133
      ],
      [
        -104.5691100339208,
        38.26712132829172,
        1418.345092773
      ],
      [
        -104.56900374912134,
        38.26715485895422,
        1418.138793945
      ],
      [
        -104.56889746432188,
        38.26718838961672,
        1418.348510742
      ],
      [
        -104.56879117952242,
        38.26722192027921,
        1418.258544922
      ],
      [
        -104.56868489472296,
        38.26725545094171,
        1418.037719727
      ],
      [
        -104.5685786099235,
        38.2672889816042,
        1418.326293945
      ],
      [
        -104.56847232512405,
        38.2673225122667,
        1418.241333008
      ],
      [
        -104.56836604032459,
        38.2673560429292,
        1418.095092773
      ],
      [
        -104.56825975552513,
        38.26738957359169,
        1418.307495117
      ],
      [
        -104.56815347072568,
        38.26742310425419,
        1418.213745117
      ],
      [
        -104.56804718592622,
        38.267456634916684,
        1418.181274414
      ],
      [
        -104.56794090112676,
        38.26749016557918,
        1418.243041992
      ],
      [
        -104.56783465456246,
        38.26752377147051,
        1418.206542969
      ],
      [
        -104.56772843387756,
        38.267557428280334,
        1418.227783203
      ],
      [
        -104.56762221319265,
        38.26759108509016,
        1418.2265625
      ],
      [
        -104.56751599250775,
        38.267624741899986,
        1418.220336914
      ],
      [
        -104.56740977182284,
        38.26765839870981,
        1418.156494141
      ],
      [
        -104.56730355113794,
        38.26769205551964,
        1417.837768555
      ],
      [
        -104.56719733045303,
        38.267725712329465,
        1417.415649414
      ],
      [
        -104.56709110976813,
        38.26775936913929,
        1416.579467773
      ],
      [
        -104.56698488908322,
        38.26779302594912,
        1416.212036133
      ],
      [
        -104.56687866839832,
        38.267826682758944,
        1415.911987305
      ],
      [
        -104.5667724477134,
        38.26786033956877,
        1415.76574707
      ],
      [
        -104.5666662270285,
        38.2678939963786,
        1415.634521484
      ],
      [
        -104.56655876774926,
        38.267925135745536,
        1415.46496582
      ],
      [
        -104.5664513046449,
        38.26795626733792,
        1415.283447266
      ],
      [
        -104.56634441268328,
        38.267988560150776,
        1414.819213867
      ],
      [
        -104.56623819306934,
        38.268022219949216,
        1414.761962891
      ],
      [
        -104.5661319734554,
        38.268055879747656,
        1414.978149414
      ],
      [
        -104.56611550000419,
        38.26806109999867,
        1415.080566406
      ],
      [
        -104.5660257530338,
        38.2680895396585,
        1415.188110352
      ],
      [
        -104.56591953246392,
        38.26812319958997,
        1415.256835938
      ],
      [
        -104.56581331189406,
        38.26815685952145,
        1415.359375
      ],
      [
        -104.5657070913242,
        38.26819051945292,
        1415.416625977
      ],
      [
        -104.56560087075434,
        38.2682241793844,
        1415.473632812
      ],
      [
        -104.56549465018446,
        38.26825783931588,
        1415.536132812
      ],
      [
        -104.5653884296146,
        38.268291499247354,
        1415.56237793
      ],
      [
        -104.56528220904474,
        38.26832515917883,
        1415.629882812
      ],
      [
        -104.56517598847488,
        38.268358819110304,
        1415.666137695
      ],
      [
        -104.56506976790502,
        38.26839247904178,
        1415.698730469
      ],
      [
        -104.56496354733514,
        38.268426138973254,
        1415.70715332
      ],
      [
        -104.56485732676528,
        38.26845979890473,
        1415.76965332
      ],
      [
        -104.56475110619542,
        38.26849345883621,
        1415.872192383
      ],
      [
        -104.56464488562555,
        38.268527118767686,
        1416.000854492
      ],
      [
        -104.56453866505568,
        38.26856077869916,
        1416.102172852
      ],
      [
        -104.56443244448582,
        38.268594438630636,
        1416.260986328
      ],
      [
        -104.56432622391596,
        38.26862809856211,
        1416.420898438
      ],
      [
        -104.5642200033461,
        38.268661758493586,
        1416.514892578
      ],
      [
        -104.56411378277623,
        38.26869541842506,
        1416.684082031
      ],
      [
        -104.56400756220636,
        38.26872907835654,
        1416.848876953
      ],
      [
        -104.5639013416365,
        38.26876273828802,
        1416.995605469
      ],
      [
        -104.56379512106663,
        38.26879639821949,
        1417.051879883
      ],
      [
        -104.56368890049677,
        38.26883005815097,
        1417.191894531
      ],
      [
        -104.5635826799269,
        38.26886371808244,
        1417.328125
      ],
      [
        -104.56347645935703,
        38.26889737801392,
        1417.4609375
      ],
      [
        -104.56337023878717,
        38.26893103794539,
        1417.493408203
      ],
      [
        -104.56326401821731,
        38.268964697876875,
        1417.625976562
      ],
      [
        -104.56315779764745,
        38.26899835780835,
        1417.795898438
      ],
      [
        -104.56305157707757,
        38.269032017739825,
        1417.83972168
      ],
      [
        -104.56294535650771,
        38.2690656776713,
        1417.968383789
      ],
      [
        -104.56283913593785,
        38.269099337602775,
        1418.095947266
      ],
      [
        -104.56273291536799,
        38.26913299753425,
        1418.166748047
      ],
      [
        -104.56262669479811,
        38.269166657465725,
        1418.123046875
      ],
      [
        -104.56252047422825,
        38.26920031739721,
        1418.17175293
      ],
      [
        -104.56241425365839,
        38.26923397732868,
        1418.192993164
      ],
      [
        -104.56230803308853,
        38.26926763726016,
        1418.240478516
      ],
      [
        -104.56220181251865,
        38.26930129719163,
        1418.300537109
      ],
      [
        -104.56209559194879,
        38.26933495712311,
        1418.454345703
      ],
      [
        -104.56198937137893,
        38.26936861705458,
        1418.545532227
      ],
      [
        -104.56197269999674,
        38.269373900001014,
        1418.545532227
      ],
      [
        -104.56188299749014,
        38.269401979198804,
        1418.509277344
      ],
      [
        -104.56177659505795,
        38.269435285903945,
        1418.536132812
      ],
      [
        -104.56167019262577,
        38.26946859260909,
        1418.516235352
      ],
      [
        -104.56156379019359,
        38.26950189931423,
        1418.523193359
      ],
      [
        -104.56145738776141,
        38.26953520601937,
        1418.448120117
      ],
      [
        -104.56135098532921,
        38.26956851272451,
        1418.289916992
      ],
      [
        -104.56124458289703,
        38.26960181942965,
        1418.207763672
      ],
      [
        -104.56113818046485,
        38.2696351261348,
        1418.175170898
      ],
      [
        -104.56103177803267,
        38.26966843283994,
        1418.19152832
      ],
      [
        -104.56092537560048,
        38.269701739545084,
        1418.16394043
      ],
      [
        -104.5608189731683,
        38.269735046250226,
        1418.168945312
      ],
      [
        -104.56071257073611,
        38.26976835295537,
        1418.077636719
      ],
      [
        -104.56060616830392,
        38.26980165966051,
        1417.943725586
      ],
      [
        -104.56049976587174,
        38.26983496636566,
        1417.856811523
      ],
      [
        -104.56039336343956,
        38.2698682730708,
        1417.748046875
      ],
      [
        -104.56028696100738,
        38.26990157977594,
        1417.496826172
      ],
      [
        -104.56018055857518,
        38.26993488648108,
        1417.373168945
      ],
      [
        -104.56007422791059,
        38.26996833567368,
        1417.26940918
      ],
      [
        -104.55996792111813,
        38.27000183226208,
        1417.113037109
      ],
      [
        -104.55986161432568,
        38.27003532885049,
        1416.909179688
      ],
      [
        -104.55975530753322,
        38.27006882543889,
        1416.771118164
      ],
      [
        -104.55964900074078,
        38.27010232202729,
        1416.635986328
      ],
      [
        -104.55954269394832,
        38.2701358186157,
        1416.377319336
      ],
      [
        -104.55943638715587,
        38.2701693152041,
        1416.25793457
      ],
      [
        -104.55933008036341,
        38.27020281179251,
        1416.1640625
      ],
      [
        -104.55922377357096,
        38.27023630838091,
        1416.0390625
      ],
      [
        -104.5591174667785,
        38.27026980496931,
        1415.959472656
      ],
      [
        -104.55901115998606,
        38.27030330155772,
        1415.944091797
      ],
      [
        -104.5589048531936,
        38.27033679814612,
        1415.942871094
      ],
      [
        -104.55879854640115,
        38.27037029473452,
        1415.849121094
      ],
      [
        -104.55869223960869,
        38.27040379132293,
        1415.839111328
      ],
      [
        -104.55858593281624,
        38.27043728791133,
        1415.840332031
      ],
      [
        -104.55847962602378,
        38.270470784499736,
        1415.82409668
      ],
      [
        -104.55837331923134,
        38.27050428108814,
        1415.786743164
      ],
      [
        -104.55826701243888,
        38.27053777767654,
        1415.764648438
      ],
      [
        -104.55816070564642,
        38.270571274264945,
        1415.702148438
      ],
      [
        -104.55805439885397,
        38.270604770853346,
        1415.597167969
      ],
      [
        -104.55794809206151,
        38.27063826744175,
        1415.455932617
      ],
      [
        -104.55784178526906,
        38.270671764030155,
        1415.298461914
      ],
      [
        -104.5577354784766,
        38.270705260618556,
        1415.143432617
      ],
      [
        -104.55762917168416,
        38.270738757206956,
        1415.126464844
      ],
      [
        -104.5575228648917,
        38.270772253795364,
        1415.1171875
      ],
      [
        -104.55741655809925,
        38.270805750383765,
        1415.109619141
      ],
      [
        -104.55731025130679,
        38.27083924697217,
        1415.079711914
      ],
      [
        -104.55720394451434,
        38.270872743560574,
        1414.948364258
      ],
      [
        -104.55709763772747,
        38.27090624126103,
        1414.922851562
      ],
      [
        -104.55699133094603,
        38.27093974004836,
        1414.910644531
      ],
      [
        -104.5568850241646,
        38.270973238835694,
        1414.837402344
      ],
      [
        -104.55677871738318,
        38.27100673762302,
        1414.832641602
      ],
      [
        -104.55667241060175,
        38.27104023641035,
        1414.78515625
      ],
      [
        -104.55656610382032,
        38.271073735197675,
        1414.783935547
      ],
      [
        -104.55645979703888,
        38.271107233985006,
        1414.723999023
      ],
      [
        -104.55635349025746,
        38.27114073277233,
        1414.723876953
      ],
      [
        -104.55624718347603,
        38.27117423155966,
        1414.698974609
      ],
      [
        -104.5561408766946,
        38.27120773034699,
        1414.638671875
      ],
      [
        -104.55603456991318,
        38.27124122913432,
        1414.649169922
      ],
      [
        -104.55592826313175,
        38.27127472792165,
        1414.644287109
      ],
      [
        -104.55582195635031,
        38.271308226708975,
        1414.657958984
      ],
      [
        -104.55571564956888,
        38.271341725496306,
        1414.612915039
      ],
      [
        -104.55560934278746,
        38.27137522428363,
        1414.628051758
      ],
      [
        -104.55550303600603,
        38.27140872307096,
        1414.666748047
      ],
      [
        -104.5553967292246,
        38.27144222185829,
        1414.702758789
      ],
      [
        -104.55528978475009,
        38.27147438638378,
        1414.642333984
      ],
      [
        -104.55518163969346,
        38.271504038900005,
        1414.637207031
      ],
      [
        -104.55507349463682,
        38.271533691416224,
        1414.557250977
      ],
      [
        -104.55496534958017,
        38.27156334393244,
        1414.562255859
      ],
      [
        -104.55485720452353,
        38.27159299644867,
        1414.462280273
      ],
      [
        -104.55474905946689,
        38.271622648964886,
        1414.294677734
      ],
      [
        -104.55464091441024,
        38.27165230148111,
        1414.173095703
      ],
      [
        -104.5545327693536,
        38.27168195399733,
        1413.844360352
      ],
      [
        -104.55442462429697,
        38.27171160651355,
        1413.468139648
      ],
      [
        -104.55431647924033,
        38.271741259029774,
        1413.037963867
      ],
      [
        -104.5542078127792,
        38.27176964088898,
        1412.512939453
      ],
      [
        -104.5540979520397,
        38.27179511230487,
        1412.299194336
      ],
      [
        -104.5539880913002,
        38.27182058372077,
        1412.072998047
      ],
      [
        -104.5538782305607,
        38.27184605513667,
        1412.073364258
      ],
      [
        -104.55376836982121,
        38.271871526552566,
        1412.058105469
      ],
      [
        -104.55365850908171,
        38.27189699796846,
        1412.051757812
      ],
      [
        -104.55354864834221,
        38.271922469384364,
        1412.070556641
      ],
      [
        -104.55343878760272,
        38.27194794080026,
        1412.089355469
      ],
      [
        -104.55332892686322,
        38.27197341221616,
        1412.115600586
      ],
      [
        -104.55321906612372,
        38.27199888363206,
        1412.13671875
      ],
      [
        -104.55310919934189,
        38.272024339248276,
        1412.123779297
      ],
      [
        -104.55299932583542,
        38.27204977728062,
        1412.091308594
      ],
      [
        -104.55288781741869,
        38.272070358884534,
        1412.051269531
      ],
      [
        -104.55277628137458,
        38.27209085842245,
        1411.888793945
      ],
      [
        -104.55266474533045,
        38.27211135796037,
        1411.84753418
      ],
      [
        -104.55255320928632,
        38.272131857498294,
        1411.963867188
      ],
      [
        -104.55244167324219,
        38.27215235703621,
        1412.755371094
      ],
      [
        -104.5523483999984,
        38.27216950000029,
        1413.434814453
      ],
      [
        -104.55233013608155,
        38.27217285291763,
        1413.434814453
      ],
      [
        -104.55221859321854,
        38.27219333012426,
        1414.959838867
      ],
      [
        -104.55210705035554,
        38.272213807330886,
        1415.11730957
      ],
      [
        -104.55199550749253,
        38.27223428453752,
        1415.222290039
      ],
      [
        -104.55188396462954,
        38.27225476174414,
        1415.177368164
      ],
      [
        -104.55183800000194,
        38.27226319999964,
        1415.162353516
      ],
      [
        -104.55177220942078,
        38.2722745030524,
        1415.14855957
      ],
      [
        -104.55166030537613,
        38.272293728559994,
        1415.216552734
      ],
      [
        -104.55154840133149,
        38.27231295406759,
        1415.16809082
      ],
      [
        -104.55143649728684,
        38.27233217957518,
        1415.211914062
      ],
      [
        -104.5513245932422,
        38.27235140508278,
        1415.20690918
      ],
      [
        -104.55121268919756,
        38.27237063059037,
        1415.328613281
      ],
      [
        -104.55110078515291,
        38.272389856097966,
        1415.40612793
      ],
      [
        -104.55098888110828,
        38.27240908160556,
        1415.488647461
      ],
      [
        -104.55087697706364,
        38.27242830711315,
        1415.634887695
      ],
      [
        -104.550765073019,
        38.27244753262075,
        1415.689941406
      ],
      [
        -104.55065316897435,
        38.272466758128346,
        1415.778198242
      ],
      [
        -104.5505412649297,
        38.27248598363594,
        1415.773071289
      ],
      [
        -104.55042936088506,
        38.27250520914353,
        1415.765625
      ],
      [
        -104.55031745684042,
        38.272524434651125,
        1415.798217773
      ],
      [
        -104.55020555279577,
        38.272543660158725,
        1415.792114258
      ],
      [
        -104.55009364875113,
        38.27256288566632,
        1415.823730469
      ],
      [
        -104.54998174470649,
        38.27258211117391,
        1415.816162109
      ],
      [
        -104.54986984066184,
        38.272601336681504,
        1415.849853516
      ],
      [
        -104.5497578907283,
        38.2726203982605,
        1415.849853516
      ],
      [
        -104.54964593035453,
        38.27263942254395,
        1415.848632812
      ],
      [
        -104.54953396998077,
        38.272658446827414,
        1415.862426758
      ],
      [
        -104.549422009607,
        38.27267747111087,
        1415.839233398
      ],
      [
        -104.54931004923324,
        38.27269649539432,
        1415.869018555
      ],
      [
        -104.54919808885947,
        38.27271551967778,
        1415.864013672
      ],
      [
        -104.5490861284857,
        38.272734543961235,
        1415.843994141
      ],
      [
        -104.54897416811194,
        38.27275356824469,
        1415.87902832
      ],
      [
        -104.54886220773817,
        38.27277259252815,
        1415.87902832
      ],
      [
        -104.54875024736441,
        38.2727916168116,
        1415.927001953
      ],
      [
        -104.54863828699064,
        38.272810641095056,
        1415.915893555
      ],
      [
        -104.54852632661687,
        38.27282966537852,
        1415.859741211
      ],
      [
        -104.54841436624311,
        38.27284868966197,
        1415.840942383
      ],
      [
        -104.54830240586934,
        38.27286771394542,
        1415.788452148
      ],
      [
        -104.54819044549558,
        38.272886738228884,
        1415.70715332
      ],
      [
        -104.5480784851218,
        38.27290576251234,
        1415.650878906
      ],
      [
        -104.54796652474805,
        38.27292478679579,
        1415.397460938
      ],
      [
        -104.54785456437428,
        38.27294381107925,
        1414.836669922
      ],
      [
        -104.5477426040005,
        38.272962835362705,
        1414.005493164
      ],
      [
        -104.5476307282726,
        38.27298216310646,
        1414.175415039
      ],
      [
        -104.54751892185494,
        38.2730017393316,
        1414.947875977
      ],
      [
        -104.5474071154373,
        38.27302131555674,
        1415.586669922
      ],
      [
        -104.54729530901965,
        38.27304089178188,
        1415.801757812
      ],
      [
        -104.54718350260201,
        38.273060468007024,
        1416.073730469
      ],
      [
        -104.54707169618436,
        38.27308004423217,
        1416.321166992
      ],
      [
        -104.54695988976671,
        38.27309962045731,
        1416.429931641
      ],
      [
        -104.54684808334908,
        38.273119196682444,
        1416.620117188
      ],
      [
        -104.54673627693143,
        38.273138772907586,
        1416.645141602
      ],
      [
        -104.54662447051378,
        38.27315834913273,
        1416.775512695
      ],
      [
        -104.54651266409613,
        38.27317792535787,
        1416.697387695
      ],
      [
        -104.54640085767849,
        38.27319750158301,
        1416.567871094
      ],
      [
        -104.54628905126084,
        38.273217077808155,
        1416.270507812
      ],
      [
        -104.5461772448432,
        38.2732366540333,
        1415.981811523
      ],
      [
        -104.54606543842556,
        38.27325623025843,
        1415.411865234
      ],
      [
        -104.54595363200791,
        38.273275806483575,
        1414.968139648
      ],
      [
        -104.54584179269781,
        38.27329526690947,
        1414.623046875
      ],
      [
        -104.54572991538612,
        38.27331459354915,
        1414.999145508
      ],
      [
        -104.54561803807442,
        38.27333392018883,
        1415.367431641
      ],
      [
        -104.54550616076274,
        38.27335324682851,
        1415.24987793
      ],
      [
        -104.54539428345105,
        38.273372573468194,
        1415.229858398
      ],
      [
        -104.54528240613935,
        38.273391900107875,
        1415.207397461
      ],
      [
        -104.54517052882765,
        38.27341122674755,
        1415.224853516
      ],
      [
        -104.54505865151597,
        38.27343055338723,
        1415.259887695
      ],
      [
        -104.54494677420428,
        38.27344988002691,
        1415.326660156
      ],
      [
        -104.54483489689258,
        38.27346920666659,
        1415.352905273
      ],
      [
        -104.54472301958089,
        38.27348853330627,
        1415.390380859
      ],
      [
        -104.5446111422692,
        38.27350785994595,
        1415.425415039
      ],
      [
        -104.54449926495751,
        38.273527186585625,
        1415.571655273
      ],
      [
        -104.54438738764581,
        38.273546513225305,
        1415.719238281
      ],
      [
        -104.54427551033412,
        38.273565839864986,
        1415.867919922
      ],
      [
        -104.54416364060724,
        38.273585194693986,
        1416.16418457
      ],
      [
        -104.54405177716853,
        38.27360457289328,
        1416.282836914
      ],
      [
        -104.54393991372982,
        38.27362395109257,
        1416.57409668
      ],
      [
        -104.54382805029111,
        38.27364332929186,
        1416.656738281
      ],
      [
        -104.54371618685241,
        38.27366270749114,
        1416.69543457
      ],
      [
        -104.54360432341369,
        38.27368208569043,
        1416.840454102
      ],
      [
        -104.54349245997498,
        38.27370146388972,
        1416.835449219
      ],
      [
        -104.54338059653627,
        38.27372084208901,
        1416.981689453
      ],
      [
        -104.54326873309756,
        38.2737402202883,
        1416.946655273
      ],
      [
        -104.54315686965886,
        38.27375959848759,
        1417.006591797
      ],
      [
        -104.54304500622014,
        38.27377897668688,
        1416.954101562
      ],
      [
        -104.54293314278144,
        38.27379835488617,
        1416.906616211
      ],
      [
        -104.54282127934272,
        38.27381773308546,
        1416.953125
      ],
      [
        -104.54270941590401,
        38.27383711128474,
        1416.902587891
      ],
      [
        -104.5425975524653,
        38.27385648948403,
        1416.917236328
      ],
      [
        -104.54248568902659,
        38.27387586768332,
        1416.873535156
      ],
      [
        -104.54237382558789,
        38.27389524588261,
        1416.937866211
      ],
      [
        -104.54226196214917,
        38.273914624081904,
        1416.857788086
      ],
      [
        -104.54215009871047,
        38.27393400228119,
        1416.797851562
      ],
      [
        -104.54203823527175,
        38.27395338048048,
        1416.797607422
      ],
      [
        -104.54192637183304,
        38.27397275867977,
        1416.720092773
      ],
      [
        -104.54181450839432,
        38.27399213687906,
        1416.730102539
      ],
      [
        -104.54170264495562,
        38.27401151507835,
        1416.662597656
      ],
      [
        -104.54159078151692,
        38.27403089327763,
        1416.575195312
      ],
      [
        -104.5414789180782,
        38.27405027147692,
        1416.501464844
      ],
      [
        -104.5413670292016,
        38.274069559094464,
        1416.407592773
      ],
      [
        -104.5412550829112,
        38.2740886422674,
        1416.254516602
      ],
      [
        -104.54114313662082,
        38.27410772544034,
        1416.119506836
      ],
      [
        -104.54103119033043,
        38.274126808613275,
        1415.928344727
      ],
      [
        -104.54091924404004,
        38.27414589178621,
        1415.620727539
      ],
      [
        -104.54080729774965,
        38.27416497495915,
        1415.42578125
      ],
      [
        -104.54069535145926,
        38.274184058132086,
        1415.153198242
      ],
      [
        -104.54058340516887,
        38.27420314130502,
        1415.112792969
      ],
      [
        -104.54047145887849,
        38.27422222447796,
        1415.021240234
      ],
      [
        -104.5403595125881,
        38.2742413076509,
        1415.047485352
      ],
      [
        -104.54024756629771,
        38.274260390823834,
        1414.942504883
      ],
      [
        -104.54013562000732,
        38.27427947399677,
        1414.067504883
      ],
      [
        -104.54002367371693,
        38.27429855716971,
        1413.266235352
      ],
      [
        -104.53991172742653,
        38.274317640342645,
        1412.236206055
      ],
      [
        -104.53979978113614,
        38.27433672351558,
        1412.121459961
      ],
      [
        -104.53968769510742,
        38.27435529489098,
        1412.144897461
      ],
      [
        -104.53957559201689,
        38.27437380377686,
        1412.054931641
      ],
      [
        -104.53946348892637,
        38.27439231266275,
        1412.086181641
      ],
      [
        -104.53935138583586,
        38.274410821548635,
        1412.008666992
      ],
      [
        -104.53923928274533,
        38.274429330434515,
        1412.039916992
      ],
      [
        -104.53912717965481,
        38.2744478393204,
        1412.124755859
      ],
      [
        -104.5390150765643,
        38.27446634820628,
        1411.859130859
      ],
      [
        -104.53890297347377,
        38.27448485709217,
        1411.654174805
      ],
      [
        -104.53879087038325,
        38.274503365978056,
        1411.207885742
      ],
      [
        -104.53867876729274,
        38.274521874863936,
        1411.715454102
      ],
      [
        -104.53856666420221,
        38.27454038374982,
        1412.135375977
      ],
      [
        -104.53845456111169,
        38.27455889263571,
        1411.985473633
      ],
      [
        -104.53834245802118,
        38.27457740152159,
        1412.068969727
      ],
      [
        -104.53823035493065,
        38.27459591040748,
        1412.051635742
      ],
      [
        -104.53811825184013,
        38.274614419293364,
        1412.144165039
      ],
      [
        -104.53800614874962,
        38.274632928179244,
        1412.819091797
      ],
      [
        -104.53789404565909,
        38.27465143706513,
        1413.251220703
      ],
      [
        -104.5377809842287,
        38.274665798273936,
        1413.765014648
      ],
      [
        -104.53766774014633,
        38.27467936896841,
        1413.958740234
      ],
      [
        -104.53755449606398,
        38.27469293966288,
        1414.131347656
      ],
      [
        -104.5374412519816,
        38.27470651035735,
        1414.150146484
      ],
      [
        -104.53732800789923,
        38.27472008105182,
        1414.161376953
      ],
      [
        -104.53721476381688,
        38.27473365174629,
        1414.211303711
      ],
      [
        -104.5371015197345,
        38.27474722244076,
        1414.237670898
      ],
      [
        -104.53698827565215,
        38.27476079313523,
        1414.310058594
      ],
      [
        -104.53687503156978,
        38.27477436382971,
        1414.383178711
      ],
      [
        -104.5367617874874,
        38.27478793452418,
        1414.565917969
      ],
      [
        -104.53664800885963,
        38.27479819454396,
        1414.622192383
      ],
      [
        -104.53653403242065,
        38.274807229431985,
        1414.68347168
      ],
      [
        -104.53642005598165,
        38.27481626432001,
        1414.722167969
      ],
      [
        -104.53630607954267,
        38.274825299208025,
        1414.828491211
      ],
      [
        -104.53619210310367,
        38.27483433409605,
        1414.824829102
      ],
      [
        -104.53607812666469,
        38.27484336898407,
        1414.811767578
      ],
      [
        -104.5359641502257,
        38.27485240387209,
        1414.786743164
      ],
      [
        -104.53584998915987,
        38.274859711314484,
        1414.76171875
      ],
      [
        -104.53573568811284,
        38.2748657090345,
        1414.724243164
      ],
      [
        -104.53562138706582,
        38.27487170675452,
        1414.82421875
      ],
      [
        -104.5355070860188,
        38.27487770447454,
        1414.755371094
      ],
      [
        -104.53539278497176,
        38.27488370219456,
        1414.641235352
      ],
      [
        -104.53527848392474,
        38.274889699914574,
        1414.448608398
      ],
      [
        -104.53516418287771,
        38.27489569763459,
        1414.258544922
      ],
      [
        -104.5350497357644,
        38.27489886110747,
        1413.817382812
      ],
      [
        -104.53493519105163,
        38.27490013077624,
        1413.438598633
      ],
      [
        -104.53482064633887,
        38.27490140044502,
        1412.846069336
      ],
      [
        -104.53470610162611,
        38.274902670113796,
        1412.423583984
      ],
      [
        -104.53459155691336,
        38.27490393978257,
        1411.817138672
      ],
      [
        -104.5344770122006,
        38.27490520945135,
        1411.307128906
      ],
      [
        -104.53436248346031,
        38.27490714264899,
        1411.178344727
      ],
      [
        -104.53426800000318,
        38.27490889999994,
        1411.875854492
      ],
      [
        -104.53424795675333,
        38.27490916863143,
        1411.875854492
      ],
      [
        -104.5341334172865,
        38.27491070375703,
        1412.439575195
      ],
      [
        -104.53401887781966,
        38.27491223888263,
        1413.227172852
      ],
      [
        -104.53390433835283,
        38.274913774008226,
        1413.979248047
      ],
      [
        -104.53378979888598,
        38.274915309133824,
        1414.750610352
      ],
      [
        -104.53367525941914,
        38.27491684425942,
        1415.053222656
      ],
      [
        -104.5335607199523,
        38.27491837938502,
        1415.225708008
      ],
      [
        -104.53344618048547,
        38.27491991451062,
        1415.239379883
      ],
      [
        -104.53333164101863,
        38.27492144963622,
        1415.239379883
      ],
      [
        -104.5332171015518,
        38.274922984761815,
        1415.240722656
      ],
      [
        -104.53310256208496,
        38.27492451988741,
        1415.225463867
      ],
      [
        -104.53298802261813,
        38.274926055013005,
        1415.225463867
      ],
      [
        -104.53287348315128,
        38.2749275901386,
        1415.225463867
      ],
      [
        -104.53275894368444,
        38.2749291252642,
        1415.225463867
      ],
      [
        -104.53270860000369,
        38.27492979999995,
        1415.228027344
      ],
      [
        -104.5326444030759,
        38.27493060745474,
        1415.231689453
      ],
      [
        -104.53252986157203,
        38.27493204813249,
        1415.216796875
      ],
      [
        -104.53241532006815,
        38.27493348881025,
        1415.217773438
      ],
      [
        -104.53230077856426,
        38.274934929488,
        1415.214477539
      ],
      [
        -104.53218623706039,
        38.27493637016575,
        1415.211914062
      ],
      [
        -104.5320716955565,
        38.2749378108435,
        1415.355712891
      ],
      [
        -104.53195715405262,
        38.27493925152125,
        1415.579345703
      ],
      [
        -104.53184261254874,
        38.274940692199,
        1415.905639648
      ],
      [
        -104.53172807104485,
        38.27494213287675,
        1416.045654297
      ],
      [
        -104.53161352954098,
        38.2749435735545,
        1416.170654297
      ],
      [
        -104.5314989880371,
        38.27494501423226,
        1416.221923828
      ],
      [
        -104.53138444653321,
        38.27494645491001,
        1416.263183594
      ],
      [
        -104.53126990502933,
        38.27494789558776,
        1416.266967773
      ],
      [
        -104.53115536352546,
        38.27494933626551,
        1416.241943359
      ],
      [
        -104.53104082202157,
        38.274950776943264,
        1416.223266602
      ],
      [
        -104.53092628051769,
        38.27495221762101,
        1416.201538086
      ],
      [
        -104.5308117390138,
        38.27495365829876,
        1416.186767578
      ],
      [
        -104.53069719750992,
        38.27495509897651,
        1416.186767578
      ],
      [
        -104.53058265600605,
        38.27495653965427,
        1416.194335938
      ],
      [
        -104.53046811450216,
        38.27495798033202,
        1416.179321289
      ],
      [
        -104.53035357299828,
        38.27495942100977,
        1416.166748047
      ],
      [
        -104.5302390314944,
        38.27496086168752,
        1416.193847656
      ],
      [
        -104.53012448999051,
        38.274962302365275,
        1416.180053711
      ],
      [
        -104.53000994848664,
        38.274963743043024,
        1416.171386719
      ],
      [
        -104.52989540698276,
        38.274965183720774,
        1416.145019531
      ],
      [
        -104.52978086547887,
        38.27496662439852,
        1416.137573242
      ],
      [
        -104.52966632343747,
        38.27496803879079,
        1416.111328125
      ],
      [
        -104.52955178026846,
        38.27496939804337,
        1416.091430664
      ],
      [
        -104.52943723709947,
        38.27497075729594,
        1416.061645508
      ],
      [
        -104.52932269393047,
        38.27497211654852,
        1416.037963867
      ],
      [
        -104.52920815076148,
        38.2749734758011,
        1415.98046875
      ],
      [
        -104.52909360759247,
        38.27497483505367,
        1415.931640625
      ],
      [
        -104.52897906442348,
        38.27497619430625,
        1415.852905273
      ],
      [
        -104.52886452125448,
        38.27497755355882,
        1415.79675293
      ],
      [
        -104.52874997808549,
        38.2749789128114,
        1415.664916992
      ],
      [
        -104.52863543491648,
        38.27498027206398,
        1415.578125
      ],
      [
        -104.52852089174749,
        38.27498163131655,
        1415.439331055
      ],
      [
        -104.52840634857849,
        38.27498299056913,
        1415.346801758
      ],
      [
        -104.5282918054095,
        38.2749843498217,
        1415.211791992
      ],
      [
        -104.52817726224049,
        38.27498570907428,
        1415.187988281
      ],
      [
        -104.5280627190715,
        38.27498706832686,
        1415.176757812
      ],
      [
        -104.5279481759025,
        38.27498842757943,
        1415.16394043
      ],
      [
        -104.5278336327335,
        38.27498978683201,
        1415.027954102
      ],
      [
        -104.5277190895645,
        38.27499114608459,
        1414.775512695
      ],
      [
        -104.52760454639551,
        38.27499250533716,
        1414.434204102
      ],
      [
        -104.52749000218166,
        38.27499380359263,
        1413.687988281
      ],
      [
        -104.5273754536451,
        38.27499484949034,
        1412.985473633
      ],
      [
        -104.52726090510853,
        38.27499589538805,
        1412.232177734
      ],
      [
        -104.52714635657196,
        38.27499694128577,
        1412.075927734
      ],
      [
        -104.5270318080354,
        38.27499798718348,
        1412.0234375
      ],
      [
        -104.52691725949883,
        38.274999033081194,
        1412.009643555
      ],
      [
        -104.52680271096226,
        38.275000078978906,
        1411.983398438
      ],
      [
        -104.5266881624257,
        38.275001124876624,
        1411.95715332
      ],
      [
        -104.52657361388913,
        38.275002170774336,
        1411.975952148
      ],
      [
        -104.52645906535255,
        38.27500321667205,
        1411.877197266
      ],
      [
        -104.526344516816,
        38.275004262569766,
        1410.877197266
      ],
      [
        -104.52622997793175,
        38.275005661342185,
        1410.240966797
      ],
      [
        -104.52612269999628,
        38.27500830000004,
        1410.470947266
      ],
      [
        -104.52611547475286,
        38.27500836515274,
        1410.918457031
      ],
      [
        -104.52600092598976,
        38.275009398081515,
        1411.547241211
      ],
      [
        -104.52588637722667,
        38.275010431010294,
        1411.877197266
      ],
      [
        -104.52577182846358,
        38.275011463939066,
        1412.059204102
      ],
      [
        -104.5256572797005,
        38.27501249686784,
        1412.683959961
      ],
      [
        -104.5255427309374,
        38.27501352979662,
        1413.302612305
      ],
      [
        -104.52542818217431,
        38.27501456272539,
        1413.877685547
      ],
      [
        -104.52531363341122,
        38.27501559565417,
        1414.296508789
      ],
      [
        -104.52519908464812,
        38.27501662858294,
        1414.386474609
      ],
      [
        -104.52508453588503,
        38.27501766151171,
        1414.461425781
      ],
      [
        -104.52496998712195,
        38.27501869444049,
        1414.518188477
      ],
      [
        -104.52485543835886,
        38.27501972736926,
        1414.577514648
      ],
      [
        -104.52474088959576,
        38.27502076029804,
        1414.574951172
      ],
      [
        -104.52462634083267,
        38.27502179322681,
        1414.552490234
      ],
      [
        -104.52451179206957,
        38.275022826155585,
        1414.547607422
      ],
      [
        -104.52439724330648,
        38.275023859084364,
        1414.497558594
      ],
      [
        -104.5242826945434,
        38.275024892013136,
        1414.430297852
      ],
      [
        -104.52416814578031,
        38.275025924941914,
        1414.307495117
      ],
      [
        -104.52405359701721,
        38.275026957870686,
        1414.194946289
      ],
      [
        -104.52393904825412,
        38.27502799079946,
        1413.931274414
      ],
      [
        -104.52382449949103,
        38.27502902372824,
        1413.647460938
      ],
      [
        -104.52370995072793,
        38.27503005665701,
        1413.148681641
      ],
      [
        -104.52359540196485,
        38.27503108958579,
        1412.775024414
      ],
      [
        -104.52348085320176,
        38.27503212251456,
        1412.172729492
      ],
      [
        -104.52336630443867,
        38.27503315544333,
        1412.03515625
      ],
      [
        -104.52325175567557,
        38.27503418837211,
        1412.043945312
      ],
      [
        -104.52313720691248,
        38.27503522130088,
        1412.081420898
      ],
      [
        -104.52310629999525,
        38.27503550000006,
        1412.093994141
      ],
      [
        -104.52302266239953,
        38.27503650555748,
        1412.104003906
      ],
      [
        -104.52290811945706,
        38.27503788268345,
        1412.251464844
      ],
      [
        -104.52279357651457,
        38.275039259809425,
        1412.467773438
      ],
      [
        -104.5226790335721,
        38.2750406369354,
        1412.775512695
      ],
      [
        -104.52256449062963,
        38.27504201406138,
        1412.961791992
      ],
      [
        -104.52244994768716,
        38.27504339118735,
        1413.206787109
      ],
      [
        -104.52233540474468,
        38.27504476831333,
        1413.353149414
      ],
      [
        -104.52222086180221,
        38.275046145439305,
        1413.551879883
      ],
      [
        -104.52210631885974,
        38.27504752256527,
        1413.670532227
      ],
      [
        -104.52199177591727,
        38.27504889969125,
        1413.825805664
      ],
      [
        -104.52187723297479,
        38.275050276817225,
        1413.915893555
      ],
      [
        -104.52176269003232,
        38.2750516539432,
        1414.032104492
      ],
      [
        -104.52164814708985,
        38.27505303106918,
        1414.167114258
      ],
      [
        -104.52153360414738,
        38.27505440819515,
        1414.277099609
      ],
      [
        -104.5214190612049,
        38.27505578532113,
        1414.33215332
      ],
      [
        -104.52130451826243,
        38.2750571624471,
        1414.374633789
      ],
      [
        -104.52118997531996,
        38.275058539573074,
        1414.382568359
      ],
      [
        -104.52107543237749,
        38.27505991669905,
        1414.383911133
      ],
      [
        -104.52096088943502,
        38.275061293825026,
        1414.393920898
      ],
      [
        -104.52084634649253,
        38.275062670951,
        1414.373901367
      ],
      [
        -104.52073180355006,
        38.27506404807698,
        1414.34387207
      ],
      [
        -104.5206172606076,
        38.275065425202946,
        1414.308837891
      ],
      [
        -104.52050271766512,
        38.27506680232892,
        1414.20715332
      ],
      [
        -104.52038817472264,
        38.2750681794549,
        1414.105957031
      ],
      [
        -104.52027363178017,
        38.275069556580874,
        1413.922241211
      ],
      [
        -104.5201590888377,
        38.27507093370685,
        1413.785888672
      ],
      [
        -104.52004454589523,
        38.275072310832826,
        1413.565917969
      ],
      [
        -104.51993000295275,
        38.2750736879588,
        1413.403442383
      ],
      [
        -104.51981546001028,
        38.27507506508477,
        1413.157348633
      ],
      [
        -104.51970091706781,
        38.27507644221075,
        1412.979125977
      ],
      [
        -104.51958637399477,
        38.27507781268021,
        1412.654052734
      ],
      [
        -104.51947182954567,
        38.275079112991115,
        1412.421508789
      ],
      [
        -104.51935728509656,
        38.275080413302014,
        1411.874023438
      ],
      [
        -104.51924274064746,
        38.27508171361292,
        1411.23034668
      ],
      [
        -104.51912819619834,
        38.275083013923826,
        1411.119750977
      ],
      [
        -104.51901365174923,
        38.275084314234725,
        1411.82800293
      ],
      [
        -104.51889910730013,
        38.27508561454563,
        1412.387939453
      ],
      [
        -104.51878456285102,
        38.27508691485654,
        1412.79296875
      ],
      [
        -104.5186700184019,
        38.275088215167436,
        1412.986694336
      ],
      [
        -104.5185554739528,
        38.27508951547834,
        1413.276733398
      ],
      [
        -104.5184409295037,
        38.27509081578925,
        1413.48046875
      ],
      [
        -104.51832638505459,
        38.27509211610015,
        1413.767211914
      ],
      [
        -104.51821184060547,
        38.27509341641105,
        1413.936645508
      ],
      [
        -104.51809729615637,
        38.27509471672196,
        1414.127807617
      ],
      [
        -104.51798275170727,
        38.27509601703286,
        1414.2265625
      ],
      [
        -104.51786820725816,
        38.275097317343764,
        1414.357910156
      ],
      [
        -104.51775366280904,
        38.27509861765467,
        1414.422851562
      ],
      [
        -104.51763913746171,
        38.27510068985571,
        1414.654174805
      ],
      [
        -104.51752461522997,
        38.27510288795559,
        1414.709472656
      ],
      [
        -104.51741009299823,
        38.27510508605547,
        1414.731933594
      ],
      [
        -104.51729557076648,
        38.275107284155354,
        1414.736938477
      ],
      [
        -104.51718104853474,
        38.27510948225523,
        1414.729492188
      ],
      [
        -104.517066526303,
        38.27511168035511,
        1414.694458008
      ],
      [
        -104.51695200407126,
        38.27511387845499,
        1414.653198242
      ],
      [
        -104.5168374818395,
        38.275116076554866,
        1414.629394531
      ],
      [
        -104.51672300211285,
        38.275119304345786,
        1414.604370117
      ],
      [
        -104.51660853921503,
        38.275122939817095,
        1414.539428711
      ],
      [
        -104.5164940763172,
        38.2751265752884,
        1414.483154297
      ],
      [
        -104.51637961341939,
        38.275130210759706,
        1414.393188477
      ],
      [
        -104.51626515052156,
        38.27513384623101,
        1414.329345703
      ],
      [
        -104.51615068762374,
        38.275137481702316,
        1414.231933594
      ],
      [
        -104.51603622472591,
        38.27514111717362,
        1414.1484375
      ],
      [
        -104.51592176182808,
        38.27514475264493,
        1414.028320312
      ],
      [
        -104.51580729893027,
        38.275148388116236,
        1413.982055664
      ],
      [
        -104.51569283603244,
        38.27515202358754,
        1413.848388672
      ],
      [
        -104.51557837313462,
        38.275155659058846,
        1413.748413086
      ],
      [
        -104.51546391023679,
        38.27515929453015,
        1413.598388672
      ],
      [
        -104.51534944733898,
        38.27516293000146,
        1413.495483398
      ],
      [
        -104.51523498444115,
        38.27516656547276,
        1413.339477539
      ],
      [
        -104.51512052154332,
        38.27517020094407,
        1413.23828125
      ],
      [
        -104.5150060586455,
        38.27517383641538,
        1413.069458008
      ],
      [
        -104.51489159574767,
        38.27517747188668,
        1412.949462891
      ],
      [
        -104.51477713284986,
        38.27518110735799,
        1412.739501953
      ],
      [
        -104.51466266995203,
        38.27518474282929,
        1412.596801758
      ],
      [
        -104.5145482070542,
        38.2751883783006,
        1412.443603516
      ],
      [
        -104.51443374415638,
        38.2751920137719,
        1412.228637695
      ],
      [
        -104.51431928125855,
        38.27519564924321,
        1412.103637695
      ],
      [
        -104.51420481836074,
        38.27519928471452,
        1411.99230957
      ],
      [
        -104.51409035546291,
        38.27520292018582,
        1411.948608398
      ],
      [
        -104.5139758853962,
        38.27520641576782,
        1411.884887695
      ],
      [
        -104.51386141396921,
        38.27520988480567,
        1411.845214844
      ],
      [
        -104.5137469425422,
        38.27521335384352,
        1411.790649414
      ],
      [
        -104.5136324711152,
        38.27521682288137,
        1411.76940918
      ],
      [
        -104.51351799968819,
        38.275220291919226,
        1411.720703125
      ],
      [
        -104.5134035282612,
        38.275223760957076,
        1411.695678711
      ],
      [
        -104.51328905683418,
        38.275227229994925,
        1411.649414062
      ],
      [
        -104.51317458540719,
        38.275230699032775,
        1411.639770508
      ],
      [
        -104.51306011398019,
        38.275234168070625,
        1411.595581055
      ],
      [
        -104.51294564255318,
        38.27523763710848,
        1411.571899414
      ],
      [
        -104.51283117112618,
        38.27524110614633,
        1411.586914062
      ],
      [
        -104.51271669969917,
        38.27524457518418,
        1411.54309082
      ],
      [
        -104.51260222827217,
        38.27524804422203,
        1411.45690918
      ],
      [
        -104.51248775684516,
        38.27525151325989,
        1411.381958008
      ],
      [
        -104.51237328541816,
        38.27525498229774,
        1411.303466797
      ],
      [
        -104.51225881399115,
        38.27525845133559,
        1411.179077148
      ],
      [
        -104.51214434256416,
        38.27526192037344,
        1411.072753906
      ],
      [
        -104.51202987113716,
        38.27526538941129,
        1410.870361328
      ],
      [
        -104.51191539971015,
        38.275268858449145,
        1410.710327148
      ],
      [
        -104.51180092828315,
        38.275272327486995,
        1410.432739258
      ],
      [
        -104.51168645685614,
        38.275275796524845,
        1410.226318359
      ],
      [
        -104.51157198542914,
        38.275279265562695,
        1409.929321289
      ],
      [
        -104.51145751400213,
        38.27528273460055,
        1409.744384766
      ],
      [
        -104.51134304257513,
        38.2752862036384,
        1409.486816406
      ],
      [
        -104.51122857114814,
        38.27528967267625,
        1409.364257812
      ],
      [
        -104.51111409972113,
        38.2752931417141,
        1409.120605469
      ],
      [
        -104.51099962829413,
        38.27529661075195,
        1408.666870117
      ],
      [
        -104.51088515686712,
        38.27530007978981,
        1407.573242188
      ],
      [
        -104.51077068544012,
        38.27530354882766,
        1407.253295898
      ],
      [
        -104.51065622421943,
        38.27530721557951,
        1407.827026367
      ],
      [
        -104.51054177226918,
        38.275311061915545,
        1408.443237305
      ],
      [
        -104.51047219999593,
        38.275313400000115,
        1408.990844727
      ],
      [
        -104.51042730645014,
        38.27531462824715,
        1408.990844727
      ],
      [
        -104.51031281913178,
        38.27531776051721,
        1409.635864258
      ],
      [
        -104.51019833181343,
        38.27532089278728,
        1409.989868164
      ],
      [
        -104.51008384449507,
        38.275324025057344,
        1410.455932617
      ],
      [
        -104.50996935717671,
        38.2753271573274,
        1410.7109375
      ],
      [
        -104.50985486985836,
        38.27533028959747,
        1411.024780273
      ],
      [
        -104.50974038254,
        38.27533342186753,
        1411.330078125
      ],
      [
        -104.50962589522165,
        38.275336554137596,
        1411.465087891
      ],
      [
        -104.50951140790329,
        38.27533968640766,
        1411.541381836
      ],
      [
        -104.50939692058492,
        38.27534281867772,
        1411.603881836
      ],
      [
        -104.50928243326656,
        38.27534595094779,
        1411.650146484
      ],
      [
        -104.5091679459482,
        38.275349083217854,
        1411.69519043
      ],
      [
        -104.50905345862985,
        38.275352215487914,
        1411.716430664
      ],
      [
        -104.5089389713115,
        38.27535534775798,
        1411.748901367
      ],
      [
        -104.50882448399314,
        38.27535848002804,
        1411.772705078
      ],
      [
        -104.50870999667478,
        38.275361612298106,
        1411.774536133
      ],
      [
        -104.50859550935643,
        38.27536474456817,
        1411.773925781
      ],
      [
        -104.50848102203807,
        38.27536787683823,
        1411.75769043
      ],
      [
        -104.5084618999998,
        38.275368400000005,
        1411.75769043
      ],
      [
        -104.5083665608682,
        38.27537154486719,
        1411.752685547
      ],
      [
        -104.50825210494145,
        38.27537532032311,
        1411.748901367
      ],
      [
        -104.5081376490147,
        38.27537909577903,
        1411.790283203
      ],
      [
        -104.50802319308795,
        38.275382871234946,
        1411.770263672
      ],
      [
        -104.5079087371612,
        38.27538664669086,
        1411.745239258
      ],
      [
        -104.50779428123445,
        38.27539042214678,
        1411.712768555
      ],
      [
        -104.5076798253077,
        38.275394197602694,
        1411.641479492
      ],
      [
        -104.50756536938096,
        38.27539797305862,
        1411.586547852
      ],
      [
        -104.50745091345422,
        38.27540174851453,
        1411.477661133
      ],
      [
        -104.50733645752747,
        38.27540552397045,
        1411.392700195
      ],
      [
        -104.50722200160072,
        38.275409299426364,
        1411.219238281
      ],
      [
        -104.50710754567397,
        38.27541307488228,
        1411.103881836
      ],
      [
        -104.50699308974723,
        38.275416850338196,
        1410.881469727
      ],
      [
        -104.50687863382048,
        38.27542062579412,
        1410.721435547
      ],
      [
        -104.50676417789373,
        38.275424401250035,
        1410.403930664
      ],
      [
        -104.50664972196698,
        38.27542817670595,
        1410.15637207
      ],
      [
        -104.50653526604023,
        38.27543195216187,
        1409.76159668
      ],
      [
        -104.5064208101135,
        38.27543572761778,
        1409.500732422
      ],
      [
        -104.50630636032172,
        38.27543961623146,
        1409.266967773
      ],
      [
        -104.50619191296386,
        38.27544354973787,
        1409.072021484
      ],
      [
        -104.506077465606,
        38.275447483244285,
        1409.038208008
      ],
      [
        -104.50596301824814,
        38.27545141675069,
        1409.024536133
      ],
      [
        -104.50587039999564,
        38.27545460000015,
        1408.980712891
      ],
      [
        -104.50584857089241,
        38.27545535076207,
        1408.980712891
      ],
      [
        -104.50573412354575,
        38.27545928691595,
        1408.88293457
      ],
      [
        -104.50561967619907,
        38.27546322306982,
        1408.811645508
      ],
      [
        -104.50550522885241,
        38.275467159223695,
        1408.701538086
      ],
      [
        -104.50539078150574,
        38.275471095377576,
        1408.081665039
      ],
      [
        -104.50527633415908,
        38.27547503153145,
        1407.200317383
      ],
      [
        -104.5051618868124,
        38.27547896768532,
        1406.341552734
      ],
      [
        -104.50504743946573,
        38.2754829038392,
        1405.793212891
      ],
      [
        -104.50493299211907,
        38.27548683999308,
        1405.797973633
      ],
      [
        -104.50481854477239,
        38.27549077614695,
        1405.906738281
      ],
      [
        -104.50470409742573,
        38.27549471230083,
        1405.987915039
      ],
      [
        -104.50458965007905,
        38.2754986484547,
        1406.065429688
      ],
      [
        -104.5044752027324,
        38.275502584608574,
        1406.017944336
      ],
      [
        -104.50436075538572,
        38.275506520762455,
        1405.920410156
      ],
      [
        -104.50424630803906,
        38.27551045691633,
        1405.948974609
      ],
      [
        -104.50413186069238,
        38.2755143930702,
        1405.999755859
      ],
      [
        -104.50401741334571,
        38.27551832922408,
        1405.817260742
      ],
      [
        -104.50390296599905,
        38.27552226537796,
        1405.798461914
      ],
      [
        -104.50378851865237,
        38.27552620153183,
        1405.772216797
      ],
      [
        -104.50367407130571,
        38.275530137685706,
        1405.752197266
      ],
      [
        -104.50355962395903,
        38.27553407383958,
        1405.70324707
      ],
      [
        -104.50344517661237,
        38.27553800999346,
        1405.59777832
      ],
      [
        -104.5033307292657,
        38.275541946147335,
        1404.806518555
      ],
      [
        -104.50321628191904,
        38.27554588230121,
        1403.916503906
      ],
      [
        -104.50310183457236,
        38.27554981845508,
        1404.124145508
      ],
      [
        -104.50298738722569,
        38.275553754608964,
        1405.797851562
      ],
      [
        -104.50287293987903,
        38.27555769076284,
        1408.554077148
      ],
      [
        -104.50275849253235,
        38.27556162691671,
        1409.206298828
      ],
      [
        -104.50264404518569,
        38.275565563070586,
        1409.350463867
      ],
      [
        -104.50252959783901,
        38.27556949922447,
        1409.342895508
      ],
      [
        -104.50241515049235,
        38.27557343537834,
        1409.369140625
      ],
      [
        -104.50230070314568,
        38.275577371532215,
        1409.392822266
      ],
      [
        -104.50218625579902,
        38.27558130768609,
        1409.427856445
      ],
      [
        -104.50207180845234,
        38.27558524383997,
        1409.478881836
      ],
      [
        -104.50195736110567,
        38.275589179993844,
        1409.498291016
      ],
      [
        -104.501842913759,
        38.27559311614772,
        1409.502075195
      ],
      [
        -104.50172846641233,
        38.27559705230159,
        1409.498291016
      ],
      [
        -104.50161401906567,
        38.27560098845547,
        1409.473266602
      ],
      [
        -104.501499571719,
        38.27560492460935,
        1409.45703125
      ],
      [
        -104.50138512437233,
        38.27560886076322,
        1409.443237305
      ],
      [
        -104.50135200000267,
        38.27560999999991,
        1409.424560547
      ],
      [
        -104.5012706015522,
        38.27561051287039,
        1409.399536133
      ],
      [
        -104.50115604799035,
        38.27561123464249,
        1409.35949707
      ],
      [
        -104.50104149442848,
        38.2756119564146,
        1409.348266602
      ],
      [
        -104.5009269408666,
        38.27561267818671,
        1409.318359375
      ],
      [
        -104.50081238730473,
        38.27561339995882,
        1409.274536133
      ],
      [
        -104.50069783374288,
        38.275614121730925,
        1409.20703125
      ],
      [
        -104.500583280181,
        38.275614843503035,
        1409.174316406
      ],
      [
        -104.50046876626772,
        38.275616923250396,
        1409.229858398
      ],
      [
        -104.50035429105017,
        38.27562032833852,
        1409.28112793
      ],
      [
        -104.50023981583263,
        38.27562373342665,
        1409.314941406
      ],
      [
        -104.50012534061507,
        38.27562713851477,
        1409.287475586
      ],
      [
        -104.50001086539753,
        38.2756305436029,
        1409.258789062
      ],
      [
        -104.49989639017998,
        38.27563394869102,
        1409.243774414
      ],
      [
        -104.49978191496244,
        38.27563735377915,
        1409.222045898
      ],
      [
        -104.4996674397449,
        38.275640758867276,
        1409.161865234
      ],
      [
        -104.49955296452735,
        38.275644163955405,
        1409.131835938
      ],
      [
        -104.49943848930981,
        38.275647569043535,
        1409.10559082
      ],
      [
        -104.49932401409227,
        38.27565097413166,
        1409.07800293
      ],
      [
        -104.49920953887472,
        38.27565437921979,
        1409.065551758
      ],
      [
        -104.49909506365718,
        38.27565778430791,
        1409.102294922
      ],
      [
        -104.49898058843964,
        38.27566118939604,
        1409.103759766
      ],
      [
        -104.49886611322209,
        38.27566459448416,
        1409.039916992
      ],
      [
        -104.49875163800455,
        38.27566799957229,
        1409.017456055
      ],
      [
        -104.498637162787,
        38.27567140466042,
        1409.021240234
      ],
      [
        -104.49852268756946,
        38.275674809748544,
        1409.028686523
      ],
      [
        -104.49840821235192,
        38.275678214836674,
        1409.02746582
      ],
      [
        -104.49829373713438,
        38.2756816199248,
        1409.015136719
      ],
      [
        -104.49817926191683,
        38.275685025012926,
        1409.018920898
      ],
      [
        -104.49806478669929,
        38.27568843010105,
        1409.030151367
      ],
      [
        -104.49795031148174,
        38.27569183518918,
        1409.030151367
      ],
      [
        -104.4978358362642,
        38.27569524027731,
        1409.030151367
      ],
      [
        -104.49772136104666,
        38.27569864536543,
        1409.026367188
      ],
      [
        -104.49760688582911,
        38.27570205045356,
        1408.903076172
      ],
      [
        -104.49749241061157,
        38.27570545554168,
        1408.656860352
      ],
      [
        -104.49737793539403,
        38.27570886062981,
        1408.514282227
      ],
      [
        -104.49726346017648,
        38.275712265717935,
        1408.29309082
      ],
      [
        -104.49714898495894,
        38.275715670806065,
        1408.139282227
      ],
      [
        -104.4970345097414,
        38.275719075894195,
        1407.906860352
      ],
      [
        -104.49692003452385,
        38.27572248098232,
        1407.739257812
      ],
      [
        -104.49680555930631,
        38.27572588607045,
        1407.478759766
      ],
      [
        -104.49669108408877,
        38.27572929115857,
        1407.243774414
      ],
      [
        -104.49657660887122,
        38.2757326962467,
        1406.883789062
      ],
      [
        -104.49646213365368,
        38.27573610133482,
        1406.657592773
      ],
      [
        -104.49634765843614,
        38.27573950642295,
        1406.396362305
      ],
      [
        -104.49623318321859,
        38.275742911511074,
        1406.329956055
      ],
      [
        -104.49611870800105,
        38.275746316599204,
        1406.28503418
      ],
      [
        -104.4960042327835,
        38.27574972168733,
        1406.330078125
      ],
      [
        -104.49588976066077,
        38.2757532011942,
        1406.306274414
      ],
      [
        -104.4957752886109,
        38.275756682452894,
        1406.28503418
      ],
      [
        -104.49566081656101,
        38.27576016371159,
        1406.277587891
      ],
      [
        -104.49554634451114,
        38.27576364497029,
        1406.262573242
      ],
      [
        -104.49543187246127,
        38.275767126228985,
        1406.25
      ],
      [
        -104.49531740041138,
        38.27577060748768,
        1406.233520508
      ],
      [
        -104.49520292836151,
        38.275774088746374,
        1406.229858398
      ],
      [
        -104.49508845631163,
        38.27577757000507,
        1406.21484375
      ],
      [
        -104.49497398426175,
        38.27578105126376,
        1406.213500977
      ],
      [
        -104.49485951221187,
        38.27578453252246,
        1406.198486328
      ],
      [
        -104.49474504016199,
        38.27578801378115,
        1406.193481445
      ],
      [
        -104.49463056811211,
        38.275791495039854,
        1406.181396484
      ],
      [
        -104.49451609606224,
        38.27579497629855,
        1406.233520508
      ],
      [
        -104.49440162401235,
        38.275798457557244,
        1406.216064453
      ],
      [
        -104.49428715196248,
        38.27580193881594,
        1406.212280273
      ],
      [
        -104.4941726799126,
        38.27580542007463,
        1406.208496094
      ],
      [
        -104.49405820786272,
        38.27580890133333,
        1406.207275391
      ],
      [
        -104.49394373581285,
        38.27581238259202,
        1406.185668945
      ],
      [
        -104.49382926376296,
        38.27581586385072,
        1406.168457031
      ],
      [
        -104.49371479171309,
        38.27581934510942,
        1406.108520508
      ],
      [
        -104.49360031966322,
        38.27582282636811,
        1405.984741211
      ],
      [
        -104.49348584761333,
        38.27582630762681,
        1405.962158203
      ],
      [
        -104.49337137556346,
        38.2758297888855,
        1405.962158203
      ],
      [
        -104.49325690351357,
        38.2758332701442,
        1405.965942383
      ],
      [
        -104.4931424314637,
        38.27583675140289,
        1405.974121094
      ],
      [
        -104.49302795941382,
        38.27584023266159,
        1405.944335938
      ],
      [
        -104.49291348736394,
        38.27584371392028,
        1405.803100586
      ],
      [
        -104.49279901531406,
        38.27584719517898,
        1405.638061523
      ],
      [
        -104.49268454326419,
        38.27585067643768,
        1405.420532227
      ],
      [
        -104.4925700712143,
        38.27585415769637,
        1405.254272461
      ],
      [
        -104.49245559916443,
        38.27585763895507,
        1405.032226562
      ],
      [
        -104.49234112711454,
        38.27586112021376,
        1404.911987305
      ],
      [
        -104.49222665506467,
        38.275864601472456,
        1404.735717773
      ],
      [
        -104.4921121830148,
        38.27586808273115,
        1404.622070312
      ],
      [
        -104.49199771096491,
        38.275871563989845,
        1404.448364258
      ],
      [
        -104.49188323891504,
        38.27587504524855,
        1404.324584961
      ],
      [
        -104.49176876686515,
        38.27587852650724,
        1404.103271484
      ],
      [
        -104.49165429481528,
        38.27588200776594,
        1403.916381836
      ],
      [
        -104.4915398227654,
        38.27588548902463,
        1403.721191406
      ],
      [
        -104.49142535071552,
        38.275888970283326,
        1403.533691406
      ],
      [
        -104.49131087866564,
        38.27589245154202,
        1403.403686523
      ],
      [
        -104.49119640661577,
        38.275895932800715,
        1403.276245117
      ],
      [
        -104.49108193456588,
        38.27589941405941,
        1403.228759766
      ],
      [
        -104.49096746251601,
        38.27590289531811,
        1403.19152832
      ],
      [
        -104.49085299046612,
        38.275906376576806,
        1403.184082031
      ],
      [
        -104.49073851841625,
        38.2759098578355,
        1403.165283203
      ],
      [
        -104.49062404636638,
        38.275913339094195,
        1403.149047852
      ],
      [
        -104.49050957431649,
        38.27591682035289,
        1403.12902832
      ],
      [
        -104.49039510226662,
        38.275920301611585,
        1403.127807617
      ],
      [
        -104.49028063021673,
        38.27592378287028,
        1403.109008789
      ],
      [
        -104.49016615816686,
        38.275927264128974,
        1403.098999023
      ],
      [
        -104.49005168611698,
        38.275930745387676,
        1403.053588867
      ],
      [
        -104.4899372140671,
        38.27593422664637,
        1403.032348633
      ],
      [
        -104.48982274201722,
        38.275937707905065,
        1402.934814453
      ],
      [
        -104.48970826996735,
        38.27594118916376,
        1402.918579102
      ],
      [
        -104.48959379791746,
        38.275944670422454,
        1402.917358398
      ],
      [
        -104.48947932586759,
        38.27594815168115,
        1402.928344727
      ],
      [
        -104.4893648538177,
        38.275951632939844,
        1402.927612305
      ],
      [
        -104.48925038176783,
        38.27595511419854,
        1402.916381836
      ],
      [
        -104.48913590971796,
        38.27595859545724,
        1402.927612305
      ],
      [
        -104.48902143766807,
        38.275962076715935,
        1402.940185547
      ],
      [
        -104.4889069656182,
        38.27596555797463,
        1402.955200195
      ],
      [
        -104.48879249356833,
        38.275969039233324,
        1402.989013672
      ],
      [
        -104.48867802151844,
        38.27597252049202,
        1403.037109375
      ],
      [
        -104.48856354946857,
        38.27597600175071,
        1403.099365234
      ],
      [
        -104.48844907741868,
        38.27597948300941,
        1402.903076172
      ],
      [
        -104.4883346053688,
        38.2759829642681,
        1403.026855469
      ],
      [
        -104.48822013331893,
        38.275986445526804,
        1403.070678711
      ],
      [
        -104.48810566126905,
        38.2759899267855,
        1401.483154297
      ],
      [
        -104.48799118921917,
        38.275993408044194,
        1399.814086914
      ],
      [
        -104.48787671716929,
        38.27599688930289,
        1399.565795898
      ],
      [
        -104.48776224511941,
        38.27600037056158,
        1399.46081543
      ],
      [
        -104.48764777306954,
        38.27600385182028,
        1401.084594727
      ],
      [
        -104.48753330101965,
        38.27600733307897,
        1402.989501953
      ],
      [
        -104.48741882896978,
        38.27601081433767,
        1403.192016602
      ],
      [
        -104.4873043569199,
        38.27601429559636,
        1402.963256836
      ],
      [
        -104.48718988487002,
        38.27601777685506,
        1402.951171875
      ],
      [
        -104.48707541282015,
        38.27602125811376,
        1402.945068359
      ],
      [
        -104.48696094077026,
        38.27602473937245,
        1402.930053711
      ],
      [
        -104.48684646872039,
        38.27602822063115,
        1402.94128418
      ],
      [
        -104.48673199667051,
        38.27603170188984,
        1402.945068359
      ],
      [
        -104.48661752462063,
        38.27603518314854,
        1402.943847656
      ],
      [
        -104.48650305257075,
        38.27603866440723,
        1402.856811523
      ],
      [
        -104.48638858052087,
        38.276042145665926,
        1402.145629883
      ],
      [
        -104.486274108471,
        38.27604562692463,
        1401.403198242
      ],
      [
        -104.48615963642112,
        38.27604910818332,
        1400.680664062
      ],
      [
        -104.48604516437123,
        38.27605258944202,
        1400.469360352
      ],
      [
        -104.48593069232136,
        38.27605607070071,
        1400.315673828
      ],
      [
        -104.48581622027149,
        38.276059551959406,
        1400.239379883
      ],
      [
        -104.4857017482216,
        38.2760630332181,
        1400.185424805
      ],
      [
        -104.48558727617173,
        38.276066514476796,
        1400.141601562
      ],
      [
        -104.48547280412184,
        38.27606999573549,
        1400.055297852
      ],
      [
        -104.48535833207197,
        38.27607347699419,
        1399.885742188
      ],
      [
        -104.4852438600221,
        38.27607695825289,
        1399.879516602
      ],
      [
        -104.48512938797221,
        38.27608043951158,
        1399.870727539
      ],
      [
        -104.48501491592233,
        38.276083920770276,
        1399.879394531
      ],
      [
        -104.48490044387246,
        38.27608740202897,
        1399.871582031
      ],
      [
        -104.48478597182257,
        38.276090883287665,
        1399.871582031
      ],
      [
        -104.4846714997727,
        38.27609436454636,
        1399.871582031
      ],
      [
        -104.48455702772281,
        38.276097845805054,
        1399.870239258
      ],
      [
        -104.48444255567294,
        38.276101327063756,
        1399.874023438
      ],
      [
        -104.48432808362307,
        38.27610480832245,
        1399.876586914
      ],
      [
        -104.48421361157318,
        38.276108289581146,
        1399.919189453
      ],
      [
        -104.48409913952331,
        38.27611177083984,
        1399.843017578
      ],
      [
        -104.48398466747342,
        38.276115252098535,
        1399.153076172
      ],
      [
        -104.48387019542355,
        38.27611873335723,
        1398.623291016
      ],
      [
        -104.48375572337368,
        38.276122214615924,
        1399.204589844
      ],
      [
        -104.48364125132379,
        38.27612569587462,
        1399.855834961
      ],
      [
        -104.48352677927392,
        38.27612917713332,
        1400.060668945
      ],
      [
        -104.48341230722404,
        38.276132658392015,
        1400.096435547
      ],
      [
        -104.48329783517416,
        38.27613613965071,
        1400.155151367
      ],
      [
        -104.48318336312428,
        38.276139620909404,
        1400.313964844
      ],
      [
        -104.4830688910744,
        38.2761431021681,
        1400.477661133
      ],
      [
        -104.48295441902452,
        38.276146583426794,
        1400.68762207
      ],
      [
        -104.48283994697465,
        38.27615006468549,
        1400.792602539
      ],
      [
        -104.48272547492476,
        38.27615354594418,
        1400.911254883
      ],
      [
        -104.48261100287489,
        38.276157027202885,
        1400.971191406
      ],
      [
        -104.482496530825,
        38.27616050846158,
        1401.057495117
      ],
      [
        -104.48238205877513,
        38.276163989720274,
        1401.123657227
      ],
      [
        -104.48226758672526,
        38.27616747097897,
        1401.166137695
      ],
      [
        -104.48215311467537,
        38.27617095223766,
        1401.171142578
      ],
      [
        -104.4820386426255,
        38.27617443349636,
        1401.185913086
      ],
      [
        -104.48192417057562,
        38.27617791475505,
        1401.174560547
      ],
      [
        -104.48180969852574,
        38.27618139601375,
        1401.165771484
      ],
      [
        -104.48169522647586,
        38.27618487727245,
        1401.150756836
      ],
      [
        -104.48158075442598,
        38.276188358531144,
        1401.124633789
      ],
      [
        -104.4814662823761,
        38.27619183978984,
        1401.104614258
      ],
      [
        -104.48135181032623,
        38.27619532104853,
        1401.075317383
      ],
      [
        -104.48123733827634,
        38.27619880230723,
        1401.052612305
      ],
      [
        -104.48112286622647,
        38.27620228356592,
        1401.012573242
      ],
      [
        -104.4810083941766,
        38.27620576482462,
        1400.952636719
      ],
      [
        -104.48089392212671,
        38.27620924608331,
        1400.908813477
      ],
      [
        -104.48077945007684,
        38.27621272734201,
        1400.868896484
      ],
      [
        -104.48066497802695,
        38.27621620860071,
        1400.783813477
      ],
      [
        -104.48055050597708,
        38.2762196898594,
        1400.583496094
      ],
      [
        -104.4804360339272,
        38.2762231711181,
        1400.399291992
      ],
      [
        -104.48032156187732,
        38.27622665237679,
        1400.204223633
      ],
      [
        -104.48020708982745,
        38.27623013363549,
        1400.185546875
      ],
      [
        -104.48009261777756,
        38.27623361489418,
        1400.159301758
      ],
      [
        -104.47997814572769,
        38.276237096152876,
        1400.120483398
      ],
      [
        -104.47986367367781,
        38.27624057741158,
        1400.077026367
      ],
      [
        -104.47974920162793,
        38.27624405867027,
        1400.046630859
      ],
      [
        -104.47963472957805,
        38.27624753992897,
        1400.005371094
      ],
      [
        -104.47952025752818,
        38.27625102118766,
        1399.985351562
      ],
      [
        -104.47940578547829,
        38.276254502446356,
        1399.958007812
      ],
      [
        -104.47929131342842,
        38.27625798370505,
        1400.030395508
      ],
      [
        -104.47917684137853,
        38.276261464963746,
        1400.004150391
      ],
      [
        -104.47906236932866,
        38.27626494622244,
        1399.947998047
      ],
      [
        -104.47894789727879,
        38.27626842748114,
        1399.816772461
      ],
      [
        -104.4788334252289,
        38.27627190873984,
        1399.333007812
      ],
      [
        -104.47871895317903,
        38.27627538999853,
        1398.73059082
      ],
      [
        -104.47860448112914,
        38.276278871257226,
        1397.590576172
      ],
      [
        -104.47849000907927,
        38.27628235251592,
        1397.156860352
      ],
      [
        -104.4783755370294,
        38.276285833774615,
        1396.998779297
      ],
      [
        -104.4782610649795,
        38.27628931503331,
        1396.956054688
      ],
      [
        -104.47814659292963,
        38.276292796292005,
        1396.618530273
      ],
      [
        -104.47803212087976,
        38.276296277550706,
        1395.875976562
      ],
      [
        -104.47791764882987,
        38.2762997588094,
        1395.138549805
      ],
      [
        -104.47780317678,
        38.276303240068096,
        1395.763549805
      ],
      [
        -104.47768870473011,
        38.27630672132679,
        1397.39855957
      ],
      [
        -104.47757423268024,
        38.276310202585485,
        1397.705322266
      ],
      [
        -104.47745975890159,
        38.27631365143427,
        1397.834594727
      ],
      [
        -104.47734528129894,
        38.276317028593795,
        1397.923339844
      ],
      [
        -104.4772308036963,
        38.27632040575332,
        1398.043334961
      ],
      [
        -104.47711632609365,
        38.27632378291284,
        1398.103393555
      ],
      [
        -104.47700184849101,
        38.27632716007236,
        1398.132080078
      ],
      [
        -104.47688737088838,
        38.276330537231885,
        1398.129150391
      ],
      [
        -104.47677289328573,
        38.27633391439141,
        1398.114990234
      ],
      [
        -104.47665841568309,
        38.27633729155093,
        1398.099975586
      ],
      [
        -104.47654393808044,
        38.27634066871045,
        1398.099975586
      ],
      [
        -104.4764294604778,
        38.276344045869976,
        1398.084960938
      ],
      [
        -104.47631498287517,
        38.2763474230295,
        1398.076293945
      ],
      [
        -104.47620050527252,
        38.27635080018903,
        1398.131225586
      ],
      [
        -104.47608602766988,
        38.27635417734855,
        1398.130371094
      ],
      [
        -104.47597155006723,
        38.276357554508074,
        1398.116699219
      ],
      [
        -104.47585707246459,
        38.2763609316676,
        1398.120483398
      ],
      [
        -104.47574259486196,
        38.27636430882712,
        1398.116699219
      ],
      [
        -104.4756281172593,
        38.27636768598664,
        1398.115478516
      ],
      [
        -104.47551363965667,
        38.276371063146165,
        1398.091674805
      ],
      [
        -104.47539916205402,
        38.27637444030569,
        1398.062255859
      ],
      [
        -104.47528468697259,
        38.276377871137534,
        1398.037353516
      ],
      [
        -104.47517021250322,
        38.27638131499892,
        1398.028564453
      ],
      [
        -104.47505573803383,
        38.2763847588603,
        1398.018554688
      ],
      [
        -104.47494126356445,
        38.27638820272169,
        1398.001098633
      ],
      [
        -104.47482678909506,
        38.27639164658308,
        1397.972412109
      ],
      [
        -104.47471231462568,
        38.27639509044446,
        1397.908569336
      ],
      [
        -104.47459784015629,
        38.27639853430585,
        1397.900634766
      ],
      [
        -104.47448336568692,
        38.276401978167236,
        1397.800170898
      ],
      [
        -104.47436889121754,
        38.276405422028624,
        1397.740234375
      ],
      [
        -104.47425441674815,
        38.276408865890005,
        1397.623901367
      ],
      [
        -104.47413994227877,
        38.27641230975139,
        1397.525268555
      ],
      [
        -104.47402546780938,
        38.27641575361278,
        1397.325195312
      ],
      [
        -104.47391099334001,
        38.27641919747416,
        1397.167602539
      ],
      [
        -104.47379651887063,
        38.27642264133555,
        1396.994873047
      ],
      [
        -104.47368204440124,
        38.27642608519694,
        1396.914794922
      ],
      [
        -104.47356754429326,
        38.276428698507516,
        1396.473632812
      ],
      [
        -104.47345299162085,
        38.276429609017185,
        1395.991088867
      ],
      [
        -104.47333843894843,
        38.27643051952685,
        1395.87487793
      ],
      [
        -104.47322388627602,
        38.27643143003651,
        1396.344848633
      ],
      [
        -104.4731093336036,
        38.27643234054618,
        1396.995605469
      ],
      [
        -104.47299478093117,
        38.27643325105584,
        1397.223022461
      ],
      [
        -104.47288022825876,
        38.276434161565504,
        1397.491821289
      ],
      [
        -104.47276567558634,
        38.276435072075174,
        1397.983032227
      ],
      [
        -104.47265117259914,
        38.27643290782386,
        1398.316894531
      ],
      [
        -104.47253668620255,
        38.27642971686591,
        1398.64440918
      ],
      [
        -104.47242219980595,
        38.276426525907965,
        1398.764892578
      ],
      [
        -104.47230771340935,
        38.27642333495002,
        1398.882446289
      ],
      [
        -104.47219322701275,
        38.27642014399207,
        1398.943725586
      ],
      [
        -104.47207874061614,
        38.27641695303412,
        1399.013671875
      ],
      [
        -104.47196425421954,
        38.276413762076174,
        1399.054931641
      ],
      [
        -104.47184992928771,
        38.276408157032144,
        1399.130004883
      ],
      [
        -104.4717356466283,
        38.27640191996613,
        1399.177368164
      ],
      [
        -104.47162136396891,
        38.276395682900116,
        1399.239257812
      ],
      [
        -104.47150710220657,
        38.27638923857762,
        1399.189331055
      ],
      [
        -104.47139299236915,
        38.27638128746918,
        1399.264282227
      ],
      [
        -104.47127888253172,
        38.276373336360734,
        1399.312988281
      ],
      [
        -104.47116477269428,
        38.2763653852523,
        1399.394287109
      ],
      [
        -104.47105070860292,
        38.276357074405354,
        1399.434326172
      ],
      [
        -104.4709368469016,
        38.2763471720005,
        1399.377807617
      ],
      [
        -104.47082298520029,
        38.27633726959565,
        1399.421875
      ],
      [
        -104.47070912349896,
        38.2763273671908,
        1399.443115234
      ],
      [
        -104.47059526179765,
        38.27631746478595,
        1399.469360352
      ],
      [
        -104.47048140009635,
        38.2763075623811,
        1399.478149414
      ],
      [
        -104.47036753839502,
        38.27629765997625,
        1399.413085938
      ],
      [
        -104.47025367669372,
        38.276287757571396,
        1399.413085938
      ],
      [
        -104.4701398149924,
        38.27627785516655,
        1399.405395508
      ],
      [
        -104.47002595329108,
        38.2762679527617,
        1399.401611328
      ],
      [
        -104.46991209158978,
        38.276258050356844,
        1399.401611328
      ],
      [
        -104.46979822988845,
        38.276248147951996,
        1399.326660156
      ],
      [
        -104.46968436818715,
        38.27623824554715,
        1399.330444336
      ],
      [
        -104.46957050648582,
        38.27622834314229,
        1399.345458984
      ],
      [
        -104.46945664478451,
        38.276218440737445,
        1399.358276367
      ],
      [
        -104.46934278308319,
        38.2762085383326,
        1399.26965332
      ],
      [
        -104.46922892138188,
        38.27619863592774,
        1399.268432617
      ],
      [
        -104.46911505968058,
        38.27618873352289,
        1399.244628906
      ],
      [
        -104.46900119797925,
        38.276178831118045,
        1399.212158203
      ],
      [
        -104.46888731625239,
        38.27616907407578,
        1399.174682617
      ],
      [
        -104.46877340196929,
        38.27615955335476,
        1399.053344727
      ],
      [
        -104.46865948768617,
        38.27615003263374,
        1398.989746094
      ],
      [
        -104.46854557340306,
        38.27614051191272,
        1398.953491211
      ],
      [
        -104.46843165911994,
        38.2761309911917,
        1398.904785156
      ],
      [
        -104.46831774483682,
        38.27612147047068,
        1398.868408203
      ],
      [
        -104.46820383055372,
        38.276111949749655,
        1398.743041992
      ],
      [
        -104.4680899162706,
        38.27610242902864,
        1398.706787109
      ],
      [
        -104.46797600198748,
        38.27609290830762,
        1398.670654297
      ],
      [
        -104.46786208770438,
        38.276083387586596,
        1398.622314453
      ],
      [
        -104.46774817342126,
        38.27607386686557,
        1398.582397461
      ],
      [
        -104.46763426093877,
        38.27606433342241,
        1398.387695312
      ],
      [
        -104.46752045807959,
        38.276054025443074,
        1398.280273438
      ],
      [
        -104.46740665522042,
        38.27604371746373,
        1398.032714844
      ],
      [
        -104.46729285236124,
        38.27603340948439,
        1397.727783203
      ],
      [
        -104.46717904950205,
        38.27602310150505,
        1397.418334961
      ],
      [
        -104.46706524664287,
        38.27601279352571,
        1397.202026367
      ],
      [
        -104.4669514437837,
        38.276002485546364,
        1396.98449707
      ],
      [
        -104.46683764092452,
        38.27599217756702,
        1396.944580078
      ],
      [
        -104.46672383806535,
        38.27598186958768,
        1396.934570312
      ],
      [
        -104.46661003520617,
        38.27597156160834,
        1397.139526367
      ],
      [
        -104.466496232347,
        38.275961253629,
        1397.270629883
      ],
      [
        -104.46638242948782,
        38.275950945649654,
        1397.322753906
      ],
      [
        -104.46626862662865,
        38.27594063767032,
        1397.261474609
      ],
      [
        -104.46615482338366,
        38.27593033237847,
        1397.270263672
      ],
      [
        -104.46604096396156,
        38.27592041841252,
        1397.215332031
      ],
      [
        -104.46592710453946,
        38.275910504446564,
        1397.031494141
      ],
      [
        -104.46581324511736,
        38.27590059048061,
        1396.826538086
      ],
      [
        -104.46569938569526,
        38.275890676514656,
        1396.534912109
      ],
      [
        -104.46558552627314,
        38.2758807625487,
        1396.889892578
      ],
      [
        -104.46547166685104,
        38.27587084858275,
        1396.87487793
      ],
      [
        -104.46535780742894,
        38.275860934616794,
        1396.813720703
      ],
      [
        -104.46524394800684,
        38.27585102065084,
        1396.643554688
      ],
      [
        -104.46513008858474,
        38.27584110668489,
        1396.264892578
      ],
      [
        -104.46501622916264,
        38.275831192718925,
        1397.533569336
      ],
      [
        -104.46490236974054,
        38.27582127875297,
        1397.173217773
      ],
      [
        -104.46478851031844,
        38.27581136478702,
        1396.789550781
      ],
      [
        -104.46467465089634,
        38.275801450821064,
        1396.285766602
      ],
      [
        -104.46456079147424,
        38.27579153685511,
        1396.655761719
      ],
      [
        -104.46444693205214,
        38.275781622889156,
        1394.383300781
      ],
      [
        -104.46433313294199,
        38.27577130085412,
        1393.51953125
      ],
      [
        -104.46423619999993,
        38.275762099999994,
        1393.474731445
      ],
      [
        -104.46421938283133,
        38.275760648488564,
        1393.603149414
      ],
      [
        -104.46410551195373,
        38.275750820146776,
        1394.060668945
      ],
      [
        -104.46399164107612,
        38.275740991804994,
        1395.981933594
      ],
      [
        -104.46387777019852,
        38.27573116346321,
        1396.01184082
      ],
      [
        -104.46376389932091,
        38.27572133512143,
        1395.510620117
      ],
      [
        -104.46365002844331,
        38.27571150677965,
        1395.070678711
      ],
      [
        -104.4635361575657,
        38.27570167843786,
        1395.019042969
      ],
      [
        -104.4634222866881,
        38.27569185009608,
        1396.006958008
      ],
      [
        -104.46330841581049,
        38.2756820217543,
        1396.071899414
      ],
      [
        -104.46319454493289,
        38.27567219341252,
        1396.676879883
      ],
      [
        -104.46308067405528,
        38.27566236507074,
        1396.965698242
      ],
      [
        -104.46296680317768,
        38.27565253672895,
        1397.480712891
      ],
      [
        -104.46285293230007,
        38.27564270838717,
        1397.715698242
      ],
      [
        -104.46273906142247,
        38.275632880045386,
        1397.8046875
      ],
      [
        -104.46262519054486,
        38.275623051703604,
        1397.785888672
      ],
      [
        -104.46251131966724,
        38.27561322336182,
        1397.768432617
      ],
      [
        -104.46239744878964,
        38.275603395020035,
        1397.789672852
      ],
      [
        -104.46228357791203,
        38.27559356667825,
        1397.80847168
      ],
      [
        -104.46216970703443,
        38.27558373833647,
        1397.832275391
      ],
      [
        -104.46205583615682,
        38.27557390999469,
        1397.848266602
      ],
      [
        -104.46194196527922,
        38.27556408165291,
        1397.877929688
      ],
      [
        -104.46182809440161,
        38.27555425331112,
        1397.856689453
      ],
      [
        -104.46171422352401,
        38.27554442496934,
        1397.874145508
      ],
      [
        -104.4616003526464,
        38.27553459662756,
        1397.877929688
      ],
      [
        -104.4614864817688,
        38.27552476828578,
        1397.889160156
      ],
      [
        -104.46137261089119,
        38.275514939943996,
        1397.857910156
      ],
      [
        -104.46125874001359,
        38.27550511160221,
        1397.86315918
      ],
      [
        -104.46114486913598,
        38.275495283260426,
        1397.864501953
      ],
      [
        -104.46103099825838,
        38.275485454918645,
        1397.868164062
      ],
      [
        -104.46091712738077,
        38.27547562657686,
        1397.868164062
      ],
      [
        -104.46080325650317,
        38.27546579823508,
        1397.838256836
      ],
      [
        -104.46068938562556,
        38.275455969893294,
        1397.823242188
      ],
      [
        -104.46057551474796,
        38.27544614155151,
        1397.823486328
      ],
      [
        -104.46046164387035,
        38.27543631320973,
        1397.812866211
      ],
      [
        -104.46034777299275,
        38.27542648486795,
        1397.809082031
      ],
      [
        -104.46023390211514,
        38.27541665652617,
        1397.775512695
      ],
      [
        -104.46012003123754,
        38.27540682818438,
        1397.775512695
      ],
      [
        -104.46000616035992,
        38.2753969998426,
        1397.760498047
      ],
      [
        -104.45989228948233,
        38.27538717150082,
        1397.755493164
      ],
      [
        -104.45977841860471,
        38.275377343159036,
        1397.75390625
      ],
      [
        -104.4596645477271,
        38.275367514817255,
        1397.689453125
      ],
      [
        -104.4595506768495,
        38.275357686475466,
        1397.658203125
      ],
      [
        -104.45943680597189,
        38.275347858133685,
        1397.60949707
      ],
      [
        -104.45932293509429,
        38.275338029791904,
        1397.568237305
      ],
      [
        -104.45920906421668,
        38.27532820145012,
        1397.458251953
      ],
      [
        -104.45909519333908,
        38.27531837310834,
        1397.372680664
      ],
      [
        -104.45898132246147,
        38.27530854476655,
        1397.213623047
      ],
      [
        -104.45886745158387,
        38.27529871642477,
        1397.114868164
      ],
      [
        -104.45875358070626,
        38.27528888808299,
        1397.067504883
      ],
      [
        -104.45863970982866,
        38.27527905974121,
        1396.993652344
      ],
      [
        -104.45852583895105,
        38.27526923139943,
        1396.944946289
      ],
      [
        -104.45841196807345,
        38.27525940305764,
        1396.875
      ],
      [
        -104.45829809719584,
        38.27524957471586,
        1396.840209961
      ],
      [
        -104.45818422631824,
        38.275239746374076,
        1396.831054688
      ],
      [
        -104.45807035544063,
        38.275229918032295,
        1396.819824219
      ],
      [
        -104.45795648456303,
        38.275220089690514,
        1396.819824219
      ],
      [
        -104.45784261368541,
        38.275210261348725,
        1396.819824219
      ],
      [
        -104.45772874280782,
        38.275200433006944,
        1396.821044922
      ],
      [
        -104.45764610000494,
        38.275193300000424,
        1396.822998047
      ],
      [
        -104.45761487889969,
        38.27519055782928,
        1396.830566406
      ],
      [
        -104.45750103343582,
        38.27518055870389,
        1396.768920898
      ],
      [
        -104.45738718797195,
        38.275170559578484,
        1396.662719727
      ],
      [
        -104.45727334250806,
        38.27516056045309,
        1396.501464844
      ],
      [
        -104.45715949704419,
        38.275150561327685,
        1396.427734375
      ],
      [
        -104.45704565158032,
        38.27514056220229,
        1396.370117188
      ],
      [
        -104.45693180611643,
        38.27513056307689,
        1396.328979492
      ],
      [
        -104.45681796065256,
        38.27512056395149,
        1396.278808594
      ],
      [
        -104.45670411518869,
        38.27511056482609,
        1396.199584961
      ],
      [
        -104.4565902697248,
        38.2751005657007,
        1396.134643555
      ],
      [
        -104.45647642426093,
        38.275090566575294,
        1395.979614258
      ],
      [
        -104.45636257879706,
        38.2750805674499,
        1395.900878906
      ],
      [
        -104.45624873333317,
        38.2750705683245,
        1395.790893555
      ],
      [
        -104.4561348878693,
        38.2750605691991,
        1395.72668457
      ],
      [
        -104.45602104240542,
        38.2750505700737,
        1395.549194336
      ],
      [
        -104.45590719694154,
        38.2750405709483,
        1395.457885742
      ],
      [
        -104.45579335147767,
        38.2750305718229,
        1395.309204102
      ],
      [
        -104.4556795060138,
        38.27502057269751,
        1395.185424805
      ],
      [
        -104.45556566054991,
        38.275010573572104,
        1395.036621094
      ],
      [
        -104.45545181508604,
        38.27500057444671,
        1394.722900391
      ],
      [
        -104.45533796962216,
        38.27499057532131,
        1394.468017578
      ],
      [
        -104.45522412415828,
        38.27498057619591,
        1393.99597168
      ],
      [
        -104.4551102786944,
        38.27497057707051,
        1393.838500977
      ],
      [
        -104.45499643323053,
        38.274960577945116,
        1393.80480957
      ],
      [
        -104.45488258776665,
        38.27495057881971,
        1393.811035156
      ],
      [
        -104.45476874230278,
        38.27494057969432,
        1393.784790039
      ],
      [
        -104.4546548968389,
        38.27493058056892,
        1393.780517578
      ],
      [
        -104.45454105137502,
        38.27492058144352,
        1393.779174805
      ],
      [
        -104.45442720591114,
        38.27491058231812,
        1393.779174805
      ],
      [
        -104.45431336044727,
        38.27490058319272,
        1393.779174805
      ],
      [
        -104.45419951498339,
        38.27489058406732,
        1393.779174805
      ],
      [
        -104.45408566951951,
        38.274880584941926,
        1393.779174805
      ],
      [
        -104.45397182405564,
        38.27487058581652,
        1393.779174805
      ],
      [
        -104.45385797859177,
        38.274860586691126,
        1393.783081055
      ],
      [
        -104.45374413312788,
        38.27485058756573,
        1393.780639648
      ],
      [
        -104.45363028766401,
        38.27484058844033,
        1393.76940918
      ],
      [
        -104.45351644220014,
        38.27483058931493,
        1393.76940918
      ],
      [
        -104.45340259673625,
        38.274820590189535,
        1393.779418945
      ],
      [
        -104.45328875127238,
        38.27481059106413,
        1393.779418945
      ],
      [
        -104.45317490580851,
        38.274800591938735,
        1393.778564453
      ],
      [
        -104.45306106034462,
        38.27479059281333,
        1393.775878906
      ],
      [
        -104.45294721488075,
        38.274780593687936,
        1393.775878906
      ],
      [
        -104.45283336941688,
        38.27477059456254,
        1393.780883789
      ],
      [
        -104.452719523953,
        38.27476059543714,
        1393.780883789
      ],
      [
        -104.45260567848912,
        38.27475059631174,
        1393.780883789
      ],
      [
        -104.45249183302525,
        38.274740597186344,
        1393.76965332
      ],
      [
        -104.45237798756136,
        38.27473059806094,
        1393.767333984
      ],
      [
        -104.45226414209749,
        38.274720598935545,
        1393.777832031
      ],
      [
        -104.45215029663362,
        38.27471059981015,
        1393.777832031
      ],
      [
        -104.45203645116973,
        38.274700600684746,
        1393.777832031
      ],
      [
        -104.45192260570586,
        38.27469060155935,
        1393.777832031
      ],
      [
        -104.45180876024199,
        38.274680602433946,
        1393.77734375
      ],
      [
        -104.4516949147781,
        38.27467060330855,
        1393.777587891
      ],
      [
        -104.45158106931423,
        38.274660604183154,
        1393.782226562
      ],
      [
        -104.45146722385036,
        38.27465060505775,
        1393.783447266
      ],
      [
        -104.45135337838647,
        38.274640605932355,
        1393.783447266
      ],
      [
        -104.4512395329226,
        38.27463060680696,
        1393.752929688
      ],
      [
        -104.45112568745873,
        38.274620607681555,
        1393.666625977
      ],
      [
        -104.45101184199484,
        38.27461060855616,
        1393.509155273
      ],
      [
        -104.45089799653097,
        38.27460060943076,
        1393.432250977
      ],
      [
        -104.4507841510671,
        38.27459061030536,
        1393.370239258
      ],
      [
        -104.45067030560321,
        38.274580611179964,
        1393.259643555
      ],
      [
        -104.45055646013934,
        38.27457061205457,
        1393.169555664
      ],
      [
        -104.45044261467547,
        38.274560612929164,
        1393.094604492
      ],
      [
        -104.45032876921158,
        38.27455061380377,
        1393.020874023
      ],
      [
        -104.45021492374771,
        38.274540614678365,
        1392.919067383
      ],
      [
        -104.45010107828384,
        38.27453061555297,
        1392.861328125
      ],
      [
        -104.44998723281995,
        38.27452061642757,
        1392.837646484
      ],
      [
        -104.44987338735608,
        38.27451061730217,
        1392.828857422
      ],
      [
        -104.4497595418922,
        38.27450061817677,
        1392.798828125
      ],
      [
        -104.44964569642832,
        38.27449061905138,
        1392.707519531
      ],
      [
        -104.44953185096445,
        38.274480619925974,
        1392.677490234
      ],
      [
        -104.44941800550058,
        38.27447062080058,
        1392.642333984
      ],
      [
        -104.4493041600367,
        38.27446062167518,
        1392.597167969
      ],
      [
        -104.44919031457282,
        38.27445062254978,
        1392.500976562
      ],
      [
        -104.44907646910895,
        38.27444062342438,
        1392.452270508
      ],
      [
        -104.44896262364507,
        38.27443062429898,
        1392.412231445
      ],
      [
        -104.44884877818119,
        38.27442062517358,
        1392.352294922
      ],
      [
        -104.44873493271731,
        38.27441062604819,
        1392.3125
      ],
      [
        -104.44862108725344,
        38.274400626922784,
        1392.218139648
      ],
      [
        -104.44850724178956,
        38.27439062779739,
        1392.158081055
      ],
      [
        -104.44839339632568,
        38.27438062867199,
        1392.118164062
      ],
      [
        -104.44827955086181,
        38.27437062954659,
        1392.038085938
      ],
      [
        -104.44816570539793,
        38.27436063042119,
        1391.993164062
      ],
      [
        -104.44805185993405,
        38.274350631295796,
        1391.868164062
      ],
      [
        -104.44793801447018,
        38.27434063217039,
        1391.82043457
      ],
      [
        -104.4478241690063,
        38.274330633045,
        1391.7578125
      ],
      [
        -104.44771032354242,
        38.274320633919594,
        1391.713989258
      ],
      [
        -104.44759647807855,
        38.2743106347942,
        1391.59777832
      ],
      [
        -104.44748263261467,
        38.2743006356688,
        1391.572753906
      ],
      [
        -104.4473687871508,
        38.2742906365434,
        1391.522827148
      ],
      [
        -104.44725494168692,
        38.274280637418,
        1391.502075195
      ],
      [
        -104.44714109622304,
        38.274270638292606,
        1391.479980469
      ],
      [
        -104.44702725075916,
        38.2742606391672,
        1391.425048828
      ],
      [
        -104.44691340529529,
        38.27425064004181,
        1391.428833008
      ],
      [
        -104.4467995598314,
        38.27424064091641,
        1391.445068359
      ],
      [
        -104.44668571436753,
        38.27423064179101,
        1391.450073242
      ],
      [
        -104.44657186890366,
        38.27422064266561,
        1391.46887207
      ],
      [
        -104.44645802343977,
        38.274210643540215,
        1391.432617188
      ],
      [
        -104.4463441779759,
        38.27420064441481,
        1391.458862305
      ],
      [
        -104.44623033251203,
        38.274190645289416,
        1391.475097656
      ],
      [
        -104.44611648704814,
        38.27418064616401,
        1391.505126953
      ],
      [
        -104.44600264158427,
        38.274170647038616,
        1391.460083008
      ],
      [
        -104.4458887961204,
        38.27416064791322,
        1391.473876953
      ],
      [
        -104.44577495065651,
        38.27415064878782,
        1391.467285156
      ],
      [
        -104.44566110519264,
        38.27414064966242,
        1391.457763672
      ],
      [
        -104.44554725972877,
        38.274130650537025,
        1391.438964844
      ],
      [
        -104.44543341288049,
        38.27412066554512,
        1391.374023438
      ],
      [
        -104.44531956031261,
        38.27411073894537,
        1391.308959961
      ],
      [
        -104.44520570774475,
        38.274100812345615,
        1391.247802734
      ],
      [
        -104.44509185517687,
        38.27409088574586,
        1391.146484375
      ],
      [
        -104.44497800260899,
        38.27408095914611,
        1391.07824707
      ],
      [
        -104.44486415004111,
        38.27407103254635,
        1390.932617188
      ],
      [
        -104.44475029747325,
        38.2740611059466,
        1390.901367188
      ],
      [
        -104.44463644490537,
        38.27405117934685,
        1390.882568359
      ],
      [
        -104.44452259233749,
        38.2740412527471,
        1390.881347656
      ],
      [
        -104.44440873976963,
        38.27403132614734,
        1390.826293945
      ],
      [
        -104.44429488720175,
        38.274021399547586,
        1390.818237305
      ],
      [
        -104.44418103463387,
        38.274011472947834,
        1390.767578125
      ],
      [
        -104.444067182066,
        38.27400154634808,
        1390.729980469
      ],
      [
        -104.44395332949813,
        38.27399161974832,
        1390.728759766
      ],
      [
        -104.44383947693025,
        38.27398169314857,
        1390.723754883
      ],
      [
        -104.44372562436237,
        38.27397176654882,
        1390.723754883
      ],
      [
        -104.4436117717945,
        38.27396183994907,
        1390.723754883
      ],
      [
        -104.44349791922663,
        38.273951913349315,
        1390.726806641
      ],
      [
        -104.44338406665875,
        38.273941986749556,
        1390.727783203
      ],
      [
        -104.44327021409087,
        38.273932060149804,
        1390.725830078
      ],
      [
        -104.443156361523,
        38.27392213355005,
        1390.725830078
      ],
      [
        -104.44304250895513,
        38.2739122069503,
        1390.725830078
      ],
      [
        -104.44292865638725,
        38.27390228035054,
        1390.725830078
      ],
      [
        -104.44281480381937,
        38.27389235375079,
        1390.722412109
      ],
      [
        -104.44270095125151,
        38.27388242715104,
        1390.723999023
      ],
      [
        -104.44258709868363,
        38.273872500551285,
        1390.723999023
      ],
      [
        -104.44247324611575,
        38.27386257395153,
        1390.723999023
      ],
      [
        -104.44235939354787,
        38.273852647351774,
        1390.72277832
      ],
      [
        -104.44224554098001,
        38.27384272075202,
        1390.719726562
      ],
      [
        -104.44213168841213,
        38.27383279415227,
        1390.719726562
      ],
      [
        -104.44201783584425,
        38.27382286755252,
        1390.727539062
      ],
      [
        -104.44190398327638,
        38.27381294095276,
        1390.730102539
      ],
      [
        -104.44179013070851,
        38.27380301435301,
        1390.730102539
      ],
      [
        -104.44167627814063,
        38.273793087753255,
        1390.730102539
      ],
      [
        -104.44156242557276,
        38.2737831611535,
        1390.730102539
      ],
      [
        -104.44144857300488,
        38.27377323455375,
        1390.726318359
      ],
      [
        -104.44133472043701,
        38.27376330795399,
        1390.725708008
      ],
      [
        -104.44122086786913,
        38.27375338135424,
        1390.732421875
      ],
      [
        -104.44110701530126,
        38.27374345475449,
        1390.732421875
      ],
      [
        -104.44099316273339,
        38.273733528154736,
        1390.736206055
      ],
      [
        -104.44087931016551,
        38.27372360155498,
        1390.737426758
      ],
      [
        -104.44076545759764,
        38.273713674955225,
        1390.737426758
      ],
      [
        -104.44065160502976,
        38.27370374835547,
        1390.758666992
      ],
      [
        -104.44053775246189,
        38.27369382175572,
        1390.740966797
      ],
      [
        -104.44042389989401,
        38.27368389515597,
        1390.588867188
      ],
      [
        -104.44031004732614,
        38.27367396855621,
        1390.391357422
      ],
      [
        -104.44019619475826,
        38.27366404195646,
        1390.151367188
      ],
      [
        -104.4400823421904,
        38.273654115356706,
        1389.867675781
      ],
      [
        -104.43996848962252,
        38.273644188756954,
        1389.761352539
      ],
      [
        -104.43985463705464,
        38.273634262157195,
        1389.647583008
      ],
      [
        -104.43974078448676,
        38.27362433555744,
        1389.604003906
      ],
      [
        -104.4396269319189,
        38.27361440895769,
        1389.497680664
      ],
      [
        -104.43951307935102,
        38.27360448235794,
        1389.470214844
      ],
      [
        -104.43939922678314,
        38.27359455575819,
        1389.422729492
      ],
      [
        -104.43928537421527,
        38.27358462915843,
        1389.398925781
      ],
      [
        -104.4391715216474,
        38.273574702558676,
        1389.369018555
      ],
      [
        -104.43905766907952,
        38.273564775958924,
        1389.30456543
      ],
      [
        -104.43894381651164,
        38.27355484935917,
        1389.267700195
      ],
      [
        -104.43882996394377,
        38.27354492275941,
        1389.235229492
      ],
      [
        -104.4387161113759,
        38.27353499615966,
        1389.206420898
      ],
      [
        -104.43860225880802,
        38.27352506955991,
        1389.150268555
      ],
      [
        -104.43848840624014,
        38.27351514296016,
        1389.061523438
      ],
      [
        -104.43837455367228,
        38.2735052163604,
        1389.003295898
      ],
      [
        -104.4382607011044,
        38.273495289760646,
        1388.969970703
      ],
      [
        -104.43814684853652,
        38.273485363160894,
        1388.913818359
      ],
      [
        -104.43803299596865,
        38.27347543656114,
        1388.802490234
      ],
      [
        -104.43791914340078,
        38.27346550996139,
        1388.803710938
      ],
      [
        -104.4378052908329,
        38.27345558336163,
        1388.859985352
      ],
      [
        -104.43769143826502,
        38.27344565676188,
        1388.923706055
      ],
      [
        -104.43757758569716,
        38.27343573016213,
        1388.967163086
      ],
      [
        -104.43746373312928,
        38.273425803562375,
        1388.972045898
      ],
      [
        -104.4373498805614,
        38.273415876962616,
        1389.053344727
      ],
      [
        -104.43723602799352,
        38.273405950362864,
        1389.114501953
      ],
      [
        -104.43712217542566,
        38.27339602376311,
        1389.208251953
      ],
      [
        -104.43700832285778,
        38.27338609716336,
        1389.272094727
      ],
      [
        -104.4368944702899,
        38.27337617056361,
        1389.327026367
      ],
      [
        -104.43678061772202,
        38.27336624396385,
        1389.403198242
      ],
      [
        -104.43666676515416,
        38.2733563173641,
        1389.51953125
      ],
      [
        -104.43655291258628,
        38.273346390764345,
        1389.583251953
      ],
      [
        -104.4364390600184,
        38.27333646416459,
        1389.601928711
      ],
      [
        -104.43632520745054,
        38.273326537564834,
        1389.653198242
      ],
      [
        -104.43621135488266,
        38.27331661096508,
        1389.717041016
      ],
      [
        -104.43609750231478,
        38.27330668436533,
        1389.763183594
      ],
      [
        -104.4359836497469,
        38.27329675776558,
        1389.80480957
      ],
      [
        -104.43586979717904,
        38.27328683116583,
        1389.796020508
      ],
      [
        -104.43575594461116,
        38.27327690456607,
        1389.823486328
      ],
      [
        -104.43564209204328,
        38.273266977966315,
        1389.868530273
      ],
      [
        -104.4355282394754,
        38.27325705136656,
        1389.889770508
      ],
      [
        -104.43541438690754,
        38.27324712476681,
        1389.921386719
      ],
      [
        -104.43530053433966,
        38.27323719816705,
        1389.886474609
      ],
      [
        -104.43518668177178,
        38.2732272715673,
        1389.916503906
      ],
      [
        -104.4350728292039,
        38.27321734496755,
        1389.936523438
      ],
      [
        -104.43495897663604,
        38.2732074183678,
        1389.961425781
      ],
      [
        -104.43484512406816,
        38.273197491768045,
        1389.92590332
      ],
      [
        -104.43473127150028,
        38.273187565168286,
        1389.944702148
      ],
      [
        -104.43461741893242,
        38.273177638568534,
        1389.965942383
      ],
      [
        -104.43450356636454,
        38.27316771196878,
        1389.986450195
      ],
      [
        -104.43438971379666,
        38.27315778536903,
        1390.016479492
      ],
      [
        -104.43427586122878,
        38.27314785876927,
        1389.994873047
      ],
      [
        -104.43416200866092,
        38.27313793216952,
        1390.039794922
      ],
      [
        -104.43404815609304,
        38.27312800556977,
        1390.072265625
      ],
      [
        -104.43393430352516,
        38.273118078970015,
        1390.12890625
      ],
      [
        -104.43382045095728,
        38.27310815237026,
        1390.162475586
      ],
      [
        -104.43370659838942,
        38.273098225770504,
        1390.164428711
      ],
      [
        -104.43359274582154,
        38.27308829917075,
        1390.200561523
      ],
      [
        -104.43347889325366,
        38.273078372571,
        1390.255615234
      ],
      [
        -104.43336504068579,
        38.27306844597125,
        1390.290649414
      ],
      [
        -104.43325118811792,
        38.27305851937149,
        1390.265625
      ],
      [
        -104.43313733555004,
        38.27304859277174,
        1390.310668945
      ],
      [
        -104.43302348298216,
        38.273038666171985,
        1390.345703125
      ],
      [
        -104.4329096304143,
        38.27302873957223,
        1390.380737305
      ],
      [
        -104.43279577784642,
        38.273018812972474,
        1390.400756836
      ],
      [
        -104.43268192527854,
        38.27300888637272,
        1390.380615234
      ],
      [
        -104.43256807271067,
        38.27299895977297,
        1390.400634766
      ],
      [
        -104.4324542201428,
        38.27298903317322,
        1390.443237305
      ],
      [
        -104.43234036757492,
        38.272979106573466,
        1390.452148438
      ],
      [
        -104.43222651500705,
        38.27296917997371,
        1390.421020508
      ],
      [
        -104.43211266243917,
        38.272959253373955,
        1390.441040039
      ],
      [
        -104.4319988098713,
        38.2729493267742,
        1390.446044922
      ],
      [
        -104.43188495730342,
        38.27293940017445,
        1390.446044922
      ],
      [
        -104.43177110473555,
        38.27292947357469,
        1390.451049805
      ],
      [
        -104.43165725216767,
        38.27291954697494,
        1390.411376953
      ],
      [
        -104.4315433995998,
        38.27290962037519,
        1390.411499023
      ],
      [
        -104.43142954703193,
        38.272899693775436,
        1390.411499023
      ],
      [
        -104.43131569446405,
        38.272889767175684,
        1390.411499023
      ],
      [
        -104.43120184189618,
        38.272879840575925,
        1390.411499023
      ],
      [
        -104.4310879893283,
        38.27286991397617,
        1390.361450195
      ],
      [
        -104.43097413676043,
        38.27285998737642,
        1390.342041016
      ],
      [
        -104.43086028419255,
        38.27285006077667,
        1390.343505859
      ],
      [
        -104.43074643162468,
        38.27284013417691,
        1390.33215332
      ],
      [
        -104.4306325790568,
        38.27283020757716,
        1390.268432617
      ],
      [
        -104.43051872648893,
        38.272820280977406,
        1390.248413086
      ],
      [
        -104.43040487392105,
        38.272810354377654,
        1390.232177734
      ],
      [
        -104.43029102135318,
        38.2728004277779,
        1390.219726562
      ],
      [
        -104.4301771687853,
        38.27279050117814,
        1390.174316406
      ],
      [
        -104.43006331621743,
        38.27278057457839,
        1390.102905273
      ],
      [
        -104.42994946364955,
        38.27277064797864,
        1390.069091797
      ],
      [
        -104.42983561108169,
        38.27276072137889,
        1390.036743164
      ],
      [
        -104.42972175851381,
        38.27275079477913,
        1389.991699219
      ],
      [
        -104.42960790594593,
        38.272740868179376,
        1389.964111328
      ],
      [
        -104.42949405337806,
        38.272730941579624,
        1389.870117188
      ],
      [
        -104.42938020081019,
        38.27272101497987,
        1389.826782227
      ],
      [
        -104.42926634824231,
        38.27271108838012,
        1389.781860352
      ],
      [
        -104.42915249567443,
        38.27270116178036,
        1389.741821289
      ],
      [
        -104.42903864310657,
        38.27269123518061,
        1389.63684082
      ],
      [
        -104.42892479053869,
        38.27268130858086,
        1389.570556641
      ],
      [
        -104.42881093797081,
        38.272671381981105,
        1389.521850586
      ],
      [
        -104.42869708540293,
        38.272661455381346,
        1389.409667969
      ],
      [
        -104.42858323283507,
        38.272651528781594,
        1389.327270508
      ],
      [
        -104.42846938026719,
        38.27264160218184,
        1389.138549805
      ],
      [
        -104.42835552769931,
        38.27263167558209,
        1389.013549805
      ],
      [
        -104.42824167513145,
        38.27262174898233,
        1388.765991211
      ],
      [
        -104.42812782256357,
        38.27261182238258,
        1388.594726562
      ],
      [
        -104.42801396999569,
        38.27260189578283,
        1388.34765625
      ],
      [
        -104.42790011742781,
        38.272591969183075,
        1388.121337891
      ],
      [
        -104.42778626485995,
        38.27258204258332,
        1387.975097656
      ],
      [
        -104.42767241229207,
        38.272572115983564,
        1387.928833008
      ],
      [
        -104.42755855972419,
        38.27256218938381,
        1387.903930664
      ],
      [
        -104.42744470715631,
        38.27255226278406,
        1387.830200195
      ],
      [
        -104.42733085458845,
        38.27254233618431,
        1387.837646484
      ],
      [
        -104.42721700202057,
        38.27253240958455,
        1387.848022461
      ],
      [
        -104.42710314945269,
        38.2725224829848,
        1387.862670898
      ],
      [
        -104.42698929688481,
        38.272512556385045,
        1387.861450195
      ],
      [
        -104.42687544431695,
        38.27250262978529,
        1387.773925781
      ],
      [
        -104.42676159174907,
        38.27249270318554,
        1387.706542969
      ],
      [
        -104.42664773918119,
        38.27248277658578,
        1387.697753906
      ],
      [
        -104.42653388661333,
        38.27247284998603,
        1387.682617188
      ],
      [
        -104.42642003404545,
        38.27246292338628,
        1387.682373047
      ],
      [
        -104.42630618147757,
        38.27245299678653,
        1387.684204102
      ],
      [
        -104.42619232890969,
        38.27244307018677,
        1387.684204102
      ],
      [
        -104.42607847634183,
        38.272433143587016,
        1387.684204102
      ],
      [
        -104.42596462377395,
        38.272423216987264,
        1387.684204102
      ],
      [
        -104.42585077120607,
        38.27241329038751,
        1387.676635742
      ],
      [
        -104.4257369186382,
        38.27240336378776,
        1387.679443359
      ],
      [
        -104.42562306607033,
        38.272393437188,
        1387.681640625
      ],
      [
        -104.42550921350245,
        38.27238351058825,
        1387.681640625
      ],
      [
        -104.42539536093457,
        38.2723735839885,
        1387.681640625
      ],
      [
        -104.4252815083667,
        38.272363657388745,
        1387.681274414
      ],
      [
        -104.42516765579883,
        38.272353730788986,
        1387.666259766
      ],
      [
        -104.42505380323095,
        38.272343804189234,
        1387.695556641
      ],
      [
        -104.42493995066307,
        38.27233387758948,
        1387.750854492
      ],
      [
        -104.42482609809521,
        38.27232395098973,
        1387.792114258
      ],
      [
        -104.42471224552733,
        38.27231402438998,
        1387.757080078
      ],
      [
        -104.42459839295945,
        38.27230409779022,
        1387.76574707
      ],
      [
        -104.42448454039157,
        38.27229417119047,
        1387.750854492
      ],
      [
        -104.42437068782371,
        38.272284244590715,
        1387.688354492
      ],
      [
        -104.42425683525583,
        38.27227431799096,
        1387.565551758
      ],
      [
        -104.42414298268795,
        38.272264391391204,
        1387.631347656
      ],
      [
        -104.42402913012008,
        38.27225446479145,
        1387.730102539
      ],
      [
        -104.42391527755221,
        38.2722445381917,
        1387.773803711
      ],
      [
        -104.42380142498433,
        38.27223461159195,
        1387.78503418
      ],
      [
        -104.42368757241645,
        38.272224684992196,
        1387.75012207
      ],
      [
        -104.42357371984858,
        38.27221475839244,
        1387.782714844
      ],
      [
        -104.42345986728071,
        38.272204831792685,
        1387.811889648
      ],
      [
        -104.42334601471283,
        38.27219490519293,
        1387.85559082
      ],
      [
        -104.42323216214496,
        38.27218497859318,
        1387.95300293
      ],
      [
        -104.42311830957709,
        38.27217505199342,
        1387.999389648
      ],
      [
        -104.42300445700921,
        38.27216512539367,
        1388.119384766
      ],
      [
        -104.42289060444133,
        38.27215519879392,
        1388.181884766
      ],
      [
        -104.42277675187346,
        38.272145272194166,
        1388.252319336
      ],
      [
        -104.42266289930559,
        38.27213534559441,
        1388.26574707
      ],
      [
        -104.42254904673771,
        38.272125418994655,
        1388.327026367
      ],
      [
        -104.42243519416984,
        38.2721154923949,
        1388.369506836
      ],
      [
        -104.42232134160196,
        38.27210556579515,
        1388.414550781
      ],
      [
        -104.4222074890341,
        38.2720956391954,
        1388.450683594
      ],
      [
        -104.42209363646622,
        38.27208571259564,
        1388.439453125
      ],
      [
        -104.42197978389834,
        38.27207578599589,
        1388.475219727
      ],
      [
        -104.42186593133046,
        38.272065859396136,
        1388.510131836
      ],
      [
        -104.4217520787626,
        38.272055932796384,
        1388.555175781
      ],
      [
        -104.42163822619472,
        38.272046006196625,
        1388.576416016
      ],
      [
        -104.42152437362684,
        38.27203607959687,
        1388.56262207
      ],
      [
        -104.42141052105897,
        38.27202615299712,
        1388.571411133
      ],
      [
        -104.4212966684911,
        38.27201622639737,
        1388.600830078
      ],
      [
        -104.42118281592322,
        38.27200629979762,
        1388.60559082
      ],
      [
        -104.42106896335534,
        38.27199637319786,
        1388.580444336
      ],
      [
        -104.42095511078747,
        38.271986446598106,
        1388.596801758
      ],
      [
        -104.4208412582196,
        38.271976519998354,
        1388.615478516
      ],
      [
        -104.42072740565172,
        38.2719665933986,
        1388.631835938
      ],
      [
        -104.42061355308384,
        38.27195666679884,
        1388.650512695
      ],
      [
        -104.42049970051598,
        38.27194674019909,
        1388.614379883
      ],
      [
        -104.4203858479481,
        38.27193681359934,
        1388.619384766
      ],
      [
        -104.42027199538022,
        38.27192688699959,
        1388.634399414
      ],
      [
        -104.42015814281235,
        38.271916960399835,
        1388.638183594
      ],
      [
        -104.42004429024448,
        38.271907033800076,
        1388.641845703
      ],
      [
        -104.4199304376766,
        38.271897107200324,
        1388.609375
      ],
      [
        -104.41981658510872,
        38.27188718060057,
        1388.636474609
      ],
      [
        -104.41970273254086,
        38.27187725400082,
        1388.659301758
      ],
      [
        -104.41958887997298,
        38.27186732740106,
        1388.684326172
      ],
      [
        -104.4194750274051,
        38.27185740080131,
        1388.638183594
      ],
      [
        -104.41936117483722,
        38.27184747420156,
        1388.653198242
      ],
      [
        -104.41924732226936,
        38.271837547601805,
        1388.654418945
      ],
      [
        -104.41913346970148,
        38.27182762100205,
        1388.654418945
      ],
      [
        -104.4190196171336,
        38.271817694402294,
        1388.670532227
      ],
      [
        -104.41890576456572,
        38.27180776780254,
        1388.624267578
      ],
      [
        -104.41879191199786,
        38.27179784120279,
        1388.639282227
      ],
      [
        -104.41867805942998,
        38.27178791460304,
        1388.659301758
      ],
      [
        -104.4185642068621,
        38.27177798800328,
        1388.685546875
      ],
      [
        -104.41845035429424,
        38.27176806140353,
        1388.704345703
      ],
      [
        -104.41833650172636,
        38.271758134803775,
        1388.664672852
      ],
      [
        -104.41822264915848,
        38.27174820820402,
        1388.67175293
      ],
      [
        -104.4181087965906,
        38.27173828160427,
        1388.691772461
      ],
      [
        -104.41799494402274,
        38.27172835500451,
        1388.704345703
      ],
      [
        -104.41788109145486,
        38.27171842840476,
        1388.66003418
      ],
      [
        -104.41776723888698,
        38.27170850180501,
        1388.671264648
      ],
      [
        -104.4176533863191,
        38.27169857520526,
        1388.675048828
      ],
      [
        -104.41753953375124,
        38.2716886486055,
        1388.694213867
      ],
      [
        -104.41742568118336,
        38.271678722005745,
        1388.701782227
      ],
      [
        -104.41731182861548,
        38.27166879540599,
        1388.666625977
      ],
      [
        -104.4171979760476,
        38.27165886880624,
        1388.685424805
      ],
      [
        -104.41708412347974,
        38.27164894220648,
        1388.69921875
      ],
      [
        -104.41697027091186,
        38.27163901560673,
        1388.711669922
      ],
      [
        -104.41685641834398,
        38.27162908900698,
        1388.721679688
      ],
      [
        -104.41674256577612,
        38.27161916240723,
        1388.682983398
      ],
      [
        -104.41662871320824,
        38.271609235807475,
        1388.708007812
      ],
      [
        -104.41651486064036,
        38.271599309207716,
        1388.709350586
      ],
      [
        -104.41640100807248,
        38.271589382607964,
        1388.716796875
      ],
      [
        -104.41628715550462,
        38.27157945600821,
        1388.693115234
      ],
      [
        -104.41617330293674,
        38.27156952940846,
        1388.701782227
      ],
      [
        -104.41605945036886,
        38.2715596028087,
        1388.733032227
      ],
      [
        -104.41594559780098,
        38.27154967620895,
        1388.749267578
      ],
      [
        -104.41583174523312,
        38.2715397496092,
        1388.764282227
      ],
      [
        -104.41571789266524,
        38.271529823009445,
        1388.713012695
      ],
      [
        -104.41560404009736,
        38.27151989640969,
        1388.723022461
      ],
      [
        -104.41549018752949,
        38.271509969809934,
        1388.741699219
      ],
      [
        -104.41537633496162,
        38.27150004321018,
        1388.760498047
      ],
      [
        -104.41526248239374,
        38.27149011661043,
        1388.766845703
      ],
      [
        -104.41514862982586,
        38.27148019001068,
        1388.739379883
      ],
      [
        -104.415034777258,
        38.27147026341092,
        1388.743164062
      ],
      [
        -104.41492092469012,
        38.27146033681117,
        1388.746826172
      ],
      [
        -104.41480707212224,
        38.271450410211415,
        1388.758056641
      ],
      [
        -104.41469321955437,
        38.27144048361166,
        1388.718017578
      ],
      [
        -104.4145793669865,
        38.27143055701191,
        1388.745239258
      ],
      [
        -104.41446551441862,
        38.27142063041215,
        1388.761474609
      ],
      [
        -104.41435166185074,
        38.2714107038124,
        1388.780151367
      ],
      [
        -104.41423780928287,
        38.27140077721265,
        1388.78515625
      ],
      [
        -104.414123956715,
        38.271390850612896,
        1388.740234375
      ],
      [
        -104.41401010414712,
        38.27138092401314,
        1388.740234375
      ],
      [
        -104.41389625157925,
        38.271370997413385,
        1388.755004883
      ],
      [
        -104.41378239901137,
        38.27136107081363,
        1388.763549805
      ],
      [
        -104.4136685464435,
        38.27135114421388,
        1388.776000977
      ],
      [
        -104.41355469387562,
        38.27134121761413,
        1388.754760742
      ],
      [
        -104.41344084130775,
        38.27133129101437,
        1388.77355957
      ],
      [
        -104.41332698873988,
        38.27132136441462,
        1388.788574219
      ],
      [
        -104.413213136172,
        38.271311437814866,
        1388.789794922
      ],
      [
        -104.41309928360413,
        38.271301511215114,
        1388.767456055
      ],
      [
        -104.41298543103625,
        38.271291584615355,
        1388.787475586
      ],
      [
        -104.41287157846838,
        38.2712816580156,
        1388.806274414
      ],
      [
        -104.4127577259005,
        38.27127173141585,
        1388.822509766
      ],
      [
        -104.41264387333263,
        38.2712618048161,
        1388.852539062
      ],
      [
        -104.41253002076475,
        38.27125187821634,
        1388.80871582
      ],
      [
        -104.41241616819688,
        38.27124195161659,
        1388.833251953
      ],
      [
        -104.412302315629,
        38.271232025016836,
        1388.858886719
      ],
      [
        -104.41218846306113,
        38.271222098417084,
        1388.880126953
      ],
      [
        -104.41207461049325,
        38.27121217181733,
        1388.905151367
      ],
      [
        -104.41196075792539,
        38.27120224521757,
        1388.865112305
      ],
      [
        -104.4118469053575,
        38.27119231861782,
        1388.895141602
      ],
      [
        -104.41173305278963,
        38.27118239201807,
        1388.915161133
      ],
      [
        -104.41161920022176,
        38.27117246541832,
        1388.947998047
      ],
      [
        -104.41150534765389,
        38.27116253881856,
        1388.91796875
      ],
      [
        -104.41139149508601,
        38.271152612218806,
        1388.947998047
      ],
      [
        -104.41127764251813,
        38.271142685619054,
        1388.968017578
      ],
      [
        -104.41116378995027,
        38.2711327590193,
        1388.998046875
      ],
      [
        -104.41104993738239,
        38.27112283241955,
        1389.017944336
      ],
      [
        -104.41093606943888,
        38.271113025645654,
        1388.986206055
      ],
      [
        -104.41082218909109,
        38.271103315541055,
        1389.010986328
      ],
      [
        -104.41070830874331,
        38.27109360543645,
        1389.031005859
      ],
      [
        -104.41059442839553,
        38.27108389533185,
        1389.057250977
      ],
      [
        -104.41048054804774,
        38.27107418522724,
        1389.066040039
      ],
      [
        -104.41036666769996,
        38.27106447512264,
        1389.040893555
      ],
      [
        -104.41025278735219,
        38.271054765018036,
        1389.057250977
      ],
      [
        -104.41013890700441,
        38.271045054913436,
        1389.074584961
      ],
      [
        -104.41002502665663,
        38.27103534480883,
        1389.089599609
      ],
      [
        -104.40991114630884,
        38.27102563470423,
        1389.115966797
      ],
      [
        -104.40979726596106,
        38.271015924599624,
        1389.068359375
      ],
      [
        -104.40968338561328,
        38.27100621449502,
        1389.084716797
      ],
      [
        -104.4095695052655,
        38.27099650439042,
        1389.084716797
      ],
      [
        -104.40945562491771,
        38.27098679428581,
        1389.090209961
      ],
      [
        -104.40934174456994,
        38.27097708418121,
        1389.059692383
      ],
      [
        -104.40922786422216,
        38.270967374076605,
        1389.078491211
      ],
      [
        -104.40911398387438,
        38.270957663972005,
        1389.103515625
      ],
      [
        -104.4090001035266,
        38.2709479538674,
        1389.107299805
      ],
      [
        -104.40888622317881,
        38.2709382437628,
        1389.133422852
      ],
      [
        -104.40877234283103,
        38.27092853365819,
        1389.072998047
      ],
      [
        -104.40865848870882,
        38.270918638099786,
        1389.079101562
      ],
      [
        -104.40854464959075,
        38.270908636439856,
        1389.09777832
      ],
      [
        -104.40843081047267,
        38.270898634779925,
        1389.124023438
      ],
      [
        -104.4083169713546,
        38.270888633119995,
        1389.1328125
      ],
      [
        -104.40820313223652,
        38.270878631460064,
        1389.084838867
      ],
      [
        -104.40808929311844,
        38.27086862980014,
        1389.097412109
      ],
      [
        -104.40797545400036,
        38.27085862814021,
        1389.109130859
      ],
      [
        -104.4078616148823,
        38.27084862648028,
        1389.144287109
      ],
      [
        -104.40774777576422,
        38.27083862482035,
        1389.079223633
      ],
      [
        -104.40763393664614,
        38.27082862316042,
        1389.106689453
      ],
      [
        -104.40752009752806,
        38.27081862150049,
        1389.119262695
      ],
      [
        -104.40740625840999,
        38.27080861984056,
        1389.138061523
      ],
      [
        -104.4072924192919,
        38.27079861818063,
        1389.158081055
      ],
      [
        -104.40717858017383,
        38.2707886165207,
        1389.113891602
      ],
      [
        -104.40706474105576,
        38.27077861486077,
        1389.130126953
      ],
      [
        -104.40695090193769,
        38.27076861320084,
        1389.145019531
      ],
      [
        -104.4068370628196,
        38.27075861154091,
        1389.148803711
      ],
      [
        -104.40672322892335,
        38.27074857468814,
        1389.152587891
      ],
      [
        -104.40660939696933,
        38.27073852474549,
        1389.103881836
      ],
      [
        -104.4064955650153,
        38.27072847480283,
        1389.120727539
      ],
      [
        -104.4063817330613,
        38.27071842486018,
        1389.137329102
      ],
      [
        -104.40626790110727,
        38.270708374917525,
        1389.144897461
      ],
      [
        -104.40615406915325,
        38.270698324974866,
        1389.097412109
      ],
      [
        -104.40604023719924,
        38.270688275032214,
        1389.104858398
      ],
      [
        -104.40592640524521,
        38.27067822508956,
        1389.116088867
      ],
      [
        -104.40581257329119,
        38.2706681751469,
        1389.130981445
      ],
      [
        -104.40569874133718,
        38.27065812520425,
        1389.145507812
      ],
      [
        -104.40558490938315,
        38.2706480752616,
        1389.090454102
      ],
      [
        -104.40547107742913,
        38.270638025318945,
        1389.101806641
      ],
      [
        -104.40535724547512,
        38.270627975376286,
        1389.101806641
      ],
      [
        -104.40524341352109,
        38.27061792543363,
        1389.101806641
      ],
      [
        -104.40512958156707,
        38.27060787549098,
        1389.026733398
      ],
      [
        -104.40501574961306,
        38.27059782554832,
        1389.029663086
      ],
      [
        -104.40490191765903,
        38.27058777560567,
        1389.026977539
      ],
      [
        -104.40478812344926,
        38.27057746785529,
        1389.01940918
      ],
      [
        -104.40467433284182,
        38.270567135499554,
        1388.998168945
      ],
      [
        -104.40456054223439,
        38.27055680314381,
        1388.928222656
      ],
      [
        -104.40444675162696,
        38.27054647078807,
        1388.879516602
      ],
      [
        -104.40433296101952,
        38.270536138432334,
        1388.839477539
      ],
      [
        -104.40421917041209,
        38.27052580607659,
        1388.749145508
      ],
      [
        -104.40410537980466,
        38.27051547372085,
        1388.629150391
      ],
      [
        -104.40399158919722,
        38.27050514136511,
        1388.544067383
      ],
      [
        -104.40387779858979,
        38.27049480900937,
        1388.394165039
      ],
      [
        -104.40376400798236,
        38.270484476653635,
        1388.279174805
      ],
      [
        -104.40365021737492,
        38.27047414429789,
        1388.099121094
      ],
      [
        -104.40353642676749,
        38.27046381194215,
        1387.936279297
      ],
      [
        -104.40342263616006,
        38.270453479586415,
        1387.728881836
      ],
      [
        -104.40330884555262,
        38.27044314723067,
        1387.637573242
      ],
      [
        -104.40319505494519,
        38.27043281487493,
        1387.547607422
      ],
      [
        -104.40308126433776,
        38.270422482519194,
        1387.485107422
      ],
      [
        -104.40296747373031,
        38.27041215016345,
        1387.455078125
      ],
      [
        -104.40285368312288,
        38.27040181780771,
        1387.471313477
      ],
      [
        -104.40273989251546,
        38.270391485451974,
        1387.520996094
      ],
      [
        -104.40262610190801,
        38.27038115309623,
        1387.555908203
      ],
      [
        -104.40251231130058,
        38.27037082074049,
        1387.49597168
      ],
      [
        -104.40239852069315,
        38.27036048838475,
        1387.522216797
      ],
      [
        -104.40228473008571,
        38.27035015602901,
        1387.526000977
      ],
      [
        -104.40217090065133,
        38.2703400936471,
        1387.546020508
      ],
      [
        -104.40205706679684,
        38.27033006199935,
        1387.473144531
      ],
      [
        -104.40194323294236,
        38.27032003035161,
        1387.479370117
      ],
      [
        -104.40182939908787,
        38.270309998703866,
        1387.490722656
      ],
      [
        -104.40171556523337,
        38.270299967056125,
        1387.494384766
      ],
      [
        -104.40160173137889,
        38.270289935408385,
        1387.490722656
      ],
      [
        -104.4014878975244,
        38.27027990376064,
        1387.409423828
      ],
      [
        -104.4013740636699,
        38.2702698721129,
        1387.409423828
      ],
      [
        -104.40126022981542,
        38.27025984046515,
        1387.416992188
      ],
      [
        -104.40114639596094,
        38.27024980881741,
        1387.415771484
      ],
      [
        -104.40103256210644,
        38.27023977716967,
        1387.404541016
      ],
      [
        -104.40091872825195,
        38.270229745521924,
        1387.333740234
      ],
      [
        -104.40080489439747,
        38.270219713874184,
        1387.321166992
      ],
      [
        -104.40069106054297,
        38.27020968222644,
        1387.31237793
      ],
      [
        -104.40057722668848,
        38.2701996505787,
        1387.293945312
      ],
      [
        -104.400463392834,
        38.27018961893095,
        1387.225952148
      ],
      [
        -104.4003495589795,
        38.27017958728321,
        1387.237182617
      ],
      [
        -104.40023572512501,
        38.27016955563547,
        1387.282226562
      ],
      [
        -104.40012189127053,
        38.27015952398772,
        1387.312133789
      ],
      [
        -104.40000805741603,
        38.27014949233998,
        1387.375976562
      ],
      [
        -104.39989422356155,
        38.270139460692235,
        1387.353271484
      ],
      [
        -104.39978038970706,
        38.270129429044495,
        1387.382202148
      ],
      [
        -104.39966655585258,
        38.27011939739675,
        1387.428955078
      ],
      [
        -104.39955272199808,
        38.27010936574901,
        1387.448974609
      ],
      [
        -104.39943888814359,
        38.27009933410127,
        1387.478881836
      ],
      [
        -104.39932505428911,
        38.27008930245352,
        1387.425170898
      ],
      [
        -104.39921122043461,
        38.27007927080578,
        1387.430175781
      ],
      [
        -104.39909739436021,
        38.2700691884759,
        1387.432861328
      ],
      [
        -104.39898356941436,
        38.27005909879431,
        1387.441162109
      ],
      [
        -104.3988697444685,
        38.270049009112725,
        1387.383666992
      ],
      [
        -104.39875591952264,
        38.27003891943114,
        1387.399902344
      ],
      [
        -104.39864209457679,
        38.27002882974955,
        1387.399902344
      ],
      [
        -104.39852826963093,
        38.27001874006796,
        1387.399902344
      ],
      [
        -104.39841444468506,
        38.27000865038637,
        1387.403686523
      ],
      [
        -104.3983006197392,
        38.269998560704785,
        1387.354614258
      ],
      [
        -104.39818679479335,
        38.26998847102319,
        1387.354125977
      ],
      [
        -104.39807296984749,
        38.2699783813416,
        1387.339111328
      ],
      [
        -104.39795914490163,
        38.269968291660014,
        1387.327880859
      ],
      [
        -104.39784531995578,
        38.269958201978426,
        1387.242797852
      ],
      [
        -104.39773149500992,
        38.26994811229684,
        1387.22668457
      ],
      [
        -104.39761767006407,
        38.26993802261525,
        1387.243896484
      ],
      [
        -104.39750384511821,
        38.26992793293366,
        1387.292114258
      ],
      [
        -104.39739002017235,
        38.269917843252074,
        1387.320800781
      ],
      [
        -104.39727619522648,
        38.269907753570486,
        1387.312133789
      ],
      [
        -104.39716237028063,
        38.2698976638889,
        1387.347167969
      ],
      [
        -104.39704854533477,
        38.26988757420731,
        1387.362182617
      ],
      [
        -104.39693472038891,
        38.26987748452572,
        1387.365844727
      ],
      [
        -104.39682089544306,
        38.269867394844134,
        1387.383422852
      ],
      [
        -104.3967070704972,
        38.269857305162546,
        1387.340209961
      ],
      [
        -104.39659324555134,
        38.26984721548096,
        1387.362670898
      ],
      [
        -104.39647942060549,
        38.26983712579937,
        1387.377685547
      ],
      [
        -104.39636559565963,
        38.26982703611778,
        1387.386474609
      ],
      [
        -104.39625177071377,
        38.269816946436194,
        1387.388916016
      ],
      [
        -104.3961379457679,
        38.269806856754606,
        1387.408935547
      ],
      [
        -104.39602412082205,
        38.26979676707302,
        1387.435302734
      ],
      [
        -104.39591029587619,
        38.26978667739143,
        1387.454101562
      ],
      [
        -104.39579647093034,
        38.26977658770984,
        1387.464111328
      ],
      [
        -104.39568264598448,
        38.269766498028254,
        1387.48034668
      ],
      [
        -104.39556882103862,
        38.269756408346666,
        1387.487792969
      ],
      [
        -104.39545499609277,
        38.26974631866508,
        1387.514038086
      ],
      [
        -104.39534117114691,
        38.26973622898349,
        1387.518432617
      ],
      [
        -104.39522734620105,
        38.2697261393019,
        1387.538208008
      ],
      [
        -104.3951135212552,
        38.269716049620314,
        1387.539428711
      ],
      [
        -104.39499969630933,
        38.269705959938726,
        1387.539428711
      ],
      [
        -104.39488587136347,
        38.26969587025714,
        1387.538208008
      ],
      [
        -104.39477204641761,
        38.26968578057555,
        1387.538208008
      ],
      [
        -104.39465822147176,
        38.26967569089396,
        1387.542114258
      ],
      [
        -104.3945443965259,
        38.269665601212374,
        1387.538696289
      ],
      [
        -104.39443057158005,
        38.269655511530786,
        1387.534912109
      ],
      [
        -104.39431674663419,
        38.2696454218492,
        1387.544921875
      ],
      [
        -104.39420292168833,
        38.26963533216761,
        1387.552490234
      ],
      [
        -104.39408909674248,
        38.26962524248602,
        1387.548706055
      ],
      [
        -104.39397527179662,
        38.269615152804434,
        1387.537475586
      ],
      [
        -104.39386144685076,
        38.269605063122846,
        1387.540039062
      ],
      [
        -104.39374761455336,
        38.269595026817086,
        1387.542236328
      ],
      [
        -104.39363377455143,
        38.26958504645016,
        1387.547241211
      ],
      [
        -104.39351993454949,
        38.269575066083235,
        1387.547241211
      ],
      [
        -104.39340609454756,
        38.26956508571631,
        1387.547241211
      ],
      [
        -104.39329225454561,
        38.26955510534938,
        1387.547241211
      ],
      [
        -104.39317841454368,
        38.26954512498246,
        1387.549438477
      ],
      [
        -104.39306457454174,
        38.26953514461553,
        1387.556030273
      ],
      [
        -104.39295073453981,
        38.269525164248606,
        1387.556030273
      ],
      [
        -104.39283689453787,
        38.26951518388168,
        1387.556030273
      ],
      [
        -104.39272305453594,
        38.269505203514754,
        1387.556030273
      ],
      [
        -104.39260921453399,
        38.26949522314783,
        1387.561523438
      ],
      [
        -104.39249537453206,
        38.2694852427809,
        1387.572753906
      ],
      [
        -104.39238153453012,
        38.26947526241398,
        1387.570678711
      ],
      [
        -104.39226769452819,
        38.26946528204705,
        1387.5703125
      ],
      [
        -104.39215385452624,
        38.269455301680125,
        1387.571533203
      ],
      [
        -104.39204001452431,
        38.2694453213132,
        1387.583374023
      ],
      [
        -104.39192617452237,
        38.26943534094627,
        1387.572143555
      ],
      [
        -104.39181233452044,
        38.26942536057935,
        1387.568359375
      ],
      [
        -104.3916984945185,
        38.26941538021242,
        1387.569458008
      ],
      [
        -104.39158465451656,
        38.2694053998455,
        1387.572753906
      ],
      [
        -104.39147081451462,
        38.26939541947858,
        1387.575805664
      ],
      [
        -104.39135697451269,
        38.26938543911165,
        1387.575805664
      ],
      [
        -104.39124313451076,
        38.269375458744726,
        1387.555786133
      ],
      [
        -104.39112929450881,
        38.2693654783778,
        1387.555786133
      ],
      [
        -104.39101545450688,
        38.269355498010874,
        1387.555786133
      ],
      [
        -104.39090161450494,
        38.26934551764395,
        1387.568481445
      ],
      [
        -104.39078778381918,
        38.26933547372202,
        1387.552734375
      ],
      [
        -104.39067396333945,
        38.26932536017452,
        1387.552734375
      ],
      [
        -104.39056014285973,
        38.269315246627016,
        1387.552734375
      ],
      [
        -104.39044632237999,
        38.26930513307951,
        1387.552734375
      ],
      [
        -104.39033250190026,
        38.26929501953201,
        1387.543945312
      ],
      [
        -104.39021868142054,
        38.269284905984506,
        1387.531982422
      ],
      [
        -104.39010486094081,
        38.269274792437,
        1387.529785156
      ],
      [
        -104.38999104046107,
        38.2692646788895,
        1387.529785156
      ],
      [
        -104.38987721998134,
        38.269254565341996,
        1387.518554688
      ],
      [
        -104.38976339950162,
        38.26924445179449,
        1387.524780273
      ],
      [
        -104.38964957902188,
        38.26923433824699,
        1387.526000977
      ],
      [
        -104.38953575854215,
        38.26922422469948,
        1387.518554688
      ],
      [
        -104.38942193806243,
        38.269214111151975,
        1387.513793945
      ],
      [
        -104.3893081175827,
        38.26920399760447,
        1387.495117188
      ],
      [
        -104.38919429710296,
        38.26919388405697,
        1387.495117188
      ],
      [
        -104.38908047662323,
        38.269183770509464,
        1387.495117188
      ],
      [
        -104.38896665614351,
        38.26917365696196,
        1387.480102539
      ],
      [
        -104.38885283566377,
        38.26916354341446,
        1387.463867188
      ],
      [
        -104.38873901518404,
        38.269153429866954,
        1387.454711914
      ],
      [
        -104.38862519470432,
        38.26914331631945,
        1387.453491211
      ],
      [
        -104.38851137422459,
        38.26913320277195,
        1387.442260742
      ],
      [
        -104.38839755374485,
        38.26912308922444,
        1387.43359375
      ],
      [
        -104.38828373326513,
        38.26911297567694,
        1387.417358398
      ],
      [
        -104.3881699127854,
        38.26910286212944,
        1387.408569336
      ],
      [
        -104.38805609230566,
        38.26909274858193,
        1387.382324219
      ],
      [
        -104.38794227182593,
        38.26908263503443,
        1387.377075195
      ],
      [
        -104.38782845134621,
        38.269072521486926,
        1387.366577148
      ],
      [
        -104.38771463086648,
        38.26906240793942,
        1387.35168457
      ],
      [
        -104.38760081038674,
        38.26905229439192,
        1387.35168457
      ],
      [
        -104.38748698990702,
        38.269042180844416,
        1387.340454102
      ],
      [
        -104.38737316942729,
        38.26903206729691,
        1387.330444336
      ],
      [
        -104.38725934139639,
        38.2690220075308,
        1387.318725586
      ],
      [
        -104.38714546418942,
        38.26901229800962,
        1387.304931641
      ],
      [
        -104.38703158698245,
        38.26900258848845,
        1387.289916992
      ],
      [
        -104.38691770977549,
        38.26899287896727,
        1387.275024414
      ],
      [
        -104.38680383256852,
        38.26898316944609,
        1387.271240234
      ],
      [
        -104.38668995536155,
        38.268973459924915,
        1387.260009766
      ],
      [
        -104.38657607815458,
        38.268963750403735,
        1387.248779297
      ],
      [
        -104.3864622009476,
        38.26895404088256,
        1387.232421875
      ],
      [
        -104.38634832374063,
        38.26894433136138,
        1387.218261719
      ],
      [
        -104.38623444653366,
        38.2689346218402,
        1387.213256836
      ],
      [
        -104.38612056932669,
        38.26892491231903,
        1387.183227539
      ],
      [
        -104.38600669211972,
        38.26891520279785,
        1387.163208008
      ],
      [
        -104.38589286610414,
        38.26890513616889,
        1387.143310547
      ],
      [
        -104.38577907915844,
        38.26889479699094,
        1387.133422852
      ],
      [
        -104.38566529221274,
        38.268884457813,
        1387.110229492
      ],
      [
        -104.38555150526703,
        38.26887411863506,
        1387.069091797
      ],
      [
        -104.38543771832131,
        38.268863779457114,
        1387.064086914
      ],
      [
        -104.38532393137561,
        38.26885344027917,
        1387.057861328
      ],
      [
        -104.3852101444299,
        38.268843101101226,
        1387.040283203
      ],
      [
        -104.3850963574842,
        38.268832761923285,
        1386.987792969
      ],
      [
        -104.3849825705385,
        38.26882242274534,
        1386.954711914
      ],
      [
        -104.3848687835928,
        38.2688120835674,
        1386.88659668
      ],
      [
        -104.38475499664709,
        38.26880174438946,
        1386.890380859
      ],
      [
        -104.38464120970139,
        38.26879140521151,
        1386.877807617
      ],
      [
        -104.38452742275568,
        38.26878106603357,
        1386.821655273
      ],
      [
        -104.38441363580998,
        38.26877072685562,
        1386.777832031
      ],
      [
        -104.38429984886427,
        38.26876038767768,
        1386.638183594
      ],
      [
        -104.38418606191857,
        38.26875004849973,
        1386.545654297
      ],
      [
        -104.38407227497287,
        38.26873970932179,
        1386.451904297
      ],
      [
        -104.38395848802716,
        38.26872937014385,
        1386.345581055
      ],
      [
        -104.38384470108146,
        38.268719030965904,
        1386.176757812
      ],
      [
        -104.38373091413575,
        38.268708691787964,
        1386.106933594
      ],
      [
        -104.38361712719004,
        38.268698352610016,
        1385.95690918
      ],
      [
        -104.38350334024433,
        38.268688013432076,
        1385.840087891
      ],
      [
        -104.38338955329863,
        38.26867767425413,
        1385.693603516
      ],
      [
        -104.38327576635292,
        38.26866733507619,
        1385.427246094
      ],
      [
        -104.38316197940722,
        38.26865699589825,
        1385.313476562
      ],
      [
        -104.38304819246152,
        38.2686466567203,
        1385.088378906
      ],
      [
        -104.38293440551581,
        38.26863631754236,
        1384.983398438
      ],
      [
        -104.38282059364589,
        38.26862615185839,
        1384.929199219
      ],
      [
        -104.38270677457507,
        38.26861603629882,
        1384.895385742
      ],
      [
        -104.38259295550425,
        38.26860592073925,
        1384.827880859
      ],
      [
        -104.38247913643343,
        38.26859580517968,
        1384.810302734
      ],
      [
        -104.38236531736261,
        38.26858568962011,
        1384.759033203
      ],
      [
        -104.3822514982918,
        38.26857557406054,
        1384.711669922
      ],
      [
        -104.38213767922097,
        38.26856545850097,
        1384.710449219
      ],
      [
        -104.38202386015016,
        38.2685553429414,
        1384.698974609
      ],
      [
        -104.38191004107934,
        38.26854522738183,
        1384.683105469
      ],
      [
        -104.38179622200852,
        38.26853511182226,
        1384.674316406
      ],
      [
        -104.3816824029377,
        38.26852499626269,
        1384.674316406
      ],
      [
        -104.38156858386688,
        38.26851488070312,
        1384.684326172
      ],
      [
        -104.38145476479608,
        38.26850476514355,
        1384.684326172
      ],
      [
        -104.38134094572526,
        38.26849464958398,
        1384.707275391
      ],
      [
        -104.38122712665444,
        38.26848453402441,
        1384.722167969
      ],
      [
        -104.38111330758362,
        38.26847441846484,
        1384.787109375
      ],
      [
        -104.3809994885128,
        38.26846430290527,
        1384.857177734
      ],
      [
        -104.38088566944198,
        38.2684541873457,
        1384.975952148
      ],
      [
        -104.38077185037116,
        38.26844407178613,
        1385.049682617
      ],
      [
        -104.38065803130034,
        38.26843395622656,
        1385.100952148
      ],
      [
        -104.38054421222952,
        38.26842384066699,
        1385.119873047
      ],
      [
        -104.3804303931587,
        38.26841372510742,
        1385.141723633
      ],
      [
        -104.38031657408789,
        38.268403609547846,
        1385.147949219
      ],
      [
        -104.38020275501707,
        38.26839349398828,
        1385.147949219
      ],
      [
        -104.38008893594625,
        38.26838337842871,
        1385.097900391
      ],
      [
        -104.37997511687543,
        38.26837326286914,
        1385.07800293
      ],
      [
        -104.37986129780461,
        38.26836314730957,
        1385.045288086
      ],
      [
        -104.37974747873379,
        38.268353031749996,
        1385.022216797
      ],
      [
        -104.37963365966297,
        38.26834291619043,
        1385.010986328
      ],
      [
        -104.37951984059215,
        38.26833280063086,
        1384.972290039
      ],
      [
        -104.37940602152133,
        38.26832268507129,
        1384.952270508
      ],
      [
        -104.37929220245051,
        38.26831256951172,
        1384.951049805
      ],
      [
        -104.37917838337971,
        38.268302453952145,
        1384.943481445
      ],
      [
        -104.37906534974015,
        38.26828794445258,
        1384.909545898
      ],
      [
        -104.37895237935656,
        38.26827308107997,
        1384.904785156
      ],
      [
        -104.378839408973,
        38.268258217707356,
        1384.888549805
      ],
      [
        -104.37872643858941,
        38.26824335433474,
        1384.876098633
      ],
      [
        -104.37861346820583,
        38.26822849096214,
        1384.868652344
      ],
      [
        -104.37850049782224,
        38.268213627589525,
        1384.864868164
      ],
      [
        -104.37839539999452,
        38.26819979999914,
        1384.84362793
      ],
      [
        -104.37838757343663,
        38.26819856798658,
        1384.842895508
      ],
      [
        -104.37827526311871,
        38.26818088873049,
        1384.840454102
      ],
      [
        -104.3781629528008,
        38.268163209474395,
        1384.839233398
      ],
      [
        -104.37805064248289,
        38.2681455302183,
        1384.811767578
      ],
      [
        -104.37793833216497,
        38.2681278509622,
        1384.799316406
      ],
      [
        -104.37782602184706,
        38.268110171706105,
        1384.790527344
      ],
      [
        -104.37771371152914,
        38.26809249245001,
        1384.780517578
      ],
      [
        -104.37760140121124,
        38.26807481319391,
        1384.777099609
      ],
      [
        -104.37749019193652,
        38.26805328699155,
        1384.765869141
      ],
      [
        -104.37737904263211,
        38.268031551258304,
        1384.765869141
      ],
      [
        -104.37726789332771,
        38.26800981552505,
        1384.755859375
      ],
      [
        -104.37715674402331,
        38.2679880797918,
        1384.752075195
      ],
      [
        -104.3770455947189,
        38.26796634405855,
        1384.729492188
      ],
      [
        -104.37693444541449,
        38.2679446083253,
        1384.725708008
      ],
      [
        -104.37682329611009,
        38.26792287259205,
        1384.71472168
      ],
      [
        -104.37671214680569,
        38.2679011368588,
        1384.710693359
      ],
      [
        -104.37660099750128,
        38.26787940112555,
        1384.698242188
      ],
      [
        -104.37648984819688,
        38.2678576653923,
        1384.680664062
      ],
      [
        -104.37637911670781,
        38.26783466602089,
        1384.67565918
      ],
      [
        -104.37626852556767,
        38.26781124217908,
        1384.668212891
      ],
      [
        -104.37615793442752,
        38.26778781833727,
        1384.682006836
      ],
      [
        -104.37604734328738,
        38.26776439449545,
        1384.693359375
      ],
      [
        -104.37593675214724,
        38.26774097065364,
        1384.708251953
      ],
      [
        -104.3758261610071,
        38.267717546811824,
        1384.753295898
      ],
      [
        -104.37571556986695,
        38.26769412297001,
        1384.774536133
      ],
      [
        -104.3756049787268,
        38.267670699128196,
        1384.83581543
      ],
      [
        -104.37549438758666,
        38.267647275286386,
        1384.843261719
      ],
      [
        -104.37538379644651,
        38.267623851444576,
        1384.879394531
      ],
      [
        -104.37527320530637,
        38.26760042760276,
        1384.87890625
      ],
      [
        -104.37516261416623,
        38.26757700376095,
        1384.902587891
      ],
      [
        -104.37505202302609,
        38.26755357991913,
        1384.931396484
      ],
      [
        -104.37494143188594,
        38.26753015607732,
        1384.908813477
      ],
      [
        -104.37483084081302,
        38.267506732275336,
        1384.872680664
      ],
      [
        -104.37472024995067,
        38.267483308598116,
        1384.805053711
      ],
      [
        -104.37460965908834,
        38.2674598849209,
        1384.755981445
      ],
      [
        -104.374499068226,
        38.26743646124369,
        1384.723388672
      ],
      [
        -104.37438847736367,
        38.26741303756648,
        1384.697143555
      ],
      [
        -104.37427776811032,
        38.26738996201158,
        1384.693359375
      ],
      [
        -104.37416705866679,
        38.26736688701589,
        1384.688354492
      ],
      [
        -104.37405634922327,
        38.26734381202021,
        1384.692138672
      ],
      [
        -104.37394563977975,
        38.26732073702452,
        1384.697143555
      ],
      [
        -104.37383493033622,
        38.26729766202883,
        1384.723022461
      ],
      [
        -104.3737242208927,
        38.26727458703314,
        1384.743408203
      ],
      [
        -104.37361351144916,
        38.267251512037454,
        1384.818359375
      ],
      [
        -104.37350280200565,
        38.26722843704177,
        1384.861694336
      ],
      [
        -104.37339209256213,
        38.267205362046084,
        1384.956665039
      ],
      [
        -104.3732813831186,
        38.267182287050396,
        1385.217895508
      ],
      [
        -104.37317067367508,
        38.26715921205471,
        1385.119140625
      ],
      [
        -104.37316150000274,
        38.26715730000058,
        1385.119140625
      ],
      [
        -104.37305979783805,
        38.267136636522324,
        1384.832885742
      ],
      [
        -104.37294890696751,
        38.26711410611604,
        1384.325317383
      ],
      [
        -104.37283801609696,
        38.26709157570976,
        1383.786621094
      ],
      [
        -104.37272712522642,
        38.26706904530348,
        1382.791625977
      ],
      [
        -104.37261623435587,
        38.2670465148972,
        1382.092895508
      ],
      [
        -104.37250534348533,
        38.26702398449092,
        1381.446655273
      ],
      [
        -104.37239445261478,
        38.26700145408464,
        1381.3125
      ],
      [
        -104.37228356174424,
        38.26697892367836,
        1381.138305664
      ],
      [
        -104.3721726708737,
        38.26695639327208,
        1381.110839844
      ],
      [
        -104.37206178000315,
        38.2669338628658,
        1381.530883789
      ],
      [
        -104.3719508891326,
        38.26691133245952,
        1382.824584961
      ],
      [
        -104.3719147999982,
        38.26690399999961,
        1382.899536133
      ],
      [
        -104.37184023446962,
        38.2668881035219,
        1383.873291016
      ],
      [
        -104.37172969376823,
        38.26686453756817,
        1384.489624023
      ],
      [
        -104.37161915306685,
        38.26684097161444,
        1384.775878906
      ],
      [
        -104.37150861236546,
        38.26681740566072,
        1384.799682617
      ],
      [
        -104.37139807166407,
        38.26679383970699,
        1384.8984375
      ],
      [
        -104.3712875309627,
        38.26677027375327,
        1384.92590332
      ],
      [
        -104.37117699026132,
        38.26674670779954,
        1384.912109375
      ],
      [
        -104.37106644955993,
        38.26672314184581,
        1384.905883789
      ],
      [
        -104.37095590885855,
        38.26669957589208,
        1384.932861328
      ],
      [
        -104.37084536815716,
        38.26667600993836,
        1384.959716797
      ],
      [
        -104.37073482745578,
        38.26665244398463,
        1385.026000977
      ],
      [
        -104.37062428675439,
        38.26662887803091,
        1385.064697266
      ],
      [
        -104.37051374605302,
        38.26660531207718,
        1385.18347168
      ],
      [
        -104.37040320535164,
        38.26658174612345,
        1385.239624023
      ],
      [
        -104.37029266465025,
        38.266558180169724,
        1385.337280273
      ],
      [
        -104.3702814999952,
        38.26655579999896,
        1385.384765625
      ],
      [
        -104.37018219414297,
        38.266534413377485,
        1385.509399414
      ],
      [
        -104.37007173152182,
        38.266510624021535,
        1385.617431641
      ],
      [
        -104.36996126890068,
        38.266486834665585,
        1385.756103516
      ],
      [
        -104.36985080627953,
        38.26646304530964,
        1385.891113281
      ],
      [
        -104.36974034365839,
        38.26643925595369,
        1385.828125
      ],
      [
        -104.36962988103724,
        38.26641546659774,
        1385.655517578
      ],
      [
        -104.36951941841609,
        38.2663916772418,
        1385.048095703
      ],
      [
        -104.36940895579495,
        38.26636788788585,
        1384.669677734
      ],
      [
        -104.36929849316007,
        38.26634409857026,
        1384.567749023
      ],
      [
        -104.36918780838836,
        38.26632096225121,
        1384.455322266
      ],
      [
        -104.36907712361663,
        38.26629782593216,
        1384.095214844
      ],
      [
        -104.36896643884491,
        38.26627468961311,
        1383.807739258
      ],
      [
        -104.3688557540732,
        38.26625155329406,
        1383.591552734
      ],
      [
        -104.36874506930147,
        38.26622841697502,
        1383.959716797
      ],
      [
        -104.36863438452976,
        38.26620528065597,
        1384.947875977
      ],
      [
        -104.36852369975803,
        38.26618214433692,
        1384.54296875
      ],
      [
        -104.36841301498632,
        38.26615900801787,
        1384.781616211
      ],
      [
        -104.36830233021459,
        38.26613587169883,
        1384.45300293
      ],
      [
        -104.36819164544288,
        38.26611273537978,
        1384.371704102
      ],
      [
        -104.36808096067115,
        38.266089599060734,
        1384.377929688
      ],
      [
        -104.36797027589944,
        38.26606646274168,
        1384.346191406
      ],
      [
        -104.36785959112771,
        38.26604332642264,
        1384.359375
      ],
      [
        -104.367748906356,
        38.26602019010359,
        1384.224365234
      ],
      [
        -104.36763822158427,
        38.26599705378454,
        1384.151855469
      ],
      [
        -104.36752753681256,
        38.265973917465494,
        1384.023193359
      ],
      [
        -104.36741685204083,
        38.265950781146444,
        1383.884399414
      ],
      [
        -104.36730616726912,
        38.2659276448274,
        1383.616943359
      ],
      [
        -104.3671954824974,
        38.26590450850835,
        1383.587890625
      ],
      [
        -104.36708479772568,
        38.265881372189305,
        1383.186523438
      ],
      [
        -104.36697411295395,
        38.265858235870255,
        1383.202758789
      ],
      [
        -104.36686342818224,
        38.26583509955121,
        1382.97277832
      ],
      [
        -104.36675274341052,
        38.26581196323216,
        1383.010253906
      ],
      [
        -104.36664205863879,
        38.265788826913116,
        1382.613525391
      ],
      [
        -104.36653137386708,
        38.265765690594066,
        1382.574951172
      ],
      [
        -104.36642068909535,
        38.265742554275015,
        1382.266113281
      ],
      [
        -104.36631000432364,
        38.26571941795597,
        1382.199829102
      ],
      [
        -104.36619931955191,
        38.26569628163692,
        1381.942749023
      ],
      [
        -104.3660886347802,
        38.265673145317876,
        1381.947753906
      ],
      [
        -104.36597795000847,
        38.265650008998826,
        1381.932861328
      ],
      [
        -104.36586726523676,
        38.26562687267978,
        1381.950317383
      ],
      [
        -104.36575658046503,
        38.26560373636073,
        1381.88671875
      ],
      [
        -104.36564589569332,
        38.26558060004169,
        1381.89465332
      ],
      [
        -104.36553521092159,
        38.26555746372264,
        1381.747070312
      ],
      [
        -104.36542452614988,
        38.26553432740359,
        1381.614624023
      ],
      [
        -104.36531384137815,
        38.26551119108454,
        1381.573364258
      ],
      [
        -104.36520315660644,
        38.26548805476549,
        1381.55078125
      ],
      [
        -104.36509247183471,
        38.26546491844645,
        1381.559570312
      ],
      [
        -104.364981787063,
        38.2654417821274,
        1381.549438477
      ],
      [
        -104.36487110229127,
        38.26541864580835,
        1381.567260742
      ],
      [
        -104.36476041751956,
        38.2653955094893,
        1381.547241211
      ],
      [
        -104.36464973274784,
        38.26537237317026,
        1381.55480957
      ],
      [
        -104.36453904797611,
        38.26534923685121,
        1381.547363281
      ],
      [
        -104.3644283632044,
        38.265326100532164,
        1381.566040039
      ],
      [
        -104.36431767843267,
        38.26530296421311,
        1381.55480957
      ],
      [
        -104.36420699366096,
        38.26527982789407,
        1381.557250977
      ],
      [
        -104.36409630888923,
        38.26525669157502,
        1381.552246094
      ],
      [
        -104.36398562411752,
        38.26523355525597,
        1381.563476562
      ],
      [
        -104.36387493934579,
        38.265210418936924,
        1381.563476562
      ],
      [
        -104.36376425457408,
        38.26518728261787,
        1381.559692383
      ],
      [
        -104.36365356980235,
        38.26516414629883,
        1381.557250977
      ],
      [
        -104.36354288503064,
        38.26514100997978,
        1381.565063477
      ],
      [
        -104.36343220025891,
        38.265117873660735,
        1381.569824219
      ],
      [
        -104.3633215154872,
        38.265094737341684,
        1381.566040039
      ],
      [
        -104.36321083071547,
        38.26507160102264,
        1381.564819336
      ],
      [
        -104.36310014594376,
        38.26504846470359,
        1381.570068359
      ],
      [
        -104.36298946117203,
        38.265025328384546,
        1381.570068359
      ],
      [
        -104.36287877640032,
        38.265002192065495,
        1381.566650391
      ],
      [
        -104.3627680916286,
        38.264979055746444,
        1381.560424805
      ],
      [
        -104.36265740685688,
        38.2649559194274,
        1381.559692383
      ],
      [
        -104.36254672208516,
        38.26493278310835,
        1381.559692383
      ],
      [
        -104.36243603731343,
        38.264909646789306,
        1381.559692383
      ],
      [
        -104.36232535254172,
        38.264886510470255,
        1381.559692383
      ],
      [
        -104.36221466776999,
        38.26486337415121,
        1381.574707031
      ],
      [
        -104.36210398299828,
        38.26484023783216,
        1381.564697266
      ],
      [
        -104.36199329822655,
        38.26481710151312,
        1381.509277344
      ],
      [
        -104.36188261345484,
        38.264793965194066,
        1381.460449219
      ],
      [
        -104.36177192868311,
        38.26477082887502,
        1381.455566406
      ],
      [
        -104.3616612439114,
        38.26474769255597,
        1381.414306641
      ],
      [
        -104.36155055913967,
        38.26472455623692,
        1381.446777344
      ],
      [
        -104.36143987436796,
        38.26470141991788,
        1381.409301758
      ],
      [
        -104.36132918959623,
        38.264678283598826,
        1381.463256836
      ],
      [
        -104.36121850482452,
        38.26465514727978,
        1381.431396484
      ],
      [
        -104.3611078200528,
        38.26463201096073,
        1381.448974609
      ],
      [
        -104.36099713528108,
        38.26460887464169,
        1381.426391602
      ],
      [
        -104.36088645050935,
        38.26458573832264,
        1381.47265625
      ],
      [
        -104.36077576573764,
        38.26456260200359,
        1381.457641602
      ],
      [
        -104.36066508096592,
        38.26453946568454,
        1381.526367188
      ],
      [
        -104.3605543961942,
        38.2645163293655,
        1381.463623047
      ],
      [
        -104.36044371142248,
        38.26449319304645,
        1381.308959961
      ],
      [
        -104.36033302665075,
        38.2644700567274,
        1380.906494141
      ],
      [
        -104.36022234187904,
        38.26444692040835,
        1380.751464844
      ],
      [
        -104.36011165710731,
        38.2644237840893,
        1380.611450195
      ],
      [
        -104.3600009723356,
        38.26440064777026,
        1380.446411133
      ],
      [
        -104.35989028756387,
        38.26437751145121,
        1380.348999023
      ],
      [
        -104.35977960279216,
        38.264354375132164,
        1380.220092773
      ],
      [
        -104.35966891802043,
        38.264331238813114,
        1380.057128906
      ],
      [
        -104.35955823324872,
        38.26430810249407,
        1379.890991211
      ],
      [
        -104.359447548477,
        38.26428496617502,
        1379.774780273
      ],
      [
        -104.35933686370528,
        38.264261829855975,
        1379.635131836
      ],
      [
        -104.35922617893355,
        38.264238693536925,
        1379.590087891
      ],
      [
        -104.35911549416184,
        38.264215557217874,
        1379.436401367
      ],
      [
        -104.35900480939011,
        38.26419242089883,
        1379.395141602
      ],
      [
        -104.3588941246184,
        38.26416928457978,
        1379.240112305
      ],
      [
        -104.35878343984668,
        38.264146148260735,
        1379.192626953
      ],
      [
        -104.35867275507496,
        38.264123011941685,
        1379.065185547
      ],
      [
        -104.35856207030324,
        38.26409987562264,
        1379.025146484
      ],
      [
        -104.35845138553152,
        38.26407673930359,
        1378.93762207
      ],
      [
        -104.3583407007598,
        38.264053602984546,
        1378.926025391
      ],
      [
        -104.35823001598808,
        38.264030466665496,
        1378.855834961
      ],
      [
        -104.35811933121636,
        38.26400733034645,
        1378.853393555
      ],
      [
        -104.35800864644463,
        38.2639841940274,
        1378.782104492
      ],
      [
        -104.35789796167292,
        38.26396105770835,
        1378.787109375
      ],
      [
        -104.35778727690119,
        38.26393792138931,
        1378.755859375
      ],
      [
        -104.35767659212948,
        38.263914785070256,
        1378.775756836
      ],
      [
        -104.35756590735775,
        38.26389164875121,
        1378.754638672
      ],
      [
        -104.35745522258604,
        38.26386851243216,
        1378.803710938
      ],
      [
        -104.35734453781431,
        38.26384537611312,
        1378.768676758
      ],
      [
        -104.3572338530426,
        38.26382223979407,
        1378.796264648
      ],
      [
        -104.35712316827087,
        38.26379910347502,
        1378.777587891
      ],
      [
        -104.35701248349916,
        38.26377596715597,
        1378.790039062
      ],
      [
        -104.35690179872743,
        38.26375283083693,
        1378.769897461
      ],
      [
        -104.35679111395572,
        38.26372969451788,
        1378.781982422
      ],
      [
        -104.356680429184,
        38.26370655819883,
        1378.752075195
      ],
      [
        -104.35656974441228,
        38.26368342187978,
        1378.782104492
      ],
      [
        -104.35645905964056,
        38.26366028556073,
        1378.752075195
      ],
      [
        -104.35634837486884,
        38.26363714924169,
        1378.786987305
      ],
      [
        -104.35623769009712,
        38.26361401292264,
        1378.772094727
      ],
      [
        -104.3561270053254,
        38.263590876603594,
        1378.790039062
      ],
      [
        -104.35601632055368,
        38.26356774028454,
        1378.764160156
      ],
      [
        -104.35590563578195,
        38.2635446039655,
        1378.795410156
      ],
      [
        -104.35579495101024,
        38.26352146764645,
        1378.768798828
      ],
      [
        -104.35568426623851,
        38.263498331327405,
        1378.786376953
      ],
      [
        -104.3555735814668,
        38.263475195008354,
        1378.760620117
      ],
      [
        -104.35546289669507,
        38.2634520586893,
        1378.801757812
      ],
      [
        -104.35535221192336,
        38.26342892237026,
        1378.765136719
      ],
      [
        -104.35524152715163,
        38.26340578605121,
        1378.786743164
      ],
      [
        -104.35513084237992,
        38.263382649732165,
        1378.781616211
      ],
      [
        -104.3550201576082,
        38.263359513413114,
        1378.802978516
      ],
      [
        -104.35490947283648,
        38.26333637709407,
        1378.786743164
      ],
      [
        -104.35479878806476,
        38.26331324077502,
        1378.806762695
      ],
      [
        -104.35468810329304,
        38.263290104455976,
        1378.787963867
      ],
      [
        -104.35457741852132,
        38.263266968136925,
        1378.831176758
      ],
      [
        -104.3544667337496,
        38.26324383181788,
        1378.796264648
      ],
      [
        -104.35435604897788,
        38.26322069549883,
        1378.841186523
      ],
      [
        -104.35424536420616,
        38.26319755917978,
        1378.8125
      ],
      [
        -104.35413467943444,
        38.263174422860736,
        1378.83996582
      ],
      [
        -104.35402399466273,
        38.263151286541685,
        1378.832397461
      ],
      [
        -104.353913309891,
        38.26312815022264,
        1378.862060547
      ],
      [
        -104.35380262511927,
        38.26310501390359,
        1378.854492188
      ],
      [
        -104.35369198826852,
        38.263081742934204,
        1378.89440918
      ],
      [
        -104.35358137492348,
        38.26305840591745,
        1378.853271484
      ],
      [
        -104.35347076157845,
        38.2630350689007,
        1378.908203125
      ],
      [
        -104.3533601482334,
        38.26301173188394,
        1378.869384766
      ],
      [
        -104.35324953488838,
        38.262988394867186,
        1378.918212891
      ],
      [
        -104.35313892154333,
        38.26296505785043,
        1378.879394531
      ],
      [
        -104.35302830819829,
        38.26294172083367,
        1378.917602539
      ],
      [
        -104.35291769485326,
        38.26291838381692,
        1378.888916016
      ],
      [
        -104.35280708150822,
        38.26289504680017,
        1378.913818359
      ],
      [
        -104.35269646816319,
        38.26287170978341,
        1378.866455078
      ],
      [
        -104.35258585481814,
        38.262848372766655,
        1378.862670898
      ],
      [
        -104.35247524147312,
        38.2628250357499,
        1378.713989258
      ],
      [
        -104.35236462812807,
        38.26280169873314,
        1378.59375
      ],
      [
        -104.35225401478303,
        38.262778361716386,
        1378.5
      ],
      [
        -104.352143401438,
        38.262755024699636,
        1378.494995117
      ],
      [
        -104.35203278809296,
        38.26273168768288,
        1378.489257812
      ],
      [
        -104.35192217474793,
        38.262708350666124,
        1378.494262695
      ],
      [
        -104.35181156140288,
        38.26268501364937,
        1378.406860352
      ],
      [
        -104.35170094805785,
        38.26266167663261,
        1378.351806641
      ],
      [
        -104.35159033471281,
        38.26263833961586,
        1378.264282227
      ],
      [
        -104.35147972136777,
        38.262615002599105,
        1378.249389648
      ],
      [
        -104.35136910802274,
        38.26259166558235,
        1378.213134766
      ],
      [
        -104.3512584946777,
        38.26256832856559,
        1378.178100586
      ],
      [
        -104.35114788133266,
        38.262544991548836,
        1378.098144531
      ],
      [
        -104.35103726798762,
        38.26252165453208,
        1378.084350586
      ],
      [
        -104.35092665464258,
        38.26249831751533,
        1377.954101562
      ],
      [
        -104.35081604129755,
        38.262474980498574,
        1377.91015625
      ],
      [
        -104.3507054279525,
        38.26245164348182,
        1377.808959961
      ],
      [
        -104.35059481460748,
        38.26242830646506,
        1377.730224609
      ],
      [
        -104.35048420126243,
        38.262404969448305,
        1377.638916016
      ],
      [
        -104.3503735879174,
        38.26238163243155,
        1377.593994141
      ],
      [
        -104.35026297457236,
        38.2623582954148,
        1377.533935547
      ],
      [
        -104.35015236122732,
        38.26233495839804,
        1377.524902344
      ],
      [
        -104.35004167009892,
        38.2623118524265,
        1377.479858398
      ],
      [
        -104.34993093050866,
        38.262288890404456,
        1377.473632812
      ],
      [
        -104.34982019091841,
        38.26226592838241,
        1377.434936523
      ],
      [
        -104.34970945132817,
        38.26224296636037,
        1377.43737793
      ],
      [
        -104.34959871173791,
        38.262220004338324,
        1377.392333984
      ],
      [
        -104.34948797214766,
        38.26219704231629,
        1377.396118164
      ],
      [
        -104.3493772325574,
        38.262174080294244,
        1377.343383789
      ],
      [
        -104.34926649296715,
        38.2621511182722,
        1377.369750977
      ],
      [
        -104.3491557533769,
        38.26212815625016,
        1377.329711914
      ],
      [
        -104.34904501378665,
        38.26210519422811,
        1377.353393555
      ],
      [
        -104.3489342741964,
        38.26208223220607,
        1377.313842773
      ],
      [
        -104.34882353460614,
        38.262059270184025,
        1377.336303711
      ],
      [
        -104.3487127950159,
        38.26203630816199,
        1377.272460938
      ],
      [
        -104.34860205542564,
        38.262013346139945,
        1377.289672852
      ],
      [
        -104.34849131583539,
        38.2619903841179,
        1377.208374023
      ],
      [
        -104.34838057624513,
        38.26196742209586,
        1377.228271484
      ],
      [
        -104.34826983665488,
        38.26194446007381,
        1377.149658203
      ],
      [
        -104.34815909706464,
        38.26192149805177,
        1377.153442383
      ],
      [
        -104.34804835747438,
        38.26189853602973,
        1377.068359375
      ],
      [
        -104.34793761788413,
        38.26187557400769,
        1377.067993164
      ],
      [
        -104.34782687829387,
        38.261852611985645,
        1376.994018555
      ],
      [
        -104.34771613870362,
        38.2618296499636,
        1376.979003906
      ],
      [
        -104.34760541967735,
        38.26180662789115,
        1376.877807617
      ],
      [
        -104.34749476733494,
        38.2617834110901,
        1376.84777832
      ],
      [
        -104.34738411499252,
        38.26176019428905,
        1376.747802734
      ],
      [
        -104.34727346265011,
        38.261736977488,
        1376.714599609
      ],
      [
        -104.34716281030771,
        38.26171376068695,
        1376.609985352
      ],
      [
        -104.3470521579653,
        38.261690543885905,
        1376.58996582
      ],
      [
        -104.34694150562288,
        38.26166732708485,
        1376.474975586
      ],
      [
        -104.34683085328047,
        38.261644110283804,
        1376.434936523
      ],
      [
        -104.34672020093807,
        38.26162089348276,
        1376.31628418
      ],
      [
        -104.34660954859565,
        38.26159767668171,
        1376.298706055
      ],
      [
        -104.34649889625324,
        38.261574459880656,
        1376.216552734
      ],
      [
        -104.34638824391082,
        38.26155124307961,
        1376.179931641
      ],
      [
        -104.34627759156841,
        38.26152802627856,
        1376.087402344
      ],
      [
        -104.34616693922601,
        38.261504809477515,
        1376.032470703
      ],
      [
        -104.3460562868836,
        38.26148159267646,
        1375.93737793
      ],
      [
        -104.34594563454118,
        38.261458375875414,
        1375.909790039
      ],
      [
        -104.34583498219877,
        38.26143515907437,
        1375.818725586
      ],
      [
        -104.34572432985637,
        38.26141194227331,
        1375.833984375
      ],
      [
        -104.34561367751395,
        38.261388725472266,
        1375.784912109
      ],
      [
        -104.34550302517154,
        38.26136550867122,
        1375.802368164
      ],
      [
        -104.34539237282912,
        38.26134229187017,
        1375.759155273
      ],
      [
        -104.34528172048672,
        38.26131907506912,
        1375.710449219
      ],
      [
        -104.34517106814431,
        38.26129585826807,
        1375.62890625
      ],
      [
        -104.3450604158019,
        38.26127264146702,
        1375.565185547
      ],
      [
        -104.34494976345948,
        38.26124942466598,
        1375.553466797
      ],
      [
        -104.34483911111707,
        38.26122620786492,
        1375.539672852
      ],
      [
        -104.34472845877467,
        38.261202991063875,
        1375.517333984
      ],
      [
        -104.34461780643225,
        38.26117977426283,
        1375.531005859
      ],
      [
        -104.34450715408984,
        38.26115655746178,
        1375.552246094
      ],
      [
        -104.34439650174743,
        38.26113334066073,
        1375.502319336
      ],
      [
        -104.34428584940503,
        38.26111012385968,
        1375.457641602
      ],
      [
        -104.34417519706261,
        38.26108690705863,
        1375.368652344
      ],
      [
        -104.3440645447202,
        38.26106369025758,
        1375.268676758
      ],
      [
        -104.34395389237778,
        38.26104047345653,
        1375.172363281
      ],
      [
        -104.34384324003538,
        38.261017256655485,
        1375.05859375
      ],
      [
        -104.34373258769297,
        38.26099403985444,
        1375.007446289
      ],
      [
        -104.34362193535055,
        38.260970823053384,
        1374.978637695
      ],
      [
        -104.34351128300814,
        38.26094760625234,
        1374.946899414
      ],
      [
        -104.3434006375072,
        38.26092437170487,
        1374.920166016
      ],
      [
        -104.34328999206757,
        38.26090113699833,
        1374.901367188
      ],
      [
        -104.34317934662793,
        38.26087790229178,
        1374.876342773
      ],
      [
        -104.34306870118832,
        38.26085466758524,
        1374.876342773
      ],
      [
        -104.34295805574868,
        38.2608314328787,
        1374.860107422
      ],
      [
        -104.34284741030906,
        38.260808198172164,
        1374.872558594
      ],
      [
        -104.34273676486943,
        38.26078496346562,
        1374.855834961
      ],
      [
        -104.34262611942981,
        38.26076172875908,
        1374.857177734
      ],
      [
        -104.34251547114197,
        38.26073850324913,
        1374.83215332
      ],
      [
        -104.34240482107647,
        38.26071528347904,
        1374.847045898
      ],
      [
        -104.34229417101099,
        38.260692063708944,
        1374.820800781
      ],
      [
        -104.3421835209455,
        38.26066884393886,
        1374.829589844
      ],
      [
        -104.34207287088,
        38.26064562416877,
        1374.814941406
      ],
      [
        -104.34196222081451,
        38.260622404398674,
        1374.830810547
      ],
      [
        -104.34185157074901,
        38.26059918462858,
        1374.818481445
      ],
      [
        -104.34174092068353,
        38.26057596485849,
        1374.830932617
      ],
      [
        -104.34163027061804,
        38.260552745088404,
        1374.814941406
      ],
      [
        -104.34151962055255,
        38.26052952531831,
        1374.824951172
      ],
      [
        -104.34140897048705,
        38.26050630554822,
        1374.811401367
      ],
      [
        -104.34129832042157,
        38.26048308577813,
        1374.838623047
      ],
      [
        -104.34118767035608,
        38.260459866008034,
        1374.803955078
      ],
      [
        -104.34107702029058,
        38.26043664623795,
        1374.815185547
      ],
      [
        -104.34096637022509,
        38.260413426467856,
        1374.783935547
      ],
      [
        -104.3408557201596,
        38.260390206697764,
        1374.787719727
      ],
      [
        -104.34074507009412,
        38.26036698692767,
        1374.748901367
      ],
      [
        -104.34063442002862,
        38.26034376715758,
        1374.760131836
      ],
      [
        -104.34052355640716,
        38.2603211857899,
        1374.719848633
      ],
      [
        -104.34041269216625,
        38.260298606274,
        1374.731445312
      ],
      [
        -104.34030182792534,
        38.26027602675809,
        1374.685180664
      ],
      [
        -104.34019096368444,
        38.26025344724219,
        1374.685180664
      ],
      [
        -104.34008009944353,
        38.260230867726285,
        1374.633911133
      ],
      [
        -104.33996923520262,
        38.260208288210386,
        1374.635131836
      ],
      [
        -104.33985837096171,
        38.260185708694486,
        1374.588378906
      ],
      [
        -104.3397475067208,
        38.26016312917858,
        1374.578613281
      ],
      [
        -104.33963664247989,
        38.26014054966268,
        1374.504882812
      ],
      [
        -104.339525778239,
        38.26011797014677,
        1374.488525391
      ],
      [
        -104.33941491399808,
        38.26009539063087,
        1374.419799805
      ],
      [
        -104.33930404975717,
        38.260072811114966,
        1374.40234375
      ],
      [
        -104.33919321950377,
        38.26005012995974,
        1374.348510742
      ],
      [
        -104.33908246539167,
        38.26002722110474,
        1374.339233398
      ],
      [
        -104.33897171127956,
        38.26000431224974,
        1374.271240234
      ],
      [
        -104.33886095716744,
        38.25998140339475,
        1374.251220703
      ],
      [
        -104.33875020305534,
        38.25995849453975,
        1374.191162109
      ],
      [
        -104.33863944894323,
        38.25993558568475,
        1374.171142578
      ],
      [
        -104.33852869483111,
        38.25991267682976,
        1374.102416992
      ],
      [
        -104.33841794071901,
        38.25988976797476,
        1374.091186523
      ],
      [
        -104.3383071866069,
        38.25986685911976,
        1374.023193359
      ],
      [
        -104.33819643249478,
        38.25984395026477,
        1374.004760742
      ],
      [
        -104.33808567838268,
        38.25982104140977,
        1373.917114258
      ],
      [
        -104.33797492427057,
        38.25979813255477,
        1373.897094727
      ],
      [
        -104.33786417015845,
        38.259775223699776,
        1373.86706543
      ],
      [
        -104.33775341604635,
        38.259752314844775,
        1373.779541016
      ],
      [
        -104.33764266193424,
        38.25972940598978,
        1373.760742188
      ],
      [
        -104.33753190782213,
        38.259706497134786,
        1373.662963867
      ],
      [
        -104.33742003827224,
        38.25968730086755,
        1373.644165039
      ],
      [
        -104.33730792578342,
        38.2596689131905,
        1373.522827148
      ],
      [
        -104.33719581329461,
        38.25965052551346,
        1373.482910156
      ],
      [
        -104.33708370080579,
        38.25963213783641,
        1373.347900391
      ],
      [
        -104.33697158831698,
        38.25961375015937,
        1373.329223633
      ],
      [
        -104.33685947582818,
        38.25959536248232,
        1373.302368164
      ],
      [
        -104.33674736333936,
        38.259576974805285,
        1373.187133789
      ],
      [
        -104.33663525085055,
        38.25955858712824,
        1373.167114258
      ],
      [
        -104.33652312147093,
        38.259540266946225,
        1373.055908203
      ],
      [
        -104.3364104918173,
        38.2595239458404,
        1373.049682617
      ],
      [
        -104.33629786216368,
        38.259507624734574,
        1373.0234375
      ],
      [
        -104.33618523251006,
        38.25949130362875,
        1372.914672852
      ],
      [
        -104.33607260285643,
        38.25947498252292,
        1372.771240234
      ],
      [
        -104.3359599732028,
        38.25945866141709,
        1372.657470703
      ],
      [
        -104.33584734354918,
        38.25944234031127,
        1372.491210938
      ],
      [
        -104.33573471389556,
        38.25942601920544,
        1372.449829102
      ],
      [
        -104.33562208424193,
        38.25940969809962,
        1372.481201172
      ],
      [
        -104.3355094545883,
        38.259393376993785,
        1372.429931641
      ],
      [
        -104.33539682493469,
        38.25937705588796,
        1372.466552734
      ],
      [
        -104.33528419528106,
        38.259360734782135,
        1372.523925781
      ],
      [
        -104.33517156562743,
        38.25934441367631,
        1372.431396484
      ],
      [
        -104.3350589359738,
        38.259328092570485,
        1372.452636719
      ],
      [
        -104.33494630632019,
        38.25931177146465,
        1372.396362305
      ],
      [
        -104.33483367666656,
        38.25929545035883,
        1372.431396484
      ],
      [
        -104.33472104701293,
        38.259279129253,
        1372.483886719
      ],
      [
        -104.3346084173593,
        38.25926280814718,
        1372.39453125
      ],
      [
        -104.33449578770569,
        38.259246487041345,
        1372.435668945
      ],
      [
        -104.33438315805206,
        38.25923016593552,
        1372.471801758
      ],
      [
        -104.33427052839843,
        38.259213844829695,
        1372.400634766
      ],
      [
        -104.33415789874482,
        38.25919752372387,
        1372.441894531
      ],
      [
        -104.33404526909119,
        38.259181202618045,
        1372.476928711
      ],
      [
        -104.33393263943756,
        38.25916488151221,
        1372.404663086
      ],
      [
        -104.33382000978393,
        38.25914856040639,
        1372.428955078
      ],
      [
        -104.33370738013032,
        38.25913223930056,
        1372.387695312
      ],
      [
        -104.33359475047669,
        38.25911591819474,
        1372.184326172
      ],
      [
        -104.33348212082306,
        38.25909959708891,
        1372.040527344
      ],
      [
        -104.3333695250248,
        38.25908313533013,
        1371.821777344
      ],
      [
        -104.33325704784205,
        38.25906618078031,
        1371.62878418
      ],
      [
        -104.33314457065931,
        38.259049226230495,
        1371.399780273
      ],
      [
        -104.33303209347656,
        38.25903227168068,
        1371.171630859
      ],
      [
        -104.33291961629381,
        38.25901531713086,
        1370.981567383
      ],
      [
        -104.33280713911105,
        38.258998362581046,
        1370.862915039
      ],
      [
        -104.33269466192831,
        38.258981408031225,
        1370.63293457
      ],
      [
        -104.33258218474556,
        38.25896445348141,
        1370.547851562
      ],
      [
        -104.33246970756281,
        38.25894749893159,
        1370.479125977
      ],
      [
        -104.33235723038005,
        38.258930544381776,
        1370.323120117
      ],
      [
        -104.33224475319732,
        38.258913589831955,
        1370.276733398
      ],
      [
        -104.33213227601456,
        38.25889663528214,
        1370.235595703
      ],
      [
        -104.33201979883181,
        38.25887968073232,
        1370.160522461
      ],
      [
        -104.33190732164906,
        38.25886272618251,
        1370.106811523
      ],
      [
        -104.33179484446632,
        38.25884577163269,
        1370.041748047
      ],
      [
        -104.33168236728356,
        38.25882881708287,
        1370.021606445
      ],
      [
        -104.33156989010081,
        38.25881186253306,
        1370.002319336
      ],
      [
        -104.33145741291806,
        38.25879490798324,
        1369.947265625
      ],
      [
        -104.33134493573532,
        38.25877795343342,
        1369.921020508
      ],
      [
        -104.3312324496175,
        38.25876103629101,
        1369.90222168
      ],
      [
        -104.33111982111363,
        38.25874471525971,
        1369.842285156
      ],
      [
        -104.33100719260977,
        38.258728394228406,
        1369.840942383
      ],
      [
        -104.33089456410592,
        38.2587120731971,
        1369.828125
      ],
      [
        -104.33078193560205,
        38.2586957521658,
        1369.758789062
      ],
      [
        -104.33066930709819,
        38.258679431134496,
        1369.758789062
      ],
      [
        -104.33055667859432,
        38.25866311010319,
        1369.715087891
      ],
      [
        -104.33044405009046,
        38.25864678907189,
        1369.72253418
      ],
      [
        -104.3303314215866,
        38.258630468040586,
        1369.732543945
      ],
      [
        -104.33021879308274,
        38.25861414700928,
        1369.699584961
      ],
      [
        -104.33010616457888,
        38.258597825977986,
        1369.717041016
      ],
      [
        -104.32999353607502,
        38.25858150494668,
        1369.732055664
      ],
      [
        -104.32988090757115,
        38.25856518391538,
        1369.70703125
      ],
      [
        -104.3297682790673,
        38.258548862884076,
        1369.713378906
      ],
      [
        -104.32965565056344,
        38.25853254185277,
        1369.717041016
      ],
      [
        -104.32954302205957,
        38.25851622082147,
        1369.673339844
      ],
      [
        -104.32943039355571,
        38.258499899790166,
        1369.657958984
      ],
      [
        -104.32931776505185,
        38.25848357875886,
        1369.619506836
      ],
      [
        -104.32920513654798,
        38.25846725772756,
        1369.483276367
      ],
      [
        -104.32909250804413,
        38.258450936696256,
        1369.413208008
      ],
      [
        -104.32897987954027,
        38.25843461566495,
        1369.379516602
      ],
      [
        -104.3288672510364,
        38.25841829463365,
        1369.353271484
      ],
      [
        -104.32875462253254,
        38.258401973602346,
        1369.367431641
      ],
      [
        -104.32864199402869,
        38.25838565257104,
        1369.33972168
      ],
      [
        -104.32852936552482,
        38.25836933153974,
        1369.351074219
      ],
      [
        -104.32841673602343,
        38.25835301594566,
        1369.366088867
      ],
      [
        -104.3283041050858,
        38.25833670818009,
        1369.338623047
      ],
      [
        -104.32819147414818,
        38.25832040041452,
        1369.359863281
      ],
      [
        -104.32807884321056,
        38.25830409264895,
        1369.368530273
      ],
      [
        -104.32796621227294,
        38.25828778488338,
        1369.348022461
      ],
      [
        -104.32785358133532,
        38.258271477117816,
        1369.363769531
      ],
      [
        -104.3277409503977,
        38.258255169352246,
        1369.314941406
      ],
      [
        -104.32762831946008,
        38.258238861586676,
        1369.212402344
      ],
      [
        -104.32751568852245,
        38.258222553821106,
        1369.132446289
      ],
      [
        -104.32740305758483,
        38.258206246055536,
        1368.997436523
      ],
      [
        -104.32729042664721,
        38.258189938289966,
        1368.862426758
      ],
      [
        -104.32717779570959,
        38.2581736305244,
        1368.723632812
      ],
      [
        -104.32706516477197,
        38.258157322758834,
        1368.62487793
      ],
      [
        -104.32695253383434,
        38.258141014993264,
        1368.463623047
      ],
      [
        -104.32683990289672,
        38.258124707227694,
        1368.398681641
      ],
      [
        -104.3267272719591,
        38.258108399462124,
        1368.334838867
      ],
      [
        -104.32661464102146,
        38.258092091696554,
        1368.228637695
      ],
      [
        -104.32650201008384,
        38.258075783930984,
        1368.185424805
      ],
      [
        -104.32638937914622,
        38.258059476165414,
        1368.107055664
      ],
      [
        -104.3262767482086,
        38.25804316839985,
        1368.08581543
      ],
      [
        -104.32616411727098,
        38.25802686063428,
        1368.055786133
      ],
      [
        -104.32605148633336,
        38.25801055286871,
        1368.017089844
      ],
      [
        -104.32593885539573,
        38.25799424510314,
        1367.983398438
      ],
      [
        -104.32582622445811,
        38.25797793733757,
        1367.915771484
      ],
      [
        -104.32571359352049,
        38.257961629572,
        1367.824584961
      ],
      [
        -104.32560096258287,
        38.25794532180643,
        1367.714233398
      ],
      [
        -104.32548833164525,
        38.25792901404086,
        1367.638061523
      ],
      [
        -104.32537570070762,
        38.2579127062753,
        1367.498046875
      ],
      [
        -104.32526306977,
        38.25789639850973,
        1367.430419922
      ],
      [
        -104.32515044601189,
        38.25788006078059,
        1367.354248047
      ],
      [
        -104.32503792062413,
        38.257863312504554,
        1367.217651367
      ],
      [
        -104.32492539523636,
        38.257846564228515,
        1367.157714844
      ],
      [
        -104.3248128698486,
        38.25782981595248,
        1367.037719727
      ],
      [
        -104.32470034446084,
        38.257813067676445,
        1366.981445312
      ],
      [
        -104.32458781907307,
        38.257796319400406,
        1366.91394043
      ],
      [
        -104.32447529368531,
        38.25777957112437,
        1366.838989258
      ],
      [
        -104.32436276829755,
        38.257762822848335,
        1366.806518555
      ],
      [
        -104.32425024290978,
        38.257746074572296,
        1366.763793945
      ],
      [
        -104.32413771752202,
        38.25772932629626,
        1366.70715332
      ],
      [
        -104.32402519213426,
        38.25771257802022,
        1366.705810547
      ],
      [
        -104.3239126667465,
        38.257695829744186,
        1366.70715332
      ],
      [
        -104.32380014135873,
        38.25767908146815,
        1366.670898438
      ],
      [
        -104.32368761597097,
        38.25766233319211,
        1366.670898438
      ],
      [
        -104.3235750905832,
        38.25764558491607,
        1366.685913086
      ],
      [
        -104.32346256519544,
        38.25762883664004,
        1366.658935547
      ],
      [
        -104.32335003980768,
        38.257612088364,
        1366.677612305
      ],
      [
        -104.32323751441992,
        38.25759534008796,
        1366.651367188
      ],
      [
        -104.32312498903215,
        38.25757859181192,
        1366.655029297
      ],
      [
        -104.32301246364439,
        38.25756184353589,
        1366.675048828
      ],
      [
        -104.32289993825663,
        38.25754509525985,
        1366.639404297
      ],
      [
        -104.32278741286886,
        38.25752834698381,
        1366.656494141
      ],
      [
        -104.3226748874811,
        38.25751159870777,
        1366.647216797
      ],
      [
        -104.32256229275728,
        38.257495143584656,
        1366.609741211
      ],
      [
        -104.32244966227405,
        38.257478839652315,
        1366.602294922
      ],
      [
        -104.32233703179082,
        38.257462535719974,
        1366.592285156
      ],
      [
        -104.3222244013076,
        38.257446231787625,
        1366.546020508
      ],
      [
        -104.32211177082436,
        38.257429927855284,
        1366.538452148
      ],
      [
        -104.32199914034113,
        38.25741362392294,
        1366.512573242
      ],
      [
        -104.32188650985792,
        38.2573973199906,
        1366.50012207
      ],
      [
        -104.32177387937469,
        38.25738101605826,
        1366.491333008
      ],
      [
        -104.32166124889146,
        38.25736471212591,
        1366.47253418
      ],
      [
        -104.32154861840823,
        38.25734840819357,
        1366.460083008
      ],
      [
        -104.321435987925,
        38.25733210426123,
        1366.432617188
      ],
      [
        -104.32132335744177,
        38.25731580032889,
        1366.42980957
      ],
      [
        -104.32121072695855,
        38.25729949639655,
        1366.4140625
      ],
      [
        -104.32109809647532,
        38.2572831924642,
        1366.41027832
      ],
      [
        -104.3209854659921,
        38.25726688853186,
        1366.406494141
      ],
      [
        -104.32087283550887,
        38.25725058459952,
        1366.390258789
      ],
      [
        -104.32076020502564,
        38.25723428066718,
        1366.386474609
      ],
      [
        -104.3206475745424,
        38.257217976734836,
        1366.385253906
      ],
      [
        -104.32053494405918,
        38.257201672802495,
        1366.374023438
      ],
      [
        -104.32042231357596,
        38.25718536887015,
        1366.369018555
      ],
      [
        -104.32030968309273,
        38.257169064937806,
        1366.361450195
      ],
      [
        -104.3201970526095,
        38.257152761005464,
        1366.350219727
      ],
      [
        -104.32008442212627,
        38.25713645707312,
        1366.346435547
      ],
      [
        -104.31997179164304,
        38.25712015314078,
        1366.331420898
      ],
      [
        -104.31985916115981,
        38.257103849208434,
        1366.330078125
      ],
      [
        -104.3197465306766,
        38.25708754527609,
        1366.324584961
      ],
      [
        -104.31963390019337,
        38.25707124134375,
        1366.324584961
      ],
      [
        -104.31952126971014,
        38.25705493741141,
        1366.324584961
      ],
      [
        -104.3194086392269,
        38.25703863347907,
        1366.324584961
      ],
      [
        -104.31929600874368,
        38.25702232954672,
        1366.324584961
      ],
      [
        -104.31918337826045,
        38.25700602561438,
        1366.324584961
      ],
      [
        -104.31907074777723,
        38.25698972168204,
        1366.320556641
      ],
      [
        -104.3189581731353,
        38.2569731852193,
        1366.319213867
      ],
      [
        -104.31884560730316,
        38.25695661207148,
        1366.319213867
      ],
      [
        -104.31873304147103,
        38.25694003892365,
        1366.319213867
      ],
      [
        -104.3186204756389,
        38.25692346577582,
        1366.319213867
      ],
      [
        -104.31850790980675,
        38.256906892627995,
        1366.319213867
      ],
      [
        -104.31839534397461,
        38.25689031948017,
        1366.319213867
      ],
      [
        -104.31828277814249,
        38.256873746332346,
        1366.32800293
      ],
      [
        -104.31817021231035,
        38.25685717318452,
        1366.324584961
      ],
      [
        -104.31805764647821,
        38.25684060003669,
        1366.324584961
      ],
      [
        -104.31794508064607,
        38.256824026888864,
        1366.324584961
      ],
      [
        -104.31783251481394,
        38.25680745374104,
        1366.322753906
      ],
      [
        -104.3177199489818,
        38.256790880593215,
        1366.322753906
      ],
      [
        -104.31760738314966,
        38.25677430744538,
        1366.32409668
      ],
      [
        -104.31749481731752,
        38.25675773429756,
        1366.32824707
      ],
      [
        -104.3173822514854,
        38.25674116114973,
        1366.32824707
      ],
      [
        -104.31726968565326,
        38.25672458800191,
        1366.32824707
      ],
      [
        -104.31715711982112,
        38.256708014854084,
        1366.32824707
      ],
      [
        -104.31704455398898,
        38.25669144170625,
        1366.32824707
      ],
      [
        -104.31693198815685,
        38.25667486855843,
        1366.32824707
      ],
      [
        -104.31681942232471,
        38.2566582954106,
        1366.32421875
      ],
      [
        -104.31670685649257,
        38.25664172226278,
        1366.322875977
      ],
      [
        -104.31659429066043,
        38.25662514911495,
        1366.322875977
      ],
      [
        -104.31648172482831,
        38.25660857596712,
        1366.322875977
      ],
      [
        -104.31636915899617,
        38.256592002819296,
        1366.322875977
      ],
      [
        -104.31625659316403,
        38.25657542967147,
        1366.322875977
      ],
      [
        -104.3161440273319,
        38.25655885652365,
        1366.326660156
      ],
      [
        -104.31603146149976,
        38.256542283375815,
        1366.338012695
      ],
      [
        -104.31591889566762,
        38.25652571022799,
        1366.338012695
      ],
      [
        -104.31580632983548,
        38.256509137080165,
        1366.338012695
      ],
      [
        -104.31569376400336,
        38.25649256393234,
        1366.338012695
      ],
      [
        -104.31558119817122,
        38.256475990784516,
        1366.338012695
      ],
      [
        -104.31546863233908,
        38.256459417636684,
        1366.338012695
      ],
      [
        -104.31535606650694,
        38.25644284448886,
        1366.330444336
      ],
      [
        -104.31524350067481,
        38.256426271341034,
        1366.32800293
      ],
      [
        -104.31513093484267,
        38.25640969819321,
        1366.32800293
      ],
      [
        -104.31501836901053,
        38.256393125045385,
        1366.32800293
      ],
      [
        -104.31490580317839,
        38.25637655189755,
        1366.32800293
      ],
      [
        -104.31479323734627,
        38.25635997874973,
        1366.32800293
      ],
      [
        -104.31468067151413,
        38.2563434056019,
        1366.326171875
      ],
      [
        -104.31456809374683,
        38.25632688390846,
        1366.320678711
      ],
      [
        -104.3144554930137,
        38.25631046122454,
        1366.320678711
      ],
      [
        -104.31434289228056,
        38.25629403854061,
        1366.320678711
      ],
      [
        -104.31423029154743,
        38.25627761585669,
        1366.320678711
      ],
      [
        -104.3141176908143,
        38.25626119317276,
        1366.320678711
      ],
      [
        -104.31400509008115,
        38.25624477048884,
        1366.320678711
      ],
      [
        -104.31389248934802,
        38.25622834780492,
        1366.326904297
      ],
      [
        -104.31377988861489,
        38.256211925120994,
        1366.328979492
      ],
      [
        -104.31366728788176,
        38.25619550243707,
        1366.328979492
      ],
      [
        -104.31355468714861,
        38.256179079753146,
        1366.328979492
      ],
      [
        -104.31344208641548,
        38.256162657069225,
        1366.327880859
      ],
      [
        -104.31332948568235,
        38.2561462343853,
        1366.3203125
      ],
      [
        -104.31321688494921,
        38.25612981170138,
        1366.322875977
      ],
      [
        -104.31310428421608,
        38.25611338901745,
        1366.310546875
      ],
      [
        -104.31299168348293,
        38.25609696633353,
        1366.310546875
      ],
      [
        -104.3128790827498,
        38.25608054364961,
        1366.321777344
      ],
      [
        -104.31276648201667,
        38.25606412096568,
        1366.312866211
      ],
      [
        -104.31265388128354,
        38.25604769828176,
        1366.325439453
      ],
      [
        -104.31254128055039,
        38.256031275597834,
        1366.309082031
      ],
      [
        -104.31242867981726,
        38.256014852913914,
        1366.267211914
      ],
      [
        -104.31231607908413,
        38.25599843022999,
        1366.204956055
      ],
      [
        -104.312203478351,
        38.255982007546066,
        1366.157470703
      ],
      [
        -104.31209087761785,
        38.255965584862146,
        1366.081176758
      ],
      [
        -104.31197827688472,
        38.25594916217822,
        1366.036254883
      ],
      [
        -104.31186567615158,
        38.2559327394943,
        1365.984985352
      ],
      [
        -104.31175307541845,
        38.25591631681037,
        1365.898681641
      ],
      [
        -104.31164047468532,
        38.25589989412645,
        1365.850463867
      ],
      [
        -104.31152787395217,
        38.25588347144252,
        1365.702270508
      ],
      [
        -104.31141530823702,
        38.25586690387791,
        1365.658569336
      ],
      [
        -104.31130274814265,
        38.25585031305821,
        1365.62487793
      ],
      [
        -104.3111901880483,
        38.25583372223852,
        1365.552246094
      ],
      [
        -104.31107762795394,
        38.25581713141883,
        1365.573608398
      ],
      [
        -104.31096506785958,
        38.25580054059913,
        1365.606567383
      ],
      [
        -104.31085250776522,
        38.25578394977944,
        1365.530639648
      ],
      [
        -104.31073994767087,
        38.255767358959744,
        1365.549438477
      ],
      [
        -104.3106273875765,
        38.255750768140054,
        1365.524414062
      ],
      [
        -104.31051482748214,
        38.25573417732036,
        1365.375732422
      ],
      [
        -104.31040226738779,
        38.255717586500666,
        1365.351928711
      ],
      [
        -104.31028970729342,
        38.255700995680975,
        1365.275756836
      ],
      [
        -104.31017714719907,
        38.255684404861285,
        1365.186401367
      ],
      [
        -104.3100645871047,
        38.25566781404159,
        1365.161621094
      ],
      [
        -104.30995202701035,
        38.255651223221896,
        1365.040283203
      ],
      [
        -104.30983946691599,
        38.2556346324022,
        1365.040283203
      ],
      [
        -104.30972690682162,
        38.25561804158251,
        1365.047851562
      ],
      [
        -104.30961434672727,
        38.25560145076282,
        1365.010375977
      ],
      [
        -104.30950178663291,
        38.25558485994312,
        1364.991577148
      ],
      [
        -104.30938922653856,
        38.25556826912343,
        1364.98815918
      ],
      [
        -104.30927666644419,
        38.25555167830374,
        1364.968261719
      ],
      [
        -104.30916410634983,
        38.25553508748404,
        1364.983276367
      ],
      [
        -104.30905154625547,
        38.25551849666435,
        1364.98828125
      ],
      [
        -104.30893898616111,
        38.25550190584465,
        1364.968261719
      ],
      [
        -104.30882642606676,
        38.25548531502496,
        1364.969482422
      ],
      [
        -104.30871386087344,
        38.25546874926022,
        1364.962524414
      ],
      [
        -104.30860129425956,
        38.25545219047572,
        1364.964111328
      ],
      [
        -104.30848872764568,
        38.25543563169123,
        1364.965332031
      ],
      [
        -104.3083761610318,
        38.25541907290673,
        1364.967895508
      ],
      [
        -104.30826359441792,
        38.25540251412224,
        1364.967895508
      ],
      [
        -104.30815102780406,
        38.255385955337744,
        1364.967895508
      ],
      [
        -104.30803846119018,
        38.25536939655325,
        1364.952880859
      ],
      [
        -104.3079258945763,
        38.25535283776875,
        1364.959350586
      ],
      [
        -104.30781332796242,
        38.25533627898425,
        1364.971923828
      ],
      [
        -104.30770076134854,
        38.25531972019976,
        1364.954833984
      ],
      [
        -104.30758819473466,
        38.25530316141526,
        1364.958618164
      ],
      [
        -104.30747562812078,
        38.25528660263077,
        1364.971069336
      ],
      [
        -104.30736306150692,
        38.255270043846274,
        1364.954833984
      ],
      [
        -104.30725049489304,
        38.25525348506178,
        1364.956420898
      ],
      [
        -104.30713792827916,
        38.255236926277284,
        1364.94140625
      ],
      [
        -104.30702536166528,
        38.25522036749278,
        1364.956420898
      ],
      [
        -104.3069127950514,
        38.25520380870829,
        1364.961425781
      ],
      [
        -104.30680022843752,
        38.25518724992379,
        1364.957641602
      ],
      [
        -104.30668766182364,
        38.2551706911393,
        1364.961425781
      ],
      [
        -104.30657509520978,
        38.255154132354804,
        1364.97265625
      ],
      [
        -104.3064625285959,
        38.25513757357031,
        1364.962768555
      ],
      [
        -104.30634996198202,
        38.255121014785814,
        1364.964477539
      ],
      [
        -104.30623739536814,
        38.25510445600132,
        1364.972045898
      ],
      [
        -104.30612482875426,
        38.25508789721682,
        1364.963256836
      ],
      [
        -104.30601226214038,
        38.25507133843232,
        1364.963256836
      ],
      [
        -104.30589969552652,
        38.25505477964783,
        1364.978271484
      ],
      [
        -104.30578712891264,
        38.255038220863334,
        1364.963256836
      ],
      [
        -104.30567456229876,
        38.25502166207884,
        1364.963378906
      ],
      [
        -104.30556199568488,
        38.255005103294344,
        1364.958374023
      ],
      [
        -104.305449429071,
        38.25498854450985,
        1364.963378906
      ],
      [
        -104.30533686245712,
        38.254971985725355,
        1364.978393555
      ],
      [
        -104.30522429584325,
        38.25495542694085,
        1364.963378906
      ],
      [
        -104.30511172922938,
        38.25493886815636,
        1364.963378906
      ],
      [
        -104.3049991626155,
        38.254922309371864,
        1364.978027344
      ],
      [
        -104.30488659600162,
        38.25490575058737,
        1364.962890625
      ],
      [
        -104.30477402938774,
        38.254889191802874,
        1364.982910156
      ],
      [
        -104.30466146277386,
        38.25487263301838,
        1364.982910156
      ],
      [
        -104.30454889615999,
        38.254856074233885,
        1364.962890625
      ],
      [
        -104.3044363295461,
        38.25483951544939,
        1364.977905273
      ],
      [
        -104.30432376293224,
        38.25482295666489,
        1364.982910156
      ],
      [
        -104.30421119631836,
        38.254806397880394,
        1364.970092773
      ],
      [
        -104.30409862970448,
        38.2547898390959,
        1364.982543945
      ],
      [
        -104.3039860630906,
        38.254773280311404,
        1364.966308594
      ],
      [
        -104.30387349647673,
        38.25475672152691,
        1364.977539062
      ],
      [
        -104.30376092986285,
        38.254740162742415,
        1364.984985352
      ],
      [
        -104.30364836324898,
        38.25472360395792,
        1364.967529297
      ],
      [
        -104.3035357966351,
        38.254707045173426,
        1364.973388672
      ],
      [
        -104.30342323002122,
        38.254690486388924,
        1364.983520508
      ],
      [
        -104.30331066340734,
        38.25467392760443,
        1364.973022461
      ],
      [
        -104.30319809679347,
        38.254657368819935,
        1364.985595703
      ],
      [
        -104.30308553017959,
        38.25464081003544,
        1364.996826172
      ],
      [
        -104.30297296356571,
        38.254624251250945,
        1364.974731445
      ],
      [
        -104.30286039695184,
        38.25460769246645,
        1364.989746094
      ],
      [
        -104.30274783033796,
        38.254591133681956,
        1365.002929688
      ],
      [
        -104.30263526372408,
        38.25457457489746,
        1364.988647461
      ],
      [
        -104.3025226971102,
        38.25455801611296,
        1365.001098633
      ],
      [
        -104.30241013049633,
        38.254541457328465,
        1364.988647461
      ],
      [
        -104.30229756388245,
        38.25452489854397,
        1365.001098633
      ],
      [
        -104.30218499726857,
        38.254508339759475,
        1365.014892578
      ],
      [
        -104.3020724306547,
        38.25449178097498,
        1365.004150391
      ],
      [
        -104.30195986404082,
        38.254475222190486,
        1365.020996094
      ],
      [
        -104.30184729742695,
        38.25445866340599,
        1365.05090332
      ],
      [
        -104.30173473081307,
        38.254442104621496,
        1365.070922852
      ],
      [
        -104.30162216419919,
        38.254425545836995,
        1365.118408203
      ],
      [
        -104.30150939328777,
        38.25440987892243,
        1365.170898438
      ],
      [
        -104.30139656265041,
        38.25439447274407,
        1365.254638672
      ],
      [
        -104.30128373201305,
        38.254379066565704,
        1365.368041992
      ],
      [
        -104.30117090137568,
        38.25436366038735,
        1365.503417969
      ],
      [
        -104.30105807073832,
        38.254348254208985,
        1365.700927734
      ],
      [
        -104.30094524010096,
        38.25433284803062,
        1365.918334961
      ],
      [
        -104.3008324094636,
        38.254317441852265,
        1366.229736328
      ],
      [
        -104.30071957882623,
        38.2543020356739,
        1366.287109375
      ],
      [
        -104.30060674818887,
        38.254286629495546,
        1366.338256836
      ],
      [
        -104.3004939175515,
        38.25427122331718,
        1366.358886719
      ],
      [
        -104.30038108691414,
        38.25425581713882,
        1366.311523438
      ],
      [
        -104.30026825627678,
        38.25424041096046,
        1366.333984375
      ],
      [
        -104.30015542563942,
        38.2542250047821,
        1366.348999023
      ],
      [
        -104.30004259500207,
        38.25420959860374,
        1366.300292969
      ],
      [
        -104.2999297643647,
        38.25419419242538,
        1366.262817383
      ],
      [
        -104.29981693372734,
        38.25417878624702,
        1366.0234375
      ],
      [
        -104.29970410308998,
        38.254163380068654,
        1365.793579102
      ],
      [
        -104.29959127245262,
        38.2541479738903,
        1365.654907227
      ],
      [
        -104.29947844181525,
        38.254132567711935,
        1365.62487793
      ],
      [
        -104.29936548935365,
        38.25411773980048,
        1365.512329102
      ],
      [
        -104.29925235786574,
        38.25410376167869,
        1365.504882812
      ],
      [
        -104.29913922637783,
        38.25408978355691,
        1365.507324219
      ],
      [
        -104.29902609488992,
        38.25407580543512,
        1365.300415039
      ],
      [
        -104.298912963402,
        38.254061827313336,
        1365.254150391
      ],
      [
        -104.2987998319141,
        38.25404784919156,
        1365.179199219
      ],
      [
        -104.29868669508227,
        38.254033898303724,
        1364.884155273
      ],
      [
        -104.29857346111811,
        38.254020442426125,
        1364.907958984
      ],
      [
        -104.29846022715395,
        38.254006986548525,
        1364.922851562
      ],
      [
        -104.2983469931898,
        38.25399353067092,
        1364.91003418
      ],
      [
        -104.29823375922564,
        38.25398007479332,
        1364.612670898
      ],
      [
        -104.29812052526148,
        38.25396661891571,
        1364.56262207
      ],
      [
        -104.29800729129732,
        38.25395316303811,
        1364.590209961
      ],
      [
        -104.29789405733317,
        38.253939707160505,
        1364.362060547
      ],
      [
        -104.29778082336901,
        38.253926251282905,
        1364.33581543
      ],
      [
        -104.29768530000081,
        38.2539149000001,
        1364.338256836
      ]
    ]
  },
  "properties": {
    "relation_id": -1,
    "relation_tags": {
      "line_group": "4"
    },
    "length_m": 26728.435929072148,
    "num_vertices": 2701,
    "maxspeed_coverage": 1.0,
    "is_service": false,
    "service_kind": null,
    "line_group": 4,
    "group_order": null,
    "used_way_ids": [
      99197606,
      99279331,
      170684337,
      170684338,
      170684390,
      170685235,
      172470002,
      172470003,
      242782679,
      242782680,
      242782681,
      242782684,
      251422074,
      251422078,
      251422079,
      251422081,
      251422083,
      251424957,
      251424958,
      251424959,
      251424960,
      306417090,
      306417095,
      420330034,
      420330035,
      1064010245,
      1064010246,
      1064010247
    ],
    "n_gaps": 0,
    "n_branches": 0,
    "dropped_way_ids": [],
    "order": [],
    "s_m": [
      0.0,
      10.0,
      20.0,
      30.0,
      40.0,
      50.0,
      60.0,
      70.0,
      80.0,
      90.0,
      100.0,
      110.0,
      120.0,
      130.0,
      140.0,
      150.0,
      160.0,
      170.0,
      172.447965,
      180.0,
      190.0,
      200.0,
      210.0,
      220.0,
      230.0,
      240.0,
      250.0,
      260.0,
      270.0,
      280.0,
      290.0,
      300.0,
      310.0,
      320.0,
      330.0,
      340.0,
      350.0,
      360.0,
      370.0,
      380.0,
      385.856752,
      390.0,
      400.0,
      404.792624,
      410.0,
      420.0,
      430.0,
      440.0,
      450.0,
      460.0,
      470.0,
      480.0,
      490.0,
      500.0,
      510.0,
      520.0,
      530.0,
      540.0,
      550.0,
      560.0,
      570.0,
      580.0,
      590.0,
      600.0,
      610.0,
      620.0,
      630.0,
      636.280647,
      640.0,
      650.0,
      660.0,
      670.0,
      680.0,
      690.0,
      700.0,
      710.0,
      720.0,
      730.0,
      740.0,
      750.0,
      760.0,
      770.0,
      780.0,
      790.0,
      800.0,
      810.0,
      820.0,
      826.427029,
      830.0,
      840.0,
      850.0,
      860.0,
      870.0,
      880.0,
      890.0,
      900.0,
      910.0,
      920.0,
      930.0,
      940.0,
      950.0,
      960.0,
      970.0,
      980.0,
      990.0,
      1000.0,
      1010.0,
      1020.0,
      1030.0,
      1040.0,
      1050.0,
      1060.0,
      1070.0,
      1080.0,
      1090.0,
      1100.0,
      1110.0,
      1120.0,
      1130.0,
      1140.0,
      1150.0,
      1160.0,
      1170.0,
      1180.0,
      1190.0,
      1200.0,
      1210.0,
      1220.0,
      1230.0,
      1240.0,
      1250.0,
      1260.0,
      1270.0,
      1280.0,
      1290.0,
      1300.0,
      1310.0,
      1320.0,
      1330.0,
      1340.0,
      1350.0,
      1360.0,
      1370.0,
      1380.0,
      1390.0,
      1400.0,
      1410.0,
      1420.0,
      1430.0,
      1440.0,
      1450.0,
      1460.0,
      1470.0,
      1480.0,
      1490.0,
      1500.0,
      1510.0,
      1520.0,
      1530.0,
      1540.0,
      1550.0,
      1560.0,
      1570.0,
      1580.0,
      1590.0,
      1600.0,
      1610.0,
      1620.0,
      1630.0,
      1640.0,
      1648.257182,
      1650.0,
      1660.0,
      1670.0,
      1680.0,
      1690.0,
      1700.0,
      1710.0,
      1720.0,
      1730.0,
      1740.0,
      1750.0,
      1760.0,
      1770.0,
      1780.0,
      1790.0,
      1800.0,
      1810.0,
      1820.0,
      1830.0,
      1840.0,
      1850.0,
      1860.0,
      1870.0,
      1880.0,
      1890.0,
      1900.0,
      1910.0,
      1920.0,
      1930.0,
      1940.0,
      1950.0,
      1960.0,
      1970.0,
      1980.0,
      1990.0,
      2000.0,
      2010.0,
      2020.0,
      2029.787605,
      2030.0,
      2040.0,
      2050.0,
      2060.0,
      2070.0,
      2080.0,
      2090.0,
      2100.0,
      2110.0,
      2120.0,
      2130.0,
      2140.0,
      2150.0,
      2160.0,
      2170.0,
      2180.0,
      2190.0,
      2200.0,
      2210.0,
      2220.0,
      2230.0,
      2240.0,
      2250.0,
      2260.0,
      2270.0,
      2280.0,
      2290.0,
      2300.0,
      2310.0,
      2320.0,
      2330.0,
      2331.86175,
      2340.0,
      2350.0,
      2360.0,
      2370.0,
      2380.0,
      2390.0,
      2400.0,
      2410.0,
      2420.0,
      2430.0,
      2440.0,
      2450.0,
      2460.0,
      2470.0,
      2480.0,
      2490.0,
      2500.0,
      2510.0,
      2520.0,
      2530.0,
      2540.0,
      2550.0,
      2560.0,
      2570.0,
      2579.977126,
      2580.0,
      2590.0,
      2600.0,
      2610.0,
      2620.0,
      2630.0,
      2640.0,
      2650.0,
      2660.0,
      2670.0,
      2680.0,
      2690.0,
      2700.0,
      2710.0,
      2720.0,
      2730.0,
      2740.0,
      2750.0,
      2760.0,
      2770.0,
      2780.0,
      2790.0,
      2800.0,
      2810.0,
      2820.0,
      2830.0,
      2840.0,
      2850.0,
      2860.0,
      2870.0,
      2880.0,
      2890.0,
      2900.0,
      2910.0,
      2920.0,
      2930.0,
      2940.0,
      2941.550886,
      2950.0,
      2960.0,
      2970.0,
      2980.0,
      2990.0,
      3000.0,
      3010.0,
      3020.0,
      3030.0,
      3040.0,
      3050.0,
      3060.0,
      3070.0,
      3080.0,
      3090.0,
      3100.0,
      3110.0,
      3120.0,
      3130.0,
      3140.0,
      3150.0,
      3160.0,
      3170.0,
      3180.0,
      3190.0,
      3200.0,
      3210.0,
      3220.0,
      3230.0,
      3240.0,
      3250.0,
      3260.0,
      3270.0,
      3280.0,
      3290.0,
      3300.0,
      3310.0,
      3320.0,
      3330.0,
      3331.569506,
      3340.0,
      3350.0,
      3360.0,
      3370.0,
      3380.0,
      3390.0,
      3400.0,
      3410.0,
      3420.0,
      3430.0,
      3440.0,
      3450.0,
      3460.0,
      3470.0,
      3480.0,
      3490.0,
      3500.0,
      3510.0,
      3520.0,
      3530.0,
      3540.0,
      3550.0,
      3560.0,
      3570.0,
      3580.0,
      3590.0,
      3600.0,
      3610.0,
      3620.0,
      3630.0,
      3640.0,
      3650.0,
      3660.0,
      3670.0,
      3680.0,
      3690.0,
      3700.0,
      3710.0,
      3720.0,
      3730.0,
      3740.0,
      3750.0,
      3760.0,
      3770.0,
      3780.0,
      3790.0,
      3800.0,
      3810.0,
      3820.0,
      3830.0,
      3840.0,
      3850.0,
      3860.0,
      3870.0,
      3880.0,
      3890.0,
      3900.0,
      3910.0,
      3920.0,
      3930.0,
      3940.0,
      3950.0,
      3960.0,
      3970.0,
      3980.0,
      3990.0,
      4000.0,
      4010.0,
      4020.0,
      4030.0,
      4040.0,
      4050.0,
      4060.0,
      4070.0,
      4080.0,
      4090.0,
      4100.0,
      4110.0,
      4120.0,
      4130.0,
      4140.0,
      4150.0,
      4160.0,
      4170.0,
      4180.0,
      4190.0,
      4200.0,
      4210.0,
      4220.0,
      4228.36261,
      4230.0,
      4240.0,
      4250.0,
      4260.0,
      4270.0,
      4274.120804,
      4280.0,
      4290.0,
      4300.0,
      4310.0,
      4320.0,
      4330.0,
      4340.0,
      4350.0,
      4360.0,
      4370.0,
      4380.0,
      4390.0,
      4400.0,
      4410.0,
      4420.0,
      4430.0,
      4440.0,
      4450.0,
      4460.0,
      4470.0,
      4480.0,
      4490.0,
      4500.0,
      4510.0,
      4520.0,
      4530.0,
      4540.0,
      4550.0,
      4560.0,
      4570.0,
      4580.0,
      4590.0,
      4600.0,
      4610.0,
      4620.0,
      4630.0,
      4640.0,
      4650.0,
      4660.0,
      4670.0,
      4680.0,
      4690.0,
      4700.0,
      4710.0,
      4720.0,
      4730.0,
      4740.0,
      4750.0,
      4760.0,
      4770.0,
      4780.0,
      4790.0,
      4800.0,
      4810.0,
      4820.0,
      4830.0,
      4840.0,
      4850.0,
      4860.0,
      4870.0,
      4880.0,
      4890.0,
      4900.0,
      4910.0,
      4920.0,
      4930.0,
      4940.0,
      4950.0,
      4960.0,
      4970.0,
      4980.0,
      4990.0,
      5000.0,
      5010.0,
      5020.0,
      5030.0,
      5040.0,
      5050.0,
      5060.0,
      5070.0,
      5080.0,
      5090.0,
      5100.0,
      5110.0,
      5120.0,
      5130.0,
      5140.0,
      5150.0,
      5160.0,
      5170.0,
      5180.0,
      5190.0,
      5200.0,
      5210.0,
      5220.0,
      5230.0,
      5240.0,
      5250.0,
      5260.0,
      5270.0,
      5280.0,
      5290.0,
      5300.0,
      5310.0,
      5320.0,
      5330.0,
      5340.0,
      5350.0,
      5360.0,
      5370.0,
      5380.0,
      5390.0,
      5400.0,
      5410.0,
      5420.0,
      5430.0,
      5440.0,
      5450.0,
      5460.0,
      5470.0,
      5480.0,
      5490.0,
      5500.0,
      5510.0,
      5520.0,
      5530.0,
      5540.0,
      5550.0,
      5560.0,
      5570.0,
      5580.0,
      5590.0,
      5600.0,
      5610.0,
      5620.0,
      5630.0,
      5640.0,
      5650.0,
      5660.0,
      5670.0,
      5680.0,
      5690.0,
      5700.0,
      5710.0,
      5720.0,
      5730.0,
      5740.0,
      5750.0,
      5760.0,
      5770.0,
      5780.0,
      5790.0,
      5800.0,
      5810.0,
      5820.0,
      5830.0,
      5838.250101,
      5840.0,
      5850.0,
      5860.0,
      5870.0,
      5880.0,
      5890.0,
      5900.0,
      5910.0,
      5920.0,
      5930.0,
      5940.0,
      5950.0,
      5960.0,
      5970.0,
      5974.395313,
      5980.0,
      5990.0,
      6000.0,
      6010.0,
      6020.0,
      6030.0,
      6040.0,
      6050.0,
      6060.0,
      6070.0,
      6080.0,
      6090.0,
      6100.0,
      6110.0,
      6120.0,
      6130.0,
      6140.0,
      6150.0,
      6160.0,
      6170.0,
      6180.0,
      6190.0,
      6200.0,
      6210.0,
      6220.0,
      6230.0,
      6240.0,
      6250.0,
      6260.0,
      6270.0,
      6280.0,
      6290.0,
      6300.0,
      6310.0,
      6320.0,
      6330.0,
      6340.0,
      6350.0,
      6360.0,
      6370.0,
      6380.0,
      6390.0,
      6400.0,
      6410.0,
      6420.0,
      6430.0,
      6440.0,
      6450.0,
      6460.0,
      6470.0,
      6480.0,
      6490.0,
      6500.0,
      6510.0,
      6520.0,
      6530.0,
      6540.0,
      6549.369243,
      6550.0,
      6560.0,
      6570.0,
      6580.0,
      6590.0,
      6600.0,
      6610.0,
      6620.0,
      6630.0,
      6640.0,
      6650.0,
      6660.0,
      6670.0,
      6680.0,
      6690.0,
      6700.0,
      6710.0,
      6720.0,
      6730.0,
      6740.0,
      6750.0,
      6760.0,
      6770.0,
      6780.0,
      6790.0,
      6800.0,
      6810.0,
      6812.698145,
      6820.0,
      6830.0,
      6840.0,
      6850.0,
      6860.0,
      6870.0,
      6880.0,
      6890.0,
      6900.0,
      6910.0,
      6920.0,
      6930.0,
      6940.0,
      6950.0,
      6960.0,
      6970.0,
      6980.0,
      6990.0,
      7000.0,
      7010.0,
      7020.0,
      7030.0,
      7040.0,
      7050.0,
      7060.0,
      7070.0,
      7080.0,
      7090.0,
      7100.0,
      7110.0,
      7120.0,
      7130.0,
      7140.0,
      7150.0,
      7160.0,
      7170.0,
      7180.0,
      7190.0,
      7200.0,
      7210.0,
      7220.0,
      7230.0,
      7240.0,
      7250.0,
      7260.0,
      7270.0,
      7280.0,
      7290.0,
      7300.0,
      7310.0,
      7320.0,
      7330.0,
      7340.0,
      7350.0,
      7360.0,
      7370.0,
      7380.0,
      7390.0,
      7400.0,
      7410.0,
      7420.0,
      7430.0,
      7440.0,
      7450.0,
      7460.0,
      7470.0,
      7480.0,
      7490.0,
      7500.0,
      7510.0,
      7520.0,
      7530.0,
      7540.0,
      7550.0,
      7560.0,
      7570.0,
      7580.0,
      7590.0,
      7600.0,
      7610.0,
      7620.0,
      7630.0,
      7640.0,
      7650.0,
      7660.0,
      7670.0,
      7680.0,
      7690.0,
      7700.0,
      7710.0,
      7720.0,
      7730.0,
      7740.0,
      7750.0,
      7760.0,
      7770.0,
      7780.0,
      7790.0,
      7800.0,
      7810.0,
      7820.0,
      7830.0,
      7840.0,
      7850.0,
      7860.0,
      7870.0,
      7880.0,
      7890.0,
      7900.0,
      7910.0,
      7916.078732,
      7920.0,
      7930.0,
      7940.0,
      7950.0,
      7960.0,
      7970.0,
      7980.0,
      7990.0,
      8000.0,
      8010.0,
      8020.0,
      8030.0,
      8040.0,
      8050.0,
      8060.0,
      8070.0,
      8080.0,
      8090.0,
      8091.670232,
      8100.0,
      8110.0,
      8120.0,
      8130.0,
      8140.0,
      8150.0,
      8160.0,
      8170.0,
      8180.0,
      8190.0,
      8200.0,
      8210.0,
      8220.0,
      8230.0,
      8240.0,
      8250.0,
      8260.0,
      8270.0,
      8280.0,
      8290.0,
      8300.0,
      8310.0,
      8318.092651,
      8320.0,
      8330.0,
      8340.0,
      8350.0,
      8360.0,
      8370.0,
      8380.0,
      8390.0,
      8400.0,
      8410.0,
      8420.0,
      8430.0,
      8440.0,
      8450.0,
      8460.0,
      8470.0,
      8480.0,
      8490.0,
      8500.0,
      8510.0,
      8520.0,
      8530.0,
      8540.0,
      8550.0,
      8560.0,
      8570.0,
      8580.0,
      8590.0,
      8600.0,
      8610.0,
      8620.0,
      8630.0,
      8640.0,
      8650.0,
      8660.0,
      8670.0,
      8680.0,
      8690.0,
      8700.0,
      8710.0,
      8712.894289,
      8720.0,
      8730.0,
      8740.0,
      8750.0,
      8760.0,
      8770.0,
      8780.0,
      8790.0,
      8800.0,
      8810.0,
      8820.0,
      8830.0,
      8840.0,
      8850.0,
      8860.0,
      8870.0,
      8880.0,
      8890.0,
      8900.0,
      8910.0,
      8920.0,
      8930.0,
      8940.0,
      8950.0,
      8960.0,
      8970.0,
      8980.0,
      8990.0,
      9000.0,
      9010.0,
      9020.0,
      9030.0,
      9040.0,
      9050.0,
      9060.0,
      9070.0,
      9080.0,
      9090.0,
      9100.0,
      9110.0,
      9120.0,
      9130.0,
      9140.0,
      9150.0,
      9160.0,
      9170.0,
      9180.0,
      9190.0,
      9200.0,
      9210.0,
      9220.0,
      9230.0,
      9240.0,
      9250.0,
      9260.0,
      9270.0,
      9280.0,
      9290.0,
      9300.0,
      9310.0,
      9320.0,
      9330.0,
      9340.0,
      9350.0,
      9360.0,
      9370.0,
      9380.0,
      9390.0,
      9400.0,
      9410.0,
      9420.0,
      9430.0,
      9440.0,
      9450.0,
      9460.0,
      9470.0,
      9480.0,
      9490.0,
      9500.0,
      9510.0,
      9520.0,
      9530.0,
      9540.0,
      9550.0,
      9560.0,
      9570.0,
      9580.0,
      9590.0,
      9600.0,
      9610.0,
      9620.0,
      9630.0,
      9640.0,
      9650.0,
      9660.0,
      9670.0,
      9680.0,
      9690.0,
      9700.0,
      9710.0,
      9720.0,
      9730.0,
      9740.0,
      9750.0,
      9760.0,
      9770.0,
      9780.0,
      9790.0,
      9800.0,
      9810.0,
      9820.0,
      9830.0,
      9840.0,
      9850.0,
      9860.0,
      9870.0,
      9880.0,
      9890.0,
      9900.0,
      9910.0,
      9920.0,
      9930.0,
      9940.0,
      9950.0,
      9960.0,
      9970.0,
      9980.0,
      9990.0,
      10000.0,
      10010.0,
      10020.0,
      10030.0,
      10040.0,
      10050.0,
      10060.0,
      10070.0,
      10080.0,
      10090.0,
      10100.0,
      10110.0,
      10120.0,
      10130.0,
      10140.0,
      10150.0,
      10160.0,
      10170.0,
      10180.0,
      10190.0,
      10200.0,
      10210.0,
      10220.0,
      10230.0,
      10240.0,
      10250.0,
      10260.0,
      10270.0,
      10280.0,
      10290.0,
      10300.0,
      10310.0,
      10320.0,
      10330.0,
      10340.0,
      10350.0,
      10360.0,
      10370.0,
      10380.0,
      10390.0,
      10400.0,
      10410.0,
      10420.0,
      10430.0,
      10440.0,
      10450.0,
      10460.0,
      10470.0,
      10480.0,
      10490.0,
      10500.0,
      10510.0,
      10520.0,
      10530.0,
      10540.0,
      10550.0,
      10560.0,
      10570.0,
      10580.0,
      10590.0,
      10600.0,
      10610.0,
      10620.0,
      10630.0,
      10640.0,
      10650.0,
      10660.0,
      10670.0,
      10680.0,
      10690.0,
      10700.0,
      10710.0,
      10720.0,
      10730.0,
      10740.0,
      10750.0,
      10760.0,
      10770.0,
      10780.0,
      10790.0,
      10800.0,
      10810.0,
      10820.0,
      10830.0,
      10840.0,
      10850.0,
      10860.0,
      10870.0,
      10880.0,
      10890.0,
      10900.0,
      10910.0,
      10920.0,
      10930.0,
      10940.0,
      10950.0,
      10960.0,
      10970.0,
      10980.0,
      10990.0,
      11000.0,
      11010.0,
      11020.0,
      11030.0,
      11040.0,
      11050.0,
      11060.0,
      11070.0,
      11080.0,
      11090.0,
      11100.0,
      11110.0,
      11120.0,
      11130.0,
      11140.0,
      11150.0,
      11160.0,
      11170.0,
      11180.0,
      11190.0,
      11200.0,
      11210.0,
      11220.0,
      11230.0,
      11240.0,
      11250.0,
      11260.0,
      11270.0,
      11280.0,
      11290.0,
      11300.0,
      11310.0,
      11320.0,
      11330.0,
      11340.0,
      11350.0,
      11360.0,
      11370.0,
      11380.0,
      11390.0,
      11400.0,
      11410.0,
      11420.0,
      11430.0,
      11440.0,
      11450.0,
      11460.0,
      11470.0,
      11480.0,
      11490.0,
      11500.0,
      11510.0,
      11520.0,
      11530.0,
      11540.0,
      11550.0,
      11560.0,
      11570.0,
      11580.0,
      11590.0,
      11600.0,
      11610.0,
      11620.0,
      11630.0,
      11640.0,
      11650.0,
      11660.0,
      11670.0,
      11680.0,
      11690.0,
      11700.0,
      11710.0,
      11720.0,
      11730.0,
      11740.0,
      11750.0,
      11760.0,
      11770.0,
      11780.0,
      11790.0,
      11800.0,
      11810.0,
      11820.0,
      11830.0,
      11840.0,
      11850.0,
      11860.0,
      11870.0,
      11880.0,
      11890.0,
      11900.0,
      11910.0,
      11920.0,
      11930.0,
      11940.0,
      11950.0,
      11958.523137,
      11960.0,
      11970.0,
      11980.0,
      11990.0,
      12000.0,
      12010.0,
      12020.0,
      12030.0,
      12040.0,
      12050.0,
      12060.0,
      12070.0,
      12080.0,
      12090.0,
      12100.0,
      12110.0,
      12120.0,
      12130.0,
      12140.0,
      12150.0,
      12160.0,
      12170.0,
      12180.0,
      12190.0,
      12200.0,
      12210.0,
      12220.0,
      12230.0,
      12240.0,
      12250.0,
      12260.0,
      12270.0,
      12280.0,
      12290.0,
      12300.0,
      12310.0,
      12320.0,
      12330.0,
      12340.0,
      12350.0,
      12360.0,
      12370.0,
      12380.0,
      12390.0,
      12400.0,
      12410.0,
      12420.0,
      12430.0,
      12440.0,
      12450.0,
      12460.0,
      12470.0,
      12480.0,
      12490.0,
      12500.0,
      12510.0,
      12520.0,
      12530.0,
      12537.257589,
      12540.0,
      12550.0,
      12560.0,
      12570.0,
      12580.0,
      12590.0,
      12600.0,
      12610.0,
      12620.0,
      12630.0,
      12640.0,
      12650.0,
      12660.0,
      12670.0,
      12680.0,
      12690.0,
      12700.0,
      12710.0,
      12720.0,
      12730.0,
      12740.0,
      12750.0,
      12760.0,
      12770.0,
      12780.0,
      12790.0,
      12800.0,
      12810.0,
      12820.0,
      12830.0,
      12840.0,
      12850.0,
      12860.0,
      12870.0,
      12880.0,
      12890.0,
      12900.0,
      12910.0,
      12920.0,
      12930.0,
      12940.0,
      12950.0,
      12960.0,
      12970.0,
      12980.0,
      12990.0,
      13000.0,
      13010.0,
      13020.0,
      13030.0,
      13040.0,
      13050.0,
      13060.0,
      13070.0,
      13080.0,
      13090.0,
      13100.0,
      13110.0,
      13120.0,
      13130.0,
      13140.0,
      13150.0,
      13160.0,
      13170.0,
      13180.0,
      13190.0,
      13200.0,
      13210.0,
      13220.0,
      13230.0,
      13240.0,
      13250.0,
      13260.0,
      13270.0,
      13280.0,
      13290.0,
      13300.0,
      13310.0,
      13320.0,
      13330.0,
      13340.0,
      13350.0,
      13360.0,
      13370.0,
      13380.0,
      13390.0,
      13400.0,
      13410.0,
      13420.0,
      13430.0,
      13440.0,
      13450.0,
      13460.0,
      13470.0,
      13480.0,
      13490.0,
      13500.0,
      13510.0,
      13520.0,
      13530.0,
      13540.0,
      13550.0,
      13560.0,
      13570.0,
      13580.0,
      13590.0,
      13600.0,
      13610.0,
      13620.0,
      13630.0,
      13640.0,
      13650.0,
      13660.0,
      13670.0,
      13680.0,
      13690.0,
      13700.0,
      13710.0,
      13720.0,
      13730.0,
      13740.0,
      13750.0,
      13760.0,
      13770.0,
      13780.0,
      13790.0,
      13800.0,
      13810.0,
      13820.0,
      13830.0,
      13840.0,
      13850.0,
      13860.0,
      13870.0,
      13880.0,
      13890.0,
      13900.0,
      13910.0,
      13920.0,
      13930.0,
      13940.0,
      13950.0,
      13960.0,
      13970.0,
      13980.0,
      13990.0,
      14000.0,
      14010.0,
      14020.0,
      14030.0,
      14040.0,
      14050.0,
      14060.0,
      14070.0,
      14080.0,
      14090.0,
      14100.0,
      14110.0,
      14120.0,
      14130.0,
      14140.0,
      14150.0,
      14160.0,
      14170.0,
      14180.0,
      14190.0,
      14200.0,
      14210.0,
      14220.0,
      14230.0,
      14240.0,
      14250.0,
      14260.0,
      14270.0,
      14280.0,
      14290.0,
      14300.0,
      14310.0,
      14320.0,
      14330.0,
      14340.0,
      14350.0,
      14360.0,
      14370.0,
      14380.0,
      14390.0,
      14400.0,
      14410.0,
      14420.0,
      14430.0,
      14440.0,
      14450.0,
      14460.0,
      14470.0,
      14480.0,
      14490.0,
      14500.0,
      14510.0,
      14520.0,
      14530.0,
      14540.0,
      14550.0,
      14560.0,
      14570.0,
      14580.0,
      14590.0,
      14600.0,
      14610.0,
      14620.0,
      14630.0,
      14640.0,
      14650.0,
      14660.0,
      14670.0,
      14680.0,
      14690.0,
      14700.0,
      14710.0,
      14720.0,
      14730.0,
      14740.0,
      14750.0,
      14760.0,
      14770.0,
      14780.0,
      14790.0,
      14800.0,
      14810.0,
      14820.0,
      14830.0,
      14840.0,
      14850.0,
      14860.0,
      14870.0,
      14880.0,
      14890.0,
      14900.0,
      14910.0,
      14920.0,
      14930.0,
      14940.0,
      14950.0,
      14960.0,
      14970.0,
      14980.0,
      14990.0,
      15000.0,
      15010.0,
      15020.0,
      15030.0,
      15040.0,
      15050.0,
      15060.0,
      15070.0,
      15080.0,
      15090.0,
      15100.0,
      15110.0,
      15120.0,
      15130.0,
      15140.0,
      15150.0,
      15160.0,
      15170.0,
      15180.0,
      15190.0,
      15200.0,
      15210.0,
      15220.0,
      15230.0,
      15240.0,
      15250.0,
      15260.0,
      15270.0,
      15280.0,
      15290.0,
      15300.0,
      15310.0,
      15320.0,
      15330.0,
      15340.0,
      15350.0,
      15360.0,
      15370.0,
      15380.0,
      15390.0,
      15400.0,
      15410.0,
      15420.0,
      15430.0,
      15440.0,
      15450.0,
      15460.0,
      15470.0,
      15480.0,
      15490.0,
      15500.0,
      15510.0,
      15520.0,
      15530.0,
      15540.0,
      15550.0,
      15560.0,
      15570.0,
      15580.0,
      15590.0,
      15600.0,
      15610.0,
      15620.0,
      15630.0,
      15640.0,
      15650.0,
      15660.0,
      15670.0,
      15680.0,
      15690.0,
      15700.0,
      15710.0,
      15720.0,
      15730.0,
      15740.0,
      15750.0,
      15760.0,
      15770.0,
      15780.0,
      15790.0,
      15800.0,
      15810.0,
      15820.0,
      15830.0,
      15840.0,
      15850.0,
      15860.0,
      15870.0,
      15880.0,
      15890.0,
      15900.0,
      15910.0,
      15920.0,
      15930.0,
      15940.0,
      15950.0,
      15960.0,
      15970.0,
      15980.0,
      15990.0,
      16000.0,
      16010.0,
      16020.0,
      16030.0,
      16040.0,
      16050.0,
      16060.0,
      16070.0,
      16080.0,
      16090.0,
      16100.0,
      16110.0,
      16120.0,
      16130.0,
      16140.0,
      16150.0,
      16160.0,
      16170.0,
      16180.0,
      16190.0,
      16200.0,
      16210.0,
      16220.0,
      16230.0,
      16240.0,
      16250.0,
      16260.0,
      16270.0,
      16280.0,
      16290.0,
      16300.0,
      16310.0,
      16320.0,
      16330.0,
      16340.0,
      16350.0,
      16360.0,
      16370.0,
      16380.0,
      16390.0,
      16400.0,
      16410.0,
      16420.0,
      16430.0,
      16440.0,
      16450.0,
      16460.0,
      16470.0,
      16480.0,
      16490.0,
      16500.0,
      16510.0,
      16520.0,
      16530.0,
      16540.0,
      16550.0,
      16560.0,
      16570.0,
      16580.0,
      16590.0,
      16600.0,
      16610.0,
      16620.0,
      16630.0,
      16640.0,
      16650.0,
      16660.0,
      16670.0,
      16680.0,
      16690.0,
      16700.0,
      16710.0,
      16720.0,
      16730.0,
      16740.0,
      16750.0,
      16760.0,
      16770.0,
      16780.0,
      16790.0,
      16800.0,
      16810.0,
      16820.0,
      16830.0,
      16840.0,
      16850.0,
      16860.0,
      16870.0,
      16880.0,
      16890.0,
      16900.0,
      16910.0,
      16920.0,
      16930.0,
      16940.0,
      16950.0,
      16960.0,
      16970.0,
      16980.0,
      16990.0,
      17000.0,
      17010.0,
      17020.0,
      17030.0,
      17040.0,
      17050.0,
      17060.0,
      17070.0,
      17080.0,
      17090.0,
      17100.0,
      17110.0,
      17120.0,
      17130.0,
      17140.0,
      17150.0,
      17160.0,
      17170.0,
      17180.0,
      17190.0,
      17200.0,
      17210.0,
      17220.0,
      17230.0,
      17240.0,
      17250.0,
      17260.0,
      17270.0,
      17280.0,
      17290.0,
      17300.0,
      17310.0,
      17320.0,
      17330.0,
      17340.0,
      17350.0,
      17360.0,
      17370.0,
      17380.0,
      17390.0,
      17400.0,
      17410.0,
      17420.0,
      17430.0,
      17440.0,
      17450.0,
      17460.0,
      17470.0,
      17480.0,
      17490.0,
      17500.0,
      17510.0,
      17520.0,
      17530.0,
      17540.0,
      17550.0,
      17560.0,
      17570.0,
      17580.0,
      17590.0,
      17600.0,
      17610.0,
      17620.0,
      17630.0,
      17640.0,
      17650.0,
      17660.0,
      17670.0,
      17680.0,
      17690.0,
      17700.0,
      17710.0,
      17720.0,
      17730.0,
      17740.0,
      17750.0,
      17760.0,
      17770.0,
      17780.0,
      17790.0,
      17800.0,
      17810.0,
      17820.0,
      17830.0,
      17840.0,
      17850.0,
      17860.0,
      17870.0,
      17880.0,
      17890.0,
      17900.0,
      17910.0,
      17920.0,
      17930.0,
      17940.0,
      17950.0,
      17960.0,
      17970.0,
      17980.0,
      17990.0,
      18000.0,
      18010.0,
      18020.0,
      18030.0,
      18040.0,
      18050.0,
      18060.0,
      18070.0,
      18080.0,
      18090.0,
      18100.0,
      18110.0,
      18120.0,
      18130.0,
      18140.0,
      18150.0,
      18160.0,
      18170.0,
      18180.0,
      18190.0,
      18200.0,
      18210.0,
      18220.0,
      18230.0,
      18240.0,
      18250.0,
      18260.0,
      18270.0,
      18280.0,
      18290.0,
      18300.0,
      18310.0,
      18320.0,
      18330.0,
      18340.0,
      18350.0,
      18360.0,
      18370.0,
      18380.0,
      18390.0,
      18400.0,
      18410.0,
      18420.0,
      18430.0,
      18440.0,
      18450.0,
      18460.0,
      18470.0,
      18480.0,
      18490.0,
      18500.0,
      18510.0,
      18520.0,
      18530.0,
      18540.0,
      18550.0,
      18560.0,
      18570.0,
      18580.0,
      18590.0,
      18600.0,
      18610.0,
      18620.0,
      18630.0,
      18640.0,
      18650.0,
      18660.0,
      18670.0,
      18680.0,
      18690.0,
      18700.0,
      18710.0,
      18720.0,
      18730.0,
      18740.0,
      18750.0,
      18760.0,
      18770.0,
      18780.0,
      18790.0,
      18800.0,
      18810.0,
      18820.0,
      18830.0,
      18840.0,
      18850.0,
      18860.0,
      18870.0,
      18880.0,
      18890.0,
      18900.0,
      18910.0,
      18920.0,
      18930.0,
      18940.0,
      18950.0,
      18960.0,
      18970.0,
      18980.0,
      18990.0,
      19000.0,
      19010.0,
      19020.0,
      19030.0,
      19040.0,
      19050.0,
      19060.0,
      19070.0,
      19080.0,
      19090.0,
      19100.0,
      19110.0,
      19120.0,
      19130.0,
      19140.0,
      19150.0,
      19160.0,
      19170.0,
      19180.0,
      19190.0,
      19200.0,
      19210.0,
      19220.0,
      19230.0,
      19240.0,
      19250.0,
      19260.0,
      19270.0,
      19280.0,
      19290.0,
      19300.0,
      19310.0,
      19320.0,
      19330.0,
      19340.0,
      19350.0,
      19360.0,
      19370.0,
      19380.0,
      19390.0,
      19400.0,
      19410.0,
      19420.0,
      19430.0,
      19440.0,
      19450.0,
      19460.0,
      19470.0,
      19480.0,
      19490.0,
      19499.303131,
      19500.0,
      19510.0,
      19520.0,
      19530.0,
      19540.0,
      19550.0,
      19560.0,
      19570.0,
      19580.0,
      19590.0,
      19600.0,
      19610.0,
      19620.0,
      19630.0,
      19640.0,
      19650.0,
      19660.0,
      19670.0,
      19680.0,
      19690.0,
      19700.0,
      19710.0,
      19720.0,
      19730.0,
      19740.0,
      19750.0,
      19760.0,
      19770.0,
      19780.0,
      19790.0,
      19800.0,
      19810.0,
      19820.0,
      19830.0,
      19840.0,
      19850.0,
      19860.0,
      19870.0,
      19880.0,
      19890.0,
      19900.0,
      19910.0,
      19920.0,
      19930.0,
      19940.0,
      19950.0,
      19960.0,
      19970.0,
      19970.828626,
      19980.0,
      19990.0,
      20000.0,
      20010.0,
      20020.0,
      20030.0,
      20040.0,
      20050.0,
      20060.0,
      20070.0,
      20080.0,
      20083.254473,
      20090.0,
      20100.0,
      20110.0,
      20120.0,
      20130.0,
      20140.0,
      20150.0,
      20160.0,
      20170.0,
      20180.0,
      20190.0,
      20200.0,
      20210.0,
      20220.0,
      20230.0,
      20231.010004,
      20240.0,
      20250.0,
      20260.0,
      20270.0,
      20280.0,
      20290.0,
      20300.0,
      20310.0,
      20320.0,
      20330.0,
      20340.0,
      20350.0,
      20360.0,
      20370.0,
      20380.0,
      20390.0,
      20400.0,
      20410.0,
      20420.0,
      20430.0,
      20440.0,
      20450.0,
      20460.0,
      20470.0,
      20480.0,
      20490.0,
      20500.0,
      20510.0,
      20520.0,
      20530.0,
      20540.0,
      20550.0,
      20560.0,
      20570.0,
      20580.0,
      20590.0,
      20600.0,
      20610.0,
      20620.0,
      20630.0,
      20640.0,
      20650.0,
      20660.0,
      20670.0,
      20680.0,
      20690.0,
      20700.0,
      20710.0,
      20720.0,
      20730.0,
      20740.0,
      20750.0,
      20760.0,
      20770.0,
      20780.0,
      20790.0,
      20800.0,
      20810.0,
      20820.0,
      20830.0,
      20840.0,
      20850.0,
      20860.0,
      20870.0,
      20880.0,
      20890.0,
      20900.0,
      20910.0,
      20920.0,
      20930.0,
      20940.0,
      20950.0,
      20960.0,
      20970.0,
      20980.0,
      20990.0,
      21000.0,
      21010.0,
      21020.0,
      21030.0,
      21040.0,
      21050.0,
      21060.0,
      21070.0,
      21080.0,
      21090.0,
      21100.0,
      21110.0,
      21120.0,
      21130.0,
      21140.0,
      21150.0,
      21160.0,
      21170.0,
      21180.0,
      21190.0,
      21200.0,
      21210.0,
      21220.0,
      21230.0,
      21240.0,
      21250.0,
      21260.0,
      21270.0,
      21280.0,
      21290.0,
      21300.0,
      21310.0,
      21320.0,
      21330.0,
      21340.0,
      21350.0,
      21360.0,
      21370.0,
      21380.0,
      21390.0,
      21400.0,
      21410.0,
      21420.0,
      21430.0,
      21440.0,
      21450.0,
      21460.0,
      21470.0,
      21480.0,
      21490.0,
      21500.0,
      21510.0,
      21520.0,
      21530.0,
      21540.0,
      21550.0,
      21560.0,
      21570.0,
      21580.0,
      21590.0,
      21600.0,
      21610.0,
      21620.0,
      21630.0,
      21640.0,
      21650.0,
      21660.0,
      21670.0,
      21680.0,
      21690.0,
      21700.0,
      21710.0,
      21720.0,
      21730.0,
      21740.0,
      21750.0,
      21760.0,
      21770.0,
      21780.0,
      21790.0,
      21800.0,
      21810.0,
      21820.0,
      21830.0,
      21840.0,
      21850.0,
      21860.0,
      21870.0,
      21880.0,
      21890.0,
      21900.0,
      21910.0,
      21920.0,
      21930.0,
      21940.0,
      21950.0,
      21960.0,
      21970.0,
      21980.0,
      21990.0,
      22000.0,
      22010.0,
      22020.0,
      22030.0,
      22040.0,
      22050.0,
      22060.0,
      22070.0,
      22080.0,
      22090.0,
      22100.0,
      22110.0,
      22120.0,
      22130.0,
      22140.0,
      22150.0,
      22160.0,
      22170.0,
      22180.0,
      22190.0,
      22200.0,
      22210.0,
      22220.0,
      22230.0,
      22240.0,
      22250.0,
      22260.0,
      22270.0,
      22280.0,
      22290.0,
      22300.0,
      22310.0,
      22320.0,
      22330.0,
      22340.0,
      22350.0,
      22360.0,
      22370.0,
      22380.0,
      22390.0,
      22400.0,
      22410.0,
      22420.0,
      22430.0,
      22440.0,
      22450.0,
      22460.0,
      22470.0,
      22480.0,
      22490.0,
      22500.0,
      22510.0,
      22520.0,
      22530.0,
      22540.0,
      22550.0,
      22560.0,
      22570.0,
      22580.0,
      22590.0,
      22600.0,
      22610.0,
      22620.0,
      22630.0,
      22640.0,
      22650.0,
      22660.0,
      22670.0,
      22680.0,
      22690.0,
      22700.0,
      22710.0,
      22720.0,
      22730.0,
      22740.0,
      22750.0,
      22760.0,
      22770.0,
      22780.0,
      22790.0,
      22800.0,
      22810.0,
      22820.0,
      22830.0,
      22840.0,
      22850.0,
      22860.0,
      22870.0,
      22880.0,
      22890.0,
      22900.0,
      22910.0,
      22920.0,
      22930.0,
      22940.0,
      22950.0,
      22960.0,
      22970.0,
      22980.0,
      22990.0,
      23000.0,
      23010.0,
      23020.0,
      23030.0,
      23040.0,
      23050.0,
      23060.0,
      23070.0,
      23080.0,
      23090.0,
      23100.0,
      23110.0,
      23120.0,
      23130.0,
      23140.0,
      23150.0,
      23160.0,
      23170.0,
      23180.0,
      23190.0,
      23200.0,
      23210.0,
      23220.0,
      23230.0,
      23240.0,
      23250.0,
      23260.0,
      23270.0,
      23280.0,
      23290.0,
      23300.0,
      23310.0,
      23320.0,
      23330.0,
      23340.0,
      23350.0,
      23360.0,
      23370.0,
      23380.0,
      23390.0,
      23400.0,
      23410.0,
      23420.0,
      23430.0,
      23440.0,
      23450.0,
      23460.0,
      23470.0,
      23480.0,
      23490.0,
      23500.0,
      23510.0,
      23520.0,
      23530.0,
      23540.0,
      23550.0,
      23560.0,
      23570.0,
      23580.0,
      23590.0,
      23600.0,
      23610.0,
      23620.0,
      23630.0,
      23640.0,
      23650.0,
      23660.0,
      23670.0,
      23680.0,
      23690.0,
      23700.0,
      23710.0,
      23720.0,
      23730.0,
      23740.0,
      23750.0,
      23760.0,
      23770.0,
      23780.0,
      23790.0,
      23800.0,
      23810.0,
      23820.0,
      23830.0,
      23840.0,
      23850.0,
      23860.0,
      23870.0,
      23880.0,
      23890.0,
      23900.0,
      23910.0,
      23920.0,
      23930.0,
      23940.0,
      23950.0,
      23960.0,
      23970.0,
      23980.0,
      23990.0,
      24000.0,
      24010.0,
      24020.0,
      24030.0,
      24040.0,
      24050.0,
      24060.0,
      24070.0,
      24080.0,
      24090.0,
      24100.0,
      24110.0,
      24120.0,
      24130.0,
      24140.0,
      24150.0,
      24160.0,
      24170.0,
      24180.0,
      24190.0,
      24200.0,
      24210.0,
      24220.0,
      24230.0,
      24240.0,
      24250.0,
      24260.0,
      24270.0,
      24280.0,
      24290.0,
      24300.0,
      24310.0,
      24320.0,
      24330.0,
      24340.0,
      24350.0,
      24360.0,
      24370.0,
      24380.0,
      24390.0,
      24400.0,
      24410.0,
      24420.0,
      24430.0,
      24440.0,
      24450.0,
      24460.0,
      24470.0,
      24480.0,
      24490.0,
      24500.0,
      24510.0,
      24520.0,
      24530.0,
      24540.0,
      24550.0,
      24560.0,
      24570.0,
      24580.0,
      24590.0,
      24600.0,
      24610.0,
      24620.0,
      24630.0,
      24640.0,
      24650.0,
      24660.0,
      24670.0,
      24680.0,
      24690.0,
      24700.0,
      24710.0,
      24720.0,
      24730.0,
      24740.0,
      24750.0,
      24760.0,
      24770.0,
      24780.0,
      24790.0,
      24800.0,
      24810.0,
      24820.0,
      24830.0,
      24840.0,
      24850.0,
      24860.0,
      24870.0,
      24880.0,
      24890.0,
      24900.0,
      24910.0,
      24920.0,
      24930.0,
      24940.0,
      24950.0,
      24960.0,
      24970.0,
      24980.0,
      24990.0,
      25000.0,
      25010.0,
      25020.0,
      25030.0,
      25040.0,
      25050.0,
      25060.0,
      25070.0,
      25080.0,
      25090.0,
      25100.0,
      25110.0,
      25120.0,
      25130.0,
      25140.0,
      25150.0,
      25160.0,
      25170.0,
      25180.0,
      25190.0,
      25200.0,
      25210.0,
      25220.0,
      25230.0,
      25240.0,
      25250.0,
      25260.0,
      25270.0,
      25280.0,
      25290.0,
      25300.0,
      25310.0,
      25320.0,
      25330.0,
      25340.0,
      25350.0,
      25360.0,
      25370.0,
      25380.0,
      25390.0,
      25400.0,
      25410.0,
      25420.0,
      25430.0,
      25440.0,
      25450.0,
      25460.0,
      25470.0,
      25480.0,
      25490.0,
      25500.0,
      25510.0,
      25520.0,
      25530.0,
      25540.0,
      25550.0,
      25560.0,
      25570.0,
      25580.0,
      25590.0,
      25600.0,
      25610.0,
      25620.0,
      25630.0,
      25640.0,
      25650.0,
      25660.0,
      25670.0,
      25680.0,
      25690.0,
      25700.0,
      25710.0,
      25720.0,
      25730.0,
      25740.0,
      25750.0,
      25760.0,
      25770.0,
      25780.0,
      25790.0,
      25800.0,
      25810.0,
      25820.0,
      25830.0,
      25840.0,
      25850.0,
      25860.0,
      25870.0,
      25880.0,
      25890.0,
      25900.0,
      25910.0,
      25920.0,
      25930.0,
      25940.0,
      25950.0,
      25960.0,
      25970.0,
      25980.0,
      25990.0,
      26000.0,
      26010.0,
      26020.0,
      26030.0,
      26040.0,
      26050.0,
      26060.0,
      26070.0,
      26080.0,
      26090.0,
      26100.0,
      26110.0,
      26120.0,
      26130.0,
      26140.0,
      26150.0,
      26160.0,
      26170.0,
      26180.0,
      26190.0,
      26200.0,
      26210.0,
      26220.0,
      26230.0,
      26240.0,
      26250.0,
      26260.0,
      26270.0,
      26280.0,
      26290.0,
      26300.0,
      26310.0,
      26320.0,
      26330.0,
      26340.0,
      26350.0,
      26360.0,
      26370.0,
      26380.0,
      26390.0,
      26400.0,
      26410.0,
      26420.0,
      26430.0,
      26440.0,
      26450.0,
      26460.0,
      26470.0,
      26480.0,
      26490.0,
      26500.0,
      26510.0,
      26520.0,
      26530.0,
      26540.0,
      26550.0,
      26560.0,
      26570.0,
      26580.0,
      26590.0,
      26600.0,
      26610.0,
      26620.0,
      26630.0,
      26640.0,
      26650.0,
      26660.0,
      26670.0,
      26680.0,
      26690.0,
      26700.0,
      26710.0,
      26720.0,
      26728.435929
    ],
    "way_id": [
      99197606,
      99197606,
      99197606,
      99197606,
      99197606,
      99197606,
      99197606,
      99197606,
      99197606,
      99197606,
      99197606,
      99197606,
      99197606,
      99197606,
      99197606,
      99197606,
      99197606,
      99197606,
      99197606,
      170685235,
      170685235,
      170685235,
      170685235,
      170685235,
      170685235,
      170685235,
      170685235,
      170685235,
      170685235,
      170685235,
      170685235,
      170685235,
      170685235,
      170685235,
      170685235,
      170685235,
      170685235,
      170685235,
      170685235,
      170685235,
      170685235,
      1064010245,
      1064010245,
      1064010245,
      170684390,
      170684390,
      170684390,
      170684390,
      170684390,
      170684390,
      170684390,
      170684390,
      170684390,
      170684390,
      170684390,
      170684390,
      170684390,
      170684390,
      170684390,
      170684390,
      170684390,
      170684390,
      170684390,
      170684390,
      170684390,
      170684390,
      170684390,
      170684337,
      170684337,
      170684337,
      170684337,
      170684337,
      170684337,
      170684337,
      170684337,
      170684337,
      170684337,
      170684337,
      170684337,
      170684337,
      170684337,
      170684337,
      170684337,
      170684337,
      170684337,
      170684337,
      170684337,
      170684337,
      170684338,
      170684338,
      170684338,
      170684338,
      170684338,
      170684338,
      170684338,
      170684338,
      170684338,
      170684338,
      170684338,
      170684338,
      170684338,
      170684338,
      170684338,
      170684338,
      170684338,
      170684338,
      170684338,
      170684338,
      170684338,
      170684338,
      170684338,
      170684338,
      170684338,
      170684338,
      170684338,
      170684338,
      170684338,
      170684338,
      170684338,
      170684338,
      170684338,
      170684338,
      170684338,
      170684338,
      170684338,
      170684338,
      170684338,
      170684338,
      170684338,
      170684338,
      170684338,
      170684338,
      170684338,
      170684338,
      170684338,
      170684338,
      170684338,
      170684338,
      170684338,
      170684338,
      170684338,
      170684338,
      170684338,
      170684338,
      170684338,
      170684338,
      170684338,
      170684338,
      170684338,
      170684338,
      170684338,
      170684338,
      170684338,
      170684338,
      170684338,
      170684338,
      170684338,
      170684338,
      170684338,
      170684338,
      170684338,
      170684338,
      170684338,
      170684338,
      170684338,
      170684338,
      170684338,
      170684338,
      170684338,
      170684338,
      170684338,
      172470002,
      172470002,
      172470002,
      172470002,
      172470002,
      172470002,
      172470002,
      172470002,
      172470002,
      172470002,
      172470002,
      172470002,
      172470002,
      172470002,
      172470002,
      172470002,
      172470002,
      172470002,
      172470002,
      172470002,
      172470002,
      172470002,
      172470002,
      172470002,
      172470002,
      172470002,
      172470002,
      172470002,
      172470002,
      172470002,
      172470002,
      172470002,
      172470002,
      172470002,
      172470002,
      172470002,
      172470002,
      172470002,
      1064010247,
      1064010247,
      1064010247,
      1064010247,
      1064010247,
      1064010247,
      1064010247,
      1064010247,
      1064010247,
      1064010247,
      1064010247,
      1064010247,
      1064010247,
      1064010247,
      1064010247,
      1064010247,
      1064010247,
      1064010247,
      1064010247,
      1064010247,
      1064010247,
      1064010247,
      1064010247,
      1064010247,
      1064010247,
      1064010247,
      1064010247,
      1064010247,
      1064010247,
      1064010247,
      1064010247,
      1064010247,
      1064010246,
      1064010246,
      1064010246,
      1064010246,
      1064010246,
      1064010246,
      1064010246,
      1064010246,
      1064010246,
      1064010246,
      1064010246,
      1064010246,
      1064010246,
      1064010246,
      1064010246,
      1064010246,
      1064010246,
      1064010246,
      1064010246,
      1064010246,
      1064010246,
      1064010246,
      1064010246,
      1064010246,
      1064010246,
      172470003,
      172470003,
      172470003,
      172470003,
      172470003,
      172470003,
      172470003,
      172470003,
      172470003,
      172470003,
      172470003,
      172470003,
      172470003,
      172470003,
      172470003,
      172470003,
      172470003,
      172470003,
      172470003,
      172470003,
      172470003,
      172470003,
      172470003,
      172470003,
      172470003,
      172470003,
      172470003,
      172470003,
      172470003,
      172470003,
      172470003,
      172470003,
      172470003,
      172470003,
      172470003,
      172470003,
      172470003,
      172470003,
      172470003,
      420330034,
      420330034,
      420330034,
      420330034,
      420330034,
      420330034,
      420330034,
      420330034,
      420330034,
      420330034,
      420330034,
      420330034,
      420330034,
      420330034,
      420330034,
      420330034,
      420330034,
      420330034,
      420330034,
      420330034,
      420330034,
      420330034,
      420330034,
      420330034,
      420330034,
      420330034,
      420330034,
      420330034,
      420330034,
      420330034,
      420330034,
      420330034,
      420330034,
      420330034,
      420330034,
      420330034,
      420330034,
      420330034,
      420330034,
      420330035,
      420330035,
      420330035,
      420330035,
      420330035,
      420330035,
      420330035,
      420330035,
      420330035,
      420330035,
      420330035,
      420330035,
      420330035,
      420330035,
      420330035,
      420330035,
      420330035,
      420330035,
      420330035,
      420330035,
      420330035,
      420330035,
      420330035,
      420330035,
      420330035,
      420330035,
      420330035,
      420330035,
      420330035,
      420330035,
      420330035,
      420330035,
      420330035,
      420330035,
      420330035,
      420330035,
      420330035,
      420330035,
      420330035,
      420330035,
      420330035,
      420330035,
      420330035,
      420330035,
      420330035,
      420330035,
      420330035,
      420330035,
      420330035,
      420330035,
      420330035,
      420330035,
      420330035,
      420330035,
      420330035,
      420330035,
      420330035,
      420330035,
      420330035,
      420330035,
      420330035,
      420330035,
      420330035,
      420330035,
      420330035,
      420330035,
      420330035,
      420330035,
      420330035,
      420330035,
      420330035,
      420330035,
      420330035,
      420330035,
      420330035,
      420330035,
      420330035,
      420330035,
      420330035,
      420330035,
      420330035,
      420330035,
      420330035,
      420330035,
      420330035,
      420330035,
      420330035,
      420330035,
      420330035,
      420330035,
      306417090,
      306417090,
      306417090,
      306417090,
      306417090,
      306417090,
      306417090,
      306417095,
      306417095,
      306417095,
      306417095,
      306417095,
      306417095,
      306417095,
      306417095,
      306417095,
      306417095,
      306417095,
      306417095,
      306417095,
      306417095,
      306417095,
      306417095,
      306417095,
      306417095,
      306417095,
      306417095,
      306417095,
      306417095,
      306417095,
      306417095,
      306417095,
      306417095,
      306417095,
      306417095,
      306417095,
      306417095,
      306417095,
      306417095,
      306417095,
      306417095,
      306417095,
      306417095,
      306417095,
      306417095,
      306417095,
      306417095,
      306417095,
      306417095,
      306417095,
      306417095,
      306417095,
      306417095,
      306417095,
      306417095,
      306417095,
      306417095,
      306417095,
      306417095,
      306417095,
      306417095,
      306417095,
      306417095,
      306417095,
      306417095,
      306417095,
      306417095,
      306417095,
      306417095,
      306417095,
      306417095,
      306417095,
      306417095,
      306417095,
      306417095,
      306417095,
      306417095,
      306417095,
      306417095,
      306417095,
      306417095,
      306417095,
      306417095,
      306417095,
      306417095,
      306417095,
      306417095,
      306417095,
      306417095,
      306417095,
      306417095,
      306417095,
      306417095,
      306417095,
      306417095,
      306417095,
      306417095,
      306417095,
      306417095,
      306417095,
      306417095,
      306417095,
      306417095,
      306417095,
      306417095,
      306417095,
      306417095,
      306417095,
      306417095,
      306417095,
      306417095,
      306417095,
      306417095,
      306417095,
      306417095,
      306417095,
      306417095,
      306417095,
      306417095,
      306417095,
      306417095,
      306417095,
      306417095,
      306417095,
      306417095,
      306417095,
      306417095,
      306417095,
      306417095,
      306417095,
      306417095,
      306417095,
      306417095,
      306417095,
      306417095,
      306417095,
      306417095,
      306417095,
      306417095,
      306417095,
      306417095,
      306417095,
      306417095,
      306417095,
      306417095,
      306417095,
      306417095,
      306417095,
      306417095,
      306417095,
      306417095,
      306417095,
      306417095,
      306417095,
      306417095,
      306417095,
      306417095,
      306417095,
      306417095,
      306417095,
      306417095,
      306417095,
      306417095,
      306417095,
      242782680,
      242782680,
      242782680,
      242782680,
      242782680,
      242782680,
      242782680,
      242782680,
      242782680,
      242782680,
      242782680,
      242782680,
      242782680,
      242782680,
      242782680,
      242782679,
      242782679,
      242782679,
      242782679,
      242782679,
      242782679,
      242782679,
      242782679,
      242782679,
      242782679,
      242782679,
      242782679,
      242782679,
      242782679,
      242782679,
      242782679,
      242782679,
      242782679,
      242782679,
      242782679,
      242782679,
      242782679,
      242782679,
      242782679,
      242782679,
      242782679,
      242782679,
      242782679,
      242782679,
      242782679,
      242782679,
      242782679,
      242782679,
      242782679,
      242782679,
      242782679,
      242782679,
      242782679,
      242782679,
      242782679,
      242782679,
      242782679,
      242782679,
      242782679,
      242782679,
      242782679,
      242782679,
      242782679,
      242782679,
      242782679,
      242782679,
      242782679,
      242782679,
      242782679,
      242782679,
      242782679,
      242782679,
      242782684,
      242782684,
      242782684,
      242782684,
      242782684,
      242782684,
      242782684,
      242782684,
      242782684,
      242782684,
      242782684,
      242782684,
      242782684,
      242782684,
      242782684,
      242782684,
      242782684,
      242782684,
      242782684,
      242782684,
      242782684,
      242782684,
      242782684,
      242782684,
      242782684,
      242782684,
      242782684,
      242782684,
      242782681,
      242782681,
      242782681,
      242782681,
      242782681,
      242782681,
      242782681,
      242782681,
      242782681,
      242782681,
      242782681,
      242782681,
      242782681,
      242782681,
      242782681,
      242782681,
      242782681,
      242782681,
      242782681,
      242782681,
      242782681,
      242782681,
      242782681,
      242782681,
      242782681,
      242782681,
      242782681,
      242782681,
      242782681,
      242782681,
      242782681,
      242782681,
      242782681,
      242782681,
      242782681,
      242782681,
      242782681,
      242782681,
      242782681,
      242782681,
      242782681,
      242782681,
      242782681,
      242782681,
      242782681,
      242782681,
      242782681,
      242782681,
      242782681,
      242782681,
      242782681,
      242782681,
      242782681,
      242782681,
      242782681,
      242782681,
      242782681,
      242782681,
      242782681,
      242782681,
      242782681,
      242782681,
      242782681,
      242782681,
      242782681,
      242782681,
      242782681,
      242782681,
      242782681,
      242782681,
      242782681,
      242782681,
      242782681,
      242782681,
      242782681,
      242782681,
      242782681,
      242782681,
      242782681,
      242782681,
      242782681,
      242782681,
      242782681,
      242782681,
      242782681,
      242782681,
      242782681,
      242782681,
      242782681,
      242782681,
      242782681,
      242782681,
      242782681,
      242782681,
      242782681,
      242782681,
      242782681,
      242782681,
      242782681,
      242782681,
      242782681,
      242782681,
      242782681,
      242782681,
      242782681,
      242782681,
      242782681,
      242782681,
      242782681,
      242782681,
      242782681,
      251424958,
      251424958,
      251424958,
      251424958,
      251424958,
      251424958,
      251424958,
      251424958,
      251424958,
      251424958,
      251424958,
      251424958,
      251424958,
      251424958,
      251424958,
      251424958,
      251424958,
      251424958,
      251424958,
      251424960,
      251424960,
      251424960,
      251424960,
      251424960,
      251424960,
      251424960,
      251424960,
      251424960,
      251424960,
      251424960,
      251424960,
      251424960,
      251424960,
      251424960,
      251424960,
      251424960,
      251424960,
      251424960,
      251424960,
      251424960,
      251424960,
      251424960,
      251424959,
      251424959,
      251424959,
      251424959,
      251424959,
      251424959,
      251424959,
      251424959,
      251424959,
      251424959,
      251424959,
      251424959,
      251424959,
      251424959,
      251424959,
      251424959,
      251424959,
      251424959,
      251424959,
      251424959,
      251424959,
      251424959,
      251424959,
      251424959,
      251424959,
      251424959,
      251424959,
      251424959,
      251424959,
      251424959,
      251424959,
      251424959,
      251424959,
      251424959,
      251424959,
      251424959,
      251424959,
      251424959,
      251424959,
      251424959,
      251424959,
      251424959,
      251424957,
      251424957,
      251424957,
      251424957,
      251424957,
      251424957,
      251424957,
      251424957,
      251424957,
      251424957,
      251424957,
      251424957,
      251424957,
      251424957,
      251424957,
      251424957,
      251424957,
      251424957,
      251424957,
      251424957,
      251424957,
      251424957,
      251424957,
      251424957,
      251424957,
      251424957,
      251424957,
      251424957,
      251424957,
      251424957,
      251424957,
      251424957,
      251424957,
      251424957,
      251424957,
      251424957,
      251424957,
      251424957,
      251424957,
      251424957,
      251424957,
      251424957,
      251424957,
      251424957,
      251424957,
      251424957,
      251424957,
      251424957,
      251424957,
      251424957,
      251424957,
      251424957,
      251424957,
      251424957,
      251424957,
      251424957,
      251424957,
      251424957,
      251424957,
      251424957,
      251424957,
      251424957,
      251424957,
      251424957,
      251424957,
      251424957,
      251424957,
      251424957,
      251424957,
      251424957,
      251424957,
      251424957,
      251424957,
      251424957,
      251424957,
      251424957,
      251424957,
      251424957,
      251424957,
      251424957,
      251424957,
      251424957,
      251424957,
      251424957,
      251424957,
      251424957,
      251424957,
      251424957,
      251424957,
      251424957,
      251424957,
      251424957,
      251424957,
      251424957,
      251424957,
      251424957,
      251424957,
      251424957,
      251424957,
      251424957,
      251424957,
      251424957,
      251424957,
      251424957,
      251424957,
      251424957,
      251424957,
      251424957,
      251424957,
      251424957,
      251424957,
      251424957,
      251424957,
      251424957,
      251424957,
      251424957,
      251424957,
      251424957,
      251424957,
      251424957,
      251424957,
      251424957,
      251424957,
      251424957,
      251424957,
      251424957,
      251424957,
      251424957,
      251424957,
      251424957,
      251424957,
      251424957,
      251424957,
      251424957,
      251424957,
      251424957,
      251424957,
      251424957,
      251424957,
      251424957,
      251424957,
      251424957,
      251424957,
      251424957,
      251424957,
      251424957,
      251424957,
      251424957,
      251424957,
      251424957,
      251424957,
      251424957,
      251424957,
      251424957,
      251424957,
      251424957,
      251424957,
      251424957,
      251424957,
      251424957,
      251424957,
      251424957,
      251424957,
      251424957,
      251424957,
      251424957,
      251424957,
      251424957,
      251424957,
      251424957,
      251424957,
      251424957,
      251424957,
      251424957,
      251424957,
      251424957,
      251424957,
      251424957,
      251424957,
      251424957,
      251424957,
      251424957,
      251424957,
      251424957,
      251424957,
      251424957,
      251424957,
      251424957,
      251424957,
      251424957,
      251424957,
      251424957,
      251424957,
      251424957,
      251424957,
      251424957,
      251424957,
      251424957,
      251424957,
      251424957,
      251424957,
      251424957,
      251424957,
      251424957,
      251424957,
      251424957,
      251424957,
      251424957,
      251424957,
      251424957,
      251424957,
      251424957,
      251424957,
      251424957,
      251424957,
      251424957,
      251424957,
      251424957,
      251424957,
      251424957,
      251424957,
      251424957,
      251424957,
      251424957,
      251424957,
      251424957,
      251424957,
      251424957,
      251424957,
      251424957,
      251424957,
      251424957,
      251424957,
      251424957,
      251424957,
      251424957,
      251424957,
      251424957,
      251424957,
      251424957,
      251424957,
      251424957,
      251424957,
      251424957,
      251424957,
      251424957,
      251424957,
      251424957,
      251424957,
      251424957,
      251424957,
      251424957,
      251424957,
      251424957,
      251424957,
      251424957,
      251424957,
      251424957,
      251424957,
      251424957,
      251424957,
      251424957,
      251424957,
      251424957,
      251424957,
      251424957,
      251424957,
      251424957,
      251424957,
      251424957,
      251424957,
      251424957,
      251424957,
      251424957,
      251424957,
      251424957,
      251424957,
      251424957,
      251424957,
      251424957,
      251424957,
      251424957,
      251424957,
      251424957,
      251424957,
      251424957,
      251424957,
      251424957,
      251424957,
      251424957,
      251424957,
      251424957,
      251424957,
      251424957,
      251424957,
      251424957,
      251424957,
      251424957,
      251424957,
      251424957,
      251424957,
      251424957,
      251424957,
      251424957,
      251424957,
      251424957,
      251424957,
      251424957,
      251424957,
      251424957,
      251424957,
      251424957,
      251424957,
      251424957,
      251424957,
      251424957,
      251424957,
      251424957,
      251424957,
      251424957,
      251424957,
      251424957,
      251424957,
      251424957,
      251422078,
      251422078,
      251422078,
      251422078,
      251422078,
      251422078,
      251422078,
      251422078,
      251422078,
      251422078,
      251422078,
      251422078,
      251422078,
      251422078,
      251422078,
      251422078,
      251422078,
      251422078,
      251422078,
      251422078,
      251422078,
      251422078,
      251422078,
      251422078,
      251422078,
      251422078,
      251422078,
      251422078,
      251422078,
      251422078,
      251422078,
      251422078,
      251422078,
      251422078,
      251422078,
      251422078,
      251422078,
      251422078,
      251422078,
      251422078,
      251422078,
      251422078,
      251422078,
      251422078,
      251422078,
      251422078,
      251422078,
      251422078,
      251422078,
      251422078,
      251422078,
      251422078,
      251422078,
      251422078,
      251422078,
      251422078,
      251422078,
      251422078,
      251422078,
      251422078,
      251422074,
      251422074,
      251422074,
      251422074,
      251422074,
      251422074,
      251422074,
      251422074,
      251422074,
      251422074,
      251422074,
      251422074,
      251422074,
      251422074,
      251422074,
      251422074,
      251422074,
      251422074,
      251422074,
      251422074,
      251422074,
      251422074,
      251422074,
      251422074,
      251422074,
      251422074,
      251422074,
      251422074,
      251422074,
      251422074,
      251422074,
      251422074,
      251422074,
      251422074,
      251422074,
      251422074,
      251422074,
      251422074,
      251422074,
      251422074,
      251422074,
      251422074,
      251422074,
      251422074,
      251422074,
      251422074,
      251422074,
      251422074,
      251422074,
      251422074,
      251422074,
      251422074,
      251422074,
      251422074,
      251422074,
      251422074,
      251422074,
      251422074,
      251422074,
      251422074,
      251422074,
      251422074,
      251422074,
      251422074,
      251422074,
      251422074,
      251422074,
      251422074,
      251422074,
      251422074,
      251422074,
      251422074,
      251422074,
      251422074,
      251422074,
      251422074,
      251422074,
      251422074,
      251422074,
      251422074,
      251422074,
      251422074,
      251422074,
      251422074,
      251422074,
      251422074,
      251422074,
      251422074,
      251422074,
      251422074,
      251422074,
      251422074,
      251422074,
      251422074,
      251422074,
      251422074,
      251422074,
      251422074,
      251422074,
      251422074,
      251422074,
      251422074,
      251422074,
      251422074,
      251422074,
      251422074,
      251422074,
      251422074,
      251422074,
      251422074,
      251422074,
      251422074,
      251422074,
      251422074,
      251422074,
      251422074,
      251422074,
      251422074,
      251422074,
      251422074,
      251422074,
      251422074,
      251422074,
      251422074,
      251422074,
      251422074,
      251422074,
      251422074,
      251422074,
      251422074,
      251422074,
      251422074,
      251422074,
      251422074,
      251422074,
      251422074,
      251422074,
      251422074,
      251422074,
      251422074,
      251422074,
      251422074,
      251422074,
      251422074,
      251422074,
      251422074,
      251422074,
      251422074,
      251422074,
      251422074,
      251422074,
      251422074,
      251422074,
      251422074,
      251422074,
      251422074,
      251422074,
      251422074,
      251422074,
      251422074,
      251422074,
      251422074,
      251422074,
      251422074,
      251422074,
      251422074,
      251422074,
      251422074,
      251422074,
      251422074,
      251422074,
      251422074,
      251422074,
      251422074,
      251422074,
      251422074,
      251422074,
      251422074,
      251422074,
      251422074,
      251422074,
      251422074,
      251422074,
      251422074,
      251422074,
      251422074,
      251422074,
      251422074,
      251422074,
      251422074,
      251422074,
      251422074,
      251422074,
      251422074,
      251422074,
      251422074,
      251422074,
      251422074,
      251422074,
      251422074,
      251422074,
      251422074,
      251422074,
      251422074,
      251422074,
      251422074,
      251422074,
      251422074,
      251422074,
      251422074,
      251422074,
      251422074,
      251422074,
      251422074,
      251422074,
      251422074,
      251422074,
      251422074,
      251422074,
      251422074,
      251422074,
      251422074,
      251422074,
      251422074,
      251422074,
      251422074,
      251422074,
      251422074,
      251422074,
      251422074,
      251422074,
      251422074,
      251422074,
      251422074,
      251422074,
      251422074,
      251422074,
      251422074,
      251422074,
      251422074,
      251422074,
      251422074,
      251422074,
      251422074,
      251422074,
      251422074,
      251422074,
      251422074,
      251422074,
      251422074,
      251422074,
      251422074,
      251422074,
      251422074,
      251422074,
      251422074,
      251422074,
      251422074,
      251422074,
      251422074,
      251422074,
      251422074,
      251422074,
      251422074,
      251422074,
      251422074,
      251422074,
      251422074,
      251422074,
      251422074,
      251422074,
      251422074,
      251422074,
      251422074,
      251422074,
      251422074,
      251422074,
      251422074,
      251422074,
      251422074,
      251422074,
      251422074,
      251422074,
      251422074,
      251422074,
      251422074,
      251422074,
      251422074,
      251422074,
      251422074,
      251422074,
      251422074,
      251422074,
      251422074,
      251422074,
      251422074,
      251422074,
      251422074,
      251422074,
      251422074,
      251422074,
      251422074,
      251422074,
      251422074,
      251422074,
      251422074,
      251422074,
      251422074,
      251422074,
      251422074,
      251422074,
      251422074,
      251422074,
      251422074,
      251422074,
      251422074,
      251422074,
      251422074,
      251422074,
      251422074,
      251422074,
      251422074,
      251422074,
      251422074,
      251422074,
      251422074,
      251422074,
      251422074,
      251422074,
      251422074,
      251422074,
      251422074,
      251422074,
      251422074,
      251422074,
      251422074,
      251422074,
      251422074,
      251422074,
      251422074,
      251422074,
      251422074,
      251422074,
      251422074,
      251422074,
      251422074,
      251422074,
      251422074,
      251422074,
      251422074,
      251422074,
      251422074,
      251422074,
      251422074,
      251422074,
      251422074,
      251422074,
      251422074,
      251422074,
      251422074,
      251422074,
      251422074,
      251422074,
      251422074,
      251422074,
      251422074,
      251422074,
      251422074,
      251422074,
      251422074,
      251422074,
      251422074,
      251422074,
      251422074,
      251422074,
      251422074,
      251422074,
      251422074,
      251422074,
      251422074,
      251422074,
      251422074,
      251422074,
      251422074,
      251422074,
      251422074,
      251422074,
      251422074,
      251422074,
      251422074,
      251422074,
      251422074,
      251422074,
      251422074,
      251422074,
      251422074,
      251422074,
      251422074,
      251422074,
      251422074,
      251422074,
      251422074,
      251422074,
      251422074,
      251422074,
      251422074,
      251422074,
      251422074,
      251422074,
      251422074,
      251422074,
      251422074,
      251422074,
      251422074,
      251422074,
      251422074,
      251422074,
      251422074,
      251422074,
      251422074,
      251422074,
      251422074,
      251422074,
      251422074,
      251422074,
      251422074,
      251422074,
      251422074,
      251422074,
      251422074,
      251422074,
      251422074,
      251422074,
      251422074,
      251422074,
      251422074,
      251422074,
      251422074,
      251422074,
      251422074,
      251422074,
      251422074,
      251422074,
      251422074,
      251422074,
      251422074,
      251422074,
      251422074,
      251422074,
      251422074,
      251422074,
      251422074,
      251422074,
      251422074,
      251422074,
      251422074,
      251422074,
      251422074,
      251422074,
      251422074,
      251422074,
      251422074,
      251422074,
      251422074,
      251422074,
      251422074,
      251422074,
      251422074,
      251422074,
      251422074,
      251422074,
      251422074,
      251422074,
      251422074,
      251422074,
      251422074,
      251422074,
      251422074,
      251422074,
      251422074,
      251422074,
      251422074,
      251422074,
      251422074,
      251422074,
      251422074,
      251422074,
      251422074,
      251422074,
      251422074,
      251422074,
      251422074,
      251422074,
      251422074,
      251422074,
      251422074,
      251422074,
      251422074,
      251422074,
      251422074,
      251422074,
      251422074,
      251422074,
      251422074,
      251422074,
      251422074,
      251422074,
      251422074,
      251422074,
      251422074,
      251422074,
      251422074,
      251422074,
      251422074,
      251422074,
      251422074,
      251422074,
      251422074,
      251422074,
      251422074,
      251422074,
      251422074,
      251422074,
      251422074,
      251422074,
      251422074,
      251422074,
      251422074,
      251422074,
      251422074,
      251422074,
      251422074,
      251422074,
      251422074,
      251422074,
      251422074,
      251422074,
      251422074,
      251422074,
      251422074,
      251422074,
      251422074,
      251422074,
      251422074,
      251422074,
      251422074,
      251422074,
      251422074,
      251422074,
      251422074,
      251422074,
      251422074,
      251422074,
      251422074,
      251422074,
      251422074,
      251422074,
      251422074,
      251422074,
      251422074,
      251422074,
      251422074,
      251422074,
      251422074,
      251422074,
      251422074,
      251422074,
      251422074,
      251422074,
      251422074,
      251422074,
      251422074,
      251422074,
      251422074,
      251422074,
      251422074,
      251422074,
      251422074,
      251422074,
      251422074,
      251422074,
      251422074,
      251422074,
      251422074,
      251422074,
      251422074,
      251422074,
      251422074,
      251422074,
      251422074,
      251422074,
      251422074,
      251422074,
      251422074,
      251422074,
      251422074,
      251422074,
      251422074,
      251422074,
      251422074,
      251422074,
      251422074,
      251422074,
      251422074,
      251422074,
      251422074,
      251422074,
      251422074,
      251422074,
      251422074,
      251422074,
      251422074,
      251422074,
      251422074,
      251422074,
      251422074,
      251422074,
      251422074,
      251422074,
      251422074,
      251422074,
      251422074,
      251422074,
      251422074,
      251422074,
      251422074,
      251422074,
      251422074,
      251422074,
      251422074,
      251422074,
      251422074,
      251422074,
      251422074,
      251422074,
      251422074,
      251422074,
      251422074,
      251422074,
      251422074,
      251422074,
      251422074,
      251422074,
      251422074,
      251422074,
      251422074,
      251422074,
      251422074,
      251422074,
      251422074,
      251422074,
      251422074,
      251422074,
      251422074,
      251422074,
      251422074,
      251422074,
      251422074,
      251422074,
      251422074,
      251422074,
      251422074,
      251422074,
      251422074,
      251422074,
      251422074,
      251422074,
      251422074,
      251422074,
      251422074,
      251422074,
      251422074,
      251422074,
      251422074,
      251422074,
      251422074,
      251422074,
      251422074,
      251422074,
      251422074,
      251422074,
      251422074,
      251422074,
      251422074,
      251422074,
      251422074,
      251422074,
      251422074,
      251422074,
      251422074,
      251422074,
      251422074,
      251422074,
      251422074,
      251422074,
      251422074,
      99279331,
      99279331,
      99279331,
      99279331,
      99279331,
      99279331,
      99279331,
      99279331,
      99279331,
      99279331,
      99279331,
      99279331,
      99279331,
      99279331,
      99279331,
      99279331,
      99279331,
      99279331,
      99279331,
      99279331,
      99279331,
      99279331,
      99279331,
      99279331,
      99279331,
      99279331,
      99279331,
      99279331,
      99279331,
      99279331,
      99279331,
      99279331,
      99279331,
      99279331,
      99279331,
      99279331,
      99279331,
      99279331,
      99279331,
      99279331,
      99279331,
      99279331,
      99279331,
      99279331,
      99279331,
      99279331,
      99279331,
      99279331,
      99279331,
      99279331,
      251422083,
      251422083,
      251422083,
      251422083,
      251422083,
      251422083,
      251422083,
      251422083,
      251422083,
      251422083,
      251422083,
      251422079,
      251422079,
      251422079,
      251422079,
      251422079,
      251422079,
      251422079,
      251422079,
      251422079,
      251422079,
      251422079,
      251422079,
      251422079,
      251422079,
      251422079,
      251422079,
      251422081,
      251422081,
      251422081,
      251422081,
      251422081,
      251422081,
      251422081,
      251422081,
      251422081,
      251422081,
      251422081,
      251422081,
      251422081,
      251422081,
      251422081,
      251422081,
      251422081,
      251422081,
      251422081,
      251422081,
      251422081,
      251422081,
      251422081,
      251422081,
      251422081,
      251422081,
      251422081,
      251422081,
      251422081,
      251422081,
      251422081,
      251422081,
      251422081,
      251422081,
      251422081,
      251422081,
      251422081,
      251422081,
      251422081,
      251422081,
      251422081,
      251422081,
      251422081,
      251422081,
      251422081,
      251422081,
      251422081,
      251422081,
      251422081,
      251422081,
      251422081,
      251422081,
      251422081,
      251422081,
      251422081,
      251422081,
      251422081,
      251422081,
      251422081,
      251422081,
      251422081,
      251422081,
      251422081,
      251422081,
      251422081,
      251422081,
      251422081,
      251422081,
      251422081,
      251422081,
      251422081,
      251422081,
      251422081,
      251422081,
      251422081,
      251422081,
      251422081,
      251422081,
      251422081,
      251422081,
      251422081,
      251422081,
      251422081,
      251422081,
      251422081,
      251422081,
      251422081,
      251422081,
      251422081,
      251422081,
      251422081,
      251422081,
      251422081,
      251422081,
      251422081,
      251422081,
      251422081,
      251422081,
      251422081,
      251422081,
      251422081,
      251422081,
      251422081,
      251422081,
      251422081,
      251422081,
      251422081,
      251422081,
      251422081,
      251422081,
      251422081,
      251422081,
      251422081,
      251422081,
      251422081,
      251422081,
      251422081,
      251422081,
      251422081,
      251422081,
      251422081,
      251422081,
      251422081,
      251422081,
      251422081,
      251422081,
      251422081,
      251422081,
      251422081,
      251422081,
      251422081,
      251422081,
      251422081,
      251422081,
      251422081,
      251422081,
      251422081,
      251422081,
      251422081,
      251422081,
      251422081,
      251422081,
      251422081,
      251422081,
      251422081,
      251422081,
      251422081,
      251422081,
      251422081,
      251422081,
      251422081,
      251422081,
      251422081,
      251422081,
      251422081,
      251422081,
      251422081,
      251422081,
      251422081,
      251422081,
      251422081,
      251422081,
      251422081,
      251422081,
      251422081,
      251422081,
      251422081,
      251422081,
      251422081,
      251422081,
      251422081,
      251422081,
      251422081,
      251422081,
      251422081,
      251422081,
      251422081,
      251422081,
      251422081,
      251422081,
      251422081,
      251422081,
      251422081,
      251422081,
      251422081,
      251422081,
      251422081,
      251422081,
      251422081,
      251422081,
      251422081,
      251422081,
      251422081,
      251422081,
      251422081,
      251422081,
      251422081,
      251422081,
      251422081,
      251422081,
      251422081,
      251422081,
      251422081,
      251422081,
      251422081,
      251422081,
      251422081,
      251422081,
      251422081,
      251422081,
      251422081,
      251422081,
      251422081,
      251422081,
      251422081,
      251422081,
      251422081,
      251422081,
      251422081,
      251422081,
      251422081,
      251422081,
      251422081,
      251422081,
      251422081,
      251422081,
      251422081,
      251422081,
      251422081,
      251422081,
      251422081,
      251422081,
      251422081,
      251422081,
      251422081,
      251422081,
      251422081,
      251422081,
      251422081,
      251422081,
      251422081,
      251422081,
      251422081,
      251422081,
      251422081,
      251422081,
      251422081,
      251422081,
      251422081,
      251422081,
      251422081,
      251422081,
      251422081,
      251422081,
      251422081,
      251422081,
      251422081,
      251422081,
      251422081,
      251422081,
      251422081,
      251422081,
      251422081,
      251422081,
      251422081,
      251422081,
      251422081,
      251422081,
      251422081,
      251422081,
      251422081,
      251422081,
      251422081,
      251422081,
      251422081,
      251422081,
      251422081,
      251422081,
      251422081,
      251422081,
      251422081,
      251422081,
      251422081,
      251422081,
      251422081,
      251422081,
      251422081,
      251422081,
      251422081,
      251422081,
      251422081,
      251422081,
      251422081,
      251422081,
      251422081,
      251422081,
      251422081,
      251422081,
      251422081,
      251422081,
      251422081,
      251422081,
      251422081,
      251422081,
      251422081,
      251422081,
      251422081,
      251422081,
      251422081,
      251422081,
      251422081,
      251422081,
      251422081,
      251422081,
      251422081,
      251422081,
      251422081,
      251422081,
      251422081,
      251422081,
      251422081,
      251422081,
      251422081,
      251422081,
      251422081,
      251422081,
      251422081,
      251422081,
      251422081,
      251422081,
      251422081,
      251422081,
      251422081,
      251422081,
      251422081,
      251422081,
      251422081,
      251422081,
      251422081,
      251422081,
      251422081,
      251422081,
      251422081,
      251422081,
      251422081,
      251422081,
      251422081,
      251422081,
      251422081,
      251422081,
      251422081,
      251422081,
      251422081,
      251422081,
      251422081,
      251422081,
      251422081,
      251422081,
      251422081,
      251422081,
      251422081,
      251422081,
      251422081,
      251422081,
      251422081,
      251422081,
      251422081,
      251422081,
      251422081,
      251422081,
      251422081,
      251422081,
      251422081,
      251422081,
      251422081,
      251422081,
      251422081,
      251422081,
      251422081,
      251422081,
      251422081,
      251422081,
      251422081,
      251422081,
      251422081,
      251422081,
      251422081,
      251422081,
      251422081,
      251422081,
      251422081,
      251422081,
      251422081,
      251422081,
      251422081,
      251422081,
      251422081,
      251422081,
      251422081,
      251422081,
      251422081,
      251422081,
      251422081,
      251422081,
      251422081,
      251422081,
      251422081,
      251422081,
      251422081,
      251422081,
      251422081,
      251422081,
      251422081,
      251422081,
      251422081,
      251422081,
      251422081,
      251422081,
      251422081,
      251422081,
      251422081,
      251422081,
      251422081,
      251422081,
      251422081,
      251422081,
      251422081,
      251422081,
      251422081,
      251422081,
      251422081,
      251422081,
      251422081,
      251422081,
      251422081,
      251422081,
      251422081,
      251422081,
      251422081,
      251422081,
      251422081,
      251422081,
      251422081,
      251422081,
      251422081,
      251422081,
      251422081,
      251422081,
      251422081,
      251422081,
      251422081,
      251422081,
      251422081,
      251422081,
      251422081,
      251422081,
      251422081,
      251422081,
      251422081,
      251422081,
      251422081,
      251422081,
      251422081,
      251422081,
      251422081,
      251422081,
      251422081,
      251422081,
      251422081,
      251422081,
      251422081,
      251422081,
      251422081,
      251422081,
      251422081,
      251422081,
      251422081,
      251422081,
      251422081,
      251422081,
      251422081,
      251422081,
      251422081,
      251422081,
      251422081,
      251422081,
      251422081,
      251422081,
      251422081,
      251422081,
      251422081,
      251422081,
      251422081,
      251422081,
      251422081,
      251422081,
      251422081,
      251422081,
      251422081,
      251422081,
      251422081,
      251422081,
      251422081,
      251422081,
      251422081,
      251422081,
      251422081,
      251422081,
      251422081,
      251422081,
      251422081,
      251422081,
      251422081,
      251422081,
      251422081,
      251422081,
      251422081,
      251422081,
      251422081,
      251422081,
      251422081,
      251422081,
      251422081,
      251422081,
      251422081,
      251422081,
      251422081,
      251422081,
      251422081,
      251422081,
      251422081,
      251422081,
      251422081,
      251422081,
      251422081,
      251422081,
      251422081,
      251422081,
      251422081,
      251422081,
      251422081,
      251422081,
      251422081,
      251422081,
      251422081,
      251422081,
      251422081,
      251422081,
      251422081,
      251422081,
      251422081,
      251422081,
      251422081,
      251422081,
      251422081,
      251422081,
      251422081,
      251422081,
      251422081,
      251422081,
      251422081,
      251422081,
      251422081,
      251422081,
      251422081,
      251422081,
      251422081,
      251422081,
      251422081,
      251422081,
      251422081,
      251422081,
      251422081,
      251422081,
      251422081,
      251422081,
      251422081,
      251422081,
      251422081,
      251422081,
      251422081,
      251422081,
      251422081,
      251422081,
      251422081,
      251422081,
      251422081,
      251422081,
      251422081,
      251422081,
      251422081,
      251422081,
      251422081,
      251422081,
      251422081,
      251422081,
      251422081,
      251422081,
      251422081,
      251422081,
      251422081,
      251422081,
      251422081,
      251422081,
      251422081,
      251422081,
      251422081,
      251422081,
      251422081,
      251422081,
      251422081,
      251422081,
      251422081,
      251422081,
      251422081,
      251422081,
      251422081,
      251422081,
      251422081,
      251422081,
      251422081,
      251422081,
      251422081,
      251422081,
      251422081,
      251422081,
      251422081,
      251422081,
      251422081,
      251422081,
      251422081,
      251422081,
      251422081,
      251422081,
      251422081,
      251422081,
      251422081,
      251422081,
      251422081,
      251422081,
      251422081,
      251422081,
      251422081,
      251422081,
      251422081,
      251422081,
      251422081,
      251422081,
      251422081,
      251422081,
      251422081
    ],
    "maxspeed_kph": [
      24.14016,
      24.14016,
      24.14016,
      24.14016,
      24.14016,
      24.14016,
      24.14016,
      24.14016,
      24.14016,
      24.14016,
      24.14016,
      24.14016,
      24.14016,
      24.14016,
      24.14016,
      24.14016,
      24.14016,
      24.14016,
      24.14016,
      40.2336,
      40.2336,
      40.2336,
      40.2336,
      40.2336,
      40.2336,
      40.2336,
      40.2336,
      40.2336,
      40.2336,
      40.2336,
      40.2336,
      40.2336,
      40.2336,
      40.2336,
      40.2336,
      40.2336,
      40.2336,
      40.2336,
      40.2336,
      40.2336,
      40.2336,
      40.2336,
      40.2336,
      40.2336,
      88.51392000000001,
      88.51392000000001,
      88.51392000000001,
      88.51392000000001,
      88.51392000000001,
      88.51392000000001,
      88.51392000000001,
      88.51392000000001,
      88.51392000000001,
      88.51392000000001,
      88.51392000000001,
      88.51392000000001,
      88.51392000000001,
      88.51392000000001,
      88.51392000000001,
      88.51392000000001,
      88.51392000000001,
      88.51392000000001,
      88.51392000000001,
      88.51392000000001,
      88.51392000000001,
      88.51392000000001,
      88.51392000000001,
      88.51392000000001,
      88.51392000000001,
      88.51392000000001,
      88.51392000000001,
      88.51392000000001,
      88.51392000000001,
      88.51392000000001,
      88.51392000000001,
      88.51392000000001,
      88.51392000000001,
      88.51392000000001,
      88.51392000000001,
      88.51392000000001,
      88.51392000000001,
      88.51392000000001,
      88.51392000000001,
      88.51392000000001,
      88.51392000000001,
      88.51392000000001,
      88.51392000000001,
      88.51392000000001,
      88.51392000000001,
      88.51392000000001,
      88.51392000000001,
      88.51392000000001,
      88.51392000000001,
      88.51392000000001,
      88.51392000000001,
      88.51392000000001,
      88.51392000000001,
      88.51392000000001,
      88.51392000000001,
      88.51392000000001,
      88.51392000000001,
      88.51392000000001,
      88.51392000000001,
      88.51392000000001,
      88.51392000000001,
      88.51392000000001,
      88.51392000000001,
      88.51392000000001,
      88.51392000000001,
      88.51392000000001,
      88.51392000000001,
      88.51392000000001,
      88.51392000000001,
      88.51392000000001,
      88.51392000000001,
      88.51392000000001,
      88.51392000000001,
      88.51392000000001,
      88.51392000000001,
      88.51392000000001,
      88.51392000000001,
      88.51392000000001,
      88.51392000000001,
      88.51392000000001,
      88.51392000000001,
      88.51392000000001,
      88.51392000000001,
      88.51392000000001,
      88.51392000000001,
      88.51392000000001,
      88.51392000000001,
      88.51392000000001,
      88.51392000000001,
      88.51392000000001,
      88.51392000000001,
      88.51392000000001,
      88.51392000000001,
      88.51392000000001,
      88.51392000000001,
      88.51392000000001,
      88.51392000000001,
      88.51392000000001,
      88.51392000000001,
      88.51392000000001,
      88.51392000000001,
      88.51392000000001,
      88.51392000000001,
      88.51392000000001,
      88.51392000000001,
      88.51392000000001,
      88.51392000000001,
      88.51392000000001,
      88.51392000000001,
      88.51392000000001,
      88.51392000000001,
      88.51392000000001,
      88.51392000000001,
      88.51392000000001,
      88.51392000000001,
      88.51392000000001,
      88.51392000000001,
      88.51392000000001,
      88.51392000000001,
      88.51392000000001,
      88.51392000000001,
      88.51392000000001,
      88.51392000000001,
      88.51392000000001,
      88.51392000000001,
      88.51392000000001,
      88.51392000000001,
      88.51392000000001,
      88.51392000000001,
      88.51392000000001,
      88.51392000000001,
      88.51392000000001,
      88.51392000000001,
      88.51392000000001,
      88.51392000000001,
      88.51392000000001,
      88.51392000000001,
      88.51392000000001,
      88.51392000000001,
      88.51392000000001,
      88.51392000000001,
      88.51392000000001,
      88.51392000000001,
      88.51392000000001,
      88.51392000000001,
      88.51392000000001,
      88.51392000000001,
      88.51392000000001,
      88.51392000000001,
      88.51392000000001,
      88.51392000000001,
      88.51392000000001,
      88.51392000000001,
      88.51392000000001,
      88.51392000000001,
      88.51392000000001,
      88.51392000000001,
      88.51392000000001,
      88.51392000000001,
      88.51392000000001,
      88.51392000000001,
      88.51392000000001,
      88.51392000000001,
      88.51392000000001,
      88.51392000000001,
      88.51392000000001,
      88.51392000000001,
      88.51392000000001,
      88.51392000000001,
      88.51392000000001,
      88.51392000000001,
      88.51392000000001,
      88.51392000000001,
      88.51392000000001,
      88.51392000000001,
      88.51392000000001,
      88.51392000000001,
      88.51392000000001,
      88.51392000000001,
      88.51392000000001,
      88.51392000000001,
      88.51392000000001,
      88.51392000000001,
      88.51392000000001,
      88.51392000000001,
      88.51392000000001,
      88.51392000000001,
      88.51392000000001,
      88.51392000000001,
      88.51392000000001,
      88.51392000000001,
      88.51392000000001,
      88.51392000000001,
      88.51392000000001,
      88.51392000000001,
      88.51392000000001,
      88.51392000000001,
      80.4672,
      80.4672,
      80.4672,
      80.4672,
      80.4672,
      80.4672,
      80.4672,
      80.4672,
      80.4672,
      80.4672,
      80.4672,
      80.4672,
      80.4672,
      80.4672,
      80.4672,
      80.4672,
      80.4672,
      80.4672,
      80.4672,
      80.4672,
      80.4672,
      80.4672,
      80.4672,
      80.4672,
      80.4672,
      88.51392000000001,
      88.51392000000001,
      88.51392000000001,
      88.51392000000001,
      88.51392000000001,
      88.51392000000001,
      88.51392000000001,
      88.51392000000001,
      88.51392000000001,
      88.51392000000001,
      88.51392000000001,
      88.51392000000001,
      88.51392000000001,
      88.51392000000001,
      88.51392000000001,
      88.51392000000001,
      88.51392000000001,
      88.51392000000001,
      88.51392000000001,
      88.51392000000001,
      88.51392000000001,
      88.51392000000001,
      88.51392000000001,
      88.51392000000001,
      88.51392000000001,
      88.51392000000001,
      88.51392000000001,
      88.51392000000001,
      88.51392000000001,
      88.51392000000001,
      88.51392000000001,
      88.51392000000001,
      88.51392000000001,
      88.51392000000001,
      88.51392000000001,
      88.51392000000001,
      88.51392000000001,
      88.51392000000001,
      88.51392000000001,
      88.51392000000001,
      88.51392000000001,
      88.51392000000001,
      88.51392000000001,
      88.51392000000001,
      88.51392000000001,
      88.51392000000001,
      88.51392000000001,
      88.51392000000001,
      88.51392000000001,
      88.51392000000001,
      88.51392000000001,
      88.51392000000001,
      88.51392000000001,
      88.51392000000001,
      88.51392000000001,
      88.51392000000001,
      88.51392000000001,
      88.51392000000001,
      88.51392000000001,
      88.51392000000001,
      88.51392000000001,
      88.51392000000001,
      88.51392000000001,
      88.51392000000001,
      88.51392000000001,
      88.51392000000001,
      88.51392000000001,
      88.51392000000001,
      88.51392000000001,
      88.51392000000001,
      88.51392000000001,
      88.51392000000001,
      88.51392000000001,
      88.51392000000001,
      88.51392000000001,
      88.51392000000001,
      88.51392000000001,
      88.51392000000001,
      88.51392000000001,
      88.51392000000001,
      88.51392000000001,
      88.51392000000001,
      88.51392000000001,
      88.51392000000001,
      88.51392000000001,
      88.51392000000001,
      88.51392000000001,
      88.51392000000001,
      88.51392000000001,
      88.51392000000001,
      88.51392000000001,
      88.51392000000001,
      88.51392000000001,
      88.51392000000001,
      88.51392000000001,
      88.51392000000001,
      88.51392000000001,
      88.51392000000001,
      88.51392000000001,
      88.51392000000001,
      88.51392000000001,
      88.51392000000001,
      88.51392000000001,
      88.51392000000001,
      88.51392000000001,
      88.51392000000001,
      88.51392000000001,
      88.51392000000001,
      88.51392000000001,
      88.51392000000001,
      88.51392000000001,
      88.51392000000001,
      88.51392000000001,
      88.51392000000001,
      88.51392000000001,
      88.51392000000001,
      88.51392000000001,
      88.51392000000001,
      88.51392000000001,
      88.51392000000001,
      88.51392000000001,
      88.51392000000001,
      88.51392000000001,
      88.51392000000001,
      88.51392000000001,
      88.51392000000001,
      88.51392000000001,
      88.51392000000001,
      88.51392000000001,
      88.51392000000001,
      88.51392000000001,
      88.51392000000001,
      88.51392000000001,
      88.51392000000001,
      88.51392000000001,
      88.51392000000001,
      88.51392000000001,
      88.51392000000001,
      88.51392000000001,
      88.51392000000001,
      88.51392000000001,
      88.51392000000001,
      88.51392000000001,
      88.51392000000001,
      88.51392000000001,
      88.51392000000001,
      88.51392000000001,
      88.51392000000001,
      88.51392000000001,
      88.51392000000001,
      88.51392000000001,
      88.51392000000001,
      88.51392000000001,
      88.51392000000001,
      88.51392000000001,
      88.51392000000001,
      88.51392000000001,
      88.51392000000001,
      88.51392000000001,
      88.51392000000001,
      88.51392000000001,
      88.51392000000001,
      88.51392000000001,
      88.51392000000001,
      88.51392000000001,
      88.51392000000001,
      88.51392000000001,
      88.51392000000001,
      88.51392000000001,
      88.51392000000001,
      88.51392000000001,
      88.51392000000001,
      88.51392000000001,
      88.51392000000001,
      88.51392000000001,
      88.51392000000001,
      88.51392000000001,
      88.51392000000001,
      88.51392000000001,
      88.51392000000001,
      88.51392000000001,
      88.51392000000001,
      88.51392000000001,
      88.51392000000001,
      88.51392000000001,
      88.51392000000001,
      88.51392000000001,
      88.51392000000001,
      88.51392000000001,
      88.51392000000001,
      88.51392000000001,
      88.51392000000001,
      88.51392000000001,
      88.51392000000001,
      88.51392000000001,
      88.51392000000001,
      88.51392000000001,
      88.51392000000001,
      88.51392000000001,
      88.51392000000001,
      88.51392000000001,
      88.51392000000001,
      88.51392000000001,
      88.51392000000001,
      88.51392000000001,
      88.51392000000001,
      88.51392000000001,
      88.51392000000001,
      88.51392000000001,
      88.51392000000001,
      88.51392000000001,
      88.51392000000001,
      88.51392000000001,
      88.51392000000001,
      88.51392000000001,
      88.51392000000001,
      88.51392000000001,
      88.51392000000001,
      88.51392000000001,
      88.51392000000001,
      88.51392000000001,
      88.51392000000001,
      88.51392000000001,
      88.51392000000001,
      88.51392000000001,
      88.51392000000001,
      88.51392000000001,
      88.51392000000001,
      88.51392000000001,
      88.51392000000001,
      88.51392000000001,
      88.51392000000001,
      88.51392000000001,
      88.51392000000001,
      88.51392000000001,
      88.51392000000001,
      88.51392000000001,
      88.51392000000001,
      88.51392000000001,
      88.51392000000001,
      88.51392000000001,
      88.51392000000001,
      88.51392000000001,
      88.51392000000001,
      88.51392000000001,
      88.51392000000001,
      88.51392000000001,
      88.51392000000001,
      88.51392000000001,
      88.51392000000001,
      88.51392000000001,
      88.51392000000001,
      88.51392000000001,
      88.51392000000001,
      88.51392000000001,
      88.51392000000001,
      88.51392000000001,
      88.51392000000001,
      88.51392000000001,
      88.51392000000001,
      88.51392000000001,
      88.51392000000001,
      88.51392000000001,
      88.51392000000001,
      88.51392000000001,
      88.51392000000001,
      88.51392000000001,
      88.51392000000001,
      88.51392000000001,
      88.51392000000001,
      88.51392000000001,
      88.51392000000001,
      88.51392000000001,
      88.51392000000001,
      88.51392000000001,
      88.51392000000001,
      88.51392000000001,
      88.51392000000001,
      88.51392000000001,
      88.51392000000001,
      88.51392000000001,
      88.51392000000001,
      88.51392000000001,
      88.51392000000001,
      88.51392000000001,
      88.51392000000001,
      88.51392000000001,
      88.51392000000001,
      88.51392000000001,
      88.51392000000001,
      88.51392000000001,
      88.51392000000001,
      88.51392000000001,
      88.51392000000001,
      88.51392000000001,
      88.51392000000001,
      88.51392000000001,
      88.51392000000001,
      88.51392000000001,
      88.51392000000001,
      88.51392000000001,
      88.51392000000001,
      88.51392000000001,
      88.51392000000001,
      88.51392000000001,
      88.51392000000001,
      88.51392000000001,
      88.51392000000001,
      88.51392000000001,
      88.51392000000001,
      88.51392000000001,
      88.51392000000001,
      88.51392000000001,
      88.51392000000001,
      88.51392000000001,
      88.51392000000001,
      88.51392000000001,
      88.51392000000001,
      88.51392000000001,
      88.51392000000001,
      88.51392000000001,
      88.51392000000001,
      88.51392000000001,
      88.51392000000001,
      88.51392000000001,
      88.51392000000001,
      88.51392000000001,
      88.51392000000001,
      88.51392000000001,
      88.51392000000001,
      88.51392000000001,
      88.51392000000001,
      88.51392000000001,
      88.51392000000001,
      88.51392000000001,
      88.51392000000001,
      88.51392000000001,
      88.51392000000001,
      88.51392000000001,
      88.51392000000001,
      88.51392000000001,
      88.51392000000001,
      88.51392000000001,
      88.51392000000001,
      88.51392000000001,
      88.51392000000001,
      88.51392000000001,
      88.51392000000001,
      88.51392000000001,
      88.51392000000001,
      88.51392000000001,
      88.51392000000001,
      88.51392000000001,
      88.51392000000001,
      88.51392000000001,
      88.51392000000001,
      88.51392000000001,
      88.51392000000001,
      88.51392000000001,
      88.51392000000001,
      88.51392000000001,
      88.51392000000001,
      88.51392000000001,
      88.51392000000001,
      88.51392000000001,
      88.51392000000001,
      88.51392000000001,
      88.51392000000001,
      88.51392000000001,
      88.51392000000001,
      88.51392000000001,
      88.51392000000001,
      88.51392000000001,
      88.51392000000001,
      88.51392000000001,
      88.51392000000001,
      88.51392000000001,
      88.51392000000001,
      88.51392000000001,
      88.51392000000001,
      88.51392000000001,
      88.51392000000001,
      88.51392000000001,
      88.51392000000001,
      88.51392000000001,
      88.51392000000001,
      88.51392000000001,
      88.51392000000001,
      88.51392000000001,
      88.51392000000001,
      88.51392000000001,
      88.51392000000001,
      88.51392000000001,
      88.51392000000001,
      88.51392000000001,
      88.51392000000001,
      88.51392000000001,
      88.51392000000001,
      88.51392000000001,
      88.51392000000001,
      88.51392000000001,
      88.51392000000001,
      88.51392000000001,
      88.51392000000001,
      88.51392000000001,
      88.51392000000001,
      88.51392000000001,
      88.51392000000001,
      88.51392000000001,
      88.51392000000001,
      88.51392000000001,
      88.51392000000001,
      88.51392000000001,
      88.51392000000001,
      88.51392000000001,
      88.51392000000001,
      88.51392000000001,
      88.51392000000001,
      88.51392000000001,
      88.51392000000001,
      88.51392000000001,
      88.51392000000001,
      88.51392000000001,
      88.51392000000001,
      88.51392000000001,
      88.51392000000001,
      88.51392000000001,
      88.51392000000001,
      88.51392000000001,
      88.51392000000001,
      88.51392000000001,
      88.51392000000001,
      88.51392000000001,
      88.51392000000001,
      88.51392000000001,
      88.51392000000001,
      88.51392000000001,
      88.51392000000001,
      88.51392000000001,
      88.51392000000001,
      88.51392000000001,
      88.51392000000001,
      88.51392000000001,
      88.51392000000001,
      88.51392000000001,
      88.51392000000001,
      88.51392000000001,
      88.51392000000001,
      88.51392000000001,
      88.51392000000001,
      88.51392000000001,
      88.51392000000001,
      88.51392000000001,
      88.51392000000001,
      88.51392000000001,
      88.51392000000001,
      88.51392000000001,
      88.51392000000001,
      88.51392000000001,
      88.51392000000001,
      88.51392000000001,
      88.51392000000001,
      88.51392000000001,
      88.51392000000001,
      88.51392000000001,
      88.51392000000001,
      88.51392000000001,
      88.51392000000001,
      88.51392000000001,
      88.51392000000001,
      88.51392000000001,
      88.51392000000001,
      88.51392000000001,
      88.51392000000001,
      88.51392000000001,
      88.51392000000001,
      88.51392000000001,
      88.51392000000001,
      88.51392000000001,
      88.51392000000001,
      88.51392000000001,
      88.51392000000001,
      88.51392000000001,
      88.51392000000001,
      88.51392000000001,
      88.51392000000001,
      88.51392000000001,
      88.51392000000001,
      88.51392000000001,
      88.51392000000001,
      88.51392000000001,
      88.51392000000001,
      88.51392000000001,
      88.51392000000001,
      88.51392000000001,
      88.51392000000001,
      88.51392000000001,
      88.51392000000001,
      88.51392000000001,
      88.51392000000001,
      88.51392000000001,
      88.51392000000001,
      88.51392000000001,
      88.51392000000001,
      88.51392000000001,
      88.51392000000001,
      88.51392000000001,
      88.51392000000001,
      88.51392000000001,
      88.51392000000001,
      88.51392000000001,
      88.51392000000001,
      88.51392000000001,
      88.51392000000001,
      88.51392000000001,
      88.51392000000001,
      88.51392000000001,
      88.51392000000001,
      88.51392000000001,
      88.51392000000001,
      88.51392000000001,
      88.51392000000001,
      88.51392000000001,
      88.51392000000001,
      88.51392000000001,
      88.51392000000001,
      88.51392000000001,
      88.51392000000001,
      88.51392000000001,
      88.51392000000001,
      88.51392000000001,
      88.51392000000001,
      88.51392000000001,
      88.51392000000001,
      88.51392000000001,
      88.51392000000001,
      88.51392000000001,
      88.51392000000001,
      88.51392000000001,
      88.51392000000001,
      88.51392000000001,
      88.51392000000001,
      88.51392000000001,
      88.51392000000001,
      88.51392000000001,
      88.51392000000001,
      88.51392000000001,
      88.51392000000001,
      88.51392000000001,
      88.51392000000001,
      88.51392000000001,
      88.51392000000001,
      88.51392000000001,
      88.51392000000001,
      88.51392000000001,
      88.51392000000001,
      88.51392000000001,
      88.51392000000001,
      88.51392000000001,
      88.51392000000001,
      88.51392000000001,
      88.51392000000001,
      88.51392000000001,
      88.51392000000001,
      88.51392000000001,
      88.51392000000001,
      88.51392000000001,
      88.51392000000001,
      88.51392000000001,
      88.51392000000001,
      88.51392000000001,
      88.51392000000001,
      88.51392000000001,
      88.51392000000001,
      88.51392000000001,
      88.51392000000001,
      88.51392000000001,
      88.51392000000001,
      88.51392000000001,
      88.51392000000001,
      88.51392000000001,
      88.51392000000001,
      88.51392000000001,
      88.51392000000001,
      88.51392000000001,
      88.51392000000001,
      88.51392000000001,
      88.51392000000001,
      88.51392000000001,
      88.51392000000001,
      88.51392000000001,
      88.51392000000001,
      88.51392000000001,
      88.51392000000001,
      88.51392000000001,
      88.51392000000001,
      88.51392000000001,
      88.51392000000001,
      88.51392000000001,
      88.51392000000001,
      88.51392000000001,
      88.51392000000001,
      88.51392000000001,
      88.51392000000001,
      88.51392000000001,
      88.51392000000001,
      88.51392000000001,
      88.51392000000001,
      88.51392000000001,
      88.51392000000001,
      88.51392000000001,
      88.51392000000001,
      88.51392000000001,
      88.51392000000001,
      88.51392000000001,
      88.51392000000001,
      88.51392000000001,
      88.51392000000001,
      88.51392000000001,
      88.51392000000001,
      88.51392000000001,
      88.51392000000001,
      88.51392000000001,
      88.51392000000001,
      88.51392000000001,
      88.51392000000001,
      88.51392000000001,
      88.51392000000001,
      88.51392000000001,
      88.51392000000001,
      88.51392000000001,
      88.51392000000001,
      88.51392000000001,
      88.51392000000001,
      88.51392000000001,
      88.51392000000001,
      88.51392000000001,
      88.51392000000001,
      88.51392000000001,
      88.51392000000001,
      88.51392000000001,
      88.51392000000001,
      88.51392000000001,
      88.51392000000001,
      88.51392000000001,
      88.51392000000001,
      88.51392000000001,
      88.51392000000001,
      88.51392000000001,
      88.51392000000001,
      88.51392000000001,
      88.51392000000001,
      88.51392000000001,
      88.51392000000001,
      88.51392000000001,
      88.51392000000001,
      88.51392000000001,
      88.51392000000001,
      88.51392000000001,
      88.51392000000001,
      88.51392000000001,
      88.51392000000001,
      88.51392000000001,
      88.51392000000001,
      88.51392000000001,
      88.51392000000001,
      88.51392000000001,
      88.51392000000001,
      88.51392000000001,
      88.51392000000001,
      88.51392000000001,
      88.51392000000001,
      88.51392000000001,
      88.51392000000001,
      88.51392000000001,
      88.51392000000001,
      88.51392000000001,
      88.51392000000001,
      88.51392000000001,
      88.51392000000001,
      88.51392000000001,
      88.51392000000001,
      88.51392000000001,
      88.51392000000001,
      88.51392000000001,
      88.51392000000001,
      88.51392000000001,
      88.51392000000001,
      88.51392000000001,
      88.51392000000001,
      88.51392000000001,
      88.51392000000001,
      88.51392000000001,
      88.51392000000001,
      88.51392000000001,
      88.51392000000001,
      88.51392000000001,
      88.51392000000001,
      88.51392000000001,
      88.51392000000001,
      88.51392000000001,
      88.51392000000001,
      88.51392000000001,
      88.51392000000001,
      88.51392000000001,
      88.51392000000001,
      88.51392000000001,
      88.51392000000001,
      88.51392000000001,
      88.51392000000001,
      88.51392000000001,
      88.51392000000001,
      88.51392000000001,
      88.51392000000001,
      88.51392000000001,
      88.51392000000001,
      88.51392000000001,
      88.51392000000001,
      88.51392000000001,
      88.51392000000001,
      88.51392000000001,
      88.51392000000001,
      88.51392000000001,
      88.51392000000001,
      88.51392000000001,
      88.51392000000001,
      88.51392000000001,
      88.51392000000001,
      88.51392000000001,
      88.51392000000001,
      88.51392000000001,
      88.51392000000001,
      88.51392000000001,
      88.51392000000001,
      88.51392000000001,
      88.51392000000001,
      88.51392000000001,
      88.51392000000001,
      88.51392000000001,
      88.51392000000001,
      88.51392000000001,
      88.51392000000001,
      88.51392000000001,
      88.51392000000001,
      88.51392000000001,
      88.51392000000001,
      88.51392000000001,
      88.51392000000001,
      88.51392000000001,
      88.51392000000001,
      88.51392000000001,
      88.51392000000001,
      88.51392000000001,
      88.51392000000001,
      88.51392000000001,
      88.51392000000001,
      88.51392000000001,
      88.51392000000001,
      88.51392000000001,
      88.51392000000001,
      88.51392000000001,
      88.51392000000001,
      88.51392000000001,
      88.51392000000001,
      88.51392000000001,
      88.51392000000001,
      88.51392000000001,
      88.51392000000001,
      88.51392000000001,
      88.51392000000001,
      88.51392000000001,
      88.51392000000001,
      88.51392000000001,
      88.51392000000001,
      88.51392000000001,
      88.51392000000001,
      88.51392000000001,
      88.51392000000001,
      88.51392000000001,
      88.51392000000001,
      88.51392000000001,
      88.51392000000001,
      88.51392000000001,
      88.51392000000001,
      88.51392000000001,
      88.51392000000001,
      88.51392000000001,
      88.51392000000001,
      88.51392000000001,
      88.51392000000001,
      88.51392000000001,
      88.51392000000001,
      88.51392000000001,
      88.51392000000001,
      88.51392000000001,
      88.51392000000001,
      88.51392000000001,
      88.51392000000001,
      88.51392000000001,
      88.51392000000001,
      88.51392000000001,
      88.51392000000001,
      88.51392000000001,
      88.51392000000001,
      88.51392000000001,
      88.51392000000001,
      88.51392000000001,
      88.51392000000001,
      88.51392000000001,
      88.51392000000001,
      88.51392000000001,
      88.51392000000001,
      88.51392000000001,
      88.51392000000001,
      88.51392000000001,
      88.51392000000001,
      88.51392000000001,
      88.51392000000001,
      88.51392000000001,
      88.51392000000001,
      88.51392000000001,
      88.51392000000001,
      88.51392000000001,
      88.51392000000001,
      88.51392000000001,
      88.51392000000001,
      88.51392000000001,
      88.51392000000001,
      88.51392000000001,
      88.51392000000001,
      88.51392000000001,
      88.51392000000001,
      88.51392000000001,
      88.51392000000001,
      88.51392000000001,
      88.51392000000001,
      88.51392000000001,
      88.51392000000001,
      88.51392000000001,
      88.51392000000001,
      88.51392000000001,
      88.51392000000001,
      88.51392000000001,
      88.51392000000001,
      88.51392000000001,
      88.51392000000001,
      88.51392000000001,
      88.51392000000001,
      88.51392000000001,
      88.51392000000001,
      88.51392000000001,
      88.51392000000001,
      88.51392000000001,
      88.51392000000001,
      88.51392000000001,
      88.51392000000001,
      88.51392000000001,
      88.51392000000001,
      88.51392000000001,
      88.51392000000001,
      88.51392000000001,
      88.51392000000001,
      88.51392000000001,
      88.51392000000001,
      88.51392000000001,
      88.51392000000001,
      88.51392000000001,
      88.51392000000001,
      88.51392000000001,
      88.51392000000001,
      88.51392000000001,
      88.51392000000001,
      88.51392000000001,
      88.51392000000001,
      88.51392000000001,
      88.51392000000001,
      88.51392000000001,
      88.51392000000001,
      88.51392000000001,
      88.51392000000001,
      88.51392000000001,
      88.51392000000001,
      88.51392000000001,
      88.51392000000001,
      88.51392000000001,
      88.51392000000001,
      88.51392000000001,
      88.51392000000001,
      88.51392000000001,
      88.51392000000001,
      88.51392000000001,
      88.51392000000001,
      88.51392000000001,
      88.51392000000001,
      88.51392000000001,
      88.51392000000001,
      88.51392000000001,
      88.51392000000001,
      88.51392000000001,
      88.51392000000001,
      88.51392000000001,
      88.51392000000001,
      88.51392000000001,
      88.51392000000001,
      88.51392000000001,
      88.51392000000001,
      88.51392000000001,
      88.51392000000001,
      88.51392000000001,
      88.51392000000001,
      88.51392000000001,
      88.51392000000001,
      88.51392000000001,
      88.51392000000001,
      88.51392000000001,
      88.51392000000001,
      88.51392000000001,
      88.51392000000001,
      88.51392000000001,
      88.51392000000001,
      88.51392000000001,
      88.51392000000001,
      88.51392000000001,
      88.51392000000001,
      88.51392000000001,
      88.51392000000001,
      88.51392000000001,
      88.51392000000001,
      88.51392000000001,
      88.51392000000001,
      88.51392000000001,
      88.51392000000001,
      88.51392000000001,
      88.51392000000001,
      88.51392000000001,
      88.51392000000001,
      88.51392000000001,
      88.51392000000001,
      88.51392000000001,
      88.51392000000001,
      88.51392000000001,
      88.51392000000001,
      88.51392000000001,
      88.51392000000001,
      88.51392000000001,
      88.51392000000001,
      88.51392000000001,
      88.51392000000001,
      88.51392000000001,
      88.51392000000001,
      88.51392000000001,
      88.51392000000001,
      88.51392000000001,
      88.51392000000001,
      88.51392000000001,
      88.51392000000001,
      88.51392000000001,
      88.51392000000001,
      88.51392000000001,
      88.51392000000001,
      88.51392000000001,
      88.51392000000001,
      88.51392000000001,
      88.51392000000001,
      88.51392000000001,
      88.51392000000001,
      88.51392000000001,
      88.51392000000001,
      88.51392000000001,
      88.51392000000001,
      88.51392000000001,
      88.51392000000001,
      88.51392000000001,
      88.51392000000001,
      88.51392000000001,
      88.51392000000001,
      88.51392000000001,
      88.51392000000001,
      88.51392000000001,
      88.51392000000001,
      88.51392000000001,
      88.51392000000001,
      88.51392000000001,
      88.51392000000001,
      88.51392000000001,
      88.51392000000001,
      88.51392000000001,
      88.51392000000001,
      88.51392000000001,
      88.51392000000001,
      88.51392000000001,
      88.51392000000001,
      88.51392000000001,
      88.51392000000001,
      88.51392000000001,
      88.51392000000001,
      88.51392000000001,
      88.51392000000001,
      88.51392000000001,
      88.51392000000001,
      88.51392000000001,
      88.51392000000001,
      88.51392000000001,
      88.51392000000001,
      88.51392000000001,
      88.51392000000001,
      88.51392000000001,
      88.51392000000001,
      88.51392000000001,
      88.51392000000001,
      88.51392000000001,
      88.51392000000001,
      88.51392000000001,
      88.51392000000001,
      88.51392000000001,
      88.51392000000001,
      88.51392000000001,
      88.51392000000001,
      88.51392000000001,
      88.51392000000001,
      88.51392000000001,
      88.51392000000001,
      88.51392000000001,
      88.51392000000001,
      88.51392000000001,
      88.51392000000001,
      88.51392000000001,
      88.51392000000001,
      88.51392000000001,
      88.51392000000001,
      88.51392000000001,
      88.51392000000001,
      88.51392000000001,
      88.51392000000001,
      88.51392000000001,
      88.51392000000001,
      88.51392000000001,
      88.51392000000001,
      88.51392000000001,
      88.51392000000001,
      88.51392000000001,
      88.51392000000001,
      88.51392000000001,
      88.51392000000001,
      88.51392000000001,
      88.51392000000001,
      88.51392000000001,
      88.51392000000001,
      88.51392000000001,
      88.51392000000001,
      88.51392000000001,
      88.51392000000001,
      88.51392000000001,
      88.51392000000001,
      88.51392000000001,
      88.51392000000001,
      88.51392000000001,
      88.51392000000001,
      88.51392000000001,
      88.51392000000001,
      88.51392000000001,
      88.51392000000001,
      88.51392000000001,
      88.51392000000001,
      88.51392000000001,
      88.51392000000001,
      88.51392000000001,
      88.51392000000001,
      88.51392000000001,
      88.51392000000001,
      88.51392000000001,
      88.51392000000001,
      88.51392000000001,
      88.51392000000001,
      88.51392000000001,
      88.51392000000001,
      88.51392000000001,
      88.51392000000001,
      88.51392000000001,
      88.51392000000001,
      88.51392000000001,
      88.51392000000001,
      88.51392000000001,
      88.51392000000001,
      88.51392000000001,
      88.51392000000001,
      88.51392000000001,
      88.51392000000001,
      88.51392000000001,
      88.51392000000001,
      88.51392000000001,
      88.51392000000001,
      88.51392000000001,
      88.51392000000001,
      88.51392000000001,
      88.51392000000001,
      88.51392000000001,
      88.51392000000001,
      88.51392000000001,
      88.51392000000001,
      88.51392000000001,
      88.51392000000001,
      88.51392000000001,
      88.51392000000001,
      88.51392000000001,
      88.51392000000001,
      88.51392000000001,
      88.51392000000001,
      88.51392000000001,
      88.51392000000001,
      88.51392000000001,
      88.51392000000001,
      88.51392000000001,
      88.51392000000001,
      88.51392000000001,
      88.51392000000001,
      88.51392000000001,
      88.51392000000001,
      88.51392000000001,
      88.51392000000001,
      88.51392000000001,
      88.51392000000001,
      88.51392000000001,
      88.51392000000001,
      88.51392000000001,
      88.51392000000001,
      88.51392000000001,
      88.51392000000001,
      88.51392000000001,
      88.51392000000001,
      88.51392000000001,
      88.51392000000001,
      88.51392000000001,
      88.51392000000001,
      88.51392000000001,
      88.51392000000001,
      88.51392000000001,
      88.51392000000001,
      88.51392000000001,
      88.51392000000001,
      88.51392000000001,
      88.51392000000001,
      88.51392000000001,
      88.51392000000001,
      88.51392000000001,
      88.51392000000001,
      88.51392000000001,
      88.51392000000001,
      88.51392000000001,
      88.51392000000001,
      88.51392000000001,
      88.51392000000001,
      88.51392000000001,
      88.51392000000001,
      88.51392000000001,
      88.51392000000001,
      88.51392000000001,
      88.51392000000001,
      88.51392000000001,
      88.51392000000001,
      88.51392000000001,
      88.51392000000001,
      88.51392000000001,
      88.51392000000001,
      88.51392000000001,
      88.51392000000001,
      88.51392000000001,
      88.51392000000001,
      88.51392000000001,
      88.51392000000001,
      88.51392000000001,
      88.51392000000001,
      88.51392000000001,
      88.51392000000001,
      88.51392000000001,
      88.51392000000001,
      88.51392000000001,
      88.51392000000001,
      88.51392000000001,
      88.51392000000001,
      88.51392000000001,
      88.51392000000001,
      88.51392000000001,
      88.51392000000001,
      88.51392000000001,
      88.51392000000001,
      88.51392000000001,
      88.51392000000001,
      88.51392000000001,
      88.51392000000001,
      88.51392000000001,
      88.51392000000001,
      88.51392000000001,
      88.51392000000001,
      88.51392000000001,
      88.51392000000001,
      88.51392000000001,
      88.51392000000001,
      88.51392000000001,
      88.51392000000001,
      88.51392000000001,
      88.51392000000001,
      88.51392000000001,
      88.51392000000001,
      88.51392000000001,
      88.51392000000001,
      88.51392000000001,
      88.51392000000001,
      88.51392000000001,
      88.51392000000001,
      88.51392000000001,
      88.51392000000001,
      88.51392000000001,
      88.51392000000001,
      88.51392000000001,
      88.51392000000001,
      88.51392000000001,
      88.51392000000001,
      88.51392000000001,
      88.51392000000001,
      88.51392000000001,
      88.51392000000001,
      88.51392000000001,
      88.51392000000001,
      88.51392000000001,
      88.51392000000001,
      88.51392000000001,
      88.51392000000001,
      88.51392000000001,
      88.51392000000001,
      88.51392000000001,
      88.51392000000001,
      88.51392000000001,
      88.51392000000001,
      88.51392000000001,
      88.51392000000001,
      88.51392000000001,
      88.51392000000001,
      88.51392000000001,
      88.51392000000001,
      88.51392000000001,
      88.51392000000001,
      88.51392000000001,
      88.51392000000001,
      88.51392000000001,
      88.51392000000001,
      88.51392000000001,
      88.51392000000001,
      88.51392000000001,
      88.51392000000001,
      88.51392000000001,
      88.51392000000001,
      88.51392000000001,
      88.51392000000001,
      88.51392000000001,
      88.51392000000001,
      88.51392000000001,
      88.51392000000001,
      88.51392000000001,
      88.51392000000001,
      88.51392000000001,
      88.51392000000001,
      88.51392000000001,
      88.51392000000001,
      88.51392000000001,
      88.51392000000001,
      88.51392000000001,
      88.51392000000001,
      88.51392000000001,
      88.51392000000001,
      88.51392000000001,
      88.51392000000001,
      88.51392000000001,
      88.51392000000001,
      88.51392000000001,
      88.51392000000001,
      88.51392000000001,
      88.51392000000001,
      88.51392000000001,
      88.51392000000001,
      88.51392000000001,
      88.51392000000001,
      88.51392000000001,
      88.51392000000001,
      88.51392000000001,
      88.51392000000001,
      88.51392000000001,
      88.51392000000001,
      88.51392000000001,
      88.51392000000001,
      88.51392000000001,
      88.51392000000001,
      88.51392000000001,
      88.51392000000001,
      88.51392000000001,
      88.51392000000001,
      88.51392000000001,
      88.51392000000001,
      88.51392000000001,
      88.51392000000001,
      88.51392000000001,
      88.51392000000001,
      88.51392000000001,
      88.51392000000001,
      88.51392000000001,
      88.51392000000001,
      88.51392000000001,
      88.51392000000001,
      88.51392000000001,
      88.51392000000001,
      88.51392000000001,
      88.51392000000001,
      88.51392000000001,
      88.51392000000001,
      88.51392000000001,
      88.51392000000001,
      88.51392000000001,
      88.51392000000001,
      88.51392000000001,
      88.51392000000001,
      88.51392000000001,
      88.51392000000001,
      88.51392000000001,
      88.51392000000001,
      88.51392000000001,
      88.51392000000001,
      88.51392000000001,
      88.51392000000001,
      88.51392000000001,
      88.51392000000001,
      88.51392000000001,
      88.51392000000001,
      88.51392000000001,
      88.51392000000001,
      88.51392000000001,
      88.51392000000001,
      88.51392000000001,
      88.51392000000001,
      88.51392000000001,
      88.51392000000001,
      88.51392000000001,
      88.51392000000001,
      88.51392000000001,
      88.51392000000001,
      88.51392000000001,
      88.51392000000001,
      88.51392000000001,
      88.51392000000001,
      88.51392000000001,
      88.51392000000001,
      88.51392000000001,
      88.51392000000001,
      88.51392000000001,
      88.51392000000001,
      88.51392000000001,
      88.51392000000001,
      88.51392000000001,
      88.51392000000001,
      88.51392000000001,
      88.51392000000001,
      88.51392000000001,
      88.51392000000001,
      88.51392000000001,
      88.51392000000001,
      88.51392000000001,
      88.51392000000001,
      88.51392000000001,
      88.51392000000001,
      88.51392000000001,
      88.51392000000001,
      88.51392000000001,
      88.51392000000001,
      88.51392000000001,
      88.51392000000001,
      88.51392000000001,
      88.51392000000001,
      88.51392000000001,
      88.51392000000001,
      88.51392000000001,
      88.51392000000001,
      88.51392000000001,
      88.51392000000001,
      88.51392000000001,
      88.51392000000001,
      88.51392000000001,
      88.51392000000001,
      88.51392000000001,
      88.51392000000001,
      88.51392000000001,
      88.51392000000001,
      88.51392000000001,
      88.51392000000001,
      88.51392000000001,
      88.51392000000001,
      88.51392000000001,
      88.51392000000001,
      88.51392000000001,
      88.51392000000001,
      88.51392000000001,
      88.51392000000001,
      88.51392000000001,
      88.51392000000001,
      88.51392000000001,
      88.51392000000001,
      88.51392000000001,
      88.51392000000001,
      88.51392000000001,
      88.51392000000001,
      88.51392000000001,
      88.51392000000001,
      88.51392000000001,
      88.51392000000001,
      88.51392000000001,
      88.51392000000001,
      88.51392000000001,
      88.51392000000001,
      88.51392000000001,
      88.51392000000001,
      88.51392000000001,
      88.51392000000001,
      88.51392000000001,
      88.51392000000001,
      88.51392000000001,
      88.51392000000001,
      88.51392000000001,
      88.51392000000001,
      88.51392000000001,
      88.51392000000001,
      88.51392000000001,
      88.51392000000001,
      88.51392000000001,
      88.51392000000001,
      88.51392000000001,
      88.51392000000001,
      88.51392000000001,
      88.51392000000001,
      88.51392000000001,
      88.51392000000001,
      88.51392000000001,
      88.51392000000001,
      88.51392000000001,
      88.51392000000001,
      88.51392000000001,
      88.51392000000001,
      88.51392000000001,
      88.51392000000001,
      88.51392000000001,
      88.51392000000001,
      88.51392000000001,
      88.51392000000001,
      88.51392000000001,
      88.51392000000001,
      88.51392000000001,
      88.51392000000001,
      88.51392000000001,
      88.51392000000001,
      88.51392000000001,
      88.51392000000001,
      88.51392000000001,
      88.51392000000001,
      88.51392000000001,
      88.51392000000001,
      88.51392000000001,
      88.51392000000001,
      88.51392000000001,
      88.51392000000001,
      88.51392000000001,
      88.51392000000001,
      88.51392000000001,
      88.51392000000001,
      88.51392000000001,
      88.51392000000001,
      88.51392000000001,
      88.51392000000001,
      88.51392000000001,
      88.51392000000001,
      88.51392000000001,
      88.51392000000001,
      88.51392000000001,
      88.51392000000001,
      88.51392000000001,
      88.51392000000001,
      88.51392000000001,
      88.51392000000001,
      88.51392000000001,
      88.51392000000001,
      88.51392000000001,
      88.51392000000001,
      88.51392000000001,
      88.51392000000001,
      88.51392000000001,
      88.51392000000001,
      88.51392000000001,
      88.51392000000001,
      88.51392000000001,
      88.51392000000001,
      88.51392000000001,
      88.51392000000001,
      88.51392000000001,
      88.51392000000001,
      88.51392000000001,
      88.51392000000001,
      88.51392000000001,
      88.51392000000001,
      88.51392000000001,
      88.51392000000001,
      88.51392000000001,
      88.51392000000001,
      88.51392000000001,
      88.51392000000001,
      88.51392000000001,
      88.51392000000001,
      88.51392000000001,
      88.51392000000001,
      88.51392000000001,
      88.51392000000001,
      88.51392000000001,
      88.51392000000001,
      88.51392000000001,
      88.51392000000001,
      88.51392000000001,
      88.51392000000001,
      88.51392000000001,
      88.51392000000001,
      88.51392000000001,
      88.51392000000001,
      88.51392000000001,
      88.51392000000001,
      88.51392000000001,
      88.51392000000001,
      88.51392000000001,
      88.51392000000001,
      88.51392000000001,
      88.51392000000001,
      88.51392000000001,
      88.51392000000001,
      88.51392000000001,
      88.51392000000001,
      88.51392000000001,
      88.51392000000001,
      88.51392000000001,
      88.51392000000001,
      88.51392000000001,
      88.51392000000001,
      88.51392000000001,
      88.51392000000001,
      88.51392000000001,
      88.51392000000001,
      88.51392000000001,
      88.51392000000001,
      88.51392000000001,
      88.51392000000001,
      88.51392000000001,
      88.51392000000001,
      88.51392000000001,
      88.51392000000001,
      88.51392000000001,
      88.51392000000001,
      88.51392000000001,
      88.51392000000001,
      88.51392000000001,
      88.51392000000001,
      88.51392000000001,
      88.51392000000001,
      88.51392000000001,
      88.51392000000001,
      88.51392000000001,
      88.51392000000001,
      88.51392000000001,
      88.51392000000001,
      88.51392000000001,
      88.51392000000001,
      88.51392000000001,
      88.51392000000001,
      88.51392000000001,
      88.51392000000001,
      88.51392000000001,
      88.51392000000001,
      88.51392000000001,
      88.51392000000001,
      88.51392000000001,
      88.51392000000001,
      88.51392000000001,
      88.51392000000001,
      88.51392000000001,
      88.51392000000001,
      88.51392000000001,
      88.51392000000001,
      88.51392000000001,
      88.51392000000001,
      88.51392000000001,
      88.51392000000001,
      88.51392000000001,
      88.51392000000001,
      88.51392000000001,
      88.51392000000001,
      88.51392000000001,
      88.51392000000001,
      88.51392000000001,
      88.51392000000001,
      88.51392000000001,
      88.51392000000001,
      88.51392000000001,
      88.51392000000001,
      88.51392000000001,
      88.51392000000001,
      88.51392000000001,
      88.51392000000001,
      88.51392000000001,
      88.51392000000001,
      88.51392000000001,
      88.51392000000001,
      88.51392000000001,
      88.51392000000001,
      88.51392000000001,
      88.51392000000001,
      88.51392000000001,
      88.51392000000001,
      88.51392000000001,
      88.51392000000001,
      88.51392000000001,
      88.51392000000001,
      88.51392000000001,
      88.51392000000001,
      88.51392000000001,
      88.51392000000001,
      88.51392000000001,
      88.51392000000001,
      88.51392000000001,
      88.51392000000001,
      88.51392000000001,
      88.51392000000001,
      88.51392000000001,
      88.51392000000001,
      88.51392000000001,
      88.51392000000001,
      88.51392000000001,
      88.51392000000001,
      88.51392000000001,
      88.51392000000001,
      88.51392000000001,
      88.51392000000001,
      88.51392000000001,
      88.51392000000001,
      88.51392000000001,
      88.51392000000001,
      88.51392000000001,
      88.51392000000001,
      88.51392000000001,
      88.51392000000001,
      88.51392000000001,
      88.51392000000001,
      88.51392000000001,
      88.51392000000001,
      88.51392000000001,
      88.51392000000001,
      88.51392000000001,
      88.51392000000001,
      88.51392000000001,
      88.51392000000001,
      88.51392000000001,
      88.51392000000001,
      88.51392000000001,
      88.51392000000001,
      88.51392000000001,
      88.51392000000001,
      88.51392000000001,
      88.51392000000001,
      88.51392000000001,
      88.51392000000001,
      88.51392000000001,
      88.51392000000001,
      88.51392000000001,
      88.51392000000001,
      88.51392000000001,
      88.51392000000001,
      88.51392000000001,
      88.51392000000001,
      88.51392000000001,
      88.51392000000001,
      88.51392000000001,
      88.51392000000001,
      88.51392000000001,
      88.51392000000001,
      88.51392000000001,
      88.51392000000001,
      88.51392000000001,
      88.51392000000001,
      88.51392000000001,
      88.51392000000001,
      88.51392000000001,
      88.51392000000001,
      88.51392000000001,
      88.51392000000001,
      88.51392000000001,
      88.51392000000001,
      88.51392000000001,
      88.51392000000001,
      88.51392000000001,
      88.51392000000001,
      88.51392000000001,
      88.51392000000001,
      88.51392000000001,
      88.51392000000001,
      88.51392000000001,
      88.51392000000001,
      88.51392000000001,
      88.51392000000001,
      88.51392000000001,
      88.51392000000001,
      88.51392000000001,
      88.51392000000001,
      88.51392000000001,
      88.51392000000001,
      88.51392000000001,
      88.51392000000001,
      88.51392000000001,
      88.51392000000001,
      88.51392000000001,
      88.51392000000001,
      88.51392000000001,
      88.51392000000001,
      88.51392000000001,
      88.51392000000001,
      88.51392000000001,
      88.51392000000001,
      88.51392000000001,
      88.51392000000001,
      88.51392000000001,
      88.51392000000001,
      88.51392000000001,
      88.51392000000001,
      88.51392000000001,
      88.51392000000001,
      88.51392000000001,
      88.51392000000001,
      88.51392000000001,
      88.51392000000001,
      88.51392000000001,
      88.51392000000001,
      88.51392000000001,
      88.51392000000001,
      88.51392000000001,
      88.51392000000001,
      88.51392000000001,
      88.51392000000001,
      88.51392000000001,
      88.51392000000001,
      88.51392000000001,
      88.51392000000001,
      88.51392000000001,
      88.51392000000001,
      88.51392000000001,
      88.51392000000001,
      88.51392000000001,
      88.51392000000001,
      88.51392000000001,
      88.51392000000001,
      88.51392000000001,
      88.51392000000001,
      88.51392000000001,
      88.51392000000001,
      88.51392000000001,
      88.51392000000001,
      88.51392000000001,
      88.51392000000001,
      88.51392000000001,
      88.51392000000001,
      88.51392000000001,
      88.51392000000001,
      88.51392000000001,
      88.51392000000001,
      88.51392000000001,
      88.51392000000001,
      88.51392000000001,
      88.51392000000001,
      88.51392000000001,
      88.51392000000001,
      88.51392000000001,
      88.51392000000001,
      88.51392000000001,
      88.51392000000001,
      88.51392000000001,
      88.51392000000001,
      88.51392000000001,
      88.51392000000001,
      88.51392000000001,
      88.51392000000001,
      88.51392000000001,
      88.51392000000001,
      88.51392000000001,
      88.51392000000001,
      88.51392000000001,
      88.51392000000001,
      88.51392000000001,
      88.51392000000001,
      88.51392000000001,
      88.51392000000001,
      88.51392000000001,
      88.51392000000001,
      88.51392000000001,
      88.51392000000001,
      88.51392000000001,
      88.51392000000001,
      88.51392000000001,
      88.51392000000001,
      88.51392000000001,
      88.51392000000001,
      88.51392000000001,
      88.51392000000001,
      88.51392000000001,
      88.51392000000001,
      88.51392000000001,
      88.51392000000001,
      88.51392000000001,
      88.51392000000001,
      88.51392000000001,
      88.51392000000001,
      88.51392000000001,
      88.51392000000001,
      88.51392000000001,
      88.51392000000001,
      88.51392000000001,
      88.51392000000001,
      88.51392000000001,
      88.51392000000001,
      88.51392000000001,
      88.51392000000001,
      88.51392000000001,
      88.51392000000001,
      88.51392000000001,
      88.51392000000001,
      88.51392000000001,
      88.51392000000001,
      88.51392000000001,
      88.51392000000001,
      88.51392000000001,
      88.51392000000001,
      88.51392000000001,
      88.51392000000001,
      88.51392000000001,
      88.51392000000001,
      88.51392000000001,
      88.51392000000001,
      88.51392000000001,
      88.51392000000001,
      88.51392000000001,
      88.51392000000001,
      88.51392000000001,
      88.51392000000001,
      88.51392000000001,
      88.51392000000001,
      88.51392000000001,
      88.51392000000001,
      88.51392000000001,
      88.51392000000001,
      88.51392000000001,
      88.51392000000001,
      88.51392000000001,
      88.51392000000001,
      88.51392000000001,
      88.51392000000001,
      88.51392000000001,
      88.51392000000001,
      88.51392000000001,
      88.51392000000001,
      88.51392000000001,
      88.51392000000001,
      88.51392000000001,
      88.51392000000001,
      88.51392000000001,
      88.51392000000001,
      88.51392000000001,
      88.51392000000001,
      88.51392000000001,
      88.51392000000001,
      88.51392000000001,
      88.51392000000001,
      88.51392000000001,
      88.51392000000001,
      88.51392000000001,
      88.51392000000001,
      88.51392000000001,
      88.51392000000001,
      88.51392000000001,
      88.51392000000001,
      88.51392000000001,
      88.51392000000001,
      88.51392000000001,
      88.51392000000001,
      88.51392000000001,
      88.51392000000001,
      88.51392000000001,
      88.51392000000001,
      88.51392000000001,
      88.51392000000001,
      88.51392000000001,
      88.51392000000001,
      88.51392000000001,
      88.51392000000001,
      88.51392000000001,
      88.51392000000001,
      88.51392000000001,
      88.51392000000001,
      88.51392000000001,
      88.51392000000001,
      88.51392000000001,
      88.51392000000001,
      88.51392000000001,
      88.51392000000001,
      88.51392000000001,
      88.51392000000001,
      88.51392000000001,
      88.51392000000001,
      88.51392000000001,
      88.51392000000001,
      88.51392000000001,
      88.51392000000001,
      88.51392000000001,
      88.51392000000001,
      88.51392000000001,
      88.51392000000001,
      88.51392000000001,
      88.51392000000001,
      88.51392000000001,
      88.51392000000001,
      88.51392000000001,
      88.51392000000001,
      88.51392000000001,
      88.51392000000001,
      88.51392000000001,
      88.51392000000001,
      88.51392000000001,
      88.51392000000001,
      88.51392000000001,
      88.51392000000001,
      88.51392000000001,
      88.51392000000001,
      88.51392000000001,
      88.51392000000001,
      88.51392000000001,
      88.51392000000001,
      88.51392000000001,
      88.51392000000001,
      88.51392000000001,
      88.51392000000001,
      88.51392000000001,
      88.51392000000001,
      88.51392000000001,
      88.51392000000001,
      88.51392000000001,
      88.51392000000001,
      88.51392000000001,
      88.51392000000001,
      88.51392000000001,
      88.51392000000001,
      88.51392000000001,
      88.51392000000001,
      88.51392000000001,
      88.51392000000001,
      88.51392000000001,
      88.51392000000001,
      88.51392000000001,
      88.51392000000001,
      88.51392000000001,
      88.51392000000001,
      88.51392000000001,
      88.51392000000001,
      88.51392000000001,
      88.51392000000001,
      88.51392000000001,
      88.51392000000001,
      88.51392000000001,
      88.51392000000001,
      88.51392000000001,
      88.51392000000001,
      88.51392000000001,
      88.51392000000001,
      88.51392000000001,
      88.51392000000001,
      88.51392000000001,
      88.51392000000001,
      88.51392000000001,
      88.51392000000001,
      88.51392000000001,
      88.51392000000001,
      88.51392000000001,
      88.51392000000001,
      88.51392000000001,
      88.51392000000001,
      88.51392000000001,
      88.51392000000001,
      88.51392000000001,
      88.51392000000001,
      88.51392000000001,
      88.51392000000001,
      88.51392000000001,
      88.51392000000001,
      88.51392000000001,
      88.51392000000001,
      88.51392000000001,
      88.51392000000001,
      88.51392000000001,
      88.51392000000001,
      88.51392000000001,
      88.51392000000001,
      88.51392000000001,
      88.51392000000001,
      88.51392000000001,
      88.51392000000001,
      88.51392000000001,
      88.51392000000001,
      88.51392000000001,
      88.51392000000001,
      88.51392000000001,
      88.51392000000001,
      88.51392000000001,
      88.51392000000001,
      88.51392000000001,
      88.51392000000001,
      88.51392000000001,
      88.51392000000001,
      88.51392000000001,
      88.51392000000001,
      88.51392000000001,
      88.51392000000001,
      88.51392000000001,
      88.51392000000001,
      88.51392000000001,
      88.51392000000001,
      88.51392000000001,
      88.51392000000001,
      88.51392000000001,
      88.51392000000001,
      88.51392000000001,
      88.51392000000001,
      88.51392000000001,
      88.51392000000001,
      88.51392000000001,
      88.51392000000001,
      88.51392000000001,
      88.51392000000001,
      88.51392000000001,
      88.51392000000001,
      88.51392000000001,
      88.51392000000001,
      88.51392000000001,
      88.51392000000001,
      88.51392000000001,
      88.51392000000001,
      88.51392000000001,
      88.51392000000001,
      88.51392000000001,
      88.51392000000001,
      88.51392000000001,
      88.51392000000001,
      88.51392000000001,
      88.51392000000001,
      88.51392000000001,
      88.51392000000001,
      88.51392000000001,
      88.51392000000001,
      88.51392000000001,
      88.51392000000001,
      88.51392000000001,
      88.51392000000001,
      88.51392000000001,
      88.51392000000001,
      88.51392000000001,
      88.51392000000001,
      88.51392000000001,
      88.51392000000001,
      88.51392000000001,
      88.51392000000001,
      88.51392000000001,
      88.51392000000001,
      88.51392000000001,
      88.51392000000001,
      88.51392000000001,
      88.51392000000001,
      88.51392000000001,
      88.51392000000001,
      88.51392000000001,
      88.51392000000001,
      88.51392000000001,
      88.51392000000001,
      88.51392000000001,
      88.51392000000001,
      88.51392000000001,
      88.51392000000001,
      88.51392000000001,
      88.51392000000001,
      88.51392000000001,
      88.51392000000001,
      88.51392000000001,
      88.51392000000001,
      88.51392000000001,
      88.51392000000001,
      88.51392000000001,
      88.51392000000001,
      88.51392000000001,
      88.51392000000001,
      88.51392000000001,
      88.51392000000001,
      88.51392000000001,
      88.51392000000001,
      88.51392000000001,
      88.51392000000001,
      88.51392000000001,
      88.51392000000001,
      88.51392000000001,
      88.51392000000001,
      88.51392000000001,
      88.51392000000001,
      88.51392000000001,
      88.51392000000001,
      88.51392000000001,
      88.51392000000001,
      88.51392000000001,
      88.51392000000001,
      88.51392000000001,
      88.51392000000001,
      88.51392000000001,
      88.51392000000001,
      88.51392000000001,
      88.51392000000001,
      88.51392000000001,
      88.51392000000001,
      88.51392000000001,
      88.51392000000001,
      88.51392000000001,
      88.51392000000001,
      88.51392000000001,
      88.51392000000001,
      88.51392000000001,
      88.51392000000001,
      88.51392000000001,
      88.51392000000001,
      88.51392000000001,
      88.51392000000001,
      88.51392000000001,
      88.51392000000001,
      88.51392000000001,
      88.51392000000001,
      88.51392000000001,
      88.51392000000001,
      88.51392000000001,
      88.51392000000001,
      88.51392000000001,
      88.51392000000001,
      88.51392000000001,
      88.51392000000001,
      88.51392000000001,
      88.51392000000001,
      88.51392000000001,
      88.51392000000001,
      88.51392000000001,
      88.51392000000001,
      88.51392000000001,
      88.51392000000001,
      88.51392000000001,
      88.51392000000001,
      88.51392000000001,
      88.51392000000001,
      88.51392000000001,
      88.51392000000001,
      88.51392000000001,
      88.51392000000001,
      88.51392000000001,
      88.51392000000001,
      88.51392000000001,
      88.51392000000001,
      88.51392000000001,
      88.51392000000001,
      88.51392000000001,
      88.51392000000001,
      88.51392000000001,
      88.51392000000001,
      88.51392000000001,
      88.51392000000001,
      88.51392000000001,
      88.51392000000001,
      88.51392000000001,
      88.51392000000001,
      88.51392000000001,
      88.51392000000001,
      88.51392000000001,
      88.51392000000001,
      88.51392000000001,
      88.51392000000001,
      88.51392000000001,
      88.51392000000001,
      88.51392000000001,
      88.51392000000001,
      88.51392000000001,
      88.51392000000001,
      88.51392000000001,
      88.51392000000001,
      88.51392000000001,
      88.51392000000001,
      88.51392000000001,
      88.51392000000001,
      88.51392000000001,
      88.51392000000001,
      88.51392000000001,
      88.51392000000001,
      88.51392000000001,
      88.51392000000001,
      88.51392000000001,
      88.51392000000001,
      88.51392000000001,
      88.51392000000001,
      88.51392000000001,
      88.51392000000001,
      88.51392000000001,
      88.51392000000001,
      88.51392000000001,
      88.51392000000001,
      88.51392000000001,
      88.51392000000001,
      88.51392000000001,
      88.51392000000001,
      88.51392000000001,
      88.51392000000001,
      88.51392000000001,
      88.51392000000001,
      88.51392000000001,
      88.51392000000001,
      88.51392000000001,
      88.51392000000001,
      88.51392000000001,
      88.51392000000001,
      88.51392000000001,
      88.51392000000001,
      88.51392000000001,
      88.51392000000001,
      88.51392000000001,
      88.51392000000001,
      88.51392000000001,
      88.51392000000001,
      88.51392000000001,
      88.51392000000001,
      88.51392000000001,
      88.51392000000001,
      88.51392000000001,
      88.51392000000001,
      88.51392000000001,
      88.51392000000001,
      88.51392000000001,
      88.51392000000001,
      88.51392000000001,
      88.51392000000001,
      88.51392000000001,
      88.51392000000001,
      88.51392000000001,
      88.51392000000001,
      88.51392000000001,
      88.51392000000001,
      88.51392000000001,
      88.51392000000001,
      88.51392000000001,
      88.51392000000001,
      88.51392000000001,
      88.51392000000001,
      88.51392000000001,
      88.51392000000001,
      88.51392000000001,
      88.51392000000001,
      88.51392000000001,
      88.51392000000001,
      88.51392000000001,
      88.51392000000001,
      88.51392000000001,
      88.51392000000001,
      88.51392000000001,
      88.51392000000001,
      88.51392000000001,
      88.51392000000001,
      88.51392000000001,
      88.51392000000001,
      88.51392000000001,
      88.51392000000001,
      88.51392000000001,
      88.51392000000001,
      88.51392000000001,
      88.51392000000001,
      88.51392000000001,
      88.51392000000001,
      88.51392000000001,
      88.51392000000001,
      88.51392000000001,
      88.51392000000001,
      88.51392000000001,
      88.51392000000001,
      88.51392000000001,
      88.51392000000001,
      88.51392000000001,
      88.51392000000001,
      88.51392000000001,
      88.51392000000001,
      88.51392000000001,
      88.51392000000001,
      88.51392000000001,
      88.51392000000001,
      88.51392000000001,
      88.51392000000001,
      88.51392000000001,
      88.51392000000001,
      88.51392000000001,
      88.51392000000001,
      88.51392000000001,
      88.51392000000001,
      88.51392000000001,
      88.51392000000001,
      88.51392000000001,
      88.51392000000001,
      88.51392000000001,
      88.51392000000001,
      88.51392000000001,
      88.51392000000001,
      88.51392000000001,
      88.51392000000001,
      88.51392000000001,
      88.51392000000001,
      88.51392000000001,
      88.51392000000001,
      88.51392000000001,
      88.51392000000001,
      88.51392000000001,
      88.51392000000001,
      88.51392000000001,
      88.51392000000001,
      88.51392000000001,
      88.51392000000001,
      88.51392000000001,
      88.51392000000001,
      88.51392000000001,
      88.51392000000001,
      88.51392000000001,
      88.51392000000001,
      88.51392000000001,
      88.51392000000001,
      88.51392000000001,
      88.51392000000001,
      88.51392000000001,
      88.51392000000001,
      88.51392000000001,
      88.51392000000001,
      88.51392000000001,
      88.51392000000001,
      88.51392000000001,
      88.51392000000001,
      88.51392000000001,
      88.51392000000001,
      88.51392000000001,
      88.51392000000001,
      88.51392000000001,
      88.51392000000001,
      88.51392000000001,
      88.51392000000001,
      88.51392000000001,
      88.51392000000001,
      88.51392000000001,
      88.51392000000001,
      88.51392000000001,
      88.51392000000001,
      88.51392000000001,
      88.51392000000001,
      88.51392000000001,
      88.51392000000001,
      88.51392000000001,
      88.51392000000001,
      88.51392000000001,
      88.51392000000001,
      88.51392000000001,
      88.51392000000001,
      88.51392000000001,
      88.51392000000001,
      88.51392000000001,
      88.51392000000001,
      88.51392000000001,
      88.51392000000001,
      88.51392000000001,
      88.51392000000001,
      88.51392000000001,
      88.51392000000001,
      88.51392000000001,
      88.51392000000001,
      88.51392000000001,
      88.51392000000001,
      88.51392000000001,
      88.51392000000001,
      88.51392000000001,
      88.51392000000001,
      88.51392000000001,
      88.51392000000001,
      88.51392000000001,
      88.51392000000001,
      88.51392000000001,
      88.51392000000001,
      88.51392000000001,
      88.51392000000001,
      88.51392000000001,
      88.51392000000001,
      88.51392000000001,
      88.51392000000001,
      88.51392000000001,
      88.51392000000001,
      88.51392000000001,
      88.51392000000001,
      88.51392000000001,
      88.51392000000001,
      88.51392000000001,
      88.51392000000001,
      88.51392000000001,
      88.51392000000001,
      88.51392000000001,
      88.51392000000001,
      88.51392000000001,
      88.51392000000001,
      88.51392000000001,
      88.51392000000001,
      88.51392000000001,
      88.51392000000001,
      88.51392000000001,
      88.51392000000001,
      88.51392000000001,
      88.51392000000001,
      88.51392000000001,
      88.51392000000001,
      88.51392000000001,
      88.51392000000001,
      88.51392000000001,
      88.51392000000001,
      88.51392000000001
    ],
    "is_bridge": [
      false,
      false,
      false,
      false,
      false,
      false,
      false,
      false,
      false,
      false,
      false,
      false,
      false,
      false,
      false,
      false,
      false,
      false,
      false,
      true,
      true,
      true,
      true,
      true,
      true,
      true,
      true,
      true,
      true,
      true,
      true,
      true,
      true,
      true,
      true,
      true,
      true,
      true,
      true,
      true,
      true,
      false,
      false,
      false,
      false,
      false,
      false,
      false,
      false,
      false,
      false,
      false,
      false,
      false,
      false,
      false,
      false,
      false,
      false,
      false,
      false,
      false,
      false,
      false,
      false,
      false,
      false,
      true,
      true,
      true,
      true,
      true,
      true,
      true,
      true,
      true,
      true,
      true,
      true,
      true,
      true,
      true,
      true,
      true,
      true,
      true,
      true,
      true,
      false,
      false,
      false,
      false,
      false,
      false,
      false,
      false,
      false,
      false,
      false,
      false,
      false,
      false,
      false,
      false,
      false,
      false,
      false,
      false,
      false,
      false,
      false,
      false,
      false,
      false,
      false,
      false,
      false,
      false,
      false,
      false,
      false,
      false,
      false,
      false,
      false,
      false,
      false,
      false,
      false,
      false,
      false,
      false,
      false,
      false,
      false,
      false,
      false,
      false,
      false,
      false,
      false,
      false,
      false,
      false,
      false,
      false,
      false,
      false,
      false,
      false,
      false,
      false,
      false,
      false,
      false,
      false,
      false,
      false,
      false,
      false,
      false,
      false,
      false,
      false,
      false,
      false,
      false,
      false,
      false,
      false,
      false,
      true,
      true,
      true,
      true,
      true,
      true,
      true,
      true,
      true,
      true,
      true,
      true,
      true,
      true,
      true,
      true,
      true,
      true,
      true,
      true,
      true,
      true,
      true,
      true,
      true,
      true,
      true,
      true,
      true,
      true,
      true,
      true,
      true,
      true,
      true,
      true,
      true,
      true,
      false,
      false,
      false,
      false,
      false,
      false,
      false,
      false,
      false,
      false,
      false,
      false,
      false,
      false,
      false,
      false,
      false,
      false,
      false,
      false,
      false,
      false,
      false,
      false,
      false,
      false,
      false,
      false,
      false,
      false,
      false,
      false,
      false,
      false,
      false,
      false,
      false,
      false,
      false,
      false,
      false,
      false,
      false,
      false,
      false,
      false,
      false,
      false,
      false,
      false,
      false,
      false,
      false,
      false,
      false,
      false,
      false,
      false,
      false,
      false,
      false,
      false,
      false,
      false,
      false,
      false,
      false,
      false,
      false,
      false,
      false,
      false,
      false,
      false,
      false,
      false,
      false,
      false,
      false,
      false,
      false,
      false,
      false,
      false,
      false,
      false,
      false,
      false,
      false,
      false,
      false,
      false,
      false,
      false,
      false,
      false,
      true,
      true,
      true,
      true,
      true,
      true,
      true,
      true,
      true,
      true,
      true,
      true,
      true,
      true,
      true,
      true,
      true,
      true,
      true,
      true,
      true,
      true,
      true,
      true,
      true,
      true,
      true,
      true,
      true,
      true,
      true,
      true,
      true,
      true,
      true,
      true,
      true,
      true,
      true,
      false,
      false,
      false,
      false,
      false,
      false,
      false,
      false,
      false,
      false,
      false,
      false,
      false,
      false,
      false,
      false,
      false,
      false,
      false,
      false,
      false,
      false,
      false,
      false,
      false,
      false,
      false,
      false,
      false,
      false,
      false,
      false,
      false,
      false,
      false,
      false,
      false,
      false,
      false,
      false,
      false,
      false,
      false,
      false,
      false,
      false,
      false,
      false,
      false,
      false,
      false,
      false,
      false,
      false,
      false,
      false,
      false,
      false,
      false,
      false,
      false,
      false,
      false,
      false,
      false,
      false,
      false,
      false,
      false,
      false,
      false,
      false,
      false,
      false,
      false,
      false,
      false,
      false,
      false,
      false,
      false,
      false,
      false,
      false,
      false,
      false,
      false,
      false,
      false,
      false,
      true,
      true,
      true,
      true,
      true,
      true,
      true,
      false,
      false,
      false,
      false,
      false,
      false,
      false,
      false,
      false,
      false,
      false,
      false,
      false,
      false,
      false,
      false,
      false,
      false,
      false,
      false,
      false,
      false,
      false,
      false,
      false,
      false,
      false,
      false,
      false,
      false,
      false,
      false,
      false,
      false,
      false,
      false,
      false,
      false,
      false,
      false,
      false,
      false,
      false,
      false,
      false,
      false,
      false,
      false,
      false,
      false,
      false,
      false,
      false,
      false,
      false,
      false,
      false,
      false,
      false,
      false,
      false,
      false,
      false,
      false,
      false,
      false,
      false,
      false,
      false,
      false,
      false,
      false,
      false,
      false,
      false,
      false,
      false,
      false,
      false,
      false,
      false,
      false,
      false,
      false,
      false,
      false,
      false,
      false,
      false,
      false,
      false,
      false,
      false,
      false,
      false,
      false,
      false,
      false,
      false,
      false,
      false,
      false,
      false,
      false,
      false,
      false,
      false,
      false,
      false,
      false,
      false,
      false,
      false,
      false,
      false,
      false,
      false,
      false,
      false,
      false,
      false,
      false,
      false,
      false,
      false,
      false,
      false,
      false,
      false,
      false,
      false,
      false,
      false,
      false,
      false,
      false,
      false,
      false,
      false,
      false,
      false,
      false,
      false,
      false,
      false,
      false,
      false,
      false,
      false,
      false,
      false,
      false,
      false,
      false,
      false,
      false,
      false,
      true,
      true,
      true,
      true,
      true,
      true,
      true,
      true,
      true,
      true,
      true,
      true,
      true,
      true,
      true,
      false,
      false,
      false,
      false,
      false,
      false,
      false,
      false,
      false,
      false,
      false,
      false,
      false,
      false,
      false,
      false,
      false,
      false,
      false,
      false,
      false,
      false,
      false,
      false,
      false,
      false,
      false,
      false,
      false,
      false,
      false,
      false,
      false,
      false,
      false,
      false,
      false,
      false,
      false,
      false,
      false,
      false,
      false,
      false,
      false,
      false,
      false,
      false,
      false,
      false,
      false,
      false,
      false,
      false,
      false,
      false,
      false,
      true,
      true,
      true,
      true,
      true,
      true,
      true,
      true,
      true,
      true,
      true,
      true,
      true,
      true,
      true,
      true,
      true,
      true,
      true,
      true,
      true,
      true,
      true,
      true,
      true,
      true,
      true,
      true,
      false,
      false,
      false,
      false,
      false,
      false,
      false,
      false,
      false,
      false,
      false,
      false,
      false,
      false,
      false,
      false,
      false,
      false,
      false,
      false,
      false,
      false,
      false,
      false,
      false,
      false,
      false,
      false,
      false,
      false,
      false,
      false,
      false,
      false,
      false,
      false,
      false,
      false,
      false,
      false,
      false,
      false,
      false,
      false,
      false,
      false,
      false,
      false,
      false,
      false,
      false,
      false,
      false,
      false,
      false,
      false,
      false,
      false,
      false,
      false,
      false,
      false,
      false,
      false,
      false,
      false,
      false,
      false,
      false,
      false,
      false,
      false,
      false,
      false,
      false,
      false,
      false,
      false,
      false,
      false,
      false,
      false,
      false,
      false,
      false,
      false,
      false,
      false,
      false,
      false,
      false,
      false,
      false,
      false,
      false,
      false,
      false,
      false,
      false,
      false,
      false,
      false,
      false,
      false,
      false,
      false,
      false,
      false,
      false,
      false,
      false,
      true,
      true,
      true,
      true,
      true,
      true,
      true,
      true,
      true,
      true,
      true,
      true,
      true,
      true,
      true,
      true,
      true,
      true,
      true,
      false,
      false,
      false,
      false,
      false,
      false,
      false,
      false,
      false,
      false,
      false,
      false,
      false,
      false,
      false,
      false,
      false,
      false,
      false,
      false,
      false,
      false,
      false,
      true,
      true,
      true,
      true,
      true,
      true,
      true,
      true,
      true,
      true,
      true,
      true,
      true,
      true,
      true,
      true,
      true,
      true,
      true,
      true,
      true,
      true,
      true,
      true,
      true,
      true,
      true,
      true,
      true,
      true,
      true,
      true,
      true,
      true,
      true,
      true,
      true,
      true,
      true,
      true,
      true,
      true,
      false,
      false,
      false,
      false,
      false,
      false,
      false,
      false,
      false,
      false,
      false,
      false,
      false,
      false,
      false,
      false,
      false,
      false,
      false,
      false,
      false,
      false,
      false,
      false,
      false,
      false,
      false,
      false,
      false,
      false,
      false,
      false,
      false,
      false,
      false,
      false,
      false,
      false,
      false,
      false,
      false,
      false,
      false,
      false,
      false,
      false,
      false,
      false,
      false,
      false,
      false,
      false,
      false,
      false,
      false,
      false,
      false,
      false,
      false,
      false,
      false,
      false,
      false,
      false,
      false,
      false,
      false,
      false,
      false,
      false,
      false,
      false,
      false,
      false,
      false,
      false,
      false,
      false,
      false,
      false,
      false,
      false,
      false,
      false,
      false,
      false,
      false,
      false,
      false,
      false,
      false,
      false,
      false,
      false,
      false,
      false,
      false,
      false,
      false,
      false,
      false,
      false,
      false,
      false,
      false,
      false,
      false,
      false,
      false,
      false,
      false,
      false,
      false,
      false,
      false,
      false,
      false,
      false,
      false,
      false,
      false,
      false,
      false,
      false,
      false,
      false,
      false,
      false,
      false,
      false,
      false,
      false,
      false,
      false,
      false,
      false,
      false,
      false,
      false,
      false,
      false,
      false,
      false,
      false,
      false,
      false,
      false,
      false,
      false,
      false,
      false,
      false,
      false,
      false,
      false,
      false,
      false,
      false,
      false,
      false,
      false,
      false,
      false,
      false,
      false,
      false,
      false,
      false,
      false,
      false,
      false,
      false,
      false,
      false,
      false,
      false,
      false,
      false,
      false,
      false,
      false,
      false,
      false,
      false,
      false,
      false,
      false,
      false,
      false,
      false,
      false,
      false,
      false,
      false,
      false,
      false,
      false,
      false,
      false,
      false,
      false,
      false,
      false,
      false,
      false,
      false,
      false,
      false,
      false,
      false,
      false,
      false,
      false,
      false,
      false,
      false,
      false,
      false,
      false,
      false,
      false,
      false,
      false,
      false,
      false,
      false,
      false,
      false,
      false,
      false,
      false,
      false,
      false,
      false,
      false,
      false,
      false,
      false,
      false,
      false,
      false,
      false,
      false,
      false,
      false,
      false,
      false,
      false,
      false,
      false,
      false,
      false,
      false,
      false,
      false,
      false,
      false,
      false,
      false,
      false,
      false,
      false,
      false,
      false,
      false,
      false,
      false,
      false,
      false,
      false,
      false,
      false,
      false,
      false,
      false,
      false,
      false,
      false,
      false,
      false,
      false,
      false,
      false,
      false,
      false,
      false,
      false,
      false,
      false,
      false,
      false,
      false,
      false,
      false,
      false,
      false,
      false,
      false,
      false,
      false,
      false,
      false,
      false,
      false,
      false,
      false,
      false,
      false,
      false,
      false,
      false,
      false,
      false,
      false,
      false,
      false,
      false,
      false,
      false,
      false,
      false,
      false,
      false,
      false,
      true,
      true,
      true,
      true,
      true,
      true,
      true,
      true,
      true,
      true,
      true,
      true,
      true,
      true,
      true,
      true,
      true,
      true,
      true,
      true,
      true,
      true,
      true,
      true,
      true,
      true,
      true,
      true,
      true,
      true,
      true,
      true,
      true,
      true,
      true,
      true,
      true,
      true,
      true,
      true,
      true,
      true,
      true,
      true,
      true,
      true,
      true,
      true,
      true,
      true,
      true,
      true,
      true,
      true,
      true,
      true,
      true,
      true,
      true,
      true,
      false,
      false,
      false,
      false,
      false,
      false,
      false,
      false,
      false,
      false,
      false,
      false,
      false,
      false,
      false,
      false,
      false,
      false,
      false,
      false,
      false,
      false,
      false,
      false,
      false,
      false,
      false,
      false,
      false,
      false,
      false,
      false,
      false,
      false,
      false,
      false,
      false,
      false,
      false,
      false,
      false,
      false,
      false,
      false,
      false,
      false,
      false,
      false,
      false,
      false,
      false,
      false,
      false,
      false,
      false,
      false,
      false,
      false,
      false,
      false,
      false,
      false,
      false,
      false,
      false,
      false,
      false,
      false,
      false,
      false,
      false,
      false,
      false,
      false,
      false,
      false,
      false,
      false,
      false,
      false,
      false,
      false,
      false,
      false,
      false,
      false,
      false,
      false,
      false,
      false,
      false,
      false,
      false,
      false,
      false,
      false,
      false,
      false,
      false,
      false,
      false,
      false,
      false,
      false,
      false,
      false,
      false,
      false,
      false,
      false,
      false,
      false,
      false,
      false,
      false,
      false,
      false,
      false,
      false,
      false,
      false,
      false,
      false,
      false,
      false,
      false,
      false,
      false,
      false,
      false,
      false,
      false,
      false,
      false,
      false,
      false,
      false,
      false,
      false,
      false,
      false,
      false,
      false,
      false,
      false,
      false,
      false,
      false,
      false,
      false,
      false,
      false,
      false,
      false,
      false,
      false,
      false,
      false,
      false,
      false,
      false,
      false,
      false,
      false,
      false,
      false,
      false,
      false,
      false,
      false,
      false,
      false,
      false,
      false,
      false,
      false,
      false,
      false,
      false,
      false,
      false,
      false,
      false,
      false,
      false,
      false,
      false,
      false,
      false,
      false,
      false,
      false,
      false,
      false,
      false,
      false,
      false,
      false,
      false,
      false,
      false,
      false,
      false,
      false,
      false,
      false,
      false,
      false,
      false,
      false,
      false,
      false,
      false,
      false,
      false,
      false,
      false,
      false,
      false,
      false,
      false,
      false,
      false,
      false,
      false,
      false,
      false,
      false,
      false,
      false,
      false,
      false,
      false,
      false,
      false,
      false,
      false,
      false,
      false,
      false,
      false,
      false,
      false,
      false,
      false,
      false,
      false,
      false,
      false,
      false,
      false,
      false,
      false,
      false,
      false,
      false,
      false,
      false,
      false,
      false,
      false,
      false,
      false,
      false,
      false,
      false,
      false,
      false,
      false,
      false,
      false,
      false,
      false,
      false,
      false,
      false,
      false,
      false,
      false,
      false,
      false,
      false,
      false,
      false,
      false,
      false,
      false,
      false,
      false,
      false,
      false,
      false,
      false,
      false,
      false,
      false,
      false,
      false,
      false,
      false,
      false,
      false,
      false,
      false,
      false,
      false,
      false,
      false,
      false,
      false,
      false,
      false,
      false,
      false,
      false,
      false,
      false,
      false,
      false,
      false,
      false,
      false,
      false,
      false,
      false,
      false,
      false,
      false,
      false,
      false,
      false,
      false,
      false,
      false,
      false,
      false,
      false,
      false,
      false,
      false,
      false,
      false,
      false,
      false,
      false,
      false,
      false,
      false,
      false,
      false,
      false,
      false,
      false,
      false,
      false,
      false,
      false,
      false,
      false,
      false,
      false,
      false,
      false,
      false,
      false,
      false,
      false,
      false,
      false,
      false,
      false,
      false,
      false,
      false,
      false,
      false,
      false,
      false,
      false,
      false,
      false,
      false,
      false,
      false,
      false,
      false,
      false,
      false,
      false,
      false,
      false,
      false,
      false,
      false,
      false,
      false,
      false,
      false,
      false,
      false,
      false,
      false,
      false,
      false,
      false,
      false,
      false,
      false,
      false,
      false,
      false,
      false,
      false,
      false,
      false,
      false,
      false,
      false,
      false,
      false,
      false,
      false,
      false,
      false,
      false,
      false,
      false,
      false,
      false,
      false,
      false,
      false,
      false,
      false,
      false,
      false,
      false,
      false,
      false,
      false,
      false,
      false,
      false,
      false,
      false,
      false,
      false,
      false,
      false,
      false,
      false,
      false,
      false,
      false,
      false,
      false,
      false,
      false,
      false,
      false,
      false,
      false,
      false,
      false,
      false,
      false,
      false,
      false,
      false,
      false,
      false,
      false,
      false,
      false,
      false,
      false,
      false,
      false,
      false,
      false,
      false,
      false,
      false,
      false,
      false,
      false,
      false,
      false,
      false,
      false,
      false,
      false,
      false,
      false,
      false,
      false,
      false,
      false,
      false,
      false,
      false,
      false,
      false,
      false,
      false,
      false,
      false,
      false,
      false,
      false,
      false,
      false,
      false,
      false,
      false,
      false,
      false,
      false,
      false,
      false,
      false,
      false,
      false,
      false,
      false,
      false,
      false,
      false,
      false,
      false,
      false,
      false,
      false,
      false,
      false,
      false,
      false,
      false,
      false,
      false,
      false,
      false,
      false,
      false,
      false,
      false,
      false,
      false,
      false,
      false,
      false,
      false,
      false,
      false,
      false,
      false,
      false,
      false,
      false,
      false,
      false,
      false,
      false,
      false,
      false,
      false,
      false,
      false,
      false,
      false,
      false,
      false,
      false,
      false,
      false,
      false,
      false,
      false,
      false,
      false,
      false,
      false,
      false,
      false,
      false,
      false,
      false,
      false,
      false,
      false,
      false,
      false,
      false,
      false,
      false,
      false,
      false,
      false,
      false,
      false,
      false,
      false,
      false,
      false,
      false,
      false,
      false,
      false,
      false,
      false,
      false,
      false,
      false,
      false,
      false,
      false,
      false,
      false,
      false,
      false,
      false,
      false,
      false,
      false,
      false,
      false,
      false,
      false,
      false,
      false,
      false,
      false,
      false,
      false,
      false,
      false,
      false,
      false,
      false,
      false,
      false,
      false,
      false,
      false,
      false,
      false,
      false,
      false,
      false,
      false,
      false,
      false,
      false,
      false,
      false,
      false,
      false,
      false,
      false,
      false,
      false,
      false,
      false,
      false,
      false,
      false,
      false,
      false,
      false,
      false,
      false,
      false,
      false,
      false,
      false,
      false,
      false,
      false,
      false,
      false,
      false,
      false,
      false,
      false,
      false,
      false,
      false,
      false,
      false,
      false,
      false,
      false,
      false,
      false,
      false,
      false,
      false,
      false,
      false,
      false,
      false,
      false,
      false,
      false,
      false,
      false,
      false,
      false,
      false,
      false,
      false,
      false,
      false,
      false,
      false,
      false,
      false,
      false,
      false,
      false,
      false,
      false,
      false,
      false,
      false,
      false,
      false,
      false,
      false,
      false,
      false,
      false,
      false,
      false,
      false,
      false,
      false,
      false,
      false,
      false,
      false,
      false,
      false,
      false,
      false,
      false,
      false,
      false,
      false,
      false,
      false,
      false,
      false,
      false,
      false,
      false,
      false,
      true,
      true,
      true,
      true,
      true,
      true,
      true,
      true,
      true,
      true,
      true,
      true,
      true,
      true,
      true,
      true,
      false,
      false,
      false,
      false,
      false,
      false,
      false,
      false,
      false,
      false,
      false,
      false,
      false,
      false,
      false,
      false,
      false,
      false,
      false,
      false,
      false,
      false,
      false,
      false,
      false,
      false,
      false,
      false,
      false,
      false,
      false,
      false,
      false,
      false,
      false,
      false,
      false,
      false,
      false,
      false,
      false,
      false,
      false,
      false,
      false,
      false,
      false,
      false,
      false,
      false,
      false,
      false,
      false,
      false,
      false,
      false,
      false,
      false,
      false,
      false,
      false,
      false,
      false,
      false,
      false,
      false,
      false,
      false,
      false,
      false,
      false,
      false,
      false,
      false,
      false,
      false,
      false,
      false,
      false,
      false,
      false,
      false,
      false,
      false,
      false,
      false,
      false,
      false,
      false,
      false,
      false,
      false,
      false,
      false,
      false,
      false,
      false,
      false,
      false,
      false,
      false,
      false,
      false,
      false,
      false,
      false,
      false,
      false,
      false,
      false,
      false,
      false,
      false,
      false,
      false,
      false,
      false,
      false,
      false,
      false,
      false,
      false,
      false,
      false,
      false,
      false,
      false,
      false,
      false,
      false,
      false,
      false,
      false,
      false,
      false,
      false,
      false,
      false,
      false,
      false,
      false,
      false,
      false,
      false,
      false,
      false,
      false,
      false,
      false,
      false,
      false,
      false,
      false,
      false,
      false,
      false,
      false,
      false,
      false,
      false,
      false,
      false,
      false,
      false,
      false,
      false,
      false,
      false,
      false,
      false,
      false,
      false,
      false,
      false,
      false,
      false,
      false,
      false,
      false,
      false,
      false,
      false,
      false,
      false,
      false,
      false,
      false,
      false,
      false,
      false,
      false,
      false,
      false,
      false,
      false,
      false,
      false,
      false,
      false,
      false,
      false,
      false,
      false,
      false,
      false,
      false,
      false,
      false,
      false,
      false,
      false,
      false,
      false,
      false,
      false,
      false,
      false,
      false,
      false,
      false,
      false,
      false,
      false,
      false,
      false,
      false,
      false,
      false,
      false,
      false,
      false,
      false,
      false,
      false,
      false,
      false,
      false,
      false,
      false,
      false,
      false,
      false,
      false,
      false,
      false,
      false,
      false,
      false,
      false,
      false,
      false,
      false,
      false,
      false,
      false,
      false,
      false,
      false,
      false,
      false,
      false,
      false,
      false,
      false,
      false,
      false,
      false,
      false,
      false,
      false,
      false,
      false,
      false,
      false,
      false,
      false,
      false,
      false,
      false,
      false,
      false,
      false,
      false,
      false,
      false,
      false,
      false,
      false,
      false,
      false,
      false,
      false,
      false,
      false,
      false,
      false,
      false,
      false,
      false,
      false,
      false,
      false,
      false,
      false,
      false,
      false,
      false,
      false,
      false,
      false,
      false,
      false,
      false,
      false,
      false,
      false,
      false,
      false,
      false,
      false,
      false,
      false,
      false,
      false,
      false,
      false,
      false,
      false,
      false,
      false,
      false,
      false,
      false,
      false,
      false,
      false,
      false,
      false,
      false,
      false,
      false,
      false,
      false,
      false,
      false,
      false,
      false,
      false,
      false,
      false,
      false,
      false,
      false,
      false,
      false,
      false,
      false,
      false,
      false,
      false,
      false,
      false,
      false,
      false,
      false,
      false,
      false,
      false,
      false,
      false,
      false,
      false,
      false,
      false,
      false,
      false,
      false,
      false,
      false,
      false,
      false,
      false,
      false,
      false,
      false,
      false,
      false,
      false,
      false,
      false,
      false,
      false,
      false,
      false,
      false,
      false,
      false,
      false,
      false,
      false,
      false,
      false,
      false,
      false,
      false,
      false,
      false,
      false,
      false,
      false,
      false,
      false,
      false,
      false,
      false,
      false,
      false,
      false,
      false,
      false,
      false,
      false,
      false,
      false,
      false,
      false,
      false,
      false,
      false,
      false,
      false,
      false,
      false,
      false,
      false,
      false,
      false,
      false,
      false,
      false,
      false,
      false,
      false,
      false,
      false,
      false,
      false,
      false,
      false,
      false,
      false,
      false,
      false,
      false,
      false,
      false,
      false,
      false,
      false,
      false,
      false,
      false,
      false,
      false,
      false,
      false,
      false,
      false,
      false,
      false,
      false,
      false,
      false,
      false,
      false,
      false,
      false,
      false,
      false,
      false,
      false,
      false,
      false,
      false,
      false,
      false,
      false,
      false,
      false,
      false,
      false,
      false,
      false,
      false,
      false,
      false,
      false,
      false,
      false,
      false,
      false,
      false,
      false,
      false,
      false,
      false,
      false,
      false,
      false,
      false,
      false,
      false,
      false,
      false,
      false,
      false,
      false,
      false,
      false,
      false,
      false,
      false,
      false,
      false,
      false,
      false,
      false,
      false,
      false,
      false,
      false,
      false,
      false,
      false,
      false,
      false,
      false,
      false,
      false,
      false,
      false,
      false,
      false,
      false,
      false,
      false,
      false,
      false,
      false,
      false,
      false,
      false,
      false,
      false,
      false,
      false,
      false,
      false,
      false,
      false,
      false,
      false,
      false,
      false,
      false,
      false,
      false,
      false,
      false,
      false,
      false,
      false,
      false,
      false,
      false,
      false,
      false,
      false,
      false,
      false,
      false,
      false,
      false,
      false,
      false,
      false,
      false,
      false,
      false,
      false,
      false,
      false,
      false,
      false,
      false,
      false,
      false,
      false,
      false,
      false,
      false,
      false,
      false,
      false,
      false,
      false,
      false,
      false,
      false,
      false,
      false,
      false,
      false,
      false,
      false,
      false,
      false,
      false,
      false,
      false,
      false,
      false,
      false,
      false,
      false,
      false,
      false,
      false,
      false,
      false,
      false,
      false,
      false,
      false,
      false,
      false,
      false,
      false,
      false,
      false,
      false,
      false,
      false,
      false,
      false,
      false,
      false,
      false,
      false,
      false,
      false
    ],
    "is_tunnel": [
      false,
      false,
      false,
      false,
      false,
      false,
      false,
      false,
      false,
      false,
      false,
      false,
      false,
      false,
      false,
      false,
      false,
      false,
      false,
      false,
      false,
      false,
      false,
      false,
      false,
      false,
      false,
      false,
      false,
      false,
      false,
      false,
      false,
      false,
      false,
      false,
      false,
      false,
      false,
      false,
      false,
      false,
      false,
      false,
      false,
      false,
      false,
      false,
      false,
      false,
      false,
      false,
      false,
      false,
      false,
      false,
      false,
      false,
      false,
      false,
      false,
      false,
      false,
      false,
      false,
      false,
      false,
      false,
      false,
      false,
      false,
      false,
      false,
      false,
      false,
      false,
      false,
      false,
      false,
      false,
      false,
      false,
      false,
      false,
      false,
      false,
      false,
      false,
      false,
      false,
      false,
      false,
      false,
      false,
      false,
      false,
      false,
      false,
      false,
      false,
      false,
      false,
      false,
      false,
      false,
      false,
      false,
      false,
      false,
      false,
      false,
      false,
      false,
      false,
      false,
      false,
      false,
      false,
      false,
      false,
      false,
      false,
      false,
      false,
      false,
      false,
      false,
      false,
      false,
      false,
      false,
      false,
      false,
      false,
      false,
      false,
      false,
      false,
      false,
      false,
      false,
      false,
      false,
      false,
      false,
      false,
      false,
      false,
      false,
      false,
      false,
      false,
      false,
      false,
      false,
      false,
      false,
      false,
      false,
      false,
      false,
      false,
      false,
      false,
      false,
      false,
      false,
      false,
      false,
      false,
      false,
      false,
      false,
      false,
      false,
      false,
      false,
      false,
      false,
      false,
      false,
      false,
      false,
      false,
      false,
      false,
      false,
      false,
      false,
      false,
      false,
      false,
      false,
      false,
      false,
      false,
      false,
      false,
      false,
      false,
      false,
      false,
      false,
      false,
      false,
      false,
      false,
      false,
      false,
      false,
      false,
      false,
      false,
      false,
      false,
      false,
      false,
      false,
      false,
      false,
      false,
      false,
      false,
      false,
      false,
      false,
      false,
      false,
      false,
      false,
      false,
      false,
      false,
      false,
      false,
      false,
      false,
      false,
      false,
      false,
      false,
      false,
      false,
      false,
      false,
      false,
      false,
      false,
      false,
      false,
      false,
      false,
      false,
      false,
      false,
      false,
      false,
      false,
      false,
      false,
      false,
      false,
      false,
      false,
      false,
      false,
      false,
      false,
      false,
      false,
      false,
      false,
      false,
      false,
      false,
      false,
      false,
      false,
      false,
      false,
      false,
      false,
      false,
      false,
      false,
      false,
      false,
      false,
      false,
      false,
      false,
      false,
      false,
      false,
      false,
      false,
      false,
      false,
      false,
      false,
      false,
      false,
      false,
      false,
      false,
      false,
      false,
      false,
      false,
      false,
      false,
      false,
      false,
      false,
      false,
      false,
      false,
      false,
      false,
      false,
      false,
      false,
      false,
      false,
      false,
      false,
      false,
      false,
      false,
      false,
      false,
      false,
      false,
      false,
      false,
      false,
      false,
      false,
      false,
      false,
      false,
      false,
      false,
      false,
      false,
      false,
      false,
      false,
      false,
      false,
      false,
      false,
      false,
      false,
      false,
      false,
      false,
      false,
      false,
      false,
      false,
      false,
      false,
      false,
      false,
      false,
      false,
      false,
      false,
      false,
      false,
      false,
      false,
      false,
      false,
      false,
      false,
      false,
      false,
      false,
      false,
      false,
      false,
      false,
      false,
      false,
      false,
      false,
      false,
      false,
      false,
      false,
      false,
      false,
      false,
      false,
      false,
      false,
      false,
      false,
      false,
      false,
      false,
      false,
      false,
      false,
      false,
      false,
      false,
      false,
      false,
      false,
      false,
      false,
      false,
      false,
      false,
      false,
      false,
      false,
      false,
      false,
      false,
      false,
      false,
      false,
      false,
      false,
      false,
      false,
      false,
      false,
      false,
      false,
      false,
      false,
      false,
      false,
      false,
      false,
      false,
      false,
      false,
      false,
      false,
      false,
      false,
      false,
      false,
      false,
      false,
      false,
      false,
      false,
      false,
      false,
      false,
      false,
      false,
      false,
      false,
      false,
      false,
      false,
      false,
      false,
      false,
      false,
      false,
      false,
      false,
      false,
      false,
      false,
      false,
      false,
      false,
      false,
      false,
      false,
      false,
      false,
      false,
      false,
      false,
      false,
      false,
      false,
      false,
      false,
      false,
      false,
      false,
      false,
      false,
      false,
      false,
      false,
      false,
      false,
      false,
      false,
      false,
      false,
      false,
      false,
      false,
      false,
      false,
      false,
      false,
      false,
      false,
      false,
      false,
      false,
      false,
      false,
      false,
      false,
      false,
      false,
      false,
      false,
      false,
      false,
      false,
      false,
      false,
      false,
      false,
      false,
      false,
      false,
      false,
      false,
      false,
      false,
      false,
      false,
      false,
      false,
      false,
      false,
      false,
      false,
      false,
      false,
      false,
      false,
      false,
      false,
      false,
      false,
      false,
      false,
      false,
      false,
      false,
      false,
      false,
      false,
      false,
      false,
      false,
      false,
      false,
      false,
      false,
      false,
      false,
      false,
      false,
      false,
      false,
      false,
      false,
      false,
      false,
      false,
      false,
      false,
      false,
      false,
      false,
      false,
      false,
      false,
      false,
      false,
      false,
      false,
      false,
      false,
      false,
      false,
      false,
      false,
      false,
      false,
      false,
      false,
      false,
      false,
      false,
      false,
      false,
      false,
      false,
      false,
      false,
      false,
      false,
      false,
      false,
      false,
      false,
      false,
      false,
      false,
      false,
      false,
      false,
      false,
      false,
      false,
      false,
      false,
      false,
      false,
      false,
      false,
      false,
      false,
      false,
      false,
      false,
      false,
      false,
      false,
      false,
      false,
      false,
      false,
      false,
      false,
      false,
      false,
      false,
      false,
      false,
      false,
      false,
      false,
      false,
      false,
      false,
      false,
      false,
      false,
      false,
      false,
      false,
      false,
      false,
      false,
      false,
      false,
      false,
      false,
      false,
      false,
      false,
      false,
      false,
      false,
      false,
      false,
      false,
      false,
      false,
      false,
      false,
      false,
      false,
      false,
      false,
      false,
      false,
      false,
      false,
      false,
      false,
      false,
      false,
      false,
      false,
      false,
      false,
      false,
      false,
      false,
      false,
      false,
      false,
      false,
      false,
      false,
      false,
      false,
      false,
      false,
      false,
      false,
      false,
      false,
      false,
      false,
      false,
      false,
      false,
      false,
      false,
      false,
      false,
      false,
      false,
      false,
      false,
      false,
      false,
      false,
      false,
      false,
      false,
      false,
      false,
      false,
      false,
      false,
      false,
      false,
      false,
      false,
      false,
      false,
      false,
      false,
      false,
      false,
      false,
      false,
      false,
      false,
      false,
      false,
      false,
      false,
      false,
      false,
      false,
      false,
      false,
      false,
      false,
      false,
      false,
      false,
      false,
      false,
      false,
      false,
      false,
      false,
      false,
      false,
      false,
      false,
      false,
      false,
      false,
      false,
      false,
      false,
      false,
      false,
      false,
      false,
      false,
      false,
      false,
      false,
      false,
      false,
      false,
      false,
      false,
      false,
      false,
      false,
      false,
      false,
      false,
      false,
      false,
      false,
      false,
      false,
      false,
      false,
      false,
      false,
      false,
      false,
      false,
      false,
      false,
      false,
      false,
      false,
      false,
      false,
      false,
      false,
      false,
      false,
      false,
      false,
      false,
      false,
      false,
      false,
      false,
      false,
      false,
      false,
      false,
      false,
      false,
      false,
      false,
      false,
      false,
      false,
      false,
      false,
      false,
      false,
      false,
      false,
      false,
      false,
      false,
      false,
      false,
      false,
      false,
      false,
      false,
      false,
      false,
      false,
      false,
      false,
      false,
      false,
      false,
      false,
      false,
      false,
      false,
      false,
      false,
      false,
      false,
      false,
      false,
      false,
      false,
      false,
      false,
      false,
      false,
      false,
      false,
      false,
      false,
      false,
      false,
      false,
      false,
      false,
      false,
      false,
      false,
      false,
      false,
      false,
      false,
      false,
      false,
      false,
      false,
      false,
      false,
      false,
      false,
      false,
      false,
      false,
      false,
      false,
      false,
      false,
      false,
      false,
      false,
      false,
      false,
      false,
      false,
      false,
      false,
      false,
      false,
      false,
      false,
      false,
      false,
      false,
      false,
      false,
      false,
      false,
      false,
      false,
      false,
      false,
      false,
      false,
      false,
      false,
      false,
      false,
      false,
      false,
      false,
      false,
      false,
      false,
      false,
      false,
      false,
      false,
      false,
      false,
      false,
      false,
      false,
      false,
      false,
      false,
      false,
      false,
      false,
      false,
      false,
      false,
      false,
      false,
      false,
      false,
      false,
      false,
      false,
      false,
      false,
      false,
      false,
      false,
      false,
      false,
      false,
      false,
      false,
      false,
      false,
      false,
      false,
      false,
      false,
      false,
      false,
      false,
      false,
      false,
      false,
      false,
      false,
      false,
      false,
      false,
      false,
      false,
      false,
      false,
      false,
      false,
      false,
      false,
      false,
      false,
      false,
      false,
      false,
      false,
      false,
      false,
      false,
      false,
      false,
      false,
      false,
      false,
      false,
      false,
      false,
      false,
      false,
      false,
      false,
      false,
      false,
      false,
      false,
      false,
      false,
      false,
      false,
      false,
      false,
      false,
      false,
      false,
      false,
      false,
      false,
      false,
      false,
      false,
      false,
      false,
      false,
      false,
      false,
      false,
      false,
      false,
      false,
      false,
      false,
      false,
      false,
      false,
      false,
      false,
      false,
      false,
      false,
      false,
      false,
      false,
      false,
      false,
      false,
      false,
      false,
      false,
      false,
      false,
      false,
      false,
      false,
      false,
      false,
      false,
      false,
      false,
      false,
      false,
      false,
      false,
      false,
      false,
      false,
      false,
      false,
      false,
      false,
      false,
      false,
      false,
      false,
      false,
      false,
      false,
      false,
      false,
      false,
      false,
      false,
      false,
      false,
      false,
      false,
      false,
      false,
      false,
      false,
      false,
      false,
      false,
      false,
      false,
      false,
      false,
      false,
      false,
      false,
      false,
      false,
      false,
      false,
      false,
      false,
      false,
      false,
      false,
      false,
      false,
      false,
      false,
      false,
      false,
      false,
      false,
      false,
      false,
      false,
      false,
      false,
      false,
      false,
      false,
      false,
      false,
      false,
      false,
      false,
      false,
      false,
      false,
      false,
      false,
      false,
      false,
      false,
      false,
      false,
      false,
      false,
      false,
      false,
      false,
      false,
      false,
      false,
      false,
      false,
      false,
      false,
      false,
      false,
      false,
      false,
      false,
      false,
      false,
      false,
      false,
      false,
      false,
      false,
      false,
      false,
      false,
      false,
      false,
      false,
      false,
      false,
      false,
      false,
      false,
      false,
      false,
      false,
      false,
      false,
      false,
      false,
      false,
      false,
      false,
      false,
      false,
      false,
      false,
      false,
      false,
      false,
      false,
      false,
      false,
      false,
      false,
      false,
      false,
      false,
      false,
      false,
      false,
      false,
      false,
      false,
      false,
      false,
      false,
      false,
      false,
      false,
      false,
      false,
      false,
      false,
      false,
      false,
      false,
      false,
      false,
      false,
      false,
      false,
      false,
      false,
      false,
      false,
      false,
      false,
      false,
      false,
      false,
      false,
      false,
      false,
      false,
      false,
      false,
      false,
      false,
      false,
      false,
      false,
      false,
      false,
      false,
      false,
      false,
      false,
      false,
      false,
      false,
      false,
      false,
      false,
      false,
      false,
      false,
      false,
      false,
      false,
      false,
      false,
      false,
      false,
      false,
      false,
      false,
      false,
      false,
      false,
      false,
      false,
      false,
      false,
      false,
      false,
      false,
      false,
      false,
      false,
      false,
      false,
      false,
      false,
      false,
      false,
      false,
      false,
      false,
      false,
      false,
      false,
      false,
      false,
      false,
      false,
      false,
      false,
      false,
      false,
      false,
      false,
      false,
      false,
      false,
      false,
      false,
      false,
      false,
      false,
      false,
      false,
      false,
      false,
      false,
      false,
      false,
      false,
      false,
      false,
      false,
      false,
      false,
      false,
      false,
      false,
      false,
      false,
      false,
      false,
      false,
      false,
      false,
      false,
      false,
      false,
      false,
      false,
      false,
      false,
      false,
      false,
      false,
      false,
      false,
      false,
      false,
      false,
      false,
      false,
      false,
      false,
      false,
      false,
      false,
      false,
      false,
      false,
      false,
      false,
      false,
      false,
      false,
      false,
      false,
      false,
      false,
      false,
      false,
      false,
      false,
      false,
      false,
      false,
      false,
      false,
      false,
      false,
      false,
      false,
      false,
      false,
      false,
      false,
      false,
      false,
      false,
      false,
      false,
      false,
      false,
      false,
      false,
      false,
      false,
      false,
      false,
      false,
      false,
      false,
      false,
      false,
      false,
      false,
      false,
      false,
      false,
      false,
      false,
      false,
      false,
      false,
      false,
      false,
      false,
      false,
      false,
      false,
      false,
      false,
      false,
      false,
      false,
      false,
      false,
      false,
      false,
      false,
      false,
      false,
      false,
      false,
      false,
      false,
      false,
      false,
      false,
      false,
      false,
      false,
      false,
      false,
      false,
      false,
      false,
      false,
      false,
      false,
      false,
      false,
      false,
      false,
      false,
      false,
      false,
      false,
      false,
      false,
      false,
      false,
      false,
      false,
      false,
      false,
      false,
      false,
      false,
      false,
      false,
      false,
      false,
      false,
      false,
      false,
      false,
      false,
      false,
      false,
      false,
      false,
      false,
      false,
      false,
      false,
      false,
      false,
      false,
      false,
      false,
      false,
      false,
      false,
      false,
      false,
      false,
      false,
      false,
      false,
      false,
      false,
      false,
      false,
      false,
      false,
      false,
      false,
      false,
      false,
      false,
      false,
      false,
      false,
      false,
      false,
      false,
      false,
      false,
      false,
      false,
      false,
      false,
      false,
      false,
      false,
      false,
      false,
      false,
      false,
      false,
      false,
      false,
      false,
      false,
      false,
      false,
      false,
      false,
      false,
      false,
      false,
      false,
      false,
      false,
      false,
      false,
      false,
      false,
      false,
      false,
      false,
      false,
      false,
      false,
      false,
      false,
      false,
      false,
      false,
      false,
      false,
      false,
      false,
      false,
      false,
      false,
      false,
      false,
      false,
      false,
      false,
      false,
      false,
      false,
      false,
      false,
      false,
      false,
      false,
      false,
      false,
      false,
      false,
      false,
      false,
      false,
      false,
      false,
      false,
      false,
      false,
      false,
      false,
      false,
      false,
      false,
      false,
      false,
      false,
      false,
      false,
      false,
      false,
      false,
      false,
      false,
      false,
      false,
      false,
      false,
      false,
      false,
      false,
      false,
      false,
      false,
      false,
      false,
      false,
      false,
      false,
      false,
      false,
      false,
      false,
      false,
      false,
      false,
      false,
      false,
      false,
      false,
      false,
      false,
      false,
      false,
      false,
      false,
      false,
      false,
      false,
      false,
      false,
      false,
      false,
      false,
      false,
      false,
      false,
      false,
      false,
      false,
      false,
      false,
      false,
      false,
      false,
      false,
      false,
      false,
      false,
      false,
      false,
      false,
      false,
      false,
      false,
      false,
      false,
      false,
      false,
      false,
      false,
      false,
      false,
      false,
      false,
      false,
      false,
      false,
      false,
      false,
      false,
      false,
      false,
      false,
      false,
      false,
      false,
      false,
      false,
      false,
      false,
      false,
      false,
      false,
      false,
      false,
      false,
      false,
      false,
      false,
      false,
      false,
      false,
      false,
      false,
      false,
      false,
      false,
      false,
      false,
      false,
      false,
      false,
      false,
      false,
      false,
      false,
      false,
      false,
      false,
      false,
      false,
      false,
      false,
      false,
      false,
      false,
      false,
      false,
      false,
      false,
      false,
      false,
      false,
      false,
      false,
      false,
      false,
      false,
      false,
      false,
      false,
      false,
      false,
      false,
      false,
      false,
      false,
      false,
      false,
      false,
      false,
      false,
      false,
      false,
      false,
      false,
      false,
      false,
      false,
      false,
      false,
      false,
      false,
      false,
      false,
      false,
      false,
      false,
      false,
      false,
      false,
      false,
      false,
      false,
      false,
      false,
      false,
      false,
      false,
      false,
      false,
      false,
      false,
      false,
      false,
      false,
      false,
      false,
      false,
      false,
      false,
      false,
      false,
      false,
      false,
      false,
      false,
      false,
      false,
      false,
      false,
      false,
      false,
      false,
      false,
      false,
      false,
      false,
      false,
      false,
      false,
      false,
      false,
      false,
      false,
      false,
      false,
      false,
      false,
      false,
      false,
      false,
      false,
      false,
      false,
      false,
      false,
      false,
      false,
      false,
      false,
      false,
      false,
      false,
      false,
      false,
      false,
      false,
      false,
      false,
      false,
      false,
      false,
      false,
      false,
      false,
      false,
      false,
      false,
      false,
      false,
      false,
      false,
      false,
      false,
      false,
      false,
      false,
      false,
      false,
      false,
      false,
      false,
      false,
      false,
      false,
      false,
      false,
      false,
      false,
      false,
      false,
      false,
      false,
      false,
      false,
      false,
      false,
      false,
      false,
      false,
      false,
      false,
      false,
      false,
      false,
      false,
      false,
      false,
      false,
      false,
      false,
      false,
      false,
      false,
      false,
      false,
      false,
      false,
      false,
      false,
      false,
      false,
      false,
      false,
      false,
      false,
      false,
      false,
      false,
      false,
      false,
      false,
      false,
      false,
      false,
      false,
      false,
      false,
      false,
      false,
      false,
      false,
      false,
      false,
      false,
      false,
      false,
      false,
      false,
      false,
      false,
      false,
      false,
      false,
      false,
      false,
      false,
      false,
      false,
      false,
      false,
      false,
      false,
      false,
      false,
      false,
      false,
      false,
      false,
      false,
      false,
      false,
      false,
      false,
      false,
      false,
      false,
      false,
      false,
      false,
      false,
      false,
      false,
      false,
      false,
      false,
      false,
      false,
      false,
      false,
      false,
      false,
      false,
      false,
      false,
      false,
      false,
      false,
      false,
      false,
      false,
      false,
      false,
      false,
      false,
      false,
      false,
      false,
      false,
      false,
      false,
      false,
      false,
      false,
      false,
      false,
      false,
      false,
      false,
      false,
      false,
      false,
      false,
      false,
      false,
      false,
      false,
      false,
      false,
      false,
      false,
      false,
      false,
      false,
      false,
      false,
      false,
      false,
      false,
      false,
      false,
      false,
      false,
      false,
      false,
      false,
      false,
      false,
      false,
      false,
      false,
      false,
      false,
      false,
      false,
      false,
      false,
      false,
      false,
      false,
      false,
      false,
      false,
      false,
      false,
      false,
      false,
      false,
      false,
      false,
      false,
      false,
      false,
      false,
      false,
      false,
      false,
      false,
      false,
      false,
      false,
      false,
      false,
      false,
      false,
      false,
      false,
      false,
      false,
      false,
      false,
      false,
      false,
      false,
      false,
      false,
      false,
      false,
      false,
      false,
      false,
      false,
      false,
      false,
      false,
      false,
      false,
      false,
      false,
      false,
      false,
      false,
      false,
      false,
      false,
      false,
      false,
      false,
      false,
      false,
      false,
      false,
      false,
      false,
      false,
      false,
      false,
      false,
      false,
      false,
      false,
      false,
      false,
      false,
      false,
      false,
      false,
      false,
      false,
      false,
      false,
      false,
      false,
      false,
      false,
      false,
      false,
      false,
      false,
      false,
      false,
      false,
      false,
      false,
      false,
      false,
      false,
      false,
      false,
      false,
      false,
      false,
      false,
      false,
      false,
      false,
      false,
      false,
      false,
      false,
      false,
      false,
      false,
      false,
      false,
      false,
      false,
      false,
      false,
      false,
      false,
      false,
      false,
      false,
      false,
      false,
      false,
      false,
      false,
      false,
      false,
      false,
      false,
      false,
      false,
      false,
      false,
      false,
      false,
      false,
      false,
      false,
      false,
      false,
      false,
      false,
      false,
      false,
      false,
      false,
      false,
      false,
      false,
      false,
      false,
      false,
      false,
      false,
      false,
      false,
      false,
      false,
      false,
      false,
      false,
      false,
      false,
      false,
      false,
      false,
      false,
      false,
      false,
      false,
      false,
      false,
      false,
      false,
      false,
      false,
      false,
      false,
      false,
      false,
      false,
      false,
      false,
      false,
      false,
      false,
      false,
      false,
      false,
      false,
      false,
      false,
      false,
      false,
      false,
      false,
      false,
      false,
      false,
      false,
      false,
      false,
      false,
      false,
      false,
      false,
      false,
      false,
      false,
      false,
      false,
      false,
      false,
      false,
      false,
      false,
      false,
      false,
      false,
      false,
      false,
      false,
      false,
      false,
      false,
      false,
      false,
      false,
      false,
      false,
      false,
      false,
      false,
      false,
      false,
      false,
      false,
      false,
      false,
      false,
      false,
      false,
      false,
      false,
      false,
      false,
      false,
      false,
      false,
      false,
      false,
      false,
      false,
      false,
      false,
      false,
      false,
      false,
      false,
      false,
      false,
      false,
      false,
      false,
      false,
      false,
      false,
      false,
      false,
      false,
      false,
      false,
      false,
      false,
      false,
      false,
      false,
      false,
      false,
      false,
      false,
      false,
      false,
      false,
      false,
      false,
      false,
      false,
      false,
      false,
      false,
      false,
      false,
      false,
      false,
      false,
      false,
      false,
      false,
      false,
      false,
      false,
      false,
      false,
      false,
      false,
      false,
      false,
      false,
      false,
      false,
      false,
      false,
      false,
      false,
      false,
      false,
      false,
      false,
      false,
      false,
      false,
      false,
      false,
      false,
      false,
      false,
      false,
      false,
      false,
      false,
      false,
      false,
      false,
      false,
      false,
      false,
      false,
      false,
      false,
      false,
      false,
      false,
      false,
      false,
      false,
      false,
      false,
      false,
      false,
      false,
      false,
      false,
      false,
      false,
      false,
      false,
      false,
      false,
      false,
      false,
      false,
      false,
      false,
      false,
      false,
      false,
      false,
      false,
      false,
      false,
      false,
      false,
      false,
      false,
      false,
      false,
      false,
      false,
      false,
      false,
      false,
      false,
      false,
      false,
      false,
      false,
      false,
      false,
      false,
      false,
      false,
      false,
      false,
      false,
      false,
      false,
      false,
      false,
      false,
      false,
      false,
      false,
      false,
      false,
      false,
      false,
      false,
      false,
      false,
      false,
      false,
      false,
      false,
      false,
      false,
      false,
      false,
      false,
      false,
      false,
      false,
      false,
      false,
      false,
      false,
      false,
      false,
      false,
      false,
      false,
      false,
      false,
      false,
      false,
      false,
      false,
      false,
      false,
      false,
      false,
      false,
      false,
      false,
      false,
      false,
      false,
      false,
      false,
      false,
      false,
      false,
      false,
      false,
      false,
      false,
      false,
      false,
      false,
      false,
      false,
      false,
      false,
      false,
      false,
      false,
      false,
      false,
      false,
      false,
      false,
      false,
      false,
      false,
      false,
      false,
      false,
      false,
      false,
      false,
      false,
      false,
      false,
      false,
      false,
      false,
      false,
      false,
      false,
      false,
      false,
      false,
      false,
      false,
      false,
      false,
      false,
      false,
      false,
      false,
      false,
      false,
      false,
      false,
      false,
      false,
      false,
      false,
      false,
      false,
      false,
      false,
      false,
      false,
      false,
      false,
      false,
      false,
      false,
      false,
      false,
      false,
      false,
      false,
      false,
      false,
      false,
      false,
      false,
      false,
      false,
      false,
      false,
      false,
      false,
      false,
      false,
      false,
      false,
      false,
      false,
      false,
      false,
      false,
      false,
      false,
      false,
      false,
      false,
      false,
      false,
      false,
      false,
      false,
      false,
      false,
      false,
      false,
      false,
      false,
      false,
      false,
      false,
      false,
      false,
      false,
      false,
      false,
      false,
      false,
      false,
      false,
      false,
      false,
      false,
      false,
      false,
      false,
      false,
      false,
      false,
      false,
      false,
      false,
      false,
      false,
      false,
      false,
      false,
      false,
      false,
      false,
      false,
      false,
      false,
      false,
      false,
      false,
      false,
      false,
      false,
      false,
      false,
      false,
      false,
      false,
      false,
      false,
      false,
      false,
      false,
      false,
      false,
      false,
      false,
      false,
      false,
      false,
      false,
      false,
      false,
      false,
      false
    ],
    "is_cutting": [
      false,
      false,
      false,
      false,
      false,
      false,
      false,
      false,
      false,
      false,
      false,
      false,
      false,
      false,
      false,
      false,
      false,
      false,
      false,
      false,
      false,
      false,
      false,
      false,
      false,
      false,
      false,
      false,
      false,
      false,
      false,
      false,
      false,
      false,
      false,
      false,
      false,
      false,
      false,
      false,
      false,
      false,
      false,
      false,
      false,
      false,
      false,
      false,
      false,
      false,
      false,
      false,
      false,
      false,
      false,
      false,
      false,
      false,
      false,
      false,
      false,
      false,
      false,
      false,
      false,
      false,
      false,
      false,
      false,
      false,
      false,
      false,
      false,
      false,
      false,
      false,
      false,
      false,
      false,
      false,
      false,
      false,
      false,
      false,
      false,
      false,
      false,
      false,
      false,
      false,
      false,
      false,
      false,
      false,
      false,
      false,
      false,
      false,
      false,
      false,
      false,
      false,
      false,
      false,
      false,
      false,
      false,
      false,
      false,
      false,
      false,
      false,
      false,
      false,
      false,
      false,
      false,
      false,
      false,
      false,
      false,
      false,
      false,
      false,
      false,
      false,
      false,
      false,
      false,
      false,
      false,
      false,
      false,
      false,
      false,
      false,
      false,
      false,
      false,
      false,
      false,
      false,
      false,
      false,
      false,
      false,
      false,
      false,
      false,
      false,
      false,
      false,
      false,
      false,
      false,
      false,
      false,
      false,
      false,
      false,
      false,
      false,
      false,
      false,
      false,
      false,
      false,
      false,
      false,
      false,
      false,
      false,
      false,
      false,
      false,
      false,
      false,
      false,
      false,
      false,
      false,
      false,
      false,
      false,
      false,
      false,
      false,
      false,
      false,
      false,
      false,
      false,
      false,
      false,
      false,
      false,
      false,
      false,
      false,
      false,
      false,
      false,
      false,
      false,
      false,
      false,
      false,
      false,
      false,
      false,
      false,
      false,
      false,
      false,
      false,
      false,
      false,
      false,
      false,
      false,
      false,
      false,
      false,
      false,
      false,
      false,
      false,
      false,
      false,
      false,
      false,
      false,
      false,
      false,
      false,
      false,
      false,
      false,
      false,
      false,
      false,
      false,
      false,
      false,
      false,
      false,
      false,
      false,
      false,
      false,
      false,
      false,
      false,
      false,
      false,
      false,
      false,
      false,
      false,
      false,
      false,
      false,
      false,
      false,
      false,
      false,
      false,
      false,
      false,
      false,
      false,
      false,
      false,
      false,
      false,
      false,
      false,
      false,
      false,
      false,
      false,
      false,
      false,
      false,
      false,
      false,
      false,
      false,
      false,
      false,
      false,
      false,
      false,
      false,
      false,
      false,
      false,
      false,
      false,
      false,
      false,
      false,
      false,
      false,
      false,
      false,
      false,
      false,
      false,
      false,
      false,
      false,
      false,
      false,
      false,
      false,
      false,
      false,
      false,
      false,
      false,
      false,
      false,
      false,
      false,
      false,
      false,
      false,
      false,
      false,
      false,
      false,
      false,
      false,
      false,
      false,
      false,
      false,
      false,
      false,
      false,
      false,
      false,
      false,
      false,
      false,
      false,
      false,
      false,
      false,
      false,
      false,
      false,
      false,
      false,
      false,
      false,
      false,
      false,
      false,
      false,
      false,
      false,
      false,
      false,
      false,
      false,
      false,
      false,
      false,
      false,
      false,
      false,
      false,
      false,
      false,
      false,
      false,
      false,
      false,
      false,
      false,
      false,
      false,
      false,
      false,
      false,
      false,
      false,
      false,
      false,
      false,
      false,
      false,
      false,
      false,
      false,
      false,
      false,
      false,
      false,
      false,
      false,
      false,
      false,
      false,
      false,
      false,
      false,
      false,
      false,
      false,
      false,
      false,
      false,
      false,
      false,
      false,
      false,
      false,
      false,
      false,
      false,
      false,
      false,
      false,
      false,
      false,
      false,
      false,
      false,
      false,
      false,
      false,
      false,
      false,
      false,
      false,
      false,
      false,
      false,
      false,
      false,
      false,
      false,
      false,
      false,
      false,
      false,
      false,
      false,
      false,
      false,
      false,
      false,
      false,
      false,
      false,
      false,
      false,
      false,
      false,
      false,
      false,
      false,
      false,
      false,
      false,
      false,
      false,
      false,
      false,
      false,
      false,
      false,
      false,
      false,
      false,
      false,
      false,
      false,
      false,
      false,
      false,
      false,
      false,
      false,
      false,
      false,
      false,
      false,
      false,
      false,
      false,
      false,
      false,
      false,
      false,
      false,
      false,
      false,
      false,
      false,
      false,
      false,
      false,
      false,
      false,
      false,
      false,
      false,
      false,
      false,
      false,
      false,
      false,
      false,
      false,
      false,
      false,
      false,
      false,
      false,
      false,
      false,
      false,
      false,
      false,
      false,
      false,
      false,
      false,
      false,
      false,
      false,
      false,
      false,
      false,
      false,
      false,
      false,
      false,
      false,
      false,
      false,
      false,
      false,
      false,
      false,
      false,
      false,
      false,
      false,
      false,
      false,
      false,
      false,
      false,
      false,
      false,
      false,
      false,
      false,
      false,
      false,
      false,
      false,
      false,
      false,
      false,
      false,
      false,
      false,
      false,
      false,
      false,
      false,
      false,
      false,
      false,
      false,
      false,
      false,
      false,
      false,
      false,
      false,
      false,
      false,
      false,
      false,
      false,
      false,
      false,
      false,
      false,
      false,
      false,
      false,
      false,
      false,
      false,
      false,
      false,
      false,
      false,
      false,
      false,
      false,
      false,
      false,
      false,
      false,
      false,
      false,
      false,
      false,
      false,
      false,
      false,
      false,
      false,
      false,
      false,
      false,
      false,
      false,
      false,
      false,
      false,
      false,
      false,
      false,
      false,
      false,
      false,
      false,
      false,
      false,
      false,
      false,
      false,
      false,
      false,
      false,
      false,
      false,
      false,
      false,
      false,
      false,
      false,
      false,
      false,
      false,
      false,
      false,
      false,
      false,
      false,
      false,
      false,
      false,
      false,
      false,
      false,
      false,
      false,
      false,
      false,
      false,
      false,
      false,
      false,
      false,
      false,
      false,
      false,
      false,
      false,
      false,
      false,
      false,
      false,
      false,
      false,
      false,
      false,
      false,
      false,
      false,
      false,
      false,
      false,
      false,
      false,
      false,
      false,
      false,
      false,
      false,
      false,
      false,
      false,
      false,
      false,
      false,
      false,
      false,
      false,
      false,
      false,
      false,
      false,
      false,
      false,
      false,
      false,
      false,
      false,
      false,
      false,
      false,
      false,
      false,
      false,
      false,
      false,
      false,
      false,
      false,
      false,
      false,
      false,
      false,
      false,
      false,
      false,
      false,
      false,
      false,
      false,
      false,
      false,
      false,
      false,
      false,
      false,
      false,
      false,
      false,
      false,
      false,
      false,
      false,
      false,
      false,
      false,
      false,
      false,
      false,
      false,
      false,
      false,
      false,
      false,
      false,
      false,
      false,
      false,
      false,
      false,
      false,
      false,
      false,
      false,
      false,
      false,
      false,
      false,
      false,
      false,
      false,
      false,
      false,
      false,
      false,
      false,
      false,
      false,
      false,
      false,
      false,
      false,
      false,
      false,
      false,
      false,
      false,
      false,
      false,
      false,
      false,
      false,
      false,
      false,
      false,
      false,
      false,
      false,
      false,
      false,
      false,
      false,
      false,
      false,
      false,
      false,
      false,
      false,
      false,
      false,
      false,
      false,
      false,
      false,
      false,
      false,
      false,
      false,
      false,
      false,
      false,
      false,
      false,
      false,
      false,
      false,
      false,
      false,
      false,
      false,
      false,
      false,
      false,
      false,
      false,
      false,
      false,
      false,
      false,
      false,
      false,
      false,
      false,
      false,
      false,
      false,
      false,
      false,
      false,
      false,
      false,
      false,
      false,
      false,
      false,
      false,
      false,
      false,
      false,
      false,
      false,
      false,
      false,
      false,
      false,
      false,
      false,
      false,
      false,
      false,
      false,
      false,
      false,
      false,
      false,
      false,
      false,
      false,
      false,
      false,
      false,
      false,
      false,
      false,
      false,
      false,
      false,
      false,
      false,
      false,
      false,
      false,
      false,
      false,
      false,
      false,
      false,
      false,
      false,
      false,
      false,
      false,
      false,
      false,
      false,
      false,
      false,
      false,
      false,
      false,
      false,
      false,
      false,
      false,
      false,
      false,
      false,
      false,
      false,
      false,
      false,
      false,
      false,
      false,
      false,
      false,
      false,
      false,
      false,
      false,
      false,
      false,
      false,
      false,
      false,
      false,
      false,
      false,
      false,
      false,
      false,
      false,
      false,
      false,
      false,
      false,
      false,
      false,
      false,
      false,
      false,
      false,
      false,
      false,
      false,
      false,
      false,
      false,
      false,
      false,
      false,
      false,
      false,
      false,
      false,
      false,
      false,
      false,
      false,
      false,
      false,
      false,
      false,
      false,
      false,
      false,
      false,
      false,
      false,
      false,
      false,
      false,
      false,
      false,
      false,
      false,
      false,
      false,
      false,
      false,
      false,
      false,
      false,
      false,
      false,
      false,
      false,
      false,
      false,
      false,
      false,
      false,
      false,
      false,
      false,
      false,
      false,
      false,
      false,
      false,
      false,
      false,
      false,
      false,
      false,
      false,
      false,
      false,
      false,
      false,
      false,
      false,
      false,
      false,
      false,
      false,
      false,
      false,
      false,
      false,
      false,
      false,
      false,
      false,
      false,
      false,
      false,
      false,
      false,
      false,
      false,
      false,
      false,
      false,
      false,
      false,
      false,
      false,
      false,
      false,
      false,
      false,
      false,
      false,
      false,
      false,
      false,
      false,
      false,
      false,
      false,
      false,
      false,
      false,
      false,
      false,
      false,
      false,
      false,
      false,
      false,
      false,
      false,
      false,
      false,
      false,
      false,
      false,
      false,
      false,
      false,
      false,
      false,
      false,
      false,
      false,
      false,
      false,
      false,
      false,
      false,
      false,
      false,
      false,
      false,
      false,
      false,
      false,
      false,
      false,
      false,
      false,
      false,
      false,
      false,
      false,
      false,
      false,
      false,
      false,
      false,
      false,
      false,
      false,
      false,
      false,
      false,
      false,
      false,
      false,
      false,
      false,
      false,
      false,
      false,
      false,
      false,
      false,
      false,
      false,
      false,
      false,
      false,
      false,
      false,
      false,
      false,
      false,
      false,
      false,
      false,
      false,
      false,
      false,
      false,
      false,
      false,
      false,
      false,
      false,
      false,
      false,
      false,
      false,
      false,
      false,
      false,
      false,
      false,
      false,
      false,
      false,
      false,
      false,
      false,
      false,
      false,
      false,
      false,
      false,
      false,
      false,
      false,
      false,
      false,
      false,
      false,
      false,
      false,
      false,
      false,
      false,
      false,
      false,
      false,
      false,
      false,
      false,
      false,
      false,
      false,
      false,
      false,
      false,
      false,
      false,
      false,
      false,
      false,
      false,
      false,
      false,
      false,
      false,
      false,
      false,
      false,
      false,
      false,
      false,
      false,
      false,
      false,
      false,
      false,
      false,
      false,
      false,
      false,
      false,
      false,
      false,
      false,
      false,
      false,
      false,
      false,
      false,
      false,
      false,
      false,
      false,
      false,
      false,
      false,
      false,
      false,
      false,
      false,
      false,
      false,
      false,
      false,
      false,
      false,
      false,
      false,
      false,
      false,
      false,
      false,
      false,
      false,
      false,
      false,
      false,
      false,
      false,
      false,
      false,
      false,
      false,
      false,
      false,
      false,
      false,
      false,
      false,
      false,
      false,
      false,
      false,
      false,
      false,
      false,
      false,
      false,
      false,
      false,
      false,
      false,
      false,
      false,
      false,
      false,
      false,
      false,
      false,
      false,
      false,
      false,
      false,
      false,
      false,
      false,
      false,
      false,
      false,
      false,
      false,
      false,
      false,
      false,
      false,
      false,
      false,
      false,
      false,
      false,
      false,
      false,
      false,
      false,
      false,
      false,
      false,
      false,
      false,
      false,
      false,
      false,
      false,
      false,
      false,
      false,
      false,
      false,
      false,
      false,
      false,
      false,
      false,
      false,
      false,
      false,
      false,
      false,
      false,
      false,
      false,
      false,
      false,
      false,
      false,
      false,
      false,
      false,
      false,
      false,
      false,
      false,
      false,
      false,
      false,
      false,
      false,
      false,
      false,
      false,
      false,
      false,
      false,
      false,
      false,
      false,
      false,
      false,
      false,
      false,
      false,
      false,
      false,
      false,
      false,
      false,
      false,
      false,
      false,
      false,
      false,
      false,
      false,
      false,
      false,
      false,
      false,
      false,
      false,
      false,
      false,
      false,
      false,
      false,
      false,
      false,
      false,
      false,
      false,
      false,
      false,
      false,
      false,
      false,
      false,
      false,
      false,
      false,
      false,
      false,
      false,
      false,
      false,
      false,
      false,
      false,
      false,
      false,
      false,
      false,
      false,
      false,
      false,
      false,
      false,
      false,
      false,
      false,
      false,
      false,
      false,
      false,
      false,
      false,
      false,
      false,
      false,
      false,
      false,
      false,
      false,
      false,
      false,
      false,
      false,
      false,
      false,
      false,
      false,
      false,
      false,
      false,
      false,
      false,
      false,
      false,
      false,
      false,
      false,
      false,
      false,
      false,
      false,
      false,
      false,
      false,
      false,
      false,
      false,
      false,
      false,
      false,
      false,
      false,
      false,
      false,
      false,
      false,
      false,
      false,
      false,
      false,
      false,
      false,
      false,
      false,
      false,
      false,
      false,
      false,
      false,
      false,
      false,
      false,
      false,
      false,
      false,
      false,
      false,
      false,
      false,
      false,
      false,
      false,
      false,
      false,
      false,
      false,
      false,
      false,
      false,
      false,
      false,
      false,
      false,
      false,
      false,
      false,
      false,
      false,
      false,
      false,
      false,
      false,
      false,
      false,
      false,
      false,
      false,
      false,
      false,
      false,
      false,
      false,
      false,
      false,
      false,
      false,
      false,
      false,
      false,
      false,
      false,
      false,
      false,
      false,
      false,
      false,
      false,
      false,
      false,
      false,
      false,
      false,
      false,
      false,
      false,
      false,
      false,
      false,
      false,
      false,
      false,
      false,
      false,
      false,
      false,
      false,
      false,
      false,
      false,
      false,
      false,
      false,
      false,
      false,
      false,
      false,
      false,
      false,
      false,
      false,
      false,
      false,
      false,
      false,
      false,
      false,
      false,
      false,
      false,
      false,
      false,
      false,
      false,
      false,
      false,
      false,
      false,
      false,
      false,
      false,
      false,
      false,
      false,
      false,
      false,
      false,
      false,
      false,
      false,
      false,
      false,
      false,
      false,
      false,
      false,
      false,
      false,
      false,
      false,
      false,
      false,
      false,
      false,
      false,
      false,
      false,
      false,
      false,
      false,
      false,
      false,
      false,
      false,
      false,
      false,
      false,
      false,
      false,
      false,
      false,
      false,
      false,
      false,
      false,
      false,
      false,
      false,
      false,
      false,
      false,
      false,
      false,
      false,
      false,
      false,
      false,
      false,
      false,
      false,
      false,
      false,
      false,
      false,
      false,
      false,
      false,
      false,
      false,
      false,
      false,
      false,
      false,
      false,
      false,
      false,
      false,
      false,
      false,
      false,
      false,
      false,
      false,
      false,
      false,
      false,
      false,
      false,
      false,
      false,
      false,
      false,
      false,
      false,
      false,
      false,
      false,
      false,
      false,
      false,
      false,
      false,
      false,
      false,
      false,
      false,
      false,
      false,
      false,
      false,
      false,
      false,
      false,
      false,
      false,
      false,
      false,
      false,
      false,
      false,
      false,
      false,
      false,
      false,
      false,
      false,
      false,
      false,
      false,
      false,
      false,
      false,
      false,
      false,
      false,
      false,
      false,
      false,
      false,
      false,
      false,
      false,
      false,
      false,
      false,
      false,
      false,
      false,
      false,
      false,
      false,
      false,
      false,
      false,
      false,
      false,
      false,
      false,
      false,
      false,
      false,
      false,
      false,
      false,
      false,
      false,
      false,
      false,
      false,
      false,
      false,
      false,
      false,
      false,
      false,
      false,
      false,
      false,
      false,
      false,
      false,
      false,
      false,
      false,
      false,
      false,
      false,
      false,
      false,
      false,
      false,
      false,
      false,
      false,
      false,
      false,
      false,
      false,
      false,
      false,
      false,
      false,
      false,
      false,
      false,
      false,
      false,
      false,
      false,
      false,
      false,
      false,
      false,
      false,
      false,
      false,
      false,
      false,
      false,
      false,
      false,
      false,
      false,
      false,
      false,
      false,
      false,
      false,
      false,
      false,
      false,
      false,
      false,
      false,
      false,
      false,
      false,
      false,
      false,
      false,
      false,
      false,
      false,
      false,
      false,
      false,
      false,
      false,
      false,
      false,
      false,
      false,
      false,
      false,
      false,
      false,
      false,
      false,
      false,
      false,
      false,
      false,
      false,
      false,
      false,
      false,
      false,
      false,
      false,
      false,
      false,
      false,
      false,
      false,
      false,
      false,
      false,
      false,
      false,
      false,
      false,
      false,
      false,
      false,
      false,
      false,
      false,
      false,
      false,
      false,
      false,
      false,
      false,
      false,
      false,
      false,
      false,
      false,
      false,
      false,
      false,
      false,
      false,
      false,
      false,
      false,
      false,
      false,
      false,
      false,
      false,
      false,
      false,
      false,
      false,
      false,
      false,
      false,
      false,
      false,
      false,
      false,
      false,
      false,
      false,
      false,
      false,
      false,
      false,
      false,
      false,
      false,
      false,
      false,
      false,
      false,
      false,
      false,
      false,
      false,
      false,
      false,
      false,
      false,
      false,
      false,
      false,
      false,
      false,
      false,
      false,
      false,
      false,
      false,
      false,
      false,
      false,
      false,
      false,
      false,
      false,
      false,
      false,
      false,
      false,
      false,
      false,
      false,
      false,
      false,
      false,
      false,
      false,
      false,
      false,
      false,
      false,
      false,
      false,
      false,
      false,
      false,
      false,
      false,
      false,
      false,
      false,
      false,
      false,
      false,
      false,
      false,
      false,
      false,
      false,
      false,
      false,
      false,
      false,
      false,
      false,
      false,
      false,
      false,
      false,
      false,
      false,
      false,
      false,
      false,
      false,
      false,
      false,
      false,
      false,
      false,
      false,
      false,
      false,
      false,
      false,
      false,
      false,
      false,
      false,
      false,
      false,
      false,
      false,
      false,
      false,
      false,
      false,
      false,
      false,
      false,
      false,
      false,
      false,
      false,
      false,
      false,
      false,
      false,
      false,
      false,
      false,
      false,
      false,
      false,
      false,
      false,
      false,
      false,
      false,
      false,
      false,
      false,
      false,
      false,
      false,
      false,
      false,
      false,
      false,
      false,
      false,
      false,
      false,
      false,
      false,
      false,
      false,
      false,
      false,
      false,
      false,
      false,
      false,
      false,
      false,
      false,
      false,
      false,
      false,
      false,
      false,
      false,
      false,
      false,
      false,
      false,
      false,
      false,
      false,
      false,
      false,
      false,
      false,
      false,
      false,
      false,
      false,
      false,
      false,
      false,
      false,
      false,
      false,
      false,
      false,
      false,
      false,
      false,
      false,
      false,
      false,
      false,
      false,
      false,
      false,
      false,
      false,
      false,
      false,
      false,
      false,
      false,
      false,
      false,
      false,
      false,
      false,
      false,
      false,
      false,
      false,
      false,
      false,
      false,
      false,
      false,
      false,
      false,
      false,
      false,
      false,
      false,
      false,
      false,
      false,
      false,
      false,
      false,
      false,
      false,
      false,
      false,
      false,
      false,
      false,
      false,
      false,
      false,
      false,
      false,
      false,
      false,
      false,
      false,
      false,
      false,
      false,
      false,
      false,
      false,
      false,
      false,
      false,
      false,
      false,
      false,
      false,
      false,
      false,
      false,
      false,
      false,
      false,
      false,
      false,
      false,
      false,
      false,
      false,
      false,
      false,
      false,
      false,
      false,
      false,
      false,
      false,
      false,
      false,
      false,
      false,
      false,
      false,
      false,
      false,
      false,
      false,
      false,
      false,
      false,
      false,
      false,
      false,
      false,
      false,
      false,
      false,
      false,
      false,
      false,
      false,
      false,
      false,
      false,
      false,
      false,
      false,
      false,
      false,
      false,
      false,
      false,
      false,
      false,
      false,
      false,
      false,
      false,
      false,
      false,
      false,
      false,
      false,
      false,
      false,
      false,
      false,
      false,
      false,
      false,
      false,
      false,
      false,
      false,
      false,
      false,
      false,
      false,
      false,
      false,
      false,
      false,
      false,
      false,
      false,
      false,
      false,
      false,
      false,
      false,
      false,
      false,
      false,
      false,
      false,
      false,
      false,
      false,
      false,
      false,
      false,
      false,
      false,
      false,
      false,
      false,
      false,
      false,
      false,
      false,
      false,
      false,
      false,
      false,
      false,
      false,
      false,
      false,
      false,
      false,
      false,
      false,
      false,
      false,
      false,
      false,
      false,
      false,
      false,
      false,
      false,
      false,
      false,
      false,
      false,
      false,
      false,
      false,
      false,
      false,
      false,
      false,
      false,
      false,
      false,
      false,
      false,
      false,
      false,
      false,
      false,
      false,
      false,
      false,
      false,
      false,
      false,
      false,
      false,
      false,
      false,
      false,
      false,
      false,
      false,
      false,
      false,
      false,
      false,
      false,
      false,
      false,
      false,
      false,
      false,
      false,
      false,
      false,
      false,
      false,
      false,
      false,
      false,
      false,
      false,
      false,
      false,
      false,
      false,
      false,
      false,
      false,
      false,
      false,
      false,
      false,
      false,
      false,
      false,
      false,
      false,
      false,
      false,
      false,
      false,
      false,
      false,
      false,
      false,
      false,
      false,
      false,
      false,
      false,
      false,
      false,
      false,
      false,
      false,
      false,
      false,
      false,
      false,
      false,
      false,
      false,
      false,
      false,
      false,
      false,
      false,
      false,
      false,
      false,
      false,
      false,
      false,
      false,
      false,
      false,
      false,
      false,
      false,
      false,
      false,
      false,
      false,
      false,
      false,
      false,
      false,
      false,
      false,
      false,
      false,
      false,
      false,
      false,
      false,
      false,
      false,
      false,
      false,
      false,
      false,
      false,
      false,
      false,
      false,
      false,
      false,
      false,
      false,
      false,
      false,
      false,
      false,
      false,
      false,
      false,
      false,
      false,
      false,
      false,
      false,
      false,
      false,
      false,
      false,
      false,
      false,
      false,
      false,
      false,
      false,
      false,
      false,
      false,
      false,
      false,
      false,
      false,
      false,
      false,
      false,
      false,
      false,
      false,
      false,
      false,
      false,
      false,
      false,
      false,
      false,
      false,
      false,
      false,
      false,
      false,
      false,
      false,
      false,
      false,
      false,
      false,
      false,
      false,
      false,
      false,
      false,
      false,
      false,
      false,
      false,
      false,
      false,
      false,
      false,
      false,
      false,
      false,
      false,
      false,
      false,
      false,
      false,
      false,
      false,
      false,
      false,
      false,
      false,
      false,
      false,
      false,
      false,
      false,
      false,
      false,
      false,
      false,
      false,
      false,
      false,
      false,
      false,
      false,
      false,
      false,
      false,
      false,
      false,
      false,
      false,
      false,
      false,
      false,
      false,
      false,
      false,
      false,
      false,
      false,
      false,
      false,
      false,
      false,
      false,
      false,
      false,
      false,
      false,
      false,
      false,
      false,
      false,
      false,
      false,
      false,
      false,
      false,
      false,
      false,
      false,
      false,
      false,
      false,
      false,
      false,
      false,
      false,
      false,
      false,
      false,
      false,
      false,
      false,
      false,
      false,
      false,
      false,
      false,
      false,
      false,
      false,
      false,
      false,
      false,
      false,
      false,
      false,
      false,
      false,
      false,
      false,
      false,
      false,
      false,
      false,
      false,
      false,
      false,
      false,
      false,
      false,
      false,
      false,
      false,
      false,
      false,
      false,
      false,
      false,
      false,
      false,
      false,
      false,
      false,
      false,
      false,
      false,
      false,
      false,
      false,
      false,
      false,
      false,
      false,
      false,
      false,
      false,
      false,
      false,
      false,
      false,
      false,
      false,
      false,
      false,
      false,
      false,
      false,
      false,
      false,
      false,
      false,
      false,
      false,
      false,
      false,
      false,
      false,
      false,
      false,
      false,
      false,
      false,
      false,
      false,
      false,
      false,
      false
    ],
    "is_embankment": [
      false,
      false,
      false,
      false,
      false,
      false,
      false,
      false,
      false,
      false,
      false,
      false,
      false,
      false,
      false,
      false,
      false,
      false,
      false,
      false,
      false,
      false,
      false,
      false,
      false,
      false,
      false,
      false,
      false,
      false,
      false,
      false,
      false,
      false,
      false,
      false,
      false,
      false,
      false,
      false,
      false,
      false,
      false,
      false,
      false,
      false,
      false,
      false,
      false,
      false,
      false,
      false,
      false,
      false,
      false,
      false,
      false,
      false,
      false,
      false,
      false,
      false,
      false,
      false,
      false,
      false,
      false,
      false,
      false,
      false,
      false,
      false,
      false,
      false,
      false,
      false,
      false,
      false,
      false,
      false,
      false,
      false,
      false,
      false,
      false,
      false,
      false,
      false,
      false,
      false,
      false,
      false,
      false,
      false,
      false,
      false,
      false,
      false,
      false,
      false,
      false,
      false,
      false,
      false,
      false,
      false,
      false,
      false,
      false,
      false,
      false,
      false,
      false,
      false,
      false,
      false,
      false,
      false,
      false,
      false,
      false,
      false,
      false,
      false,
      false,
      false,
      false,
      false,
      false,
      false,
      false,
      false,
      false,
      false,
      false,
      false,
      false,
      false,
      false,
      false,
      false,
      false,
      false,
      false,
      false,
      false,
      false,
      false,
      false,
      false,
      false,
      false,
      false,
      false,
      false,
      false,
      false,
      false,
      false,
      false,
      false,
      false,
      false,
      false,
      false,
      false,
      false,
      false,
      false,
      false,
      false,
      false,
      false,
      false,
      false,
      false,
      false,
      false,
      false,
      false,
      false,
      false,
      false,
      false,
      false,
      false,
      false,
      false,
      false,
      false,
      false,
      false,
      false,
      false,
      false,
      false,
      false,
      false,
      false,
      false,
      false,
      false,
      false,
      false,
      false,
      false,
      false,
      false,
      false,
      false,
      false,
      false,
      false,
      false,
      false,
      false,
      false,
      false,
      false,
      false,
      false,
      false,
      false,
      false,
      false,
      false,
      false,
      false,
      false,
      false,
      false,
      false,
      false,
      false,
      false,
      false,
      false,
      false,
      false,
      false,
      false,
      false,
      false,
      false,
      false,
      false,
      false,
      false,
      false,
      false,
      false,
      false,
      false,
      false,
      false,
      false,
      false,
      false,
      false,
      false,
      false,
      false,
      false,
      false,
      false,
      false,
      false,
      false,
      false,
      false,
      false,
      false,
      false,
      false,
      false,
      false,
      false,
      false,
      false,
      false,
      false,
      false,
      false,
      false,
      false,
      false,
      false,
      false,
      false,
      false,
      false,
      false,
      false,
      false,
      false,
      false,
      false,
      false,
      false,
      false,
      false,
      false,
      false,
      false,
      false,
      false,
      false,
      false,
      false,
      false,
      false,
      false,
      false,
      false,
      false,
      false,
      false,
      false,
      false,
      false,
      false,
      false,
      false,
      false,
      false,
      false,
      false,
      false,
      false,
      false,
      false,
      false,
      false,
      false,
      false,
      false,
      false,
      false,
      false,
      false,
      false,
      false,
      false,
      false,
      false,
      false,
      false,
      false,
      false,
      false,
      false,
      false,
      false,
      false,
      false,
      false,
      false,
      false,
      false,
      false,
      false,
      false,
      false,
      false,
      false,
      false,
      false,
      false,
      false,
      false,
      false,
      false,
      false,
      false,
      false,
      false,
      false,
      false,
      false,
      false,
      false,
      false,
      false,
      false,
      false,
      false,
      false,
      false,
      false,
      false,
      false,
      false,
      false,
      false,
      false,
      false,
      false,
      false,
      false,
      false,
      false,
      false,
      false,
      false,
      false,
      false,
      false,
      false,
      false,
      false,
      false,
      false,
      false,
      false,
      false,
      false,
      false,
      false,
      false,
      false,
      false,
      false,
      false,
      false,
      false,
      false,
      false,
      false,
      false,
      false,
      false,
      false,
      false,
      false,
      false,
      false,
      false,
      false,
      false,
      false,
      false,
      false,
      false,
      false,
      false,
      false,
      false,
      false,
      false,
      false,
      false,
      false,
      false,
      false,
      false,
      false,
      false,
      false,
      false,
      false,
      false,
      false,
      false,
      false,
      false,
      false,
      false,
      false,
      false,
      false,
      false,
      false,
      false,
      false,
      false,
      false,
      false,
      false,
      false,
      false,
      false,
      false,
      false,
      false,
      false,
      false,
      false,
      false,
      false,
      false,
      false,
      false,
      false,
      false,
      false,
      false,
      false,
      false,
      false,
      false,
      false,
      false,
      false,
      false,
      false,
      false,
      false,
      false,
      false,
      false,
      false,
      false,
      false,
      false,
      false,
      false,
      false,
      false,
      false,
      false,
      false,
      false,
      false,
      false,
      false,
      false,
      false,
      false,
      false,
      false,
      false,
      false,
      false,
      false,
      false,
      false,
      false,
      false,
      false,
      false,
      false,
      false,
      false,
      false,
      false,
      false,
      false,
      false,
      false,
      false,
      false,
      false,
      false,
      false,
      false,
      false,
      false,
      false,
      false,
      false,
      false,
      false,
      false,
      false,
      false,
      false,
      false,
      false,
      false,
      false,
      false,
      false,
      false,
      false,
      false,
      false,
      false,
      false,
      false,
      false,
      false,
      false,
      false,
      false,
      false,
      false,
      false,
      false,
      false,
      false,
      false,
      false,
      false,
      false,
      false,
      false,
      false,
      false,
      false,
      false,
      false,
      false,
      false,
      false,
      false,
      false,
      false,
      false,
      false,
      false,
      false,
      false,
      false,
      false,
      false,
      false,
      false,
      false,
      false,
      false,
      false,
      false,
      false,
      false,
      false,
      false,
      false,
      false,
      false,
      false,
      false,
      false,
      false,
      false,
      false,
      false,
      false,
      false,
      false,
      false,
      false,
      false,
      false,
      false,
      false,
      false,
      false,
      false,
      false,
      false,
      false,
      false,
      false,
      false,
      false,
      false,
      false,
      false,
      false,
      false,
      false,
      false,
      false,
      false,
      false,
      false,
      false,
      false,
      false,
      false,
      false,
      false,
      false,
      false,
      false,
      false,
      false,
      false,
      false,
      false,
      false,
      false,
      false,
      false,
      false,
      false,
      false,
      false,
      false,
      false,
      false,
      false,
      false,
      false,
      false,
      false,
      false,
      false,
      false,
      false,
      false,
      false,
      false,
      false,
      false,
      false,
      false,
      false,
      false,
      false,
      false,
      false,
      false,
      false,
      false,
      false,
      false,
      false,
      false,
      false,
      false,
      false,
      false,
      false,
      false,
      false,
      false,
      false,
      false,
      false,
      false,
      false,
      false,
      false,
      false,
      false,
      false,
      false,
      false,
      false,
      false,
      false,
      false,
      false,
      false,
      false,
      false,
      false,
      false,
      false,
      false,
      false,
      false,
      false,
      false,
      false,
      false,
      false,
      false,
      false,
      false,
      false,
      false,
      false,
      false,
      false,
      false,
      false,
      false,
      false,
      false,
      false,
      false,
      false,
      false,
      false,
      false,
      false,
      false,
      false,
      false,
      false,
      false,
      false,
      false,
      false,
      false,
      false,
      false,
      false,
      false,
      false,
      false,
      false,
      false,
      false,
      false,
      false,
      false,
      false,
      false,
      false,
      false,
      false,
      false,
      false,
      false,
      false,
      false,
      false,
      false,
      false,
      false,
      false,
      false,
      false,
      false,
      false,
      false,
      false,
      false,
      false,
      false,
      false,
      false,
      false,
      false,
      false,
      false,
      false,
      false,
      false,
      false,
      false,
      false,
      false,
      false,
      false,
      false,
      false,
      false,
      false,
      false,
      false,
      false,
      false,
      false,
      false,
      false,
      false,
      false,
      false,
      false,
      false,
      false,
      false,
      false,
      false,
      false,
      false,
      false,
      false,
      false,
      false,
      false,
      false,
      false,
      false,
      false,
      false,
      false,
      false,
      false,
      false,
      false,
      false,
      false,
      false,
      false,
      false,
      false,
      false,
      false,
      false,
      false,
      false,
      false,
      false,
      false,
      false,
      false,
      false,
      false,
      false,
      false,
      false,
      false,
      false,
      false,
      false,
      false,
      false,
      false,
      false,
      false,
      false,
      false,
      false,
      false,
      false,
      false,
      false,
      false,
      false,
      false,
      false,
      false,
      false,
      false,
      false,
      false,
      false,
      false,
      false,
      false,
      false,
      false,
      false,
      false,
      false,
      false,
      false,
      false,
      false,
      false,
      false,
      false,
      false,
      false,
      false,
      false,
      false,
      false,
      false,
      false,
      false,
      false,
      false,
      false,
      false,
      false,
      false,
      false,
      false,
      false,
      false,
      false,
      false,
      false,
      false,
      false,
      false,
      false,
      false,
      false,
      false,
      false,
      false,
      false,
      false,
      false,
      false,
      false,
      false,
      false,
      false,
      false,
      false,
      false,
      false,
      false,
      false,
      false,
      false,
      false,
      false,
      false,
      false,
      false,
      false,
      false,
      false,
      false,
      false,
      false,
      false,
      false,
      false,
      false,
      false,
      false,
      false,
      false,
      false,
      false,
      false,
      false,
      false,
      false,
      false,
      false,
      false,
      false,
      false,
      false,
      false,
      false,
      false,
      false,
      false,
      false,
      false,
      false,
      false,
      false,
      false,
      false,
      false,
      false,
      false,
      false,
      false,
      false,
      false,
      false,
      false,
      false,
      false,
      false,
      false,
      false,
      false,
      false,
      false,
      false,
      false,
      false,
      false,
      false,
      false,
      false,
      false,
      false,
      false,
      false,
      false,
      false,
      false,
      false,
      false,
      false,
      false,
      false,
      false,
      false,
      false,
      false,
      false,
      false,
      false,
      false,
      false,
      false,
      false,
      false,
      false,
      false,
      false,
      false,
      false,
      false,
      false,
      false,
      false,
      false,
      false,
      false,
      false,
      false,
      false,
      false,
      false,
      false,
      false,
      false,
      false,
      false,
      false,
      false,
      false,
      false,
      false,
      false,
      false,
      false,
      false,
      false,
      false,
      false,
      false,
      false,
      false,
      false,
      false,
      false,
      false,
      false,
      false,
      false,
      false,
      false,
      false,
      false,
      false,
      false,
      false,
      false,
      false,
      false,
      false,
      false,
      false,
      false,
      false,
      false,
      false,
      false,
      false,
      false,
      false,
      false,
      false,
      false,
      false,
      false,
      false,
      false,
      false,
      false,
      false,
      false,
      false,
      false,
      false,
      false,
      false,
      false,
      false,
      false,
      false,
      false,
      false,
      false,
      false,
      false,
      false,
      false,
      false,
      false,
      false,
      false,
      false,
      false,
      false,
      false,
      false,
      false,
      false,
      false,
      false,
      false,
      false,
      false,
      false,
      false,
      false,
      false,
      false,
      false,
      false,
      false,
      false,
      false,
      false,
      false,
      false,
      false,
      false,
      false,
      false,
      false,
      false,
      false,
      false,
      false,
      false,
      false,
      false,
      false,
      false,
      false,
      false,
      false,
      false,
      false,
      false,
      false,
      false,
      false,
      false,
      false,
      false,
      false,
      false,
      false,
      false,
      false,
      false,
      false,
      false,
      false,
      false,
      false,
      false,
      false,
      false,
      false,
      false,
      false,
      false,
      false,
      false,
      false,
      false,
      false,
      false,
      false,
      false,
      false,
      false,
      false,
      false,
      false,
      false,
      false,
      false,
      false,
      false,
      false,
      false,
      false,
      false,
      false,
      false,
      false,
      false,
      false,
      false,
      false,
      false,
      false,
      false,
      false,
      false,
      false,
      false,
      false,
      false,
      false,
      false,
      false,
      false,
      false,
      false,
      false,
      false,
      false,
      false,
      false,
      false,
      false,
      false,
      false,
      false,
      false,
      false,
      false,
      false,
      false,
      false,
      false,
      false,
      false,
      false,
      false,
      false,
      false,
      false,
      false,
      false,
      false,
      false,
      false,
      false,
      false,
      false,
      false,
      false,
      false,
      false,
      false,
      false,
      false,
      false,
      false,
      false,
      false,
      false,
      false,
      false,
      false,
      false,
      false,
      false,
      false,
      false,
      false,
      false,
      false,
      false,
      false,
      false,
      false,
      false,
      false,
      false,
      false,
      false,
      false,
      false,
      false,
      false,
      false,
      false,
      false,
      false,
      false,
      false,
      false,
      false,
      false,
      false,
      false,
      false,
      false,
      false,
      false,
      false,
      false,
      false,
      false,
      false,
      false,
      false,
      false,
      false,
      false,
      false,
      false,
      false,
      false,
      false,
      false,
      false,
      false,
      false,
      false,
      false,
      false,
      false,
      false,
      false,
      false,
      false,
      false,
      false,
      false,
      false,
      false,
      false,
      false,
      false,
      false,
      false,
      false,
      false,
      false,
      false,
      false,
      false,
      false,
      false,
      false,
      false,
      false,
      false,
      false,
      false,
      false,
      false,
      false,
      false,
      false,
      false,
      false,
      false,
      false,
      false,
      false,
      false,
      false,
      false,
      false,
      false,
      false,
      false,
      false,
      false,
      false,
      false,
      false,
      false,
      false,
      false,
      false,
      false,
      false,
      false,
      false,
      false,
      false,
      false,
      false,
      false,
      false,
      false,
      false,
      false,
      false,
      false,
      false,
      false,
      false,
      false,
      false,
      false,
      false,
      false,
      false,
      false,
      false,
      false,
      false,
      false,
      false,
      false,
      false,
      false,
      false,
      false,
      false,
      false,
      false,
      false,
      false,
      false,
      false,
      false,
      false,
      false,
      false,
      false,
      false,
      false,
      false,
      false,
      false,
      false,
      false,
      false,
      false,
      false,
      false,
      false,
      false,
      false,
      false,
      false,
      false,
      false,
      false,
      false,
      false,
      false,
      false,
      false,
      false,
      false,
      false,
      false,
      false,
      false,
      false,
      false,
      false,
      false,
      false,
      false,
      false,
      false,
      false,
      false,
      false,
      false,
      false,
      false,
      false,
      false,
      false,
      false,
      false,
      false,
      false,
      false,
      false,
      false,
      false,
      false,
      false,
      false,
      false,
      false,
      false,
      false,
      false,
      false,
      false,
      false,
      false,
      false,
      false,
      false,
      false,
      false,
      false,
      false,
      false,
      false,
      false,
      false,
      false,
      false,
      false,
      false,
      false,
      false,
      false,
      false,
      false,
      false,
      false,
      false,
      false,
      false,
      false,
      false,
      false,
      false,
      false,
      false,
      false,
      false,
      false,
      false,
      false,
      false,
      false,
      false,
      false,
      false,
      false,
      false,
      false,
      false,
      false,
      false,
      false,
      false,
      false,
      false,
      false,
      false,
      false,
      false,
      false,
      false,
      false,
      false,
      false,
      false,
      false,
      false,
      false,
      false,
      false,
      false,
      false,
      false,
      false,
      false,
      false,
      false,
      false,
      false,
      false,
      false,
      false,
      false,
      false,
      false,
      false,
      false,
      false,
      false,
      false,
      false,
      false,
      false,
      false,
      false,
      false,
      false,
      false,
      false,
      false,
      false,
      false,
      false,
      false,
      false,
      false,
      false,
      false,
      false,
      false,
      false,
      false,
      false,
      false,
      false,
      false,
      false,
      false,
      false,
      false,
      false,
      false,
      false,
      false,
      false,
      false,
      false,
      false,
      false,
      false,
      false,
      false,
      false,
      false,
      false,
      false,
      false,
      false,
      false,
      false,
      false,
      false,
      false,
      false,
      false,
      false,
      false,
      false,
      false,
      false,
      false,
      false,
      false,
      false,
      false,
      false,
      false,
      false,
      false,
      false,
      false,
      false,
      false,
      false,
      false,
      false,
      false,
      false,
      false,
      false,
      false,
      false,
      false,
      false,
      false,
      false,
      false,
      false,
      false,
      false,
      false,
      false,
      false,
      false,
      false,
      false,
      false,
      false,
      false,
      false,
      false,
      false,
      false,
      false,
      false,
      false,
      false,
      false,
      false,
      false,
      false,
      false,
      false,
      false,
      false,
      false,
      false,
      false,
      false,
      false,
      false,
      false,
      false,
      false,
      false,
      false,
      false,
      false,
      false,
      false,
      false,
      false,
      false,
      false,
      false,
      false,
      false,
      false,
      false,
      false,
      false,
      false,
      false,
      false,
      false,
      false,
      false,
      false,
      false,
      false,
      false,
      false,
      false,
      false,
      false,
      false,
      false,
      false,
      false,
      false,
      false,
      false,
      false,
      false,
      false,
      false,
      false,
      false,
      false,
      false,
      false,
      false,
      false,
      false,
      false,
      false,
      false,
      false,
      false,
      false,
      false,
      false,
      false,
      false,
      false,
      false,
      false,
      false,
      false,
      false,
      false,
      false,
      false,
      false,
      false,
      false,
      false,
      false,
      false,
      false,
      false,
      false,
      false,
      false,
      false,
      false,
      false,
      false,
      false,
      false,
      false,
      false,
      false,
      false,
      false,
      false,
      false,
      false,
      false,
      false,
      false,
      false,
      false,
      false,
      false,
      false,
      false,
      false,
      false,
      false,
      false,
      false,
      false,
      false,
      false,
      false,
      false,
      false,
      false,
      false,
      false,
      false,
      false,
      false,
      false,
      false,
      false,
      false,
      false,
      false,
      false,
      false,
      false,
      false,
      false,
      false,
      false,
      false,
      false,
      false,
      false,
      false,
      false,
      false,
      false,
      false,
      false,
      false,
      false,
      false,
      false,
      false,
      false,
      false,
      false,
      false,
      false,
      false,
      false,
      false,
      false,
      false,
      false,
      false,
      false,
      false,
      false,
      false,
      false,
      false,
      false,
      false,
      false,
      false,
      false,
      false,
      false,
      false,
      false,
      false,
      false,
      false,
      false,
      false,
      false,
      false,
      false,
      false,
      false,
      false,
      false,
      false,
      false,
      false,
      false,
      false,
      false,
      false,
      false,
      false,
      false,
      false,
      false,
      false,
      false,
      false,
      false,
      false,
      false,
      false,
      false,
      false,
      false,
      false,
      false,
      false,
      false,
      false,
      false,
      false,
      false,
      false,
      false,
      false,
      false,
      false,
      false,
      false,
      false,
      false,
      false,
      false,
      false,
      false,
      false,
      false,
      false,
      false,
      false,
      false,
      false,
      false,
      false,
      false,
      false,
      false,
      false,
      false,
      false,
      false,
      false,
      false,
      false,
      false,
      false,
      false,
      false,
      false,
      false,
      false,
      false,
      false,
      false,
      false,
      false,
      false,
      false,
      false,
      false,
      false,
      false,
      false,
      false,
      false,
      false,
      false,
      false,
      false,
      false,
      false,
      false,
      false,
      false,
      false,
      false,
      false,
      false,
      false,
      false,
      false,
      false,
      false,
      false,
      false,
      false,
      false,
      false,
      false,
      false,
      false,
      false,
      false,
      false,
      false,
      false,
      false,
      false,
      false,
      false,
      false,
      false,
      false,
      false,
      false,
      false,
      false,
      false,
      false,
      false,
      false,
      false,
      false,
      false,
      false,
      false,
      false,
      false,
      false,
      false,
      false,
      false,
      false,
      false,
      false,
      false,
      false,
      false,
      false,
      false,
      false,
      false,
      false,
      false,
      false,
      false,
      false,
      false,
      false,
      false,
      false,
      false,
      false,
      false,
      false,
      false,
      false,
      false,
      false,
      false,
      false,
      false,
      false,
      false,
      false,
      false,
      false,
      false,
      false,
      false,
      false,
      false,
      false,
      false,
      false,
      false,
      false,
      false,
      false,
      false,
      false,
      false,
      false,
      false,
      false,
      false,
      false,
      false,
      false,
      false,
      false,
      false,
      false,
      false,
      false,
      false,
      false,
      false,
      false,
      false,
      false,
      false,
      false,
      false,
      false,
      false,
      false,
      false,
      false,
      false,
      false,
      false,
      false,
      false,
      false,
      false,
      false,
      false,
      false,
      false,
      false,
      false,
      false,
      false,
      false,
      false,
      false,
      false,
      false,
      false,
      false,
      false,
      false,
      false,
      false,
      false,
      false,
      false,
      false,
      false,
      false,
      false,
      false,
      false,
      false,
      false,
      false,
      false,
      false,
      false,
      false,
      false,
      false,
      false,
      false,
      false,
      false,
      false,
      false,
      false,
      false,
      false,
      false,
      false,
      false,
      false,
      false,
      false,
      false,
      false,
      false,
      false,
      false,
      false,
      false,
      false,
      false,
      false,
      false,
      false,
      false,
      false,
      false,
      false,
      false,
      false,
      false,
      false,
      false,
      false,
      false,
      false,
      false,
      false,
      false,
      false,
      false,
      false,
      false,
      false,
      false,
      false,
      false,
      false,
      false,
      false,
      false,
      false,
      false,
      false,
      false,
      false,
      false,
      false,
      false,
      false,
      false,
      false,
      false,
      false,
      false,
      false,
      false,
      false,
      false,
      false,
      false,
      false,
      false,
      false,
      false,
      false,
      false,
      false,
      false,
      false,
      false,
      false,
      false,
      false,
      false,
      false,
      false,
      false,
      false,
      false,
      false,
      false,
      false,
      false,
      false,
      false,
      false,
      false,
      false,
      false,
      false,
      false,
      false,
      false,
      false,
      false,
      false,
      false,
      false,
      false,
      false,
      false,
      false,
      false,
      false,
      false,
      false,
      false,
      false,
      false,
      false,
      false,
      false,
      false,
      false,
      false,
      false,
      false,
      false,
      false,
      false,
      false,
      false,
      false,
      false,
      false,
      false,
      false,
      false,
      false,
      false,
      false,
      false,
      false,
      false,
      false,
      false,
      false,
      false,
      false,
      false,
      false,
      false,
      false,
      false,
      false,
      false,
      false,
      false,
      false,
      false,
      false,
      false,
      false,
      false,
      false,
      false,
      false,
      false,
      false,
      false,
      false,
      false,
      false,
      false,
      false,
      false,
      false,
      false,
      false,
      false,
      false,
      false,
      false,
      false,
      false,
      false,
      false,
      false,
      false,
      false,
      false,
      false,
      false,
      false,
      false,
      false,
      false,
      false,
      false,
      false,
      false,
      false,
      false,
      false,
      false,
      false,
      false,
      false,
      false,
      false,
      false,
      false,
      false,
      false,
      false,
      false,
      false,
      false,
      false,
      false,
      false,
      false,
      false,
      false,
      false,
      false,
      false,
      false,
      false,
      false,
      false,
      false,
      false,
      false,
      false,
      false,
      false,
      false,
      false,
      false,
      false,
      false,
      false,
      false,
      false,
      false,
      false,
      false,
      false,
      false,
      false,
      false,
      false,
      false,
      false,
      false,
      false,
      false,
      false,
      false,
      false,
      false,
      false,
      false,
      false,
      false,
      false,
      false,
      false,
      false,
      false,
      false,
      false,
      false,
      false,
      false,
      false,
      false,
      false,
      false,
      false,
      false,
      false,
      false,
      false,
      false,
      false,
      false,
      false,
      false,
      false,
      false,
      false,
      false,
      false,
      false,
      false,
      false,
      false,
      false,
      false,
      false,
      false,
      false,
      false,
      false,
      false,
      false,
      false,
      false,
      false,
      false,
      false,
      false,
      false,
      false,
      false,
      false,
      false,
      false,
      false,
      false,
      false,
      false,
      false,
      false,
      false,
      false,
      false,
      false,
      false,
      false,
      false,
      false,
      false,
      false,
      false,
      false,
      false,
      false,
      false,
      false,
      false,
      false,
      false,
      false,
      false,
      false,
      false,
      false,
      false,
      false,
      false,
      false,
      false,
      false,
      false,
      false,
      false,
      false,
      false,
      false,
      false,
      false,
      false,
      false,
      false,
      false,
      false,
      false,
      false,
      false,
      false,
      false,
      false,
      false,
      false,
      false,
      false,
      false,
      false,
      false,
      false,
      false,
      false,
      false,
      false,
      false,
      false,
      false,
      false,
      false,
      false,
      false,
      false,
      false,
      false,
      false,
      false,
      false,
      false,
      false,
      false,
      false,
      false,
      false,
      false,
      false,
      false,
      false,
      false,
      false,
      false,
      false,
      false,
      false,
      false,
      false,
      false,
      false,
      false,
      false,
      false,
      false,
      false,
      false,
      false,
      false,
      false,
      false,
      false,
      false,
      false,
      false,
      false,
      false,
      false,
      false,
      false,
      false,
      false,
      false,
      false,
      false,
      false,
      false,
      false,
      false,
      false,
      false,
      false,
      false,
      false,
      false,
      false,
      false,
      false,
      false,
      false,
      false,
      false,
      false,
      false,
      false,
      false,
      false,
      false,
      false,
      false,
      false,
      false,
      false,
      false,
      false,
      false,
      false,
      false,
      false,
      false,
      false
    ],
    "name": "route_line4_27km",
    "seg_len_m": [
      54.65053792336251,
      54.65053792336251,
      54.65053792336251,
      54.65053792336251,
      54.65053792336251,
      54.65053792336251,
      18.250841665424495,
      18.250841665424495,
      18.98128042573616,
      18.98128042573616,
      17.80156109065784,
      18.76906151990461,
      18.76906151990461,
      43.99468278650809,
      43.99468278650809,
      43.99468278650809,
      43.99468278650809,
      43.99468278650809,
      43.99468278650809,
      17.120669902963073,
      12.88134708288635,
      12.88134708288635,
      36.02100157038268,
      36.02100157038268,
      36.02100157038268,
      31.60712134470714,
      31.60712134470714,
      31.60712134470714,
      31.60712134470714,
      31.302573542320772,
      31.302573542320772,
      31.302573542320772,
      84.4760736311942,
      84.4760736311942,
      84.4760736311942,
      84.4760736311942,
      84.4760736311942,
      84.4760736311942,
      84.4760736311942,
      84.4760736311942,
      84.4760736311942,
      18.935871770610902,
      18.935871770610902,
      18.935871770610902,
      59.389950461051114,
      59.389950461051114,
      59.389950461051114,
      59.389950461051114,
      59.389950461051114,
      59.389950461051114,
      11.681037845595768,
      107.36088605631738,
      107.36088605631738,
      107.36088605631738,
      107.36088605631738,
      107.36088605631738,
      107.36088605631738,
      107.36088605631738,
      107.36088605631738,
      107.36088605631738,
      107.36088605631738,
      107.36088605631738,
      11.506195755668386,
      41.54995219195985,
      41.54995219195985,
      41.54995219195985,
      41.54995219195985,
      190.1463826162652,
      190.1463826162652,
      190.1463826162652,
      190.1463826162652,
      190.1463826162652,
      190.1463826162652,
      190.1463826162652,
      190.1463826162652,
      190.1463826162652,
      190.1463826162652,
      190.1463826162652,
      190.1463826162652,
      190.1463826162652,
      190.1463826162652,
      190.1463826162652,
      190.1463826162652,
      190.1463826162652,
      190.1463826162652,
      190.1463826162652,
      190.1463826162652,
      190.1463826162652,
      151.76546192633793,
      151.76546192633793,
      151.76546192633793,
      151.76546192633793,
      151.76546192633793,
      151.76546192633793,
      151.76546192633793,
      151.76546192633793,
      151.76546192633793,
      151.76546192633793,
      151.76546192633793,
      151.76546192633793,
      151.76546192633793,
      151.76546192633793,
      151.76546192633793,
      651.2602967883518,
      651.2602967883518,
      651.2602967883518,
      651.2602967883518,
      651.2602967883518,
      651.2602967883518,
      651.2602967883518,
      651.2602967883518,
      651.2602967883518,
      651.2602967883518,
      651.2602967883518,
      651.2602967883518,
      651.2602967883518,
      651.2602967883518,
      651.2602967883518,
      651.2602967883518,
      651.2602967883518,
      651.2602967883518,
      651.2602967883518,
      651.2602967883518,
      651.2602967883518,
      651.2602967883518,
      651.2602967883518,
      651.2602967883518,
      651.2602967883518,
      651.2602967883518,
      651.2602967883518,
      651.2602967883518,
      651.2602967883518,
      651.2602967883518,
      651.2602967883518,
      651.2602967883518,
      651.2602967883518,
      651.2602967883518,
      651.2602967883518,
      651.2602967883518,
      651.2602967883518,
      651.2602967883518,
      651.2602967883518,
      651.2602967883518,
      651.2602967883518,
      651.2602967883518,
      651.2602967883518,
      651.2602967883518,
      651.2602967883518,
      651.2602967883518,
      651.2602967883518,
      651.2602967883518,
      651.2602967883518,
      651.2602967883518,
      651.2602967883518,
      651.2602967883518,
      651.2602967883518,
      651.2602967883518,
      651.2602967883518,
      651.2602967883518,
      651.2602967883518,
      651.2602967883518,
      651.2602967883518,
      651.2602967883518,
      651.2602967883518,
      651.2602967883518,
      651.2602967883518,
      651.2602967883518,
      651.2602967883518,
      18.804394529858882,
      18.804394529858882,
      18.804394529858882,
      381.5304225679199,
      381.5304225679199,
      381.5304225679199,
      381.5304225679199,
      381.5304225679199,
      381.5304225679199,
      381.5304225679199,
      381.5304225679199,
      381.5304225679199,
      381.5304225679199,
      381.5304225679199,
      381.5304225679199,
      381.5304225679199,
      381.5304225679199,
      381.5304225679199,
      381.5304225679199,
      381.5304225679199,
      381.5304225679199,
      381.5304225679199,
      381.5304225679199,
      381.5304225679199,
      381.5304225679199,
      381.5304225679199,
      381.5304225679199,
      381.5304225679199,
      381.5304225679199,
      381.5304225679199,
      381.5304225679199,
      381.5304225679199,
      381.5304225679199,
      381.5304225679199,
      381.5304225679199,
      381.5304225679199,
      381.5304225679199,
      381.5304225679199,
      381.5304225679199,
      381.5304225679199,
      381.5304225679199,
      232.44116090716489,
      232.44116090716489,
      232.44116090716489,
      232.44116090716489,
      232.44116090716489,
      232.44116090716489,
      232.44116090716489,
      232.44116090716489,
      232.44116090716489,
      232.44116090716489,
      232.44116090716489,
      232.44116090716489,
      232.44116090716489,
      232.44116090716489,
      232.44116090716489,
      232.44116090716489,
      232.44116090716489,
      232.44116090716489,
      232.44116090716489,
      232.44116090716489,
      232.44116090716489,
      232.44116090716489,
      232.44116090716489,
      232.44116090716489,
      232.44116090716489,
      69.63298378881382,
      69.63298378881382,
      69.63298378881382,
      69.63298378881382,
      69.63298378881382,
      69.63298378881382,
      69.63298378881382,
      33.142941479224646,
      33.142941479224646,
      33.142941479224646,
      33.142941479224646,
      32.869209840625444,
      32.869209840625444,
      32.869209840625444,
      61.408806506554356,
      61.408806506554356,
      61.408806506554356,
      61.408806506554356,
      61.408806506554356,
      61.408806506554356,
      120.69441802648089,
      120.69441802648089,
      120.69441802648089,
      120.69441802648089,
      120.69441802648089,
      120.69441802648089,
      120.69441802648089,
      120.69441802648089,
      120.69441802648089,
      120.69441802648089,
      120.69441802648089,
      120.69441802648089,
      71.09722566140044,
      71.09722566140044,
      71.09722566140044,
      71.09722566140044,
      71.09722566140044,
      71.09722566140044,
      71.09722566140044,
      71.09722566140044,
      71.09722566140044,
      122.96207987166918,
      122.96207987166918,
      122.96207987166918,
      122.96207987166918,
      122.96207987166918,
      122.96207987166918,
      122.96207987166918,
      122.96207987166918,
      122.96207987166918,
      122.96207987166918,
      122.96207987166918,
      122.96207987166918,
      115.99435656953528,
      115.99435656953528,
      115.99435656953528,
      115.99435656953528,
      115.99435656953528,
      115.99435656953528,
      115.99435656953528,
      115.99435656953528,
      115.99435656953528,
      115.99435656953528,
      115.99435656953528,
      115.99435656953528,
      25.376151344225036,
      25.376151344225036,
      26.143947402808863,
      26.143947402808863,
      26.143947402808863,
      26.143947402808863,
      390.0186193002892,
      390.0186193002892,
      390.0186193002892,
      390.0186193002892,
      390.0186193002892,
      390.0186193002892,
      390.0186193002892,
      390.0186193002892,
      390.0186193002892,
      390.0186193002892,
      390.0186193002892,
      390.0186193002892,
      390.0186193002892,
      390.0186193002892,
      390.0186193002892,
      390.0186193002892,
      390.0186193002892,
      390.0186193002892,
      390.0186193002892,
      390.0186193002892,
      390.0186193002892,
      390.0186193002892,
      390.0186193002892,
      390.0186193002892,
      390.0186193002892,
      390.0186193002892,
      390.0186193002892,
      390.0186193002892,
      390.0186193002892,
      390.0186193002892,
      390.0186193002892,
      390.0186193002892,
      390.0186193002892,
      390.0186193002892,
      390.0186193002892,
      390.0186193002892,
      390.0186193002892,
      390.0186193002892,
      390.0186193002892,
      170.92654393929115,
      170.92654393929115,
      170.92654393929115,
      170.92654393929115,
      170.92654393929115,
      170.92654393929115,
      170.92654393929115,
      170.92654393929115,
      170.92654393929115,
      170.92654393929115,
      170.92654393929115,
      170.92654393929115,
      170.92654393929115,
      170.92654393929115,
      170.92654393929115,
      170.92654393929115,
      170.92654393929115,
      170.92654393929115,
      282.44667445096184,
      282.44667445096184,
      282.44667445096184,
      282.44667445096184,
      282.44667445096184,
      282.44667445096184,
      282.44667445096184,
      282.44667445096184,
      282.44667445096184,
      282.44667445096184,
      282.44667445096184,
      282.44667445096184,
      282.44667445096184,
      282.44667445096184,
      282.44667445096184,
      282.44667445096184,
      282.44667445096184,
      282.44667445096184,
      282.44667445096184,
      282.44667445096184,
      282.44667445096184,
      282.44667445096184,
      282.44667445096184,
      282.44667445096184,
      282.44667445096184,
      282.44667445096184,
      282.44667445096184,
      282.44667445096184,
      171.5883009037252,
      171.5883009037252,
      171.5883009037252,
      171.5883009037252,
      171.5883009037252,
      171.5883009037252,
      171.5883009037252,
      171.5883009037252,
      171.5883009037252,
      171.5883009037252,
      171.5883009037252,
      171.5883009037252,
      171.5883009037252,
      171.5883009037252,
      171.5883009037252,
      171.5883009037252,
      171.5883009037252,
      100.42992566913381,
      100.42992566913381,
      100.42992566913381,
      100.42992566913381,
      100.42992566913381,
      100.42992566913381,
      100.42992566913381,
      100.42992566913381,
      100.42992566913381,
      100.42992566913381,
      98.30627437427665,
      98.30627437427665,
      98.30627437427665,
      98.30627437427665,
      98.30627437427665,
      98.30627437427665,
      98.30627437427665,
      98.30627437427665,
      98.30627437427665,
      98.30627437427665,
      14.898951098277394,
      14.898951098277394,
      58.19643372568862,
      58.19643372568862,
      58.19643372568862,
      58.19643372568862,
      58.19643372568862,
      45.75819431709351,
      45.75819431709351,
      45.75819431709351,
      45.75819431709351,
      45.75819431709351,
      45.75819431709351,
      45.75819431709351,
      177.73262855173016,
      177.73262855173016,
      177.73262855173016,
      177.73262855173016,
      177.73262855173016,
      177.73262855173016,
      177.73262855173016,
      177.73262855173016,
      177.73262855173016,
      177.73262855173016,
      177.73262855173016,
      177.73262855173016,
      177.73262855173016,
      177.73262855173016,
      177.73262855173016,
      177.73262855173016,
      177.73262855173016,
      177.73262855173016,
      192.64851727874884,
      192.64851727874884,
      192.64851727874884,
      192.64851727874884,
      192.64851727874884,
      192.64851727874884,
      192.64851727874884,
      192.64851727874884,
      192.64851727874884,
      192.64851727874884,
      192.64851727874884,
      192.64851727874884,
      192.64851727874884,
      192.64851727874884,
      192.64851727874884,
      192.64851727874884,
      192.64851727874884,
      192.64851727874884,
      192.64851727874884,
      160.85838701229932,
      160.85838701229932,
      160.85838701229932,
      160.85838701229932,
      160.85838701229932,
      160.85838701229932,
      160.85838701229932,
      160.85838701229932,
      160.85838701229932,
      160.85838701229932,
      160.85838701229932,
      160.85838701229932,
      160.85838701229932,
      160.85838701229932,
      160.85838701229932,
      160.85838701229932,
      149.17233662082526,
      149.17233662082526,
      149.17233662082526,
      149.17233662082526,
      149.17233662082526,
      149.17233662082526,
      149.17233662082526,
      149.17233662082526,
      149.17233662082526,
      149.17233662082526,
      149.17233662082526,
      149.17233662082526,
      149.17233662082526,
      149.17233662082526,
      149.17233662082526,
      252.39703271735925,
      252.39703271735925,
      252.39703271735925,
      252.39703271735925,
      252.39703271735925,
      252.39703271735925,
      252.39703271735925,
      252.39703271735925,
      252.39703271735925,
      252.39703271735925,
      252.39703271735925,
      252.39703271735925,
      252.39703271735925,
      252.39703271735925,
      252.39703271735925,
      252.39703271735925,
      252.39703271735925,
      252.39703271735925,
      252.39703271735925,
      252.39703271735925,
      252.39703271735925,
      252.39703271735925,
      252.39703271735925,
      252.39703271735925,
      252.39703271735925,
      144.15841689729405,
      144.15841689729405,
      144.15841689729405,
      144.15841689729405,
      144.15841689729405,
      144.15841689729405,
      144.15841689729405,
      144.15841689729405,
      144.15841689729405,
      144.15841689729405,
      144.15841689729405,
      144.15841689729405,
      144.15841689729405,
      144.15841689729405,
      144.15841689729405,
      170.51269426413,
      170.51269426413,
      170.51269426413,
      170.51269426413,
      170.51269426413,
      170.51269426413,
      170.51269426413,
      170.51269426413,
      170.51269426413,
      170.51269426413,
      170.51269426413,
      170.51269426413,
      170.51269426413,
      170.51269426413,
      170.51269426413,
      170.51269426413,
      170.51269426413,
      101.10020551080925,
      101.10020551080925,
      101.10020551080925,
      101.10020551080925,
      101.10020551080925,
      101.10020551080925,
      101.10020551080925,
      101.10020551080925,
      101.10020551080925,
      101.10020551080925,
      71.61129152988087,
      71.61129152988087,
      71.61129152988087,
      71.61129152988087,
      71.61129152988087,
      71.61129152988087,
      71.61129152988087,
      69.69314986448626,
      69.69314986448626,
      69.69314986448626,
      69.69314986448626,
      69.69314986448626,
      69.69314986448626,
      69.69314986448626,
      58.282917117349825,
      58.282917117349825,
      58.282917117349825,
      58.282917117349825,
      58.282917117349825,
      58.282917117349825,
      15.961719739793807,
      15.961719739793807,
      136.14521204331322,
      136.14521204331322,
      136.14521204331322,
      136.14521204331322,
      136.14521204331322,
      136.14521204331322,
      136.14521204331322,
      136.14521204331322,
      136.14521204331322,
      136.14521204331322,
      136.14521204331322,
      136.14521204331322,
      136.14521204331322,
      136.14521204331322,
      136.14521204331322,
      262.37650966426645,
      262.37650966426645,
      262.37650966426645,
      262.37650966426645,
      262.37650966426645,
      262.37650966426645,
      262.37650966426645,
      262.37650966426645,
      262.37650966426645,
      262.37650966426645,
      262.37650966426645,
      262.37650966426645,
      262.37650966426645,
      262.37650966426645,
      262.37650966426645,
      262.37650966426645,
      262.37650966426645,
      262.37650966426645,
      262.37650966426645,
      262.37650966426645,
      262.37650966426645,
      262.37650966426645,
      262.37650966426645,
      262.37650966426645,
      262.37650966426645,
      262.37650966426645,
      191.28159445683377,
      191.28159445683377,
      191.28159445683377,
      191.28159445683377,
      191.28159445683377,
      191.28159445683377,
      191.28159445683377,
      191.28159445683377,
      191.28159445683377,
      191.28159445683377,
      191.28159445683377,
      191.28159445683377,
      191.28159445683377,
      191.28159445683377,
      191.28159445683377,
      191.28159445683377,
      191.28159445683377,
      191.28159445683377,
      191.28159445683377,
      109.95339074074946,
      109.95339074074946,
      109.95339074074946,
      109.95339074074946,
      109.95339074074946,
      109.95339074074946,
      109.95339074074946,
      109.95339074074946,
      109.95339074074946,
      109.95339074074946,
      109.95339074074946,
      11.362434491295971,
      263.32890191090064,
      263.32890191090064,
      263.32890191090064,
      263.32890191090064,
      263.32890191090064,
      263.32890191090064,
      263.32890191090064,
      263.32890191090064,
      263.32890191090064,
      263.32890191090064,
      263.32890191090064,
      263.32890191090064,
      263.32890191090064,
      263.32890191090064,
      263.32890191090064,
      263.32890191090064,
      263.32890191090064,
      263.32890191090064,
      263.32890191090064,
      263.32890191090064,
      263.32890191090064,
      263.32890191090064,
      263.32890191090064,
      263.32890191090064,
      263.32890191090064,
      263.32890191090064,
      263.32890191090064,
      263.32890191090064,
      306.43529179633606,
      306.43529179633606,
      306.43529179633606,
      306.43529179633606,
      306.43529179633606,
      306.43529179633606,
      306.43529179633606,
      306.43529179633606,
      306.43529179633606,
      306.43529179633606,
      306.43529179633606,
      306.43529179633606,
      306.43529179633606,
      306.43529179633606,
      306.43529179633606,
      306.43529179633606,
      306.43529179633606,
      306.43529179633606,
      306.43529179633606,
      306.43529179633606,
      306.43529179633606,
      306.43529179633606,
      306.43529179633606,
      306.43529179633606,
      306.43529179633606,
      306.43529179633606,
      306.43529179633606,
      306.43529179633606,
      306.43529179633606,
      306.43529179633606,
      306.43529179633606,
      162.2688846535002,
      162.2688846535002,
      162.2688846535002,
      162.2688846535002,
      162.2688846535002,
      162.2688846535002,
      162.2688846535002,
      162.2688846535002,
      162.2688846535002,
      162.2688846535002,
      162.2688846535002,
      162.2688846535002,
      162.2688846535002,
      162.2688846535002,
      162.2688846535002,
      162.2688846535002,
      162.2688846535002,
      81.43397013790582,
      81.43397013790582,
      81.43397013790582,
      81.43397013790582,
      81.43397013790582,
      81.43397013790582,
      81.43397013790582,
      81.43397013790582,
      238.75858919857092,
      238.75858919857092,
      238.75858919857092,
      238.75858919857092,
      238.75858919857092,
      238.75858919857092,
      238.75858919857092,
      238.75858919857092,
      238.75858919857092,
      238.75858919857092,
      238.75858919857092,
      238.75858919857092,
      238.75858919857092,
      238.75858919857092,
      238.75858919857092,
      238.75858919857092,
      238.75858919857092,
      238.75858919857092,
      238.75858919857092,
      238.75858919857092,
      238.75858919857092,
      238.75858919857092,
      238.75858919857092,
      238.75858919857092,
      293.16486112375514,
      293.16486112375514,
      293.16486112375514,
      293.16486112375514,
      293.16486112375514,
      293.16486112375514,
      293.16486112375514,
      293.16486112375514,
      293.16486112375514,
      293.16486112375514,
      293.16486112375514,
      293.16486112375514,
      293.16486112375514,
      293.16486112375514,
      293.16486112375514,
      293.16486112375514,
      293.16486112375514,
      293.16486112375514,
      293.16486112375514,
      293.16486112375514,
      293.16486112375514,
      293.16486112375514,
      293.16486112375514,
      293.16486112375514,
      293.16486112375514,
      293.16486112375514,
      293.16486112375514,
      293.16486112375514,
      293.16486112375514,
      21.31899014962164,
      21.31899014962164,
      175.5915003370219,
      175.5915003370219,
      175.5915003370219,
      175.5915003370219,
      175.5915003370219,
      175.5915003370219,
      175.5915003370219,
      175.5915003370219,
      175.5915003370219,
      175.5915003370219,
      175.5915003370219,
      175.5915003370219,
      175.5915003370219,
      175.5915003370219,
      175.5915003370219,
      175.5915003370219,
      175.5915003370219,
      175.5915003370219,
      175.5915003370219,
      181.17017256637337,
      181.17017256637337,
      181.17017256637337,
      181.17017256637337,
      181.17017256637337,
      181.17017256637337,
      181.17017256637337,
      181.17017256637337,
      181.17017256637337,
      181.17017256637337,
      181.17017256637337,
      181.17017256637337,
      181.17017256637337,
      181.17017256637337,
      181.17017256637337,
      181.17017256637337,
      181.17017256637337,
      181.17017256637337,
      181.17017256637337,
      45.25224606992924,
      45.25224606992924,
      45.25224606992924,
      45.25224606992924,
      394.8016386156032,
      394.8016386156032,
      394.8016386156032,
      394.8016386156032,
      394.8016386156032,
      394.8016386156032,
      394.8016386156032,
      394.8016386156032,
      394.8016386156032,
      394.8016386156032,
      394.8016386156032,
      394.8016386156032,
      394.8016386156032,
      394.8016386156032,
      394.8016386156032,
      394.8016386156032,
      394.8016386156032,
      394.8016386156032,
      394.8016386156032,
      394.8016386156032,
      394.8016386156032,
      394.8016386156032,
      394.8016386156032,
      394.8016386156032,
      394.8016386156032,
      394.8016386156032,
      394.8016386156032,
      394.8016386156032,
      394.8016386156032,
      394.8016386156032,
      394.8016386156032,
      394.8016386156032,
      394.8016386156032,
      394.8016386156032,
      394.8016386156032,
      394.8016386156032,
      394.8016386156032,
      394.8016386156032,
      394.8016386156032,
      394.8016386156032,
      394.8016386156032,
      394.8016386156032,
      72.04490079088646,
      72.04490079088646,
      72.04490079088646,
      72.04490079088646,
      72.04490079088646,
      72.04490079088646,
      72.04490079088646,
      395.2907971780551,
      395.2907971780551,
      395.2907971780551,
      395.2907971780551,
      395.2907971780551,
      395.2907971780551,
      395.2907971780551,
      395.2907971780551,
      395.2907971780551,
      395.2907971780551,
      395.2907971780551,
      395.2907971780551,
      395.2907971780551,
      395.2907971780551,
      395.2907971780551,
      395.2907971780551,
      395.2907971780551,
      395.2907971780551,
      395.2907971780551,
      395.2907971780551,
      395.2907971780551,
      395.2907971780551,
      395.2907971780551,
      395.2907971780551,
      395.2907971780551,
      395.2907971780551,
      395.2907971780551,
      395.2907971780551,
      395.2907971780551,
      395.2907971780551,
      395.2907971780551,
      395.2907971780551,
      395.2907971780551,
      395.2907971780551,
      395.2907971780551,
      395.2907971780551,
      395.2907971780551,
      395.2907971780551,
      395.2907971780551,
      395.2907971780551,
      1616.6566441040486,
      1616.6566441040486,
      1616.6566441040486,
      1616.6566441040486,
      1616.6566441040486,
      1616.6566441040486,
      1616.6566441040486,
      1616.6566441040486,
      1616.6566441040486,
      1616.6566441040486,
      1616.6566441040486,
      1616.6566441040486,
      1616.6566441040486,
      1616.6566441040486,
      1616.6566441040486,
      1616.6566441040486,
      1616.6566441040486,
      1616.6566441040486,
      1616.6566441040486,
      1616.6566441040486,
      1616.6566441040486,
      1616.6566441040486,
      1616.6566441040486,
      1616.6566441040486,
      1616.6566441040486,
      1616.6566441040486,
      1616.6566441040486,
      1616.6566441040486,
      1616.6566441040486,
      1616.6566441040486,
      1616.6566441040486,
      1616.6566441040486,
      1616.6566441040486,
      1616.6566441040486,
      1616.6566441040486,
      1616.6566441040486,
      1616.6566441040486,
      1616.6566441040486,
      1616.6566441040486,
      1616.6566441040486,
      1616.6566441040486,
      1616.6566441040486,
      1616.6566441040486,
      1616.6566441040486,
      1616.6566441040486,
      1616.6566441040486,
      1616.6566441040486,
      1616.6566441040486,
      1616.6566441040486,
      1616.6566441040486,
      1616.6566441040486,
      1616.6566441040486,
      1616.6566441040486,
      1616.6566441040486,
      1616.6566441040486,
      1616.6566441040486,
      1616.6566441040486,
      1616.6566441040486,
      1616.6566441040486,
      1616.6566441040486,
      1616.6566441040486,
      1616.6566441040486,
      1616.6566441040486,
      1616.6566441040486,
      1616.6566441040486,
      1616.6566441040486,
      1616.6566441040486,
      1616.6566441040486,
      1616.6566441040486,
      1616.6566441040486,
      1616.6566441040486,
      1616.6566441040486,
      1616.6566441040486,
      1616.6566441040486,
      1616.6566441040486,
      1616.6566441040486,
      1616.6566441040486,
      1616.6566441040486,
      1616.6566441040486,
      1616.6566441040486,
      1616.6566441040486,
      1616.6566441040486,
      1616.6566441040486,
      1616.6566441040486,
      1616.6566441040486,
      1616.6566441040486,
      1616.6566441040486,
      1616.6566441040486,
      1616.6566441040486,
      1616.6566441040486,
      1616.6566441040486,
      1616.6566441040486,
      1616.6566441040486,
      1616.6566441040486,
      1616.6566441040486,
      1616.6566441040486,
      1616.6566441040486,
      1616.6566441040486,
      1616.6566441040486,
      1616.6566441040486,
      1616.6566441040486,
      1616.6566441040486,
      1616.6566441040486,
      1616.6566441040486,
      1616.6566441040486,
      1616.6566441040486,
      1616.6566441040486,
      1616.6566441040486,
      1616.6566441040486,
      1616.6566441040486,
      1616.6566441040486,
      1616.6566441040486,
      1616.6566441040486,
      1616.6566441040486,
      1616.6566441040486,
      1616.6566441040486,
      1616.6566441040486,
      1616.6566441040486,
      1616.6566441040486,
      1616.6566441040486,
      1616.6566441040486,
      1616.6566441040486,
      1616.6566441040486,
      1616.6566441040486,
      1616.6566441040486,
      1616.6566441040486,
      1616.6566441040486,
      1616.6566441040486,
      1616.6566441040486,
      1616.6566441040486,
      1616.6566441040486,
      1616.6566441040486,
      1616.6566441040486,
      1616.6566441040486,
      1616.6566441040486,
      1616.6566441040486,
      1616.6566441040486,
      1616.6566441040486,
      1616.6566441040486,
      1616.6566441040486,
      1616.6566441040486,
      1616.6566441040486,
      1616.6566441040486,
      1616.6566441040486,
      1616.6566441040486,
      1616.6566441040486,
      1616.6566441040486,
      1616.6566441040486,
      1616.6566441040486,
      1616.6566441040486,
      1616.6566441040486,
      1616.6566441040486,
      1616.6566441040486,
      1616.6566441040486,
      1616.6566441040486,
      1616.6566441040486,
      1616.6566441040486,
      1616.6566441040486,
      1616.6566441040486,
      1616.6566441040486,
      1616.6566441040486,
      185.0667686160523,
      185.0667686160523,
      185.0667686160523,
      185.0667686160523,
      185.0667686160523,
      185.0667686160523,
      185.0667686160523,
      185.0667686160523,
      185.0667686160523,
      185.0667686160523,
      185.0667686160523,
      185.0667686160523,
      185.0667686160523,
      185.0667686160523,
      185.0667686160523,
      185.0667686160523,
      185.0667686160523,
      185.0667686160523,
      185.0667686160523,
      154.768133852931,
      154.768133852931,
      154.768133852931,
      154.768133852931,
      154.768133852931,
      154.768133852931,
      154.768133852931,
      154.768133852931,
      154.768133852931,
      154.768133852931,
      154.768133852931,
      154.768133852931,
      154.768133852931,
      154.768133852931,
      154.768133852931,
      75.78173269087347,
      75.78173269087347,
      75.78173269087347,
      75.78173269087347,
      75.78173269087347,
      75.78173269087347,
      75.78173269087347,
      75.78173269087347,
      69.57158436699319,
      69.57158436699319,
      69.57158436699319,
      69.57158436699319,
      69.57158436699319,
      69.57158436699319,
      69.57158436699319,
      36.71598142595394,
      36.71598142595394,
      36.71598142595394,
      39.36558057783259,
      39.36558057783259,
      39.36558057783259,
      39.36558057783259,
      188.03513168011523,
      188.03513168011523,
      188.03513168011523,
      188.03513168011523,
      188.03513168011523,
      188.03513168011523,
      188.03513168011523,
      188.03513168011523,
      188.03513168011523,
      188.03513168011523,
      188.03513168011523,
      188.03513168011523,
      188.03513168011523,
      188.03513168011523,
      188.03513168011523,
      188.03513168011523,
      188.03513168011523,
      188.03513168011523,
      188.03513168011523,
      113.64685486379494,
      113.64685486379494,
      113.64685486379494,
      113.64685486379494,
      113.64685486379494,
      113.64685486379494,
      113.64685486379494,
      113.64685486379494,
      113.64685486379494,
      113.64685486379494,
      113.64685486379494,
      130.09339226823067,
      130.09339226823067,
      130.09339226823067,
      130.09339226823067,
      130.09339226823067,
      130.09339226823067,
      130.09339226823067,
      130.09339226823067,
      130.09339226823067,
      130.09339226823067,
      130.09339226823067,
      130.09339226823067,
      130.09339226823067,
      155.4372898904312,
      155.4372898904312,
      155.4372898904312,
      155.4372898904312,
      155.4372898904312,
      155.4372898904312,
      155.4372898904312,
      155.4372898904312,
      155.4372898904312,
      155.4372898904312,
      155.4372898904312,
      155.4372898904312,
      155.4372898904312,
      155.4372898904312,
      155.4372898904312,
      155.4372898904312,
      13.154055453247565,
      578.7344524398741,
      578.7344524398741,
      578.7344524398741,
      578.7344524398741,
      578.7344524398741,
      578.7344524398741,
      578.7344524398741,
      578.7344524398741,
      578.7344524398741,
      578.7344524398741,
      578.7344524398741,
      578.7344524398741,
      578.7344524398741,
      578.7344524398741,
      578.7344524398741,
      578.7344524398741,
      578.7344524398741,
      578.7344524398741,
      578.7344524398741,
      578.7344524398741,
      578.7344524398741,
      578.7344524398741,
      578.7344524398741,
      578.7344524398741,
      578.7344524398741,
      578.7344524398741,
      578.7344524398741,
      578.7344524398741,
      578.7344524398741,
      578.7344524398741,
      578.7344524398741,
      578.7344524398741,
      578.7344524398741,
      578.7344524398741,
      578.7344524398741,
      578.7344524398741,
      578.7344524398741,
      578.7344524398741,
      578.7344524398741,
      578.7344524398741,
      578.7344524398741,
      578.7344524398741,
      578.7344524398741,
      578.7344524398741,
      578.7344524398741,
      578.7344524398741,
      578.7344524398741,
      578.7344524398741,
      578.7344524398741,
      578.7344524398741,
      578.7344524398741,
      578.7344524398741,
      578.7344524398741,
      578.7344524398741,
      578.7344524398741,
      578.7344524398741,
      578.7344524398741,
      578.7344524398741,
      578.7344524398741,
      578.7344524398741,
      1070.7936517530852,
      1070.7936517530852,
      1070.7936517530852,
      1070.7936517530852,
      1070.7936517530852,
      1070.7936517530852,
      1070.7936517530852,
      1070.7936517530852,
      1070.7936517530852,
      1070.7936517530852,
      1070.7936517530852,
      1070.7936517530852,
      1070.7936517530852,
      1070.7936517530852,
      1070.7936517530852,
      1070.7936517530852,
      1070.7936517530852,
      1070.7936517530852,
      1070.7936517530852,
      1070.7936517530852,
      1070.7936517530852,
      1070.7936517530852,
      1070.7936517530852,
      1070.7936517530852,
      1070.7936517530852,
      1070.7936517530852,
      1070.7936517530852,
      1070.7936517530852,
      1070.7936517530852,
      1070.7936517530852,
      1070.7936517530852,
      1070.7936517530852,
      1070.7936517530852,
      1070.7936517530852,
      1070.7936517530852,
      1070.7936517530852,
      1070.7936517530852,
      1070.7936517530852,
      1070.7936517530852,
      1070.7936517530852,
      1070.7936517530852,
      1070.7936517530852,
      1070.7936517530852,
      1070.7936517530852,
      1070.7936517530852,
      1070.7936517530852,
      1070.7936517530852,
      1070.7936517530852,
      1070.7936517530852,
      1070.7936517530852,
      1070.7936517530852,
      1070.7936517530852,
      1070.7936517530852,
      1070.7936517530852,
      1070.7936517530852,
      1070.7936517530852,
      1070.7936517530852,
      1070.7936517530852,
      1070.7936517530852,
      1070.7936517530852,
      1070.7936517530852,
      1070.7936517530852,
      1070.7936517530852,
      1070.7936517530852,
      1070.7936517530852,
      1070.7936517530852,
      1070.7936517530852,
      1070.7936517530852,
      1070.7936517530852,
      1070.7936517530852,
      1070.7936517530852,
      1070.7936517530852,
      1070.7936517530852,
      1070.7936517530852,
      1070.7936517530852,
      1070.7936517530852,
      1070.7936517530852,
      1070.7936517530852,
      1070.7936517530852,
      1070.7936517530852,
      1070.7936517530852,
      1070.7936517530852,
      1070.7936517530852,
      1070.7936517530852,
      1070.7936517530852,
      1070.7936517530852,
      1070.7936517530852,
      1070.7936517530852,
      1070.7936517530852,
      1070.7936517530852,
      1070.7936517530852,
      1070.7936517530852,
      1070.7936517530852,
      1070.7936517530852,
      1070.7936517530852,
      1070.7936517530852,
      1070.7936517530852,
      1070.7936517530852,
      1070.7936517530852,
      1070.7936517530852,
      1070.7936517530852,
      1070.7936517530852,
      1070.7936517530852,
      1070.7936517530852,
      1070.7936517530852,
      1070.7936517530852,
      1070.7936517530852,
      3026.413952997429,
      3026.413952997429,
      3026.413952997429,
      3026.413952997429,
      3026.413952997429,
      3026.413952997429,
      3026.413952997429,
      3026.413952997429,
      3026.413952997429,
      3026.413952997429,
      3026.413952997429,
      3026.413952997429,
      3026.413952997429,
      3026.413952997429,
      3026.413952997429,
      3026.413952997429,
      3026.413952997429,
      3026.413952997429,
      3026.413952997429,
      3026.413952997429,
      3026.413952997429,
      3026.413952997429,
      3026.413952997429,
      3026.413952997429,
      3026.413952997429,
      3026.413952997429,
      3026.413952997429,
      3026.413952997429,
      3026.413952997429,
      3026.413952997429,
      3026.413952997429,
      3026.413952997429,
      3026.413952997429,
      3026.413952997429,
      3026.413952997429,
      3026.413952997429,
      3026.413952997429,
      3026.413952997429,
      3026.413952997429,
      3026.413952997429,
      3026.413952997429,
      3026.413952997429,
      3026.413952997429,
      3026.413952997429,
      3026.413952997429,
      3026.413952997429,
      3026.413952997429,
      3026.413952997429,
      3026.413952997429,
      3026.413952997429,
      3026.413952997429,
      3026.413952997429,
      3026.413952997429,
      3026.413952997429,
      3026.413952997429,
      3026.413952997429,
      3026.413952997429,
      3026.413952997429,
      3026.413952997429,
      3026.413952997429,
      3026.413952997429,
      3026.413952997429,
      3026.413952997429,
      3026.413952997429,
      3026.413952997429,
      3026.413952997429,
      3026.413952997429,
      3026.413952997429,
      3026.413952997429,
      3026.413952997429,
      3026.413952997429,
      3026.413952997429,
      3026.413952997429,
      3026.413952997429,
      3026.413952997429,
      3026.413952997429,
      3026.413952997429,
      3026.413952997429,
      3026.413952997429,
      3026.413952997429,
      3026.413952997429,
      3026.413952997429,
      3026.413952997429,
      3026.413952997429,
      3026.413952997429,
      3026.413952997429,
      3026.413952997429,
      3026.413952997429,
      3026.413952997429,
      3026.413952997429,
      3026.413952997429,
      3026.413952997429,
      3026.413952997429,
      3026.413952997429,
      3026.413952997429,
      3026.413952997429,
      3026.413952997429,
      3026.413952997429,
      3026.413952997429,
      3026.413952997429,
      3026.413952997429,
      3026.413952997429,
      3026.413952997429,
      3026.413952997429,
      3026.413952997429,
      3026.413952997429,
      3026.413952997429,
      3026.413952997429,
      3026.413952997429,
      3026.413952997429,
      3026.413952997429,
      3026.413952997429,
      3026.413952997429,
      3026.413952997429,
      3026.413952997429,
      3026.413952997429,
      3026.413952997429,
      3026.413952997429,
      3026.413952997429,
      3026.413952997429,
      3026.413952997429,
      3026.413952997429,
      3026.413952997429,
      3026.413952997429,
      3026.413952997429,
      3026.413952997429,
      3026.413952997429,
      3026.413952997429,
      3026.413952997429,
      3026.413952997429,
      3026.413952997429,
      3026.413952997429,
      3026.413952997429,
      3026.413952997429,
      3026.413952997429,
      3026.413952997429,
      3026.413952997429,
      3026.413952997429,
      3026.413952997429,
      3026.413952997429,
      3026.413952997429,
      3026.413952997429,
      3026.413952997429,
      3026.413952997429,
      3026.413952997429,
      3026.413952997429,
      3026.413952997429,
      3026.413952997429,
      3026.413952997429,
      3026.413952997429,
      3026.413952997429,
      3026.413952997429,
      3026.413952997429,
      3026.413952997429,
      3026.413952997429,
      3026.413952997429,
      3026.413952997429,
      3026.413952997429,
      3026.413952997429,
      3026.413952997429,
      3026.413952997429,
      3026.413952997429,
      3026.413952997429,
      3026.413952997429,
      3026.413952997429,
      3026.413952997429,
      3026.413952997429,
      3026.413952997429,
      3026.413952997429,
      3026.413952997429,
      3026.413952997429,
      3026.413952997429,
      3026.413952997429,
      3026.413952997429,
      3026.413952997429,
      3026.413952997429,
      3026.413952997429,
      3026.413952997429,
      3026.413952997429,
      3026.413952997429,
      3026.413952997429,
      3026.413952997429,
      3026.413952997429,
      3026.413952997429,
      3026.413952997429,
      3026.413952997429,
      3026.413952997429,
      3026.413952997429,
      3026.413952997429,
      3026.413952997429,
      3026.413952997429,
      3026.413952997429,
      3026.413952997429,
      3026.413952997429,
      3026.413952997429,
      3026.413952997429,
      3026.413952997429,
      3026.413952997429,
      3026.413952997429,
      3026.413952997429,
      3026.413952997429,
      3026.413952997429,
      3026.413952997429,
      3026.413952997429,
      3026.413952997429,
      3026.413952997429,
      3026.413952997429,
      3026.413952997429,
      3026.413952997429,
      3026.413952997429,
      3026.413952997429,
      3026.413952997429,
      3026.413952997429,
      3026.413952997429,
      3026.413952997429,
      3026.413952997429,
      3026.413952997429,
      3026.413952997429,
      3026.413952997429,
      3026.413952997429,
      3026.413952997429,
      3026.413952997429,
      3026.413952997429,
      3026.413952997429,
      3026.413952997429,
      3026.413952997429,
      3026.413952997429,
      3026.413952997429,
      3026.413952997429,
      3026.413952997429,
      3026.413952997429,
      3026.413952997429,
      3026.413952997429,
      3026.413952997429,
      3026.413952997429,
      3026.413952997429,
      3026.413952997429,
      3026.413952997429,
      3026.413952997429,
      3026.413952997429,
      3026.413952997429,
      3026.413952997429,
      3026.413952997429,
      3026.413952997429,
      3026.413952997429,
      3026.413952997429,
      3026.413952997429,
      3026.413952997429,
      3026.413952997429,
      3026.413952997429,
      3026.413952997429,
      3026.413952997429,
      3026.413952997429,
      3026.413952997429,
      3026.413952997429,
      3026.413952997429,
      3026.413952997429,
      3026.413952997429,
      3026.413952997429,
      3026.413952997429,
      3026.413952997429,
      3026.413952997429,
      3026.413952997429,
      3026.413952997429,
      3026.413952997429,
      3026.413952997429,
      3026.413952997429,
      3026.413952997429,
      3026.413952997429,
      3026.413952997429,
      3026.413952997429,
      3026.413952997429,
      3026.413952997429,
      3026.413952997429,
      3026.413952997429,
      3026.413952997429,
      3026.413952997429,
      3026.413952997429,
      3026.413952997429,
      3026.413952997429,
      3026.413952997429,
      3026.413952997429,
      3026.413952997429,
      3026.413952997429,
      3026.413952997429,
      3026.413952997429,
      3026.413952997429,
      3026.413952997429,
      3026.413952997429,
      3026.413952997429,
      3026.413952997429,
      3026.413952997429,
      3026.413952997429,
      3026.413952997429,
      3026.413952997429,
      3026.413952997429,
      3026.413952997429,
      3026.413952997429,
      3026.413952997429,
      3026.413952997429,
      3026.413952997429,
      3026.413952997429,
      3026.413952997429,
      199.173961460172,
      199.173961460172,
      199.173961460172,
      199.173961460172,
      199.173961460172,
      199.173961460172,
      199.173961460172,
      199.173961460172,
      199.173961460172,
      199.173961460172,
      199.173961460172,
      199.173961460172,
      199.173961460172,
      199.173961460172,
      199.173961460172,
      199.173961460172,
      199.173961460172,
      199.173961460172,
      199.173961460172,
      199.173961460172,
      169.071935246855,
      169.071935246855,
      169.071935246855,
      169.071935246855,
      169.071935246855,
      169.071935246855,
      169.071935246855,
      169.071935246855,
      169.071935246855,
      169.071935246855,
      169.071935246855,
      169.071935246855,
      169.071935246855,
      169.071935246855,
      169.071935246855,
      169.071935246855,
      169.071935246855,
      168.16016350472273,
      168.16016350472273,
      168.16016350472273,
      168.16016350472273,
      168.16016350472273,
      168.16016350472273,
      168.16016350472273,
      168.16016350472273,
      168.16016350472273,
      168.16016350472273,
      168.16016350472273,
      168.16016350472273,
      168.16016350472273,
      168.16016350472273,
      168.16016350472273,
      168.16016350472273,
      168.16016350472273,
      230.15080585836404,
      230.15080585836404,
      230.15080585836404,
      230.15080585836404,
      230.15080585836404,
      230.15080585836404,
      230.15080585836404,
      230.15080585836404,
      230.15080585836404,
      230.15080585836404,
      230.15080585836404,
      230.15080585836404,
      230.15080585836404,
      230.15080585836404,
      230.15080585836404,
      230.15080585836404,
      230.15080585836404,
      230.15080585836404,
      230.15080585836404,
      230.15080585836404,
      230.15080585836404,
      230.15080585836404,
      230.15080585836404,
      270.244736401517,
      270.244736401517,
      270.244736401517,
      270.244736401517,
      270.244736401517,
      270.244736401517,
      270.244736401517,
      270.244736401517,
      270.244736401517,
      270.244736401517,
      270.244736401517,
      270.244736401517,
      270.244736401517,
      270.244736401517,
      270.244736401517,
      270.244736401517,
      270.244736401517,
      270.244736401517,
      270.244736401517,
      270.244736401517,
      270.244736401517,
      270.244736401517,
      270.244736401517,
      270.244736401517,
      270.244736401517,
      270.244736401517,
      270.244736401517,
      473.8504340469408,
      473.8504340469408,
      473.8504340469408,
      473.8504340469408,
      473.8504340469408,
      473.8504340469408,
      473.8504340469408,
      473.8504340469408,
      473.8504340469408,
      473.8504340469408,
      473.8504340469408,
      473.8504340469408,
      473.8504340469408,
      473.8504340469408,
      473.8504340469408,
      473.8504340469408,
      473.8504340469408,
      473.8504340469408,
      473.8504340469408,
      473.8504340469408,
      473.8504340469408,
      473.8504340469408,
      473.8504340469408,
      473.8504340469408,
      473.8504340469408,
      473.8504340469408,
      473.8504340469408,
      473.8504340469408,
      473.8504340469408,
      473.8504340469408,
      473.8504340469408,
      473.8504340469408,
      473.8504340469408,
      473.8504340469408,
      473.8504340469408,
      473.8504340469408,
      473.8504340469408,
      473.8504340469408,
      473.8504340469408,
      473.8504340469408,
      473.8504340469408,
      473.8504340469408,
      473.8504340469408,
      473.8504340469408,
      473.8504340469408,
      473.8504340469408,
      473.8504340469408,
      260.11067723242013,
      260.11067723242013,
      260.11067723242013,
      260.11067723242013,
      260.11067723242013,
      260.11067723242013,
      260.11067723242013,
      260.11067723242013,
      260.11067723242013,
      260.11067723242013,
      260.11067723242013,
      260.11067723242013,
      260.11067723242013,
      260.11067723242013,
      260.11067723242013,
      260.11067723242013,
      260.11067723242013,
      260.11067723242013,
      260.11067723242013,
      260.11067723242013,
      260.11067723242013,
      260.11067723242013,
      260.11067723242013,
      260.11067723242013,
      260.11067723242013,
      260.11067723242013,
      313.44095618510255,
      313.44095618510255,
      313.44095618510255,
      313.44095618510255,
      313.44095618510255,
      313.44095618510255,
      313.44095618510255,
      313.44095618510255,
      313.44095618510255,
      313.44095618510255,
      313.44095618510255,
      313.44095618510255,
      313.44095618510255,
      313.44095618510255,
      313.44095618510255,
      313.44095618510255,
      313.44095618510255,
      313.44095618510255,
      313.44095618510255,
      313.44095618510255,
      313.44095618510255,
      313.44095618510255,
      313.44095618510255,
      313.44095618510255,
      313.44095618510255,
      313.44095618510255,
      313.44095618510255,
      313.44095618510255,
      313.44095618510255,
      313.44095618510255,
      313.44095618510255,
      115.65966843226488,
      115.65966843226488,
      115.65966843226488,
      115.65966843226488,
      115.65966843226488,
      115.65966843226488,
      115.65966843226488,
      115.65966843226488,
      115.65966843226488,
      115.65966843226488,
      115.65966843226488,
      115.65966843226488,
      267.91298255765287,
      267.91298255765287,
      267.91298255765287,
      267.91298255765287,
      267.91298255765287,
      267.91298255765287,
      267.91298255765287,
      267.91298255765287,
      267.91298255765287,
      267.91298255765287,
      267.91298255765287,
      267.91298255765287,
      267.91298255765287,
      267.91298255765287,
      267.91298255765287,
      267.91298255765287,
      267.91298255765287,
      267.91298255765287,
      267.91298255765287,
      267.91298255765287,
      267.91298255765287,
      267.91298255765287,
      267.91298255765287,
      267.91298255765287,
      267.91298255765287,
      267.91298255765287,
      267.91298255765287,
      328.50382393125983,
      328.50382393125983,
      328.50382393125983,
      328.50382393125983,
      328.50382393125983,
      328.50382393125983,
      328.50382393125983,
      328.50382393125983,
      328.50382393125983,
      328.50382393125983,
      328.50382393125983,
      328.50382393125983,
      328.50382393125983,
      328.50382393125983,
      328.50382393125983,
      328.50382393125983,
      328.50382393125983,
      328.50382393125983,
      328.50382393125983,
      328.50382393125983,
      328.50382393125983,
      328.50382393125983,
      328.50382393125983,
      328.50382393125983,
      328.50382393125983,
      328.50382393125983,
      328.50382393125983,
      328.50382393125983,
      328.50382393125983,
      328.50382393125983,
      328.50382393125983,
      328.50382393125983,
      328.50382393125983,
      68.55779147099383,
      68.55779147099383,
      68.55779147099383,
      68.55779147099383,
      68.55779147099383,
      68.55779147099383,
      71.21340361717012,
      71.21340361717012,
      71.21340361717012,
      71.21340361717012,
      71.21340361717012,
      71.21340361717012,
      71.21340361717012,
      71.21340361717012,
      71.21340361717012,
      101.99793926590792,
      101.99793926590792,
      101.99793926590792,
      101.99793926590792,
      101.99793926590792,
      101.99793926590792,
      101.99793926590792,
      101.99793926590792,
      101.99793926590792,
      101.99793926590792,
      145.06587036768906,
      145.06587036768906,
      145.06587036768906,
      145.06587036768906,
      145.06587036768906,
      145.06587036768906,
      145.06587036768906,
      145.06587036768906,
      145.06587036768906,
      145.06587036768906,
      145.06587036768906,
      145.06587036768906,
      145.06587036768906,
      145.06587036768906,
      42.43569405905873,
      42.43569405905873,
      42.43569405905873,
      42.43569405905873,
      42.43569405905873,
      110.81258842617535,
      110.81258842617535,
      110.81258842617535,
      110.81258842617535,
      110.81258842617535,
      110.81258842617535,
      110.81258842617535,
      110.81258842617535,
      110.81258842617535,
      110.81258842617535,
      110.81258842617535,
      110.81258842617535,
      112.42584658844498,
      112.42584658844498,
      112.42584658844498,
      112.42584658844498,
      112.42584658844498,
      112.42584658844498,
      112.42584658844498,
      112.42584658844498,
      112.42584658844498,
      112.42584658844498,
      112.42584658844498,
      147.7555307282746,
      147.7555307282746,
      147.7555307282746,
      147.7555307282746,
      147.7555307282746,
      147.7555307282746,
      147.7555307282746,
      147.7555307282746,
      147.7555307282746,
      147.7555307282746,
      147.7555307282746,
      147.7555307282746,
      147.7555307282746,
      147.7555307282746,
      147.7555307282746,
      147.7555307282746,
      88.98937847085472,
      88.98937847085472,
      88.98937847085472,
      88.98937847085472,
      88.98937847085472,
      88.98937847085472,
      88.98937847085472,
      88.98937847085472,
      88.98937847085472,
      1403.291506016798,
      1403.291506016798,
      1403.291506016798,
      1403.291506016798,
      1403.291506016798,
      1403.291506016798,
      1403.291506016798,
      1403.291506016798,
      1403.291506016798,
      1403.291506016798,
      1403.291506016798,
      1403.291506016798,
      1403.291506016798,
      1403.291506016798,
      1403.291506016798,
      1403.291506016798,
      1403.291506016798,
      1403.291506016798,
      1403.291506016798,
      1403.291506016798,
      1403.291506016798,
      1403.291506016798,
      1403.291506016798,
      1403.291506016798,
      1403.291506016798,
      1403.291506016798,
      1403.291506016798,
      1403.291506016798,
      1403.291506016798,
      1403.291506016798,
      1403.291506016798,
      1403.291506016798,
      1403.291506016798,
      1403.291506016798,
      1403.291506016798,
      1403.291506016798,
      1403.291506016798,
      1403.291506016798,
      1403.291506016798,
      1403.291506016798,
      1403.291506016798,
      1403.291506016798,
      1403.291506016798,
      1403.291506016798,
      1403.291506016798,
      1403.291506016798,
      1403.291506016798,
      1403.291506016798,
      1403.291506016798,
      1403.291506016798,
      1403.291506016798,
      1403.291506016798,
      1403.291506016798,
      1403.291506016798,
      1403.291506016798,
      1403.291506016798,
      1403.291506016798,
      1403.291506016798,
      1403.291506016798,
      1403.291506016798,
      1403.291506016798,
      1403.291506016798,
      1403.291506016798,
      1403.291506016798,
      1403.291506016798,
      1403.291506016798,
      1403.291506016798,
      1403.291506016798,
      1403.291506016798,
      1403.291506016798,
      1403.291506016798,
      1403.291506016798,
      1403.291506016798,
      1403.291506016798,
      1403.291506016798,
      1403.291506016798,
      1403.291506016798,
      1403.291506016798,
      1403.291506016798,
      1403.291506016798,
      1403.291506016798,
      1403.291506016798,
      1403.291506016798,
      1403.291506016798,
      1403.291506016798,
      1403.291506016798,
      1403.291506016798,
      1403.291506016798,
      1403.291506016798,
      1403.291506016798,
      1403.291506016798,
      1403.291506016798,
      1403.291506016798,
      1403.291506016798,
      1403.291506016798,
      1403.291506016798,
      1403.291506016798,
      1403.291506016798,
      1403.291506016798,
      1403.291506016798,
      1403.291506016798,
      1403.291506016798,
      1403.291506016798,
      1403.291506016798,
      1403.291506016798,
      1403.291506016798,
      1403.291506016798,
      1403.291506016798,
      1403.291506016798,
      1403.291506016798,
      1403.291506016798,
      1403.291506016798,
      1403.291506016798,
      1403.291506016798,
      1403.291506016798,
      1403.291506016798,
      1403.291506016798,
      1403.291506016798,
      1403.291506016798,
      1403.291506016798,
      1403.291506016798,
      1403.291506016798,
      1403.291506016798,
      1403.291506016798,
      1403.291506016798,
      1403.291506016798,
      1403.291506016798,
      1403.291506016798,
      1403.291506016798,
      1403.291506016798,
      1403.291506016798,
      1403.291506016798,
      1403.291506016798,
      1403.291506016798,
      1403.291506016798,
      1403.291506016798,
      1403.291506016798,
      1403.291506016798,
      1403.291506016798,
      1403.291506016798,
      1403.291506016798,
      330.5478194111638,
      330.5478194111638,
      330.5478194111638,
      330.5478194111638,
      330.5478194111638,
      330.5478194111638,
      330.5478194111638,
      330.5478194111638,
      330.5478194111638,
      330.5478194111638,
      330.5478194111638,
      330.5478194111638,
      330.5478194111638,
      330.5478194111638,
      330.5478194111638,
      330.5478194111638,
      330.5478194111638,
      330.5478194111638,
      330.5478194111638,
      330.5478194111638,
      330.5478194111638,
      330.5478194111638,
      330.5478194111638,
      330.5478194111638,
      330.5478194111638,
      330.5478194111638,
      330.5478194111638,
      330.5478194111638,
      330.5478194111638,
      330.5478194111638,
      330.5478194111638,
      330.5478194111638,
      330.5478194111638,
      223.80433179877582,
      223.80433179877582,
      223.80433179877582,
      223.80433179877582,
      223.80433179877582,
      223.80433179877582,
      223.80433179877582,
      223.80433179877582,
      223.80433179877582,
      223.80433179877582,
      223.80433179877582,
      223.80433179877582,
      223.80433179877582,
      223.80433179877582,
      223.80433179877582,
      223.80433179877582,
      223.80433179877582,
      223.80433179877582,
      223.80433179877582,
      223.80433179877582,
      223.80433179877582,
      223.80433179877582,
      372.4457982730928,
      372.4457982730928,
      372.4457982730928,
      372.4457982730928,
      372.4457982730928,
      372.4457982730928,
      372.4457982730928,
      372.4457982730928,
      372.4457982730928,
      372.4457982730928,
      372.4457982730928,
      372.4457982730928,
      372.4457982730928,
      372.4457982730928,
      372.4457982730928,
      372.4457982730928,
      372.4457982730928,
      372.4457982730928,
      372.4457982730928,
      372.4457982730928,
      372.4457982730928,
      372.4457982730928,
      372.4457982730928,
      372.4457982730928,
      372.4457982730928,
      372.4457982730928,
      372.4457982730928,
      372.4457982730928,
      372.4457982730928,
      372.4457982730928,
      372.4457982730928,
      372.4457982730928,
      372.4457982730928,
      372.4457982730928,
      372.4457982730928,
      372.4457982730928,
      372.4457982730928,
      372.4457982730928,
      83.7540167162224,
      83.7540167162224,
      83.7540167162224,
      83.7540167162224,
      83.7540167162224,
      83.7540167162224,
      83.7540167162224,
      83.7540167162224,
      176.18606833554804,
      176.18606833554804,
      176.18606833554804,
      176.18606833554804,
      176.18606833554804,
      176.18606833554804,
      176.18606833554804,
      176.18606833554804,
      176.18606833554804,
      176.18606833554804,
      176.18606833554804,
      176.18606833554804,
      176.18606833554804,
      176.18606833554804,
      176.18606833554804,
      176.18606833554804,
      176.18606833554804,
      176.18606833554804,
      126.88491694700133,
      126.88491694700133,
      126.88491694700133,
      126.88491694700133,
      126.88491694700133,
      126.88491694700133,
      126.88491694700133,
      126.88491694700133,
      126.88491694700133,
      126.88491694700133,
      126.88491694700133,
      126.88491694700133,
      154.87461073242594,
      154.87461073242594,
      154.87461073242594,
      154.87461073242594,
      154.87461073242594,
      154.87461073242594,
      154.87461073242594,
      154.87461073242594,
      154.87461073242594,
      154.87461073242594,
      154.87461073242594,
      154.87461073242594,
      154.87461073242594,
      154.87461073242594,
      154.87461073242594,
      154.87461073242594,
      87.8849457748438,
      87.8849457748438,
      87.8849457748438,
      87.8849457748438,
      87.8849457748438,
      87.8849457748438,
      87.8849457748438,
      87.8849457748438,
      278.1061558127076,
      278.1061558127076,
      278.1061558127076,
      278.1061558127076,
      278.1061558127076,
      278.1061558127076,
      278.1061558127076,
      278.1061558127076,
      278.1061558127076,
      278.1061558127076,
      278.1061558127076,
      278.1061558127076,
      278.1061558127076,
      278.1061558127076,
      278.1061558127076,
      278.1061558127076,
      278.1061558127076,
      278.1061558127076,
      278.1061558127076,
      278.1061558127076,
      278.1061558127076,
      278.1061558127076,
      278.1061558127076,
      278.1061558127076,
      278.1061558127076,
      278.1061558127076,
      278.1061558127076,
      278.1061558127076,
      191.62997750287104,
      191.62997750287104,
      191.62997750287104,
      191.62997750287104,
      191.62997750287104,
      191.62997750287104,
      191.62997750287104,
      191.62997750287104,
      191.62997750287104,
      191.62997750287104,
      191.62997750287104,
      191.62997750287104,
      191.62997750287104,
      191.62997750287104,
      191.62997750287104,
      191.62997750287104,
      191.62997750287104,
      191.62997750287104,
      191.62997750287104,
      246.49177648789555,
      246.49177648789555,
      246.49177648789555,
      246.49177648789555,
      246.49177648789555,
      246.49177648789555,
      246.49177648789555,
      246.49177648789555,
      246.49177648789555,
      246.49177648789555,
      246.49177648789555,
      246.49177648789555,
      246.49177648789555,
      246.49177648789555,
      246.49177648789555,
      246.49177648789555,
      246.49177648789555,
      246.49177648789555,
      246.49177648789555,
      246.49177648789555,
      246.49177648789555,
      246.49177648789555,
      246.49177648789555,
      246.49177648789555,
      246.49177648789555,
      293.4184931569471,
      293.4184931569471,
      293.4184931569471,
      293.4184931569471,
      293.4184931569471,
      293.4184931569471,
      293.4184931569471,
      293.4184931569471,
      293.4184931569471,
      293.4184931569471,
      293.4184931569471,
      293.4184931569471,
      293.4184931569471,
      293.4184931569471,
      293.4184931569471,
      293.4184931569471,
      293.4184931569471,
      293.4184931569471,
      293.4184931569471,
      293.4184931569471,
      293.4184931569471,
      293.4184931569471,
      293.4184931569471,
      293.4184931569471,
      293.4184931569471,
      293.4184931569471,
      293.4184931569471,
      293.4184931569471,
      293.4184931569471,
      224.08276479880806,
      224.08276479880806,
      224.08276479880806,
      224.08276479880806,
      224.08276479880806,
      224.08276479880806,
      224.08276479880806,
      224.08276479880806,
      224.08276479880806,
      224.08276479880806,
      224.08276479880806,
      224.08276479880806,
      224.08276479880806,
      224.08276479880806,
      224.08276479880806,
      224.08276479880806,
      224.08276479880806,
      224.08276479880806,
      224.08276479880806,
      224.08276479880806,
      224.08276479880806,
      224.08276479880806,
      224.08276479880806,
      317.96010257435773,
      317.96010257435773,
      317.96010257435773,
      317.96010257435773,
      317.96010257435773,
      317.96010257435773,
      317.96010257435773,
      317.96010257435773,
      317.96010257435773,
      317.96010257435773,
      317.96010257435773,
      317.96010257435773,
      317.96010257435773,
      317.96010257435773,
      317.96010257435773,
      317.96010257435773,
      317.96010257435773,
      317.96010257435773,
      317.96010257435773,
      317.96010257435773,
      317.96010257435773,
      317.96010257435773,
      317.96010257435773,
      317.96010257435773,
      317.96010257435773,
      317.96010257435773,
      317.96010257435773,
      317.96010257435773,
      317.96010257435773,
      317.96010257435773,
      317.96010257435773,
      317.96010257435773,
      395.21761759849323,
      395.21761759849323,
      395.21761759849323,
      395.21761759849323,
      395.21761759849323,
      395.21761759849323,
      395.21761759849323,
      395.21761759849323,
      395.21761759849323,
      395.21761759849323,
      395.21761759849323,
      395.21761759849323,
      395.21761759849323,
      395.21761759849323,
      395.21761759849323,
      395.21761759849323,
      395.21761759849323,
      395.21761759849323,
      395.21761759849323,
      395.21761759849323,
      395.21761759849323,
      395.21761759849323,
      395.21761759849323,
      395.21761759849323,
      395.21761759849323,
      395.21761759849323,
      395.21761759849323,
      395.21761759849323,
      395.21761759849323,
      395.21761759849323,
      395.21761759849323,
      395.21761759849323,
      395.21761759849323,
      395.21761759849323,
      395.21761759849323,
      395.21761759849323,
      395.21761759849323,
      395.21761759849323,
      395.21761759849323,
      274.8028288837122,
      274.8028288837122,
      274.8028288837122,
      274.8028288837122,
      274.8028288837122,
      274.8028288837122,
      274.8028288837122,
      274.8028288837122,
      274.8028288837122,
      274.8028288837122,
      274.8028288837122,
      274.8028288837122,
      274.8028288837122,
      274.8028288837122,
      274.8028288837122,
      274.8028288837122,
      274.8028288837122,
      274.8028288837122,
      274.8028288837122,
      274.8028288837122,
      274.8028288837122,
      274.8028288837122,
      274.8028288837122,
      274.8028288837122,
      274.8028288837122,
      274.8028288837122,
      274.8028288837122,
      274.8028288837122,
      240.7958180408641,
      240.7958180408641,
      240.7958180408641,
      240.7958180408641,
      240.7958180408641,
      240.7958180408641,
      240.7958180408641,
      240.7958180408641,
      240.7958180408641,
      240.7958180408641,
      240.7958180408641,
      240.7958180408641,
      240.7958180408641,
      240.7958180408641,
      240.7958180408641,
      240.7958180408641,
      240.7958180408641,
      240.7958180408641,
      240.7958180408641,
      240.7958180408641,
      240.7958180408641,
      240.7958180408641,
      240.7958180408641,
      240.7958180408641,
      640.0832140051753,
      640.0832140051753,
      640.0832140051753,
      640.0832140051753,
      640.0832140051753,
      640.0832140051753,
      640.0832140051753,
      640.0832140051753,
      640.0832140051753,
      640.0832140051753,
      640.0832140051753,
      640.0832140051753,
      640.0832140051753,
      640.0832140051753,
      640.0832140051753,
      640.0832140051753,
      640.0832140051753,
      640.0832140051753,
      640.0832140051753,
      640.0832140051753,
      640.0832140051753,
      640.0832140051753,
      640.0832140051753,
      640.0832140051753,
      640.0832140051753,
      640.0832140051753,
      640.0832140051753,
      640.0832140051753,
      640.0832140051753,
      640.0832140051753,
      640.0832140051753,
      640.0832140051753,
      640.0832140051753,
      640.0832140051753,
      640.0832140051753,
      640.0832140051753,
      640.0832140051753,
      640.0832140051753,
      640.0832140051753,
      640.0832140051753,
      640.0832140051753,
      640.0832140051753,
      640.0832140051753,
      640.0832140051753,
      640.0832140051753,
      640.0832140051753,
      640.0832140051753,
      640.0832140051753,
      640.0832140051753,
      640.0832140051753,
      640.0832140051753,
      640.0832140051753,
      640.0832140051753,
      640.0832140051753,
      640.0832140051753,
      640.0832140051753,
      640.0832140051753,
      640.0832140051753,
      640.0832140051753,
      640.0832140051753,
      640.0832140051753,
      640.0832140051753,
      640.0832140051753,
      640.0832140051753,
      193.68852743350362,
      193.68852743350362,
      193.68852743350362,
      193.68852743350362,
      193.68852743350362,
      193.68852743350362,
      193.68852743350362,
      193.68852743350362,
      193.68852743350362,
      193.68852743350362,
      193.68852743350362,
      193.68852743350362,
      193.68852743350362,
      193.68852743350362,
      193.68852743350362,
      193.68852743350362,
      193.68852743350362,
      193.68852743350362,
      193.68852743350362,
      63.52784828447693,
      63.52784828447693,
      63.52784828447693,
      63.52784828447693,
      63.52784828447693,
      63.52784828447693,
      88.95740845087857,
      88.95740845087857,
      88.95740845087857,
      88.95740845087857,
      88.95740845087857,
      88.95740845087857,
      88.95740845087857,
      88.95740845087857,
      88.95740845087857,
      88.95740845087857
    ],
    "is_long_segment": [
      false,
      false,
      false,
      false,
      false,
      false,
      false,
      false,
      false,
      false,
      false,
      false,
      false,
      false,
      false,
      false,
      false,
      false,
      false,
      false,
      false,
      false,
      false,
      false,
      false,
      false,
      false,
      false,
      false,
      false,
      false,
      false,
      false,
      false,
      false,
      false,
      false,
      false,
      false,
      false,
      false,
      false,
      false,
      false,
      false,
      false,
      false,
      false,
      false,
      false,
      false,
      false,
      false,
      false,
      false,
      false,
      false,
      false,
      false,
      false,
      false,
      false,
      false,
      false,
      false,
      false,
      false,
      false,
      false,
      false,
      false,
      false,
      false,
      false,
      false,
      false,
      false,
      false,
      false,
      false,
      false,
      false,
      false,
      false,
      false,
      false,
      false,
      false,
      false,
      false,
      false,
      false,
      false,
      false,
      false,
      false,
      false,
      false,
      false,
      false,
      false,
      false,
      false,
      true,
      true,
      true,
      true,
      true,
      true,
      true,
      true,
      true,
      true,
      true,
      true,
      true,
      true,
      true,
      true,
      true,
      true,
      true,
      true,
      true,
      true,
      true,
      true,
      true,
      true,
      true,
      true,
      true,
      true,
      true,
      true,
      true,
      true,
      true,
      true,
      true,
      true,
      true,
      true,
      true,
      true,
      true,
      true,
      true,
      true,
      true,
      true,
      true,
      true,
      true,
      true,
      true,
      true,
      true,
      true,
      true,
      true,
      true,
      true,
      true,
      true,
      true,
      true,
      true,
      false,
      false,
      false,
      true,
      true,
      true,
      true,
      true,
      true,
      true,
      true,
      true,
      true,
      true,
      true,
      true,
      true,
      true,
      true,
      true,
      true,
      true,
      true,
      true,
      true,
      true,
      true,
      true,
      true,
      true,
      true,
      true,
      true,
      true,
      true,
      true,
      true,
      true,
      true,
      true,
      true,
      false,
      false,
      false,
      false,
      false,
      false,
      false,
      false,
      false,
      false,
      false,
      false,
      false,
      false,
      false,
      false,
      false,
      false,
      false,
      false,
      false,
      false,
      false,
      false,
      false,
      false,
      false,
      false,
      false,
      false,
      false,
      false,
      false,
      false,
      false,
      false,
      false,
      false,
      false,
      false,
      false,
      false,
      false,
      false,
      false,
      false,
      false,
      false,
      false,
      false,
      false,
      false,
      false,
      false,
      false,
      false,
      false,
      false,
      false,
      false,
      false,
      false,
      false,
      false,
      false,
      false,
      false,
      false,
      false,
      false,
      false,
      false,
      false,
      false,
      false,
      false,
      false,
      false,
      false,
      false,
      false,
      false,
      false,
      false,
      false,
      false,
      false,
      false,
      false,
      false,
      false,
      false,
      false,
      false,
      false,
      false,
      true,
      true,
      true,
      true,
      true,
      true,
      true,
      true,
      true,
      true,
      true,
      true,
      true,
      true,
      true,
      true,
      true,
      true,
      true,
      true,
      true,
      true,
      true,
      true,
      true,
      true,
      true,
      true,
      true,
      true,
      true,
      true,
      true,
      true,
      true,
      true,
      true,
      true,
      true,
      false,
      false,
      false,
      false,
      false,
      false,
      false,
      false,
      false,
      false,
      false,
      false,
      false,
      false,
      false,
      false,
      false,
      false,
      false,
      false,
      false,
      false,
      false,
      false,
      false,
      false,
      false,
      false,
      false,
      false,
      false,
      false,
      false,
      false,
      false,
      false,
      false,
      false,
      false,
      false,
      false,
      false,
      false,
      false,
      false,
      false,
      false,
      false,
      false,
      false,
      false,
      false,
      false,
      false,
      false,
      false,
      false,
      false,
      false,
      false,
      false,
      false,
      false,
      false,
      false,
      false,
      false,
      false,
      false,
      false,
      false,
      false,
      false,
      false,
      false,
      false,
      false,
      false,
      false,
      false,
      false,
      false,
      false,
      false,
      false,
      false,
      false,
      false,
      false,
      false,
      false,
      false,
      false,
      false,
      false,
      false,
      false,
      false,
      false,
      false,
      false,
      false,
      false,
      false,
      false,
      false,
      false,
      false,
      false,
      false,
      false,
      false,
      false,
      false,
      false,
      false,
      false,
      false,
      false,
      false,
      false,
      false,
      false,
      false,
      false,
      false,
      false,
      false,
      false,
      false,
      false,
      false,
      false,
      false,
      false,
      false,
      false,
      false,
      false,
      false,
      false,
      false,
      false,
      false,
      false,
      false,
      false,
      false,
      false,
      false,
      false,
      false,
      false,
      false,
      false,
      false,
      false,
      false,
      false,
      false,
      false,
      false,
      false,
      false,
      false,
      false,
      false,
      false,
      false,
      false,
      false,
      false,
      false,
      false,
      false,
      false,
      false,
      false,
      false,
      false,
      false,
      false,
      false,
      false,
      false,
      false,
      false,
      false,
      false,
      false,
      false,
      false,
      false,
      false,
      false,
      false,
      false,
      false,
      false,
      false,
      false,
      false,
      false,
      false,
      false,
      false,
      false,
      false,
      false,
      false,
      false,
      false,
      false,
      false,
      false,
      false,
      false,
      false,
      false,
      false,
      false,
      false,
      false,
      false,
      false,
      false,
      false,
      false,
      false,
      false,
      false,
      false,
      false,
      false,
      false,
      false,
      false,
      false,
      false,
      false,
      false,
      false,
      false,
      false,
      false,
      false,
      false,
      false,
      false,
      false,
      false,
      false,
      false,
      false,
      false,
      false,
      false,
      false,
      false,
      false,
      false,
      false,
      false,
      false,
      false,
      false,
      false,
      false,
      false,
      false,
      false,
      false,
      false,
      false,
      false,
      false,
      false,
      false,
      false,
      false,
      false,
      false,
      false,
      false,
      false,
      false,
      false,
      false,
      false,
      false,
      false,
      false,
      false,
      false,
      false,
      false,
      false,
      false,
      false,
      false,
      false,
      false,
      false,
      false,
      false,
      false,
      false,
      false,
      false,
      false,
      false,
      false,
      false,
      false,
      false,
      false,
      false,
      false,
      false,
      false,
      false,
      false,
      false,
      false,
      false,
      false,
      false,
      false,
      false,
      false,
      false,
      false,
      false,
      false,
      false,
      false,
      false,
      false,
      false,
      false,
      false,
      false,
      false,
      false,
      false,
      false,
      false,
      false,
      false,
      false,
      false,
      false,
      false,
      false,
      true,
      true,
      true,
      true,
      true,
      true,
      true,
      true,
      true,
      true,
      true,
      true,
      true,
      true,
      true,
      true,
      true,
      true,
      true,
      true,
      true,
      true,
      true,
      true,
      true,
      true,
      true,
      true,
      true,
      true,
      true,
      false,
      false,
      false,
      false,
      false,
      false,
      false,
      false,
      false,
      false,
      false,
      false,
      false,
      false,
      false,
      false,
      false,
      false,
      false,
      false,
      false,
      false,
      false,
      false,
      false,
      false,
      false,
      false,
      false,
      false,
      false,
      false,
      false,
      false,
      false,
      false,
      false,
      false,
      false,
      false,
      false,
      false,
      false,
      false,
      false,
      false,
      false,
      false,
      false,
      false,
      false,
      false,
      false,
      false,
      false,
      false,
      false,
      false,
      false,
      false,
      false,
      false,
      false,
      false,
      false,
      false,
      false,
      false,
      false,
      false,
      false,
      false,
      false,
      false,
      false,
      false,
      false,
      false,
      false,
      false,
      false,
      false,
      false,
      false,
      false,
      false,
      false,
      false,
      false,
      false,
      false,
      false,
      false,
      false,
      false,
      false,
      false,
      false,
      false,
      false,
      false,
      false,
      false,
      false,
      false,
      false,
      false,
      false,
      false,
      false,
      false,
      false,
      false,
      false,
      false,
      false,
      false,
      false,
      false,
      false,
      false,
      false,
      true,
      true,
      true,
      true,
      true,
      true,
      true,
      true,
      true,
      true,
      true,
      true,
      true,
      true,
      true,
      true,
      true,
      true,
      true,
      true,
      true,
      true,
      true,
      true,
      true,
      true,
      true,
      true,
      true,
      true,
      true,
      true,
      true,
      true,
      true,
      true,
      true,
      true,
      true,
      true,
      true,
      true,
      false,
      false,
      false,
      false,
      false,
      false,
      false,
      true,
      true,
      true,
      true,
      true,
      true,
      true,
      true,
      true,
      true,
      true,
      true,
      true,
      true,
      true,
      true,
      true,
      true,
      true,
      true,
      true,
      true,
      true,
      true,
      true,
      true,
      true,
      true,
      true,
      true,
      true,
      true,
      true,
      true,
      true,
      true,
      true,
      true,
      true,
      true,
      true,
      true,
      true,
      true,
      true,
      true,
      true,
      true,
      true,
      true,
      true,
      true,
      true,
      true,
      true,
      true,
      true,
      true,
      true,
      true,
      true,
      true,
      true,
      true,
      true,
      true,
      true,
      true,
      true,
      true,
      true,
      true,
      true,
      true,
      true,
      true,
      true,
      true,
      true,
      true,
      true,
      true,
      true,
      true,
      true,
      true,
      true,
      true,
      true,
      true,
      true,
      true,
      true,
      true,
      true,
      true,
      true,
      true,
      true,
      true,
      true,
      true,
      true,
      true,
      true,
      true,
      true,
      true,
      true,
      true,
      true,
      true,
      true,
      true,
      true,
      true,
      true,
      true,
      true,
      true,
      true,
      true,
      true,
      true,
      true,
      true,
      true,
      true,
      true,
      true,
      true,
      true,
      true,
      true,
      true,
      true,
      true,
      true,
      true,
      true,
      true,
      true,
      true,
      true,
      true,
      true,
      true,
      true,
      true,
      true,
      true,
      true,
      true,
      true,
      true,
      true,
      true,
      true,
      true,
      true,
      true,
      true,
      true,
      true,
      true,
      true,
      true,
      true,
      true,
      true,
      true,
      true,
      true,
      true,
      true,
      true,
      true,
      true,
      true,
      true,
      true,
      true,
      true,
      true,
      true,
      true,
      true,
      true,
      true,
      true,
      true,
      true,
      true,
      true,
      true,
      true,
      true,
      true,
      true,
      true,
      true,
      false,
      false,
      false,
      false,
      false,
      false,
      false,
      false,
      false,
      false,
      false,
      false,
      false,
      false,
      false,
      false,
      false,
      false,
      false,
      false,
      false,
      false,
      false,
      false,
      false,
      false,
      false,
      false,
      false,
      false,
      false,
      false,
      false,
      false,
      false,
      false,
      false,
      false,
      false,
      false,
      false,
      false,
      false,
      false,
      false,
      false,
      false,
      false,
      false,
      false,
      false,
      false,
      false,
      false,
      false,
      false,
      false,
      false,
      false,
      false,
      false,
      false,
      false,
      false,
      false,
      false,
      false,
      false,
      false,
      false,
      false,
      false,
      false,
      false,
      false,
      false,
      false,
      false,
      false,
      false,
      false,
      false,
      false,
      false,
      false,
      false,
      false,
      false,
      false,
      false,
      false,
      false,
      false,
      false,
      false,
      false,
      false,
      false,
      false,
      false,
      false,
      false,
      false,
      false,
      false,
      false,
      false,
      false,
      false,
      false,
      false,
      false,
      false,
      false,
      false,
      false,
      true,
      true,
      true,
      true,
      true,
      true,
      true,
      true,
      true,
      true,
      true,
      true,
      true,
      true,
      true,
      true,
      true,
      true,
      true,
      true,
      true,
      true,
      true,
      true,
      true,
      true,
      true,
      true,
      true,
      true,
      true,
      true,
      true,
      true,
      true,
      true,
      true,
      true,
      true,
      true,
      true,
      true,
      true,
      true,
      true,
      true,
      true,
      true,
      true,
      true,
      true,
      true,
      true,
      true,
      true,
      true,
      true,
      true,
      true,
      true,
      true,
      true,
      true,
      true,
      true,
      true,
      true,
      true,
      true,
      true,
      true,
      true,
      true,
      true,
      true,
      true,
      true,
      true,
      true,
      true,
      true,
      true,
      true,
      true,
      true,
      true,
      true,
      true,
      true,
      true,
      true,
      true,
      true,
      true,
      true,
      true,
      true,
      true,
      true,
      true,
      true,
      true,
      true,
      true,
      true,
      true,
      true,
      true,
      true,
      true,
      true,
      true,
      true,
      true,
      true,
      true,
      true,
      true,
      true,
      true,
      true,
      true,
      true,
      true,
      true,
      true,
      true,
      true,
      true,
      true,
      true,
      true,
      true,
      true,
      true,
      true,
      true,
      true,
      true,
      true,
      true,
      true,
      true,
      true,
      true,
      true,
      true,
      true,
      true,
      true,
      true,
      true,
      true,
      true,
      true,
      true,
      true,
      true,
      true,
      true,
      true,
      true,
      true,
      true,
      true,
      true,
      true,
      true,
      true,
      true,
      true,
      true,
      true,
      true,
      true,
      true,
      true,
      true,
      true,
      true,
      true,
      true,
      true,
      true,
      true,
      true,
      true,
      true,
      true,
      true,
      true,
      true,
      true,
      true,
      true,
      true,
      true,
      true,
      true,
      true,
      true,
      true,
      true,
      true,
      true,
      true,
      true,
      true,
      true,
      true,
      true,
      true,
      true,
      true,
      true,
      true,
      true,
      true,
      true,
      true,
      true,
      true,
      true,
      true,
      true,
      true,
      true,
      true,
      true,
      true,
      true,
      true,
      true,
      true,
      true,
      true,
      true,
      true,
      true,
      true,
      true,
      true,
      true,
      true,
      true,
      true,
      true,
      true,
      true,
      true,
      true,
      true,
      true,
      true,
      true,
      true,
      true,
      true,
      true,
      true,
      true,
      true,
      true,
      true,
      true,
      true,
      true,
      true,
      true,
      true,
      true,
      true,
      true,
      true,
      true,
      true,
      true,
      true,
      true,
      true,
      true,
      true,
      true,
      true,
      true,
      true,
      true,
      true,
      true,
      true,
      true,
      true,
      true,
      true,
      true,
      true,
      true,
      true,
      true,
      true,
      true,
      true,
      true,
      true,
      true,
      true,
      true,
      true,
      true,
      true,
      true,
      true,
      true,
      true,
      true,
      true,
      true,
      true,
      true,
      true,
      true,
      true,
      true,
      true,
      true,
      true,
      true,
      true,
      true,
      true,
      true,
      true,
      true,
      true,
      true,
      true,
      true,
      true,
      true,
      true,
      true,
      true,
      true,
      true,
      true,
      true,
      true,
      true,
      true,
      true,
      true,
      true,
      true,
      true,
      true,
      true,
      true,
      true,
      true,
      true,
      true,
      true,
      true,
      true,
      true,
      true,
      true,
      true,
      true,
      true,
      true,
      true,
      true,
      true,
      true,
      true,
      true,
      true,
      true,
      true,
      true,
      true,
      true,
      true,
      true,
      true,
      true,
      true,
      true,
      true,
      true,
      true,
      true,
      true,
      true,
      true,
      true,
      true,
      true,
      true,
      true,
      true,
      true,
      true,
      true,
      true,
      true,
      true,
      true,
      true,
      true,
      true,
      true,
      true,
      true,
      true,
      true,
      true,
      true,
      true,
      true,
      true,
      true,
      true,
      true,
      true,
      true,
      true,
      true,
      true,
      true,
      true,
      true,
      true,
      true,
      true,
      true,
      true,
      true,
      true,
      true,
      true,
      true,
      true,
      true,
      true,
      true,
      true,
      true,
      true,
      true,
      true,
      true,
      true,
      true,
      true,
      true,
      true,
      true,
      true,
      true,
      true,
      true,
      true,
      true,
      true,
      true,
      true,
      true,
      true,
      false,
      false,
      false,
      false,
      false,
      false,
      false,
      false,
      false,
      false,
      false,
      false,
      false,
      false,
      false,
      false,
      false,
      false,
      false,
      false,
      false,
      false,
      false,
      false,
      false,
      false,
      false,
      false,
      false,
      false,
      false,
      false,
      false,
      false,
      false,
      false,
      false,
      false,
      false,
      false,
      false,
      false,
      false,
      false,
      false,
      false,
      false,
      false,
      false,
      false,
      false,
      false,
      false,
      false,
      false,
      false,
      false,
      false,
      false,
      false,
      false,
      false,
      false,
      false,
      false,
      false,
      false,
      false,
      false,
      false,
      false,
      false,
      false,
      false,
      false,
      false,
      false,
      false,
      false,
      false,
      false,
      false,
      false,
      false,
      false,
      false,
      false,
      false,
      false,
      false,
      false,
      false,
      false,
      false,
      false,
      false,
      false,
      false,
      false,
      false,
      false,
      false,
      false,
      false,
      true,
      true,
      true,
      true,
      true,
      true,
      true,
      true,
      true,
      true,
      true,
      true,
      true,
      true,
      true,
      true,
      true,
      true,
      true,
      true,
      true,
      true,
      true,
      true,
      true,
      true,
      true,
      true,
      true,
      true,
      true,
      true,
      true,
      true,
      true,
      true,
      true,
      true,
      true,
      true,
      true,
      true,
      true,
      true,
      true,
      true,
      true,
      false,
      false,
      false,
      false,
      false,
      false,
      false,
      false,
      false,
      false,
      false,
      false,
      false,
      false,
      false,
      false,
      false,
      false,
      false,
      false,
      false,
      false,
      false,
      false,
      false,
      false,
      true,
      true,
      true,
      true,
      true,
      true,
      true,
      true,
      true,
      true,
      true,
      true,
      true,
      true,
      true,
      true,
      true,
      true,
      true,
      true,
      true,
      true,
      true,
      true,
      true,
      true,
      true,
      true,
      true,
      true,
      true,
      false,
      false,
      false,
      false,
      false,
      false,
      false,
      false,
      false,
      false,
      false,
      false,
      false,
      false,
      false,
      false,
      false,
      false,
      false,
      false,
      false,
      false,
      false,
      false,
      false,
      false,
      false,
      false,
      false,
      false,
      false,
      false,
      false,
      false,
      false,
      false,
      false,
      false,
      false,
      true,
      true,
      true,
      true,
      true,
      true,
      true,
      true,
      true,
      true,
      true,
      true,
      true,
      true,
      true,
      true,
      true,
      true,
      true,
      true,
      true,
      true,
      true,
      true,
      true,
      true,
      true,
      true,
      true,
      true,
      true,
      true,
      true,
      false,
      false,
      false,
      false,
      false,
      false,
      false,
      false,
      false,
      false,
      false,
      false,
      false,
      false,
      false,
      false,
      false,
      false,
      false,
      false,
      false,
      false,
      false,
      false,
      false,
      false,
      false,
      false,
      false,
      false,
      false,
      false,
      false,
      false,
      false,
      false,
      false,
      false,
      false,
      false,
      false,
      false,
      false,
      false,
      false,
      false,
      false,
      false,
      false,
      false,
      false,
      false,
      false,
      false,
      false,
      false,
      false,
      false,
      false,
      false,
      false,
      false,
      false,
      false,
      false,
      false,
      false,
      false,
      false,
      false,
      false,
      false,
      false,
      false,
      false,
      false,
      false,
      false,
      false,
      false,
      false,
      false,
      false,
      false,
      false,
      false,
      false,
      false,
      false,
      false,
      false,
      false,
      true,
      true,
      true,
      true,
      true,
      true,
      true,
      true,
      true,
      true,
      true,
      true,
      true,
      true,
      true,
      true,
      true,
      true,
      true,
      true,
      true,
      true,
      true,
      true,
      true,
      true,
      true,
      true,
      true,
      true,
      true,
      true,
      true,
      true,
      true,
      true,
      true,
      true,
      true,
      true,
      true,
      true,
      true,
      true,
      true,
      true,
      true,
      true,
      true,
      true,
      true,
      true,
      true,
      true,
      true,
      true,
      true,
      true,
      true,
      true,
      true,
      true,
      true,
      true,
      true,
      true,
      true,
      true,
      true,
      true,
      true,
      true,
      true,
      true,
      true,
      true,
      true,
      true,
      true,
      true,
      true,
      true,
      true,
      true,
      true,
      true,
      true,
      true,
      true,
      true,
      true,
      true,
      true,
      true,
      true,
      true,
      true,
      true,
      true,
      true,
      true,
      true,
      true,
      true,
      true,
      true,
      true,
      true,
      true,
      true,
      true,
      true,
      true,
      true,
      true,
      true,
      true,
      true,
      true,
      true,
      true,
      true,
      true,
      true,
      true,
      true,
      true,
      true,
      true,
      true,
      true,
      true,
      true,
      true,
      true,
      true,
      true,
      true,
      true,
      true,
      true,
      true,
      true,
      true,
      true,
      true,
      true,
      true,
      true,
      true,
      true,
      true,
      true,
      true,
      true,
      true,
      true,
      true,
      true,
      true,
      true,
      true,
      true,
      true,
      true,
      true,
      true,
      true,
      true,
      true,
      true,
      true,
      true,
      true,
      false,
      false,
      false,
      false,
      false,
      false,
      false,
      false,
      false,
      false,
      false,
      false,
      false,
      false,
      false,
      false,
      false,
      false,
      false,
      false,
      false,
      false,
      true,
      true,
      true,
      true,
      true,
      true,
      true,
      true,
      true,
      true,
      true,
      true,
      true,
      true,
      true,
      true,
      true,
      true,
      true,
      true,
      true,
      true,
      true,
      true,
      true,
      true,
      true,
      true,
      true,
      true,
      true,
      true,
      true,
      true,
      true,
      true,
      true,
      true,
      false,
      false,
      false,
      false,
      false,
      false,
      false,
      false,
      false,
      false,
      false,
      false,
      false,
      false,
      false,
      false,
      false,
      false,
      false,
      false,
      false,
      false,
      false,
      false,
      false,
      false,
      false,
      false,
      false,
      false,
      false,
      false,
      false,
      false,
      false,
      false,
      false,
      false,
      false,
      false,
      false,
      false,
      false,
      false,
      false,
      false,
      false,
      false,
      false,
      false,
      false,
      false,
      false,
      false,
      false,
      false,
      false,
      false,
      false,
      false,
      false,
      false,
      false,
      false,
      false,
      false,
      false,
      false,
      false,
      false,
      false,
      false,
      false,
      false,
      false,
      false,
      false,
      false,
      false,
      false,
      false,
      false,
      false,
      false,
      false,
      false,
      false,
      false,
      false,
      false,
      false,
      false,
      false,
      false,
      false,
      false,
      false,
      false,
      false,
      false,
      false,
      false,
      false,
      false,
      false,
      false,
      false,
      false,
      false,
      false,
      false,
      false,
      false,
      false,
      false,
      false,
      false,
      false,
      false,
      false,
      false,
      false,
      false,
      false,
      false,
      false,
      false,
      false,
      false,
      false,
      false,
      false,
      false,
      false,
      false,
      false,
      false,
      false,
      false,
      false,
      false,
      false,
      false,
      false,
      false,
      false,
      false,
      false,
      false,
      false,
      false,
      false,
      false,
      false,
      false,
      false,
      false,
      false,
      false,
      false,
      false,
      false,
      false,
      false,
      false,
      false,
      false,
      false,
      false,
      false,
      false,
      false,
      false,
      false,
      false,
      false,
      false,
      false,
      false,
      false,
      false,
      false,
      false,
      false,
      false,
      false,
      true,
      true,
      true,
      true,
      true,
      true,
      true,
      true,
      true,
      true,
      true,
      true,
      true,
      true,
      true,
      true,
      true,
      true,
      true,
      true,
      true,
      true,
      true,
      true,
      true,
      true,
      true,
      true,
      true,
      true,
      true,
      true,
      true,
      true,
      true,
      true,
      true,
      true,
      true,
      true,
      true,
      true,
      true,
      true,
      true,
      true,
      true,
      true,
      true,
      true,
      true,
      true,
      true,
      true,
      true,
      true,
      true,
      true,
      true,
      true,
      true,
      true,
      true,
      true,
      true,
      true,
      true,
      true,
      true,
      true,
      true,
      false,
      false,
      false,
      false,
      false,
      false,
      false,
      false,
      false,
      false,
      false,
      false,
      false,
      false,
      false,
      false,
      false,
      false,
      false,
      false,
      false,
      false,
      false,
      false,
      false,
      false,
      false,
      false,
      false,
      false,
      false,
      false,
      false,
      false,
      false,
      false,
      false,
      false,
      false,
      false,
      false,
      false,
      false,
      false,
      false,
      false,
      false,
      false,
      false,
      false,
      false,
      false,
      true,
      true,
      true,
      true,
      true,
      true,
      true,
      true,
      true,
      true,
      true,
      true,
      true,
      true,
      true,
      true,
      true,
      true,
      true,
      true,
      true,
      true,
      true,
      true,
      true,
      true,
      true,
      true,
      true,
      true,
      true,
      true,
      true,
      true,
      true,
      true,
      true,
      true,
      true,
      true,
      true,
      true,
      true,
      true,
      true,
      true,
      true,
      true,
      true,
      true,
      true,
      true,
      true,
      true,
      true,
      true,
      true,
      true,
      true,
      true,
      true,
      true,
      true,
      true,
      false,
      false,
      false,
      false,
      false,
      false,
      false,
      false,
      false,
      false,
      false,
      false,
      false,
      false,
      false,
      false,
      false,
      false,
      false,
      false,
      false,
      false,
      false,
      false,
      false,
      false,
      false,
      false,
      false,
      false,
      false,
      false,
      false,
      false,
      false
    ],
    "resample_meta": {
      "ds_m": 10.0,
      "snap_transitions": true,
      "long_segment_m": 300.0,
      "n_in": 131,
      "n_unique_in": 131,
      "n_out": 2701,
      "n_snapped": 27,
      "n_long_segment": 1344
    },
    "elevation_m": [
      1424.284179688,
      1424.330444336,
      1424.274291992,
      1424.225219727,
      1424.237792969,
      1424.231567383,
      1424.092773438,
      1424.236450195,
      1423.979003906,
      1423.07409668,
      1421.548095703,
      1419.814941406,
      1418.333618164,
      1417.447387695,
      1417.352416992,
      1417.27746582,
      1417.252441406,
      1417.222290039,
      1417.212280273,
      1417.202392578,
      1417.15612793,
      1417.122314453,
      1417.092407227,
      1417.068603516,
      1417.024047852,
      1417.023071289,
      1417.10925293,
      1417.192993164,
      1417.415527344,
      1417.596801758,
      1417.945556641,
      1420.329345703,
      1421.165527344,
      1422.85925293,
      1422.633056641,
      1422.276855469,
      1423.266845703,
      1422.915527344,
      1423.877441406,
      1423.686157227,
      1423.831176758,
      1424.362426758,
      1424.168701172,
      1423.96862793,
      1423.68371582,
      1424.151123047,
      1423.800048828,
      1423.170166016,
      1423.921386719,
      1422.647705078,
      1421.727661133,
      1421.710205078,
      1421.278930664,
      1421.327880859,
      1421.225830078,
      1421.220825195,
      1421.224609375,
      1421.227050781,
      1421.223388672,
      1421.219116211,
      1421.225097656,
      1421.221313477,
      1421.238037109,
      1421.211791992,
      1421.103027344,
      1421.120117188,
      1421.192016602,
      1421.207275391,
      1421.244995117,
      1421.25,
      1421.261230469,
      1421.391235352,
      1421.515014648,
      1421.84753418,
      1422.405761719,
      1422.871948242,
      1423.393188477,
      1423.659423828,
      1423.786987305,
      1423.855712891,
      1423.986328125,
      1424.061767578,
      1424.126831055,
      1423.723144531,
      1423.595581055,
      1422.951782227,
      1423.326904297,
      1423.625610352,
      1424.013061523,
      1423.070556641,
      1424.17175293,
      1422.869262695,
      1423.368041992,
      1422.675537109,
      1423.403320312,
      1424.120483398,
      1422.76184082,
      1423.485473633,
      1422.723022461,
      1423.375488281,
      1422.591796875,
      1422.772827148,
      1423.582397461,
      1422.698486328,
      1423.256103516,
      1422.448364258,
      1423.078369141,
      1423.634643555,
      1422.674072266,
      1423.235717773,
      1422.513183594,
      1423.150634766,
      1423.66809082,
      1422.585693359,
      1423.202392578,
      1422.558959961,
      1423.1328125,
      1422.470336914,
      1422.710205078,
      1423.180297852,
      1422.611572266,
      1422.900268555,
      1422.356445312,
      1421.966430664,
      1421.286376953,
      1420.120239258,
      1420.408935547,
      1420.259033203,
      1420.526245117,
      1420.893798828,
      1420.75,
      1420.895019531,
      1421.161254883,
      1421.132568359,
      1421.127075195,
      1421.075805664,
      1421.143310547,
      1421.080810547,
      1420.983276367,
      1420.850830078,
      1420.779541016,
      1420.617675781,
      1420.334594727,
      1419.974609375,
      1419.614624023,
      1419.209716797,
      1418.969726562,
      1418.665527344,
      1418.59765625,
      1418.533935547,
      1418.354003906,
      1418.305175781,
      1418.241455078,
      1418.162719727,
      1418.182128906,
      1418.153564453,
      1418.03112793,
      1418.133666992,
      1418.077270508,
      1418.168579102,
      1418.231079102,
      1418.279174805,
      1418.970458984,
      1418.871704102,
      1419.499267578,
      1419.50793457,
      1418.997924805,
      1419.248901367,
      1416.713012695,
      1414.458007812,
      1414.07421875,
      1414.07421875,
      1416.848022461,
      1418.76171875,
      1418.349243164,
      1418.420898438,
      1418.248168945,
      1418.305664062,
      1418.270629883,
      1418.218139648,
      1418.319458008,
      1418.235107422,
      1418.284301758,
      1418.253051758,
      1418.163085938,
      1418.205566406,
      1418.123046875,
      1418.213745117,
      1418.218139648,
      1418.130249023,
      1418.141479492,
      1418.087768555,
      1418.242675781,
      1418.201538086,
      1418.085327148,
      1418.124023438,
      1418.061157227,
      1418.279907227,
      1418.204956055,
      1418.158569336,
      1418.116088867,
      1418.028808594,
      1418.305664062,
      1418.151855469,
      1418.133178711,
      1417.98059082,
      1417.833129883,
      1418.20690918,
      1417.843383789,
      1418.033325195,
      1418.033325195,
      1417.900878906,
      1417.823364258,
      1418.145874023,
      1417.805908203,
      1418.005859375,
      1417.875610352,
      1418.368164062,
      1418.030639648,
      1417.648193359,
      1417.974365234,
      1417.893188477,
      1418.280029297,
      1417.887695312,
      1417.500244141,
      1417.931030273,
      1417.897216797,
      1418.210693359,
      1417.753173828,
      1417.382202148,
      1417.935180664,
      1417.850097656,
      1418.104003906,
      1417.635253906,
      1417.352661133,
      1417.962158203,
      1417.823120117,
      1417.998168945,
      1417.540527344,
      1418.005615234,
      1417.881835938,
      1417.881835938,
      1418.134399414,
      1418.059814453,
      1418.123535156,
      1418.167358398,
      1418.082275391,
      1418.128540039,
      1418.036010742,
      1418.115966797,
      1418.136108398,
      1418.173583984,
      1418.109863281,
      1418.087402344,
      1418.151855469,
      1418.088134766,
      1418.024658203,
      1418.126708984,
      1418.147583008,
      1418.030151367,
      1418.106323242,
      1418.111328125,
      1418.157592773,
      1418.09387207,
      1418.010620117,
      1418.140869141,
      1418.095825195,
      1418.095825195,
      1418.009521484,
      1418.200805664,
      1418.192016602,
      1417.813354492,
      1418.272827148,
      1418.166381836,
      1417.821411133,
      1418.345092773,
      1418.138793945,
      1418.348510742,
      1418.258544922,
      1418.037719727,
      1418.326293945,
      1418.241333008,
      1418.095092773,
      1418.307495117,
      1418.213745117,
      1418.181274414,
      1418.243041992,
      1418.206542969,
      1418.227783203,
      1418.2265625,
      1418.220336914,
      1418.156494141,
      1417.837768555,
      1417.415649414,
      1416.579467773,
      1416.212036133,
      1415.911987305,
      1415.76574707,
      1415.634521484,
      1415.46496582,
      1415.283447266,
      1414.819213867,
      1414.761962891,
      1414.978149414,
      1415.080566406,
      1415.188110352,
      1415.256835938,
      1415.359375,
      1415.416625977,
      1415.473632812,
      1415.536132812,
      1415.56237793,
      1415.629882812,
      1415.666137695,
      1415.698730469,
      1415.70715332,
      1415.76965332,
      1415.872192383,
      1416.000854492,
      1416.102172852,
      1416.260986328,
      1416.420898438,
      1416.514892578,
      1416.684082031,
      1416.848876953,
      1416.995605469,
      1417.051879883,
      1417.191894531,
      1417.328125,
      1417.4609375,
      1417.493408203,
      1417.625976562,
      1417.795898438,
      1417.83972168,
      1417.968383789,
      1418.095947266,
      1418.166748047,
      1418.123046875,
      1418.17175293,
      1418.192993164,
      1418.240478516,
      1418.300537109,
      1418.454345703,
      1418.545532227,
      1418.545532227,
      1418.509277344,
      1418.536132812,
      1418.516235352,
      1418.523193359,
      1418.448120117,
      1418.289916992,
      1418.207763672,
      1418.175170898,
      1418.19152832,
      1418.16394043,
      1418.168945312,
      1418.077636719,
      1417.943725586,
      1417.856811523,
      1417.748046875,
      1417.496826172,
      1417.373168945,
      1417.26940918,
      1417.113037109,
      1416.909179688,
      1416.771118164,
      1416.635986328,
      1416.377319336,
      1416.25793457,
      1416.1640625,
      1416.0390625,
      1415.959472656,
      1415.944091797,
      1415.942871094,
      1415.849121094,
      1415.839111328,
      1415.840332031,
      1415.82409668,
      1415.786743164,
      1415.764648438,
      1415.702148438,
      1415.597167969,
      1415.455932617,
      1415.298461914,
      1415.143432617,
      1415.126464844,
      1415.1171875,
      1415.109619141,
      1415.079711914,
      1414.948364258,
      1414.922851562,
      1414.910644531,
      1414.837402344,
      1414.832641602,
      1414.78515625,
      1414.783935547,
      1414.723999023,
      1414.723876953,
      1414.698974609,
      1414.638671875,
      1414.649169922,
      1414.644287109,
      1414.657958984,
      1414.612915039,
      1414.628051758,
      1414.666748047,
      1414.702758789,
      1414.642333984,
      1414.637207031,
      1414.557250977,
      1414.562255859,
      1414.462280273,
      1414.294677734,
      1414.173095703,
      1413.844360352,
      1413.468139648,
      1413.037963867,
      1412.512939453,
      1412.299194336,
      1412.072998047,
      1412.073364258,
      1412.058105469,
      1412.051757812,
      1412.070556641,
      1412.089355469,
      1412.115600586,
      1412.13671875,
      1412.123779297,
      1412.091308594,
      1412.051269531,
      1411.888793945,
      1411.84753418,
      1411.963867188,
      1412.755371094,
      1413.434814453,
      1413.434814453,
      1414.959838867,
      1415.11730957,
      1415.222290039,
      1415.177368164,
      1415.162353516,
      1415.14855957,
      1415.216552734,
      1415.16809082,
      1415.211914062,
      1415.20690918,
      1415.328613281,
      1415.40612793,
      1415.488647461,
      1415.634887695,
      1415.689941406,
      1415.778198242,
      1415.773071289,
      1415.765625,
      1415.798217773,
      1415.792114258,
      1415.823730469,
      1415.816162109,
      1415.849853516,
      1415.849853516,
      1415.848632812,
      1415.862426758,
      1415.839233398,
      1415.869018555,
      1415.864013672,
      1415.843994141,
      1415.87902832,
      1415.87902832,
      1415.927001953,
      1415.915893555,
      1415.859741211,
      1415.840942383,
      1415.788452148,
      1415.70715332,
      1415.650878906,
      1415.397460938,
      1414.836669922,
      1414.005493164,
      1414.175415039,
      1414.947875977,
      1415.586669922,
      1415.801757812,
      1416.073730469,
      1416.321166992,
      1416.429931641,
      1416.620117188,
      1416.645141602,
      1416.775512695,
      1416.697387695,
      1416.567871094,
      1416.270507812,
      1415.981811523,
      1415.411865234,
      1414.968139648,
      1414.623046875,
      1414.999145508,
      1415.367431641,
      1415.24987793,
      1415.229858398,
      1415.207397461,
      1415.224853516,
      1415.259887695,
      1415.326660156,
      1415.352905273,
      1415.390380859,
      1415.425415039,
      1415.571655273,
      1415.719238281,
      1415.867919922,
      1416.16418457,
      1416.282836914,
      1416.57409668,
      1416.656738281,
      1416.69543457,
      1416.840454102,
      1416.835449219,
      1416.981689453,
      1416.946655273,
      1417.006591797,
      1416.954101562,
      1416.906616211,
      1416.953125,
      1416.902587891,
      1416.917236328,
      1416.873535156,
      1416.937866211,
      1416.857788086,
      1416.797851562,
      1416.797607422,
      1416.720092773,
      1416.730102539,
      1416.662597656,
      1416.575195312,
      1416.501464844,
      1416.407592773,
      1416.254516602,
      1416.119506836,
      1415.928344727,
      1415.620727539,
      1415.42578125,
      1415.153198242,
      1415.112792969,
      1415.021240234,
      1415.047485352,
      1414.942504883,
      1414.067504883,
      1413.266235352,
      1412.236206055,
      1412.121459961,
      1412.144897461,
      1412.054931641,
      1412.086181641,
      1412.008666992,
      1412.039916992,
      1412.124755859,
      1411.859130859,
      1411.654174805,
      1411.207885742,
      1411.715454102,
      1412.135375977,
      1411.985473633,
      1412.068969727,
      1412.051635742,
      1412.144165039,
      1412.819091797,
      1413.251220703,
      1413.765014648,
      1413.958740234,
      1414.131347656,
      1414.150146484,
      1414.161376953,
      1414.211303711,
      1414.237670898,
      1414.310058594,
      1414.383178711,
      1414.565917969,
      1414.622192383,
      1414.68347168,
      1414.722167969,
      1414.828491211,
      1414.824829102,
      1414.811767578,
      1414.786743164,
      1414.76171875,
      1414.724243164,
      1414.82421875,
      1414.755371094,
      1414.641235352,
      1414.448608398,
      1414.258544922,
      1413.817382812,
      1413.438598633,
      1412.846069336,
      1412.423583984,
      1411.817138672,
      1411.307128906,
      1411.178344727,
      1411.875854492,
      1411.875854492,
      1412.439575195,
      1413.227172852,
      1413.979248047,
      1414.750610352,
      1415.053222656,
      1415.225708008,
      1415.239379883,
      1415.239379883,
      1415.240722656,
      1415.225463867,
      1415.225463867,
      1415.225463867,
      1415.225463867,
      1415.228027344,
      1415.231689453,
      1415.216796875,
      1415.217773438,
      1415.214477539,
      1415.211914062,
      1415.355712891,
      1415.579345703,
      1415.905639648,
      1416.045654297,
      1416.170654297,
      1416.221923828,
      1416.263183594,
      1416.266967773,
      1416.241943359,
      1416.223266602,
      1416.201538086,
      1416.186767578,
      1416.186767578,
      1416.194335938,
      1416.179321289,
      1416.166748047,
      1416.193847656,
      1416.180053711,
      1416.171386719,
      1416.145019531,
      1416.137573242,
      1416.111328125,
      1416.091430664,
      1416.061645508,
      1416.037963867,
      1415.98046875,
      1415.931640625,
      1415.852905273,
      1415.79675293,
      1415.664916992,
      1415.578125,
      1415.439331055,
      1415.346801758,
      1415.211791992,
      1415.187988281,
      1415.176757812,
      1415.16394043,
      1415.027954102,
      1414.775512695,
      1414.434204102,
      1413.687988281,
      1412.985473633,
      1412.232177734,
      1412.075927734,
      1412.0234375,
      1412.009643555,
      1411.983398438,
      1411.95715332,
      1411.975952148,
      1411.877197266,
      1410.877197266,
      1410.240966797,
      1410.470947266,
      1410.918457031,
      1411.547241211,
      1411.877197266,
      1412.059204102,
      1412.683959961,
      1413.302612305,
      1413.877685547,
      1414.296508789,
      1414.386474609,
      1414.461425781,
      1414.518188477,
      1414.577514648,
      1414.574951172,
      1414.552490234,
      1414.547607422,
      1414.497558594,
      1414.430297852,
      1414.307495117,
      1414.194946289,
      1413.931274414,
      1413.647460938,
      1413.148681641,
      1412.775024414,
      1412.172729492,
      1412.03515625,
      1412.043945312,
      1412.081420898,
      1412.093994141,
      1412.104003906,
      1412.251464844,
      1412.467773438,
      1412.775512695,
      1412.961791992,
      1413.206787109,
      1413.353149414,
      1413.551879883,
      1413.670532227,
      1413.825805664,
      1413.915893555,
      1414.032104492,
      1414.167114258,
      1414.277099609,
      1414.33215332,
      1414.374633789,
      1414.382568359,
      1414.383911133,
      1414.393920898,
      1414.373901367,
      1414.34387207,
      1414.308837891,
      1414.20715332,
      1414.105957031,
      1413.922241211,
      1413.785888672,
      1413.565917969,
      1413.403442383,
      1413.157348633,
      1412.979125977,
      1412.654052734,
      1412.421508789,
      1411.874023438,
      1411.23034668,
      1411.119750977,
      1411.82800293,
      1412.387939453,
      1412.79296875,
      1412.986694336,
      1413.276733398,
      1413.48046875,
      1413.767211914,
      1413.936645508,
      1414.127807617,
      1414.2265625,
      1414.357910156,
      1414.422851562,
      1414.654174805,
      1414.709472656,
      1414.731933594,
      1414.736938477,
      1414.729492188,
      1414.694458008,
      1414.653198242,
      1414.629394531,
      1414.604370117,
      1414.539428711,
      1414.483154297,
      1414.393188477,
      1414.329345703,
      1414.231933594,
      1414.1484375,
      1414.028320312,
      1413.982055664,
      1413.848388672,
      1413.748413086,
      1413.598388672,
      1413.495483398,
      1413.339477539,
      1413.23828125,
      1413.069458008,
      1412.949462891,
      1412.739501953,
      1412.596801758,
      1412.443603516,
      1412.228637695,
      1412.103637695,
      1411.99230957,
      1411.948608398,
      1411.884887695,
      1411.845214844,
      1411.790649414,
      1411.76940918,
      1411.720703125,
      1411.695678711,
      1411.649414062,
      1411.639770508,
      1411.595581055,
      1411.571899414,
      1411.586914062,
      1411.54309082,
      1411.45690918,
      1411.381958008,
      1411.303466797,
      1411.179077148,
      1411.072753906,
      1410.870361328,
      1410.710327148,
      1410.432739258,
      1410.226318359,
      1409.929321289,
      1409.744384766,
      1409.486816406,
      1409.364257812,
      1409.120605469,
      1408.666870117,
      1407.573242188,
      1407.253295898,
      1407.827026367,
      1408.443237305,
      1408.990844727,
      1408.990844727,
      1409.635864258,
      1409.989868164,
      1410.455932617,
      1410.7109375,
      1411.024780273,
      1411.330078125,
      1411.465087891,
      1411.541381836,
      1411.603881836,
      1411.650146484,
      1411.69519043,
      1411.716430664,
      1411.748901367,
      1411.772705078,
      1411.774536133,
      1411.773925781,
      1411.75769043,
      1411.75769043,
      1411.752685547,
      1411.748901367,
      1411.790283203,
      1411.770263672,
      1411.745239258,
      1411.712768555,
      1411.641479492,
      1411.586547852,
      1411.477661133,
      1411.392700195,
      1411.219238281,
      1411.103881836,
      1410.881469727,
      1410.721435547,
      1410.403930664,
      1410.15637207,
      1409.76159668,
      1409.500732422,
      1409.266967773,
      1409.072021484,
      1409.038208008,
      1409.024536133,
      1408.980712891,
      1408.980712891,
      1408.88293457,
      1408.811645508,
      1408.701538086,
      1408.081665039,
      1407.200317383,
      1406.341552734,
      1405.793212891,
      1405.797973633,
      1405.906738281,
      1405.987915039,
      1406.065429688,
      1406.017944336,
      1405.920410156,
      1405.948974609,
      1405.999755859,
      1405.817260742,
      1405.798461914,
      1405.772216797,
      1405.752197266,
      1405.70324707,
      1405.59777832,
      1404.806518555,
      1403.916503906,
      1404.124145508,
      1405.797851562,
      1408.554077148,
      1409.206298828,
      1409.350463867,
      1409.342895508,
      1409.369140625,
      1409.392822266,
      1409.427856445,
      1409.478881836,
      1409.498291016,
      1409.502075195,
      1409.498291016,
      1409.473266602,
      1409.45703125,
      1409.443237305,
      1409.424560547,
      1409.399536133,
      1409.35949707,
      1409.348266602,
      1409.318359375,
      1409.274536133,
      1409.20703125,
      1409.174316406,
      1409.229858398,
      1409.28112793,
      1409.314941406,
      1409.287475586,
      1409.258789062,
      1409.243774414,
      1409.222045898,
      1409.161865234,
      1409.131835938,
      1409.10559082,
      1409.07800293,
      1409.065551758,
      1409.102294922,
      1409.103759766,
      1409.039916992,
      1409.017456055,
      1409.021240234,
      1409.028686523,
      1409.02746582,
      1409.015136719,
      1409.018920898,
      1409.030151367,
      1409.030151367,
      1409.030151367,
      1409.026367188,
      1408.903076172,
      1408.656860352,
      1408.514282227,
      1408.29309082,
      1408.139282227,
      1407.906860352,
      1407.739257812,
      1407.478759766,
      1407.243774414,
      1406.883789062,
      1406.657592773,
      1406.396362305,
      1406.329956055,
      1406.28503418,
      1406.330078125,
      1406.306274414,
      1406.28503418,
      1406.277587891,
      1406.262573242,
      1406.25,
      1406.233520508,
      1406.229858398,
      1406.21484375,
      1406.213500977,
      1406.198486328,
      1406.193481445,
      1406.181396484,
      1406.233520508,
      1406.216064453,
      1406.212280273,
      1406.208496094,
      1406.207275391,
      1406.185668945,
      1406.168457031,
      1406.108520508,
      1405.984741211,
      1405.962158203,
      1405.962158203,
      1405.965942383,
      1405.974121094,
      1405.944335938,
      1405.803100586,
      1405.638061523,
      1405.420532227,
      1405.254272461,
      1405.032226562,
      1404.911987305,
      1404.735717773,
      1404.622070312,
      1404.448364258,
      1404.324584961,
      1404.103271484,
      1403.916381836,
      1403.721191406,
      1403.533691406,
      1403.403686523,
      1403.276245117,
      1403.228759766,
      1403.19152832,
      1403.184082031,
      1403.165283203,
      1403.149047852,
      1403.12902832,
      1403.127807617,
      1403.109008789,
      1403.098999023,
      1403.053588867,
      1403.032348633,
      1402.934814453,
      1402.918579102,
      1402.917358398,
      1402.928344727,
      1402.927612305,
      1402.916381836,
      1402.927612305,
      1402.940185547,
      1402.955200195,
      1402.989013672,
      1403.037109375,
      1403.099365234,
      1402.903076172,
      1403.026855469,
      1403.070678711,
      1401.483154297,
      1399.814086914,
      1399.565795898,
      1399.46081543,
      1401.084594727,
      1402.989501953,
      1403.192016602,
      1402.963256836,
      1402.951171875,
      1402.945068359,
      1402.930053711,
      1402.94128418,
      1402.945068359,
      1402.943847656,
      1402.856811523,
      1402.145629883,
      1401.403198242,
      1400.680664062,
      1400.469360352,
      1400.315673828,
      1400.239379883,
      1400.185424805,
      1400.141601562,
      1400.055297852,
      1399.885742188,
      1399.879516602,
      1399.870727539,
      1399.879394531,
      1399.871582031,
      1399.871582031,
      1399.871582031,
      1399.870239258,
      1399.874023438,
      1399.876586914,
      1399.919189453,
      1399.843017578,
      1399.153076172,
      1398.623291016,
      1399.204589844,
      1399.855834961,
      1400.060668945,
      1400.096435547,
      1400.155151367,
      1400.313964844,
      1400.477661133,
      1400.68762207,
      1400.792602539,
      1400.911254883,
      1400.971191406,
      1401.057495117,
      1401.123657227,
      1401.166137695,
      1401.171142578,
      1401.185913086,
      1401.174560547,
      1401.165771484,
      1401.150756836,
      1401.124633789,
      1401.104614258,
      1401.075317383,
      1401.052612305,
      1401.012573242,
      1400.952636719,
      1400.908813477,
      1400.868896484,
      1400.783813477,
      1400.583496094,
      1400.399291992,
      1400.204223633,
      1400.185546875,
      1400.159301758,
      1400.120483398,
      1400.077026367,
      1400.046630859,
      1400.005371094,
      1399.985351562,
      1399.958007812,
      1400.030395508,
      1400.004150391,
      1399.947998047,
      1399.816772461,
      1399.333007812,
      1398.73059082,
      1397.590576172,
      1397.156860352,
      1396.998779297,
      1396.956054688,
      1396.618530273,
      1395.875976562,
      1395.138549805,
      1395.763549805,
      1397.39855957,
      1397.705322266,
      1397.834594727,
      1397.923339844,
      1398.043334961,
      1398.103393555,
      1398.132080078,
      1398.129150391,
      1398.114990234,
      1398.099975586,
      1398.099975586,
      1398.084960938,
      1398.076293945,
      1398.131225586,
      1398.130371094,
      1398.116699219,
      1398.120483398,
      1398.116699219,
      1398.115478516,
      1398.091674805,
      1398.062255859,
      1398.037353516,
      1398.028564453,
      1398.018554688,
      1398.001098633,
      1397.972412109,
      1397.908569336,
      1397.900634766,
      1397.800170898,
      1397.740234375,
      1397.623901367,
      1397.525268555,
      1397.325195312,
      1397.167602539,
      1396.994873047,
      1396.914794922,
      1396.473632812,
      1395.991088867,
      1395.87487793,
      1396.344848633,
      1396.995605469,
      1397.223022461,
      1397.491821289,
      1397.983032227,
      1398.316894531,
      1398.64440918,
      1398.764892578,
      1398.882446289,
      1398.943725586,
      1399.013671875,
      1399.054931641,
      1399.130004883,
      1399.177368164,
      1399.239257812,
      1399.189331055,
      1399.264282227,
      1399.312988281,
      1399.394287109,
      1399.434326172,
      1399.377807617,
      1399.421875,
      1399.443115234,
      1399.469360352,
      1399.478149414,
      1399.413085938,
      1399.413085938,
      1399.405395508,
      1399.401611328,
      1399.401611328,
      1399.326660156,
      1399.330444336,
      1399.345458984,
      1399.358276367,
      1399.26965332,
      1399.268432617,
      1399.244628906,
      1399.212158203,
      1399.174682617,
      1399.053344727,
      1398.989746094,
      1398.953491211,
      1398.904785156,
      1398.868408203,
      1398.743041992,
      1398.706787109,
      1398.670654297,
      1398.622314453,
      1398.582397461,
      1398.387695312,
      1398.280273438,
      1398.032714844,
      1397.727783203,
      1397.418334961,
      1397.202026367,
      1396.98449707,
      1396.944580078,
      1396.934570312,
      1397.139526367,
      1397.270629883,
      1397.322753906,
      1397.261474609,
      1397.270263672,
      1397.215332031,
      1397.031494141,
      1396.826538086,
      1396.534912109,
      1396.889892578,
      1396.87487793,
      1396.813720703,
      1396.643554688,
      1396.264892578,
      1397.533569336,
      1397.173217773,
      1396.789550781,
      1396.285766602,
      1396.655761719,
      1394.383300781,
      1393.51953125,
      1393.474731445,
      1393.603149414,
      1394.060668945,
      1395.981933594,
      1396.01184082,
      1395.510620117,
      1395.070678711,
      1395.019042969,
      1396.006958008,
      1396.071899414,
      1396.676879883,
      1396.965698242,
      1397.480712891,
      1397.715698242,
      1397.8046875,
      1397.785888672,
      1397.768432617,
      1397.789672852,
      1397.80847168,
      1397.832275391,
      1397.848266602,
      1397.877929688,
      1397.856689453,
      1397.874145508,
      1397.877929688,
      1397.889160156,
      1397.857910156,
      1397.86315918,
      1397.864501953,
      1397.868164062,
      1397.868164062,
      1397.838256836,
      1397.823242188,
      1397.823486328,
      1397.812866211,
      1397.809082031,
      1397.775512695,
      1397.775512695,
      1397.760498047,
      1397.755493164,
      1397.75390625,
      1397.689453125,
      1397.658203125,
      1397.60949707,
      1397.568237305,
      1397.458251953,
      1397.372680664,
      1397.213623047,
      1397.114868164,
      1397.067504883,
      1396.993652344,
      1396.944946289,
      1396.875,
      1396.840209961,
      1396.831054688,
      1396.819824219,
      1396.819824219,
      1396.819824219,
      1396.821044922,
      1396.822998047,
      1396.830566406,
      1396.768920898,
      1396.662719727,
      1396.501464844,
      1396.427734375,
      1396.370117188,
      1396.328979492,
      1396.278808594,
      1396.199584961,
      1396.134643555,
      1395.979614258,
      1395.900878906,
      1395.790893555,
      1395.72668457,
      1395.549194336,
      1395.457885742,
      1395.309204102,
      1395.185424805,
      1395.036621094,
      1394.722900391,
      1394.468017578,
      1393.99597168,
      1393.838500977,
      1393.80480957,
      1393.811035156,
      1393.784790039,
      1393.780517578,
      1393.779174805,
      1393.779174805,
      1393.779174805,
      1393.779174805,
      1393.779174805,
      1393.779174805,
      1393.783081055,
      1393.780639648,
      1393.76940918,
      1393.76940918,
      1393.779418945,
      1393.779418945,
      1393.778564453,
      1393.775878906,
      1393.775878906,
      1393.780883789,
      1393.780883789,
      1393.780883789,
      1393.76965332,
      1393.767333984,
      1393.777832031,
      1393.777832031,
      1393.777832031,
      1393.777832031,
      1393.77734375,
      1393.777587891,
      1393.782226562,
      1393.783447266,
      1393.783447266,
      1393.752929688,
      1393.666625977,
      1393.509155273,
      1393.432250977,
      1393.370239258,
      1393.259643555,
      1393.169555664,
      1393.094604492,
      1393.020874023,
      1392.919067383,
      1392.861328125,
      1392.837646484,
      1392.828857422,
      1392.798828125,
      1392.707519531,
      1392.677490234,
      1392.642333984,
      1392.597167969,
      1392.500976562,
      1392.452270508,
      1392.412231445,
      1392.352294922,
      1392.3125,
      1392.218139648,
      1392.158081055,
      1392.118164062,
      1392.038085938,
      1391.993164062,
      1391.868164062,
      1391.82043457,
      1391.7578125,
      1391.713989258,
      1391.59777832,
      1391.572753906,
      1391.522827148,
      1391.502075195,
      1391.479980469,
      1391.425048828,
      1391.428833008,
      1391.445068359,
      1391.450073242,
      1391.46887207,
      1391.432617188,
      1391.458862305,
      1391.475097656,
      1391.505126953,
      1391.460083008,
      1391.473876953,
      1391.467285156,
      1391.457763672,
      1391.438964844,
      1391.374023438,
      1391.308959961,
      1391.247802734,
      1391.146484375,
      1391.07824707,
      1390.932617188,
      1390.901367188,
      1390.882568359,
      1390.881347656,
      1390.826293945,
      1390.818237305,
      1390.767578125,
      1390.729980469,
      1390.728759766,
      1390.723754883,
      1390.723754883,
      1390.723754883,
      1390.726806641,
      1390.727783203,
      1390.725830078,
      1390.725830078,
      1390.725830078,
      1390.725830078,
      1390.722412109,
      1390.723999023,
      1390.723999023,
      1390.723999023,
      1390.72277832,
      1390.719726562,
      1390.719726562,
      1390.727539062,
      1390.730102539,
      1390.730102539,
      1390.730102539,
      1390.730102539,
      1390.726318359,
      1390.725708008,
      1390.732421875,
      1390.732421875,
      1390.736206055,
      1390.737426758,
      1390.737426758,
      1390.758666992,
      1390.740966797,
      1390.588867188,
      1390.391357422,
      1390.151367188,
      1389.867675781,
      1389.761352539,
      1389.647583008,
      1389.604003906,
      1389.497680664,
      1389.470214844,
      1389.422729492,
      1389.398925781,
      1389.369018555,
      1389.30456543,
      1389.267700195,
      1389.235229492,
      1389.206420898,
      1389.150268555,
      1389.061523438,
      1389.003295898,
      1388.969970703,
      1388.913818359,
      1388.802490234,
      1388.803710938,
      1388.859985352,
      1388.923706055,
      1388.967163086,
      1388.972045898,
      1389.053344727,
      1389.114501953,
      1389.208251953,
      1389.272094727,
      1389.327026367,
      1389.403198242,
      1389.51953125,
      1389.583251953,
      1389.601928711,
      1389.653198242,
      1389.717041016,
      1389.763183594,
      1389.80480957,
      1389.796020508,
      1389.823486328,
      1389.868530273,
      1389.889770508,
      1389.921386719,
      1389.886474609,
      1389.916503906,
      1389.936523438,
      1389.961425781,
      1389.92590332,
      1389.944702148,
      1389.965942383,
      1389.986450195,
      1390.016479492,
      1389.994873047,
      1390.039794922,
      1390.072265625,
      1390.12890625,
      1390.162475586,
      1390.164428711,
      1390.200561523,
      1390.255615234,
      1390.290649414,
      1390.265625,
      1390.310668945,
      1390.345703125,
      1390.380737305,
      1390.400756836,
      1390.380615234,
      1390.400634766,
      1390.443237305,
      1390.452148438,
      1390.421020508,
      1390.441040039,
      1390.446044922,
      1390.446044922,
      1390.451049805,
      1390.411376953,
      1390.411499023,
      1390.411499023,
      1390.411499023,
      1390.411499023,
      1390.361450195,
      1390.342041016,
      1390.343505859,
      1390.33215332,
      1390.268432617,
      1390.248413086,
      1390.232177734,
      1390.219726562,
      1390.174316406,
      1390.102905273,
      1390.069091797,
      1390.036743164,
      1389.991699219,
      1389.964111328,
      1389.870117188,
      1389.826782227,
      1389.781860352,
      1389.741821289,
      1389.63684082,
      1389.570556641,
      1389.521850586,
      1389.409667969,
      1389.327270508,
      1389.138549805,
      1389.013549805,
      1388.765991211,
      1388.594726562,
      1388.34765625,
      1388.121337891,
      1387.975097656,
      1387.928833008,
      1387.903930664,
      1387.830200195,
      1387.837646484,
      1387.848022461,
      1387.862670898,
      1387.861450195,
      1387.773925781,
      1387.706542969,
      1387.697753906,
      1387.682617188,
      1387.682373047,
      1387.684204102,
      1387.684204102,
      1387.684204102,
      1387.684204102,
      1387.676635742,
      1387.679443359,
      1387.681640625,
      1387.681640625,
      1387.681640625,
      1387.681274414,
      1387.666259766,
      1387.695556641,
      1387.750854492,
      1387.792114258,
      1387.757080078,
      1387.76574707,
      1387.750854492,
      1387.688354492,
      1387.565551758,
      1387.631347656,
      1387.730102539,
      1387.773803711,
      1387.78503418,
      1387.75012207,
      1387.782714844,
      1387.811889648,
      1387.85559082,
      1387.95300293,
      1387.999389648,
      1388.119384766,
      1388.181884766,
      1388.252319336,
      1388.26574707,
      1388.327026367,
      1388.369506836,
      1388.414550781,
      1388.450683594,
      1388.439453125,
      1388.475219727,
      1388.510131836,
      1388.555175781,
      1388.576416016,
      1388.56262207,
      1388.571411133,
      1388.600830078,
      1388.60559082,
      1388.580444336,
      1388.596801758,
      1388.615478516,
      1388.631835938,
      1388.650512695,
      1388.614379883,
      1388.619384766,
      1388.634399414,
      1388.638183594,
      1388.641845703,
      1388.609375,
      1388.636474609,
      1388.659301758,
      1388.684326172,
      1388.638183594,
      1388.653198242,
      1388.654418945,
      1388.654418945,
      1388.670532227,
      1388.624267578,
      1388.639282227,
      1388.659301758,
      1388.685546875,
      1388.704345703,
      1388.664672852,
      1388.67175293,
      1388.691772461,
      1388.704345703,
      1388.66003418,
      1388.671264648,
      1388.675048828,
      1388.694213867,
      1388.701782227,
      1388.666625977,
      1388.685424805,
      1388.69921875,
      1388.711669922,
      1388.721679688,
      1388.682983398,
      1388.708007812,
      1388.709350586,
      1388.716796875,
      1388.693115234,
      1388.701782227,
      1388.733032227,
      1388.749267578,
      1388.764282227,
      1388.713012695,
      1388.723022461,
      1388.741699219,
      1388.760498047,
      1388.766845703,
      1388.739379883,
      1388.743164062,
      1388.746826172,
      1388.758056641,
      1388.718017578,
      1388.745239258,
      1388.761474609,
      1388.780151367,
      1388.78515625,
      1388.740234375,
      1388.740234375,
      1388.755004883,
      1388.763549805,
      1388.776000977,
      1388.754760742,
      1388.77355957,
      1388.788574219,
      1388.789794922,
      1388.767456055,
      1388.787475586,
      1388.806274414,
      1388.822509766,
      1388.852539062,
      1388.80871582,
      1388.833251953,
      1388.858886719,
      1388.880126953,
      1388.905151367,
      1388.865112305,
      1388.895141602,
      1388.915161133,
      1388.947998047,
      1388.91796875,
      1388.947998047,
      1388.968017578,
      1388.998046875,
      1389.017944336,
      1388.986206055,
      1389.010986328,
      1389.031005859,
      1389.057250977,
      1389.066040039,
      1389.040893555,
      1389.057250977,
      1389.074584961,
      1389.089599609,
      1389.115966797,
      1389.068359375,
      1389.084716797,
      1389.084716797,
      1389.090209961,
      1389.059692383,
      1389.078491211,
      1389.103515625,
      1389.107299805,
      1389.133422852,
      1389.072998047,
      1389.079101562,
      1389.09777832,
      1389.124023438,
      1389.1328125,
      1389.084838867,
      1389.097412109,
      1389.109130859,
      1389.144287109,
      1389.079223633,
      1389.106689453,
      1389.119262695,
      1389.138061523,
      1389.158081055,
      1389.113891602,
      1389.130126953,
      1389.145019531,
      1389.148803711,
      1389.152587891,
      1389.103881836,
      1389.120727539,
      1389.137329102,
      1389.144897461,
      1389.097412109,
      1389.104858398,
      1389.116088867,
      1389.130981445,
      1389.145507812,
      1389.090454102,
      1389.101806641,
      1389.101806641,
      1389.101806641,
      1389.026733398,
      1389.029663086,
      1389.026977539,
      1389.01940918,
      1388.998168945,
      1388.928222656,
      1388.879516602,
      1388.839477539,
      1388.749145508,
      1388.629150391,
      1388.544067383,
      1388.394165039,
      1388.279174805,
      1388.099121094,
      1387.936279297,
      1387.728881836,
      1387.637573242,
      1387.547607422,
      1387.485107422,
      1387.455078125,
      1387.471313477,
      1387.520996094,
      1387.555908203,
      1387.49597168,
      1387.522216797,
      1387.526000977,
      1387.546020508,
      1387.473144531,
      1387.479370117,
      1387.490722656,
      1387.494384766,
      1387.490722656,
      1387.409423828,
      1387.409423828,
      1387.416992188,
      1387.415771484,
      1387.404541016,
      1387.333740234,
      1387.321166992,
      1387.31237793,
      1387.293945312,
      1387.225952148,
      1387.237182617,
      1387.282226562,
      1387.312133789,
      1387.375976562,
      1387.353271484,
      1387.382202148,
      1387.428955078,
      1387.448974609,
      1387.478881836,
      1387.425170898,
      1387.430175781,
      1387.432861328,
      1387.441162109,
      1387.383666992,
      1387.399902344,
      1387.399902344,
      1387.399902344,
      1387.403686523,
      1387.354614258,
      1387.354125977,
      1387.339111328,
      1387.327880859,
      1387.242797852,
      1387.22668457,
      1387.243896484,
      1387.292114258,
      1387.320800781,
      1387.312133789,
      1387.347167969,
      1387.362182617,
      1387.365844727,
      1387.383422852,
      1387.340209961,
      1387.362670898,
      1387.377685547,
      1387.386474609,
      1387.388916016,
      1387.408935547,
      1387.435302734,
      1387.454101562,
      1387.464111328,
      1387.48034668,
      1387.487792969,
      1387.514038086,
      1387.518432617,
      1387.538208008,
      1387.539428711,
      1387.539428711,
      1387.538208008,
      1387.538208008,
      1387.542114258,
      1387.538696289,
      1387.534912109,
      1387.544921875,
      1387.552490234,
      1387.548706055,
      1387.537475586,
      1387.540039062,
      1387.542236328,
      1387.547241211,
      1387.547241211,
      1387.547241211,
      1387.547241211,
      1387.549438477,
      1387.556030273,
      1387.556030273,
      1387.556030273,
      1387.556030273,
      1387.561523438,
      1387.572753906,
      1387.570678711,
      1387.5703125,
      1387.571533203,
      1387.583374023,
      1387.572143555,
      1387.568359375,
      1387.569458008,
      1387.572753906,
      1387.575805664,
      1387.575805664,
      1387.555786133,
      1387.555786133,
      1387.555786133,
      1387.568481445,
      1387.552734375,
      1387.552734375,
      1387.552734375,
      1387.552734375,
      1387.543945312,
      1387.531982422,
      1387.529785156,
      1387.529785156,
      1387.518554688,
      1387.524780273,
      1387.526000977,
      1387.518554688,
      1387.513793945,
      1387.495117188,
      1387.495117188,
      1387.495117188,
      1387.480102539,
      1387.463867188,
      1387.454711914,
      1387.453491211,
      1387.442260742,
      1387.43359375,
      1387.417358398,
      1387.408569336,
      1387.382324219,
      1387.377075195,
      1387.366577148,
      1387.35168457,
      1387.35168457,
      1387.340454102,
      1387.330444336,
      1387.318725586,
      1387.304931641,
      1387.289916992,
      1387.275024414,
      1387.271240234,
      1387.260009766,
      1387.248779297,
      1387.232421875,
      1387.218261719,
      1387.213256836,
      1387.183227539,
      1387.163208008,
      1387.143310547,
      1387.133422852,
      1387.110229492,
      1387.069091797,
      1387.064086914,
      1387.057861328,
      1387.040283203,
      1386.987792969,
      1386.954711914,
      1386.88659668,
      1386.890380859,
      1386.877807617,
      1386.821655273,
      1386.777832031,
      1386.638183594,
      1386.545654297,
      1386.451904297,
      1386.345581055,
      1386.176757812,
      1386.106933594,
      1385.95690918,
      1385.840087891,
      1385.693603516,
      1385.427246094,
      1385.313476562,
      1385.088378906,
      1384.983398438,
      1384.929199219,
      1384.895385742,
      1384.827880859,
      1384.810302734,
      1384.759033203,
      1384.711669922,
      1384.710449219,
      1384.698974609,
      1384.683105469,
      1384.674316406,
      1384.674316406,
      1384.684326172,
      1384.684326172,
      1384.707275391,
      1384.722167969,
      1384.787109375,
      1384.857177734,
      1384.975952148,
      1385.049682617,
      1385.100952148,
      1385.119873047,
      1385.141723633,
      1385.147949219,
      1385.147949219,
      1385.097900391,
      1385.07800293,
      1385.045288086,
      1385.022216797,
      1385.010986328,
      1384.972290039,
      1384.952270508,
      1384.951049805,
      1384.943481445,
      1384.909545898,
      1384.904785156,
      1384.888549805,
      1384.876098633,
      1384.868652344,
      1384.864868164,
      1384.84362793,
      1384.842895508,
      1384.840454102,
      1384.839233398,
      1384.811767578,
      1384.799316406,
      1384.790527344,
      1384.780517578,
      1384.777099609,
      1384.765869141,
      1384.765869141,
      1384.755859375,
      1384.752075195,
      1384.729492188,
      1384.725708008,
      1384.71472168,
      1384.710693359,
      1384.698242188,
      1384.680664062,
      1384.67565918,
      1384.668212891,
      1384.682006836,
      1384.693359375,
      1384.708251953,
      1384.753295898,
      1384.774536133,
      1384.83581543,
      1384.843261719,
      1384.879394531,
      1384.87890625,
      1384.902587891,
      1384.931396484,
      1384.908813477,
      1384.872680664,
      1384.805053711,
      1384.755981445,
      1384.723388672,
      1384.697143555,
      1384.693359375,
      1384.688354492,
      1384.692138672,
      1384.697143555,
      1384.723022461,
      1384.743408203,
      1384.818359375,
      1384.861694336,
      1384.956665039,
      1385.217895508,
      1385.119140625,
      1385.119140625,
      1384.832885742,
      1384.325317383,
      1383.786621094,
      1382.791625977,
      1382.092895508,
      1381.446655273,
      1381.3125,
      1381.138305664,
      1381.110839844,
      1381.530883789,
      1382.824584961,
      1382.899536133,
      1383.873291016,
      1384.489624023,
      1384.775878906,
      1384.799682617,
      1384.8984375,
      1384.92590332,
      1384.912109375,
      1384.905883789,
      1384.932861328,
      1384.959716797,
      1385.026000977,
      1385.064697266,
      1385.18347168,
      1385.239624023,
      1385.337280273,
      1385.384765625,
      1385.509399414,
      1385.617431641,
      1385.756103516,
      1385.891113281,
      1385.828125,
      1385.655517578,
      1385.048095703,
      1384.669677734,
      1384.567749023,
      1384.455322266,
      1384.095214844,
      1383.807739258,
      1383.591552734,
      1383.959716797,
      1384.947875977,
      1384.54296875,
      1384.781616211,
      1384.45300293,
      1384.371704102,
      1384.377929688,
      1384.346191406,
      1384.359375,
      1384.224365234,
      1384.151855469,
      1384.023193359,
      1383.884399414,
      1383.616943359,
      1383.587890625,
      1383.186523438,
      1383.202758789,
      1382.97277832,
      1383.010253906,
      1382.613525391,
      1382.574951172,
      1382.266113281,
      1382.199829102,
      1381.942749023,
      1381.947753906,
      1381.932861328,
      1381.950317383,
      1381.88671875,
      1381.89465332,
      1381.747070312,
      1381.614624023,
      1381.573364258,
      1381.55078125,
      1381.559570312,
      1381.549438477,
      1381.567260742,
      1381.547241211,
      1381.55480957,
      1381.547363281,
      1381.566040039,
      1381.55480957,
      1381.557250977,
      1381.552246094,
      1381.563476562,
      1381.563476562,
      1381.559692383,
      1381.557250977,
      1381.565063477,
      1381.569824219,
      1381.566040039,
      1381.564819336,
      1381.570068359,
      1381.570068359,
      1381.566650391,
      1381.560424805,
      1381.559692383,
      1381.559692383,
      1381.559692383,
      1381.559692383,
      1381.574707031,
      1381.564697266,
      1381.509277344,
      1381.460449219,
      1381.455566406,
      1381.414306641,
      1381.446777344,
      1381.409301758,
      1381.463256836,
      1381.431396484,
      1381.448974609,
      1381.426391602,
      1381.47265625,
      1381.457641602,
      1381.526367188,
      1381.463623047,
      1381.308959961,
      1380.906494141,
      1380.751464844,
      1380.611450195,
      1380.446411133,
      1380.348999023,
      1380.220092773,
      1380.057128906,
      1379.890991211,
      1379.774780273,
      1379.635131836,
      1379.590087891,
      1379.436401367,
      1379.395141602,
      1379.240112305,
      1379.192626953,
      1379.065185547,
      1379.025146484,
      1378.93762207,
      1378.926025391,
      1378.855834961,
      1378.853393555,
      1378.782104492,
      1378.787109375,
      1378.755859375,
      1378.775756836,
      1378.754638672,
      1378.803710938,
      1378.768676758,
      1378.796264648,
      1378.777587891,
      1378.790039062,
      1378.769897461,
      1378.781982422,
      1378.752075195,
      1378.782104492,
      1378.752075195,
      1378.786987305,
      1378.772094727,
      1378.790039062,
      1378.764160156,
      1378.795410156,
      1378.768798828,
      1378.786376953,
      1378.760620117,
      1378.801757812,
      1378.765136719,
      1378.786743164,
      1378.781616211,
      1378.802978516,
      1378.786743164,
      1378.806762695,
      1378.787963867,
      1378.831176758,
      1378.796264648,
      1378.841186523,
      1378.8125,
      1378.83996582,
      1378.832397461,
      1378.862060547,
      1378.854492188,
      1378.89440918,
      1378.853271484,
      1378.908203125,
      1378.869384766,
      1378.918212891,
      1378.879394531,
      1378.917602539,
      1378.888916016,
      1378.913818359,
      1378.866455078,
      1378.862670898,
      1378.713989258,
      1378.59375,
      1378.5,
      1378.494995117,
      1378.489257812,
      1378.494262695,
      1378.406860352,
      1378.351806641,
      1378.264282227,
      1378.249389648,
      1378.213134766,
      1378.178100586,
      1378.098144531,
      1378.084350586,
      1377.954101562,
      1377.91015625,
      1377.808959961,
      1377.730224609,
      1377.638916016,
      1377.593994141,
      1377.533935547,
      1377.524902344,
      1377.479858398,
      1377.473632812,
      1377.434936523,
      1377.43737793,
      1377.392333984,
      1377.396118164,
      1377.343383789,
      1377.369750977,
      1377.329711914,
      1377.353393555,
      1377.313842773,
      1377.336303711,
      1377.272460938,
      1377.289672852,
      1377.208374023,
      1377.228271484,
      1377.149658203,
      1377.153442383,
      1377.068359375,
      1377.067993164,
      1376.994018555,
      1376.979003906,
      1376.877807617,
      1376.84777832,
      1376.747802734,
      1376.714599609,
      1376.609985352,
      1376.58996582,
      1376.474975586,
      1376.434936523,
      1376.31628418,
      1376.298706055,
      1376.216552734,
      1376.179931641,
      1376.087402344,
      1376.032470703,
      1375.93737793,
      1375.909790039,
      1375.818725586,
      1375.833984375,
      1375.784912109,
      1375.802368164,
      1375.759155273,
      1375.710449219,
      1375.62890625,
      1375.565185547,
      1375.553466797,
      1375.539672852,
      1375.517333984,
      1375.531005859,
      1375.552246094,
      1375.502319336,
      1375.457641602,
      1375.368652344,
      1375.268676758,
      1375.172363281,
      1375.05859375,
      1375.007446289,
      1374.978637695,
      1374.946899414,
      1374.920166016,
      1374.901367188,
      1374.876342773,
      1374.876342773,
      1374.860107422,
      1374.872558594,
      1374.855834961,
      1374.857177734,
      1374.83215332,
      1374.847045898,
      1374.820800781,
      1374.829589844,
      1374.814941406,
      1374.830810547,
      1374.818481445,
      1374.830932617,
      1374.814941406,
      1374.824951172,
      1374.811401367,
      1374.838623047,
      1374.803955078,
      1374.815185547,
      1374.783935547,
      1374.787719727,
      1374.748901367,
      1374.760131836,
      1374.719848633,
      1374.731445312,
      1374.685180664,
      1374.685180664,
      1374.633911133,
      1374.635131836,
      1374.588378906,
      1374.578613281,
      1374.504882812,
      1374.488525391,
      1374.419799805,
      1374.40234375,
      1374.348510742,
      1374.339233398,
      1374.271240234,
      1374.251220703,
      1374.191162109,
      1374.171142578,
      1374.102416992,
      1374.091186523,
      1374.023193359,
      1374.004760742,
      1373.917114258,
      1373.897094727,
      1373.86706543,
      1373.779541016,
      1373.760742188,
      1373.662963867,
      1373.644165039,
      1373.522827148,
      1373.482910156,
      1373.347900391,
      1373.329223633,
      1373.302368164,
      1373.187133789,
      1373.167114258,
      1373.055908203,
      1373.049682617,
      1373.0234375,
      1372.914672852,
      1372.771240234,
      1372.657470703,
      1372.491210938,
      1372.449829102,
      1372.481201172,
      1372.429931641,
      1372.466552734,
      1372.523925781,
      1372.431396484,
      1372.452636719,
      1372.396362305,
      1372.431396484,
      1372.483886719,
      1372.39453125,
      1372.435668945,
      1372.471801758,
      1372.400634766,
      1372.441894531,
      1372.476928711,
      1372.404663086,
      1372.428955078,
      1372.387695312,
      1372.184326172,
      1372.040527344,
      1371.821777344,
      1371.62878418,
      1371.399780273,
      1371.171630859,
      1370.981567383,
      1370.862915039,
      1370.63293457,
      1370.547851562,
      1370.479125977,
      1370.323120117,
      1370.276733398,
      1370.235595703,
      1370.160522461,
      1370.106811523,
      1370.041748047,
      1370.021606445,
      1370.002319336,
      1369.947265625,
      1369.921020508,
      1369.90222168,
      1369.842285156,
      1369.840942383,
      1369.828125,
      1369.758789062,
      1369.758789062,
      1369.715087891,
      1369.72253418,
      1369.732543945,
      1369.699584961,
      1369.717041016,
      1369.732055664,
      1369.70703125,
      1369.713378906,
      1369.717041016,
      1369.673339844,
      1369.657958984,
      1369.619506836,
      1369.483276367,
      1369.413208008,
      1369.379516602,
      1369.353271484,
      1369.367431641,
      1369.33972168,
      1369.351074219,
      1369.366088867,
      1369.338623047,
      1369.359863281,
      1369.368530273,
      1369.348022461,
      1369.363769531,
      1369.314941406,
      1369.212402344,
      1369.132446289,
      1368.997436523,
      1368.862426758,
      1368.723632812,
      1368.62487793,
      1368.463623047,
      1368.398681641,
      1368.334838867,
      1368.228637695,
      1368.185424805,
      1368.107055664,
      1368.08581543,
      1368.055786133,
      1368.017089844,
      1367.983398438,
      1367.915771484,
      1367.824584961,
      1367.714233398,
      1367.638061523,
      1367.498046875,
      1367.430419922,
      1367.354248047,
      1367.217651367,
      1367.157714844,
      1367.037719727,
      1366.981445312,
      1366.91394043,
      1366.838989258,
      1366.806518555,
      1366.763793945,
      1366.70715332,
      1366.705810547,
      1366.70715332,
      1366.670898438,
      1366.670898438,
      1366.685913086,
      1366.658935547,
      1366.677612305,
      1366.651367188,
      1366.655029297,
      1366.675048828,
      1366.639404297,
      1366.656494141,
      1366.647216797,
      1366.609741211,
      1366.602294922,
      1366.592285156,
      1366.546020508,
      1366.538452148,
      1366.512573242,
      1366.50012207,
      1366.491333008,
      1366.47253418,
      1366.460083008,
      1366.432617188,
      1366.42980957,
      1366.4140625,
      1366.41027832,
      1366.406494141,
      1366.390258789,
      1366.386474609,
      1366.385253906,
      1366.374023438,
      1366.369018555,
      1366.361450195,
      1366.350219727,
      1366.346435547,
      1366.331420898,
      1366.330078125,
      1366.324584961,
      1366.324584961,
      1366.324584961,
      1366.324584961,
      1366.324584961,
      1366.324584961,
      1366.320556641,
      1366.319213867,
      1366.319213867,
      1366.319213867,
      1366.319213867,
      1366.319213867,
      1366.319213867,
      1366.32800293,
      1366.324584961,
      1366.324584961,
      1366.324584961,
      1366.322753906,
      1366.322753906,
      1366.32409668,
      1366.32824707,
      1366.32824707,
      1366.32824707,
      1366.32824707,
      1366.32824707,
      1366.32824707,
      1366.32421875,
      1366.322875977,
      1366.322875977,
      1366.322875977,
      1366.322875977,
      1366.322875977,
      1366.326660156,
      1366.338012695,
      1366.338012695,
      1366.338012695,
      1366.338012695,
      1366.338012695,
      1366.338012695,
      1366.330444336,
      1366.32800293,
      1366.32800293,
      1366.32800293,
      1366.32800293,
      1366.32800293,
      1366.326171875,
      1366.320678711,
      1366.320678711,
      1366.320678711,
      1366.320678711,
      1366.320678711,
      1366.320678711,
      1366.326904297,
      1366.328979492,
      1366.328979492,
      1366.328979492,
      1366.327880859,
      1366.3203125,
      1366.322875977,
      1366.310546875,
      1366.310546875,
      1366.321777344,
      1366.312866211,
      1366.325439453,
      1366.309082031,
      1366.267211914,
      1366.204956055,
      1366.157470703,
      1366.081176758,
      1366.036254883,
      1365.984985352,
      1365.898681641,
      1365.850463867,
      1365.702270508,
      1365.658569336,
      1365.62487793,
      1365.552246094,
      1365.573608398,
      1365.606567383,
      1365.530639648,
      1365.549438477,
      1365.524414062,
      1365.375732422,
      1365.351928711,
      1365.275756836,
      1365.186401367,
      1365.161621094,
      1365.040283203,
      1365.040283203,
      1365.047851562,
      1365.010375977,
      1364.991577148,
      1364.98815918,
      1364.968261719,
      1364.983276367,
      1364.98828125,
      1364.968261719,
      1364.969482422,
      1364.962524414,
      1364.964111328,
      1364.965332031,
      1364.967895508,
      1364.967895508,
      1364.967895508,
      1364.952880859,
      1364.959350586,
      1364.971923828,
      1364.954833984,
      1364.958618164,
      1364.971069336,
      1364.954833984,
      1364.956420898,
      1364.94140625,
      1364.956420898,
      1364.961425781,
      1364.957641602,
      1364.961425781,
      1364.97265625,
      1364.962768555,
      1364.964477539,
      1364.972045898,
      1364.963256836,
      1364.963256836,
      1364.978271484,
      1364.963256836,
      1364.963378906,
      1364.958374023,
      1364.963378906,
      1364.978393555,
      1364.963378906,
      1364.963378906,
      1364.978027344,
      1364.962890625,
      1364.982910156,
      1364.982910156,
      1364.962890625,
      1364.977905273,
      1364.982910156,
      1364.970092773,
      1364.982543945,
      1364.966308594,
      1364.977539062,
      1364.984985352,
      1364.967529297,
      1364.973388672,
      1364.983520508,
      1364.973022461,
      1364.985595703,
      1364.996826172,
      1364.974731445,
      1364.989746094,
      1365.002929688,
      1364.988647461,
      1365.001098633,
      1364.988647461,
      1365.001098633,
      1365.014892578,
      1365.004150391,
      1365.020996094,
      1365.05090332,
      1365.070922852,
      1365.118408203,
      1365.170898438,
      1365.254638672,
      1365.368041992,
      1365.503417969,
      1365.700927734,
      1365.918334961,
      1366.229736328,
      1366.287109375,
      1366.338256836,
      1366.358886719,
      1366.311523438,
      1366.333984375,
      1366.348999023,
      1366.300292969,
      1366.262817383,
      1366.0234375,
      1365.793579102,
      1365.654907227,
      1365.62487793,
      1365.512329102,
      1365.504882812,
      1365.507324219,
      1365.300415039,
      1365.254150391,
      1365.179199219,
      1364.884155273,
      1364.907958984,
      1364.922851562,
      1364.91003418,
      1364.612670898,
      1364.56262207,
      1364.590209961,
      1364.362060547,
      1364.33581543,
      1364.338256836
    ],
    "elevation_meta": {
      "source": "USGS 3DEP (getSamples + EPQS)",
      "vertical_units": "m",
      "datum": "NAVD88 (3DEP native)",
      "n": 2701,
      "n_filled": 2701,
      "n_missing": 0,
      "n_batch": 2701,
      "n_epqs_fallback": 0,
      "method": "batch"
    }
  }
}