{
  "type": "Feature",
  "geometry": {
    "type": "LineString",
    "coordinates": [
      [
        -104.6033289,
        38.2638509,
        1421.580078125
      ],
      [
        -104.60343916347288,
        38.263826559148654,
        1421.34765625
      ],
      [
        -104.60354942694578,
        38.26380221829731,
        1421.365234375
      ],
      [
        -104.60365969041865,
        38.26377787744596,
        1421.297851562
      ],
      [
        -104.60376995389154,
        38.26375353659461,
        1421.281616211
      ],
      [
        -104.60388021736443,
        38.26372919574327,
        1421.250366211
      ],
      [
        -104.60399048083733,
        38.26370485489192,
        1421.272827148
      ],
      [
        -104.60410075635585,
        38.26368054792224,
        1421.250366211
      ],
      [
        -104.60421110159238,
        38.26365643705363,
        1421.2578125
      ],
      [
        -104.6043214468289,
        38.26363232618502,
        1421.240722656
      ],
      [
        -104.60443065188089,
        38.26360523612325,
        1421.235717773
      ],
      [
        -104.6045396485147,
        38.26357760148472,
        1421.229492188
      ],
      [
        -104.6046486451485,
        38.26354996684619,
        1421.237548828
      ],
      [
        -104.60475764178231,
        38.26352233220766,
        1421.238525391
      ],
      [
        -104.60486663841611,
        38.26349469756913,
        1421.234863281
      ],
      [
        -104.6049756331558,
        38.263467058382346,
        1420.956665039
      ],
      [
        -104.60508440899659,
        38.263438893564306,
        1420.584472656
      ],
      [
        -104.60519318483736,
        38.263410728746265,
        1420.278198242
      ],
      [
        -104.60530196067815,
        38.263382563928225,
        1419.966918945
      ],
      [
        -104.60541073651893,
        38.263354399110185,
        1419.910766602
      ],
      [
        -104.6055195123597,
        38.263326234292144,
        1419.853149414
      ],
      [
        -104.60562828820049,
        38.263298069474104,
        1419.965698242
      ],
      [
        -104.60573706404128,
        38.26326990465606,
        1420.071899414
      ],
      [
        -104.60584583988205,
        38.26324173983802,
        1420.239257812
      ],
      [
        -104.60595461572284,
        38.26321357501998,
        1420.29296875
      ],
      [
        -104.60606339156361,
        38.26318541020194,
        1420.35546875
      ],
      [
        -104.6061721674044,
        38.2631572453839,
        1420.364257812
      ],
      [
        -104.60628094324518,
        38.26312908056586,
        1420.364257812
      ],
      [
        -104.60638971908595,
        38.26310091574782,
        1420.35925293
      ],
      [
        -104.60649849492674,
        38.26307275092978,
        1420.31628418
      ],
      [
        -104.60660727076753,
        38.26304458611174,
        1420.301879883
      ],
      [
        -104.60671620496403,
        38.26301680238172,
        1420.281860352
      ],
      [
        -104.6068251531496,
        38.26298905231683,
        1420.251831055
      ],
      [
        -104.60693410133517,
        38.26296130225194,
        1420.216796875
      ],
      [
        -104.60704304952074,
        38.26293355218704,
        1420.196899414
      ],
      [
        -104.60715199770631,
        38.262905802122155,
        1420.151855469
      ],
      [
        -104.60719479999476,
        38.262894900001335,
        1420.137084961
      ],
      [
        -104.60726075109372,
        38.2628775878379,
        1420.127441406
      ],
      [
        -104.60727479999738,
        38.26287390000069,
        1420.127441406
      ],
      [
        -104.6073693539308,
        38.262849016024504,
        1420.107666016
      ],
      [
        -104.60747795312884,
        38.262820435723725,
        1420.075195312
      ],
      [
        -104.60758655232685,
        38.26279185542295,
        1420.051391602
      ],
      [
        -104.60769515152488,
        38.26276327512217,
        1420.005249023
      ],
      [
        -104.6078037507229,
        38.26273469482139,
        1419.982788086
      ],
      [
        -104.60791234992092,
        38.26270611452061,
        1419.973999023
      ],
      [
        -104.60802096923727,
        38.26267758206724,
        1419.945556641
      ],
      [
        -104.60812970985666,
        38.26264933810868,
        1419.925537109
      ],
      [
        -104.60823845047602,
        38.26262109415012,
        1419.899291992
      ],
      [
        -104.60834719109539,
        38.26259285019156,
        1419.871704102
      ],
      [
        -104.60845593171476,
        38.26256460623299,
        1419.85925293
      ],
      [
        -104.60856467233414,
        38.26253636227443,
        1419.836791992
      ],
      [
        -104.60867341295351,
        38.26250811831587,
        1419.832275391
      ],
      [
        -104.60878215357288,
        38.26247987435731,
        1419.802246094
      ],
      [
        -104.60889089419226,
        38.26245163039874,
        1419.782226562
      ],
      [
        -104.60899963481162,
        38.26242338644018,
        1419.778564453
      ],
      [
        -104.60910837543099,
        38.26239514248162,
        1419.747314453
      ],
      [
        -104.60921711605037,
        38.262366898523055,
        1419.722290039
      ],
      [
        -104.60932585666974,
        38.262338654564495,
        1419.722290039
      ],
      [
        -104.60943459728911,
        38.262310410605934,
        1419.705566406
      ],
      [
        -104.60954333790848,
        38.262282166647374,
        1419.711791992
      ],
      [
        -104.60965207852786,
        38.26225392268881,
        1419.675537109
      ],
      [
        -104.60976081914723,
        38.262225678730246,
        1419.659301758
      ],
      [
        -104.6098695597666,
        38.262197434771686,
        1419.67175293
      ],
      [
        -104.60997830038598,
        38.262169190813125,
        1419.646850586
      ],
      [
        -104.61008704100534,
        38.26214094685456,
        1419.650512695
      ],
      [
        -104.61019578162471,
        38.262112702896,
        1419.629394531
      ],
      [
        -104.61030452224409,
        38.26208445893744,
        1419.603515625
      ],
      [
        -104.61041326286346,
        38.26205621497887,
        1419.615966797
      ],
      [
        -104.61052200348283,
        38.26202797102031,
        1419.589599609
      ],
      [
        -104.6106307441022,
        38.26199972706175,
        1419.604492188
      ],
      [
        -104.61073948472158,
        38.26197148310319,
        1419.576904297
      ],
      [
        -104.61084822534094,
        38.26194323914462,
        1419.562011719
      ],
      [
        -104.61095696596031,
        38.26191499518606,
        1419.564575195
      ],
      [
        -104.6110657065797,
        38.2618867512275,
        1419.535400391
      ],
      [
        -104.61117444719906,
        38.26185850726894,
        1419.535400391
      ],
      [
        -104.61128318781843,
        38.26183026331037,
        1419.506591797
      ],
      [
        -104.61139192843781,
        38.26180201935181,
        1419.479125977
      ],
      [
        -104.61150066905718,
        38.26177377539325,
        1419.490356445
      ],
      [
        -104.61160940967655,
        38.261745531434684,
        1419.450439453
      ],
      [
        -104.61171815029591,
        38.261717287476124,
        1419.414672852
      ],
      [
        -104.6118268909153,
        38.26168904351756,
        1419.419799805
      ],
      [
        -104.61193563153466,
        38.261660799559,
        1419.384765625
      ],
      [
        -104.61204437215403,
        38.261632555600436,
        1419.396118164
      ],
      [
        -104.61215311277341,
        38.261604311641875,
        1419.356079102
      ],
      [
        -104.61226185339278,
        38.261576067683315,
        1419.316162109
      ],
      [
        -104.61237059401215,
        38.261547823724754,
        1419.319946289
      ],
      [
        -104.61247933463153,
        38.26151957976619,
        1419.285644531
      ],
      [
        -104.6125880752509,
        38.26149133580763,
        1419.29675293
      ],
      [
        -104.61269681587027,
        38.261463091849066,
        1419.26184082
      ],
      [
        -104.61280555648963,
        38.2614348478905,
        1419.216796875
      ],
      [
        -104.61291429710901,
        38.26140660393194,
        1419.216796875
      ],
      [
        -104.61302303772838,
        38.26137835997338,
        1419.188110352
      ],
      [
        -104.61313177834775,
        38.26135011601482,
        1419.197753906
      ],
      [
        -104.61324051896713,
        38.26132187205625,
        1419.160644531
      ],
      [
        -104.6133492595865,
        38.26129362809769,
        1419.116455078
      ],
      [
        -104.61345800020587,
        38.26126538413913,
        1419.135131836
      ],
      [
        -104.6135665532122,
        38.2612367072894,
        1419.096801758
      ],
      [
        -104.6136756140253,
        38.26120923781596,
        1419.068115234
      ],
      [
        -104.61378467483841,
        38.26118176834252,
        1419.090698242
      ],
      [
        -104.61389395598377,
        38.261154851821836,
        1419.046020508
      ],
      [
        -104.61400352319298,
        38.261128663007796,
        1419.084838867
      ],
      [
        -104.61411556873277,
        38.261110016875044,
        1419.038574219
      ],
      [
        -104.61422832856933,
        38.26109430901275,
        1419.068481445
      ],
      [
        -104.61434178707655,
        38.26108222723636,
        1419.08972168
      ],
      [
        -104.61445582579145,
        38.26107417960484,
        1419.123535156
      ],
      [
        -104.61457013099395,
        38.261068549184365,
        1419.079833984
      ],
      [
        -104.61468460103427,
        38.26106553681488,
        1419.105224609
      ],
      [
        -104.61479901762596,
        38.26106768290345,
        1419.130737305
      ],
      [
        -104.6149132851863,
        38.26107363826486,
        1419.230712891
      ],
      [
        -104.61502723520617,
        38.261082382787194,
        1419.249511719
      ],
      [
        -104.61514037888237,
        38.26109630424285,
        1419.239501953
      ],
      [
        -104.61525297513037,
        38.26111268261647,
        1419.217041016
      ],
      [
        -104.61536466595535,
        38.26113259765848,
        1419.344360352
      ],
      [
        -104.6154745007513,
        38.26115800376332,
        1419.321411133
      ],
      [
        -104.61558405260043,
        38.26118423863588,
        1419.453979492
      ],
      [
        -104.6156925556713,
        38.26121303769657,
        1419.610229492
      ],
      [
        -104.61579964577652,
        38.26124469649014,
        1419.543945312
      ],
      [
        -104.6159044949935,
        38.26128089066764,
        1419.672851562
      ],
      [
        -104.61600708375116,
        38.261320828102725,
        1419.810791016
      ],
      [
        -104.61610873331344,
        38.26136226716917,
        1419.946533203
      ],
      [
        -104.61620882806542,
        38.26140584501483,
        1420.088256836
      ],
      [
        -104.61630547648842,
        38.261454102937975,
        1420.209472656
      ],
      [
        -104.61639893167633,
        38.26150603993134,
        1420.226928711
      ],
      [
        -104.61649061794922,
        38.261559918345775,
        1420.305664062
      ],
      [
        -104.61658074546061,
        38.26161540847474,
        1420.249511719
      ],
      [
        -104.61666685807891,
        38.26167470438436,
        1420.347045898
      ],
      [
        -104.61675239287062,
        38.2617344927579,
        1420.313232422
      ],
      [
        -104.61683469864073,
        38.26179703312774,
        1420.274780273
      ],
      [
        -104.616916766052,
        38.261859765946404,
        1420.3984375
      ],
      [
        -104.61699858264132,
        38.261922701276504,
        1420.469726562
      ],
      [
        -104.61708039923063,
        38.2619856366066,
        1420.536010742
      ],
      [
        -104.61716221581993,
        38.262048571936695,
        1420.861816406
      ],
      [
        -104.61724403240925,
        38.262111507266795,
        1421.112548828
      ],
      [
        -104.61732584899856,
        38.26217444259689,
        1421.237548828
      ],
      [
        -104.61740766558786,
        38.262237377926986,
        1421.27746582
      ],
      [
        -104.61748948217718,
        38.26230031325708,
        1421.302490234
      ],
      [
        -104.61757129876648,
        38.26236324858718,
        1421.311523438
      ],
      [
        -104.6176531153558,
        38.26242618391728,
        1421.323486328
      ],
      [
        -104.61773493194511,
        38.26248911924737,
        1421.322265625
      ],
      [
        -104.61781674853441,
        38.26255205457747,
        1421.313476562
      ],
      [
        -104.61789856512372,
        38.26261498990756,
        1421.313476562
      ],
      [
        -104.61798038171304,
        38.26267792523766,
        1421.303466797
      ],
      [
        -104.61806219830234,
        38.26274086056775,
        1421.312744141
      ],
      [
        -104.61814360618723,
        38.26280411878132,
        1421.290161133
      ],
      [
        -104.61822422058593,
        38.262868003862515,
        1421.279541016
      ],
      [
        -104.61830446453193,
        38.262932174129986,
        1421.276855469
      ],
      [
        -104.61838232556735,
        38.26299807863616,
        1421.279174805
      ],
      [
        -104.61845705233148,
        38.26306623387401,
        1421.284057617
      ],
      [
        -104.61853207750968,
        38.263134187006735,
        1421.270385742
      ],
      [
        -104.6186058427727,
        38.26320297858321,
        1421.284057617
      ],
      [
        -104.61867867379704,
        38.26327237957856,
        1421.279052734
      ],
      [
        -104.61874673069981,
        38.263344714343795,
        1421.284057617
      ],
      [
        -104.61881354268951,
        38.263417751428264,
        1421.281494141
      ],
      [
        -104.61887913577036,
        38.26349147616163,
        1421.278442383
      ],
      [
        -104.61894472885122,
        38.26356520089501,
        1421.274780273
      ],
      [
        -104.61900587739741,
        38.263641149062806,
        1421.276733398
      ],
      [
        -104.61906326341564,
        38.26371897948259,
        1421.285888672
      ],
      [
        -104.61912064943387,
        38.26379680990238,
        1421.287963867
      ],
      [
        -104.6191777975987,
        38.26387474797895,
        1421.289550781
      ],
      [
        -104.61923477168776,
        38.26395276484539,
        1421.294555664
      ],
      [
        -104.6192917457768,
        38.26403078171183,
        1421.284545898
      ],
      [
        -104.61934871986587,
        38.26410879857827,
        1421.294555664
      ],
      [
        -104.61940353638161,
        38.26418771981241,
        1421.303344727
      ],
      [
        -104.61945439292066,
        38.264268300909045,
        1421.30090332
      ],
      [
        -104.6195052494597,
        38.26434888200568,
        1421.301269531
      ],
      [
        -104.61955300980935,
        38.264430618943884,
        1421.315063477
      ],
      [
        -104.61960050221813,
        38.264512455907365,
        1421.337402344
      ],
      [
        -104.61964338527052,
        38.26459577133264,
        1421.342407227
      ],
      [
        -104.61968245634519,
        38.26468030945863,
        1421.344970703
      ],
      [
        -104.61972152741987,
        38.26476484758462,
        1421.352416992
      ],
      [
        -104.61976059849454,
        38.26484938571062,
        1421.361206055
      ],
      [
        -104.61979640906928,
        38.264934807240856,
        1421.370361328
      ],
      [
        -104.61983205284471,
        38.26502027396393,
        1421.378540039
      ],
      [
        -104.61986510471597,
        38.26510634094317,
        1421.399658203
      ],
      [
        -104.6198942409389,
        38.265193314743,
        1421.396484375
      ],
      [
        -104.61992264478468,
        38.265280419542215,
        1421.391479492
      ],
      [
        -104.61994436442639,
        38.265368719936625,
        1421.41027832
      ],
      [
        -104.61996603409335,
        38.26545702775657,
        1421.416503906
      ],
      [
        -104.61998690842664,
        38.26554545375175,
        1421.421508789
      ],
      [
        -104.62000349082508,
        38.26563430926264,
        1421.44140625
      ],
      [
        -104.62001153480485,
        38.265724019256425,
        1421.450927734
      ],
      [
        -104.62001838725602,
        38.26581377857162,
        1421.469360352
      ],
      [
        -104.62002240202195,
        38.26590365534822,
        1421.489379883
      ],
      [
        -104.62002641678785,
        38.26599353212482,
        1421.509399414
      ],
      [
        -104.6200301902792,
        38.266083414942855,
        1421.529418945
      ],
      [
        -104.62003347757849,
        38.26617330993499,
        1421.549438477
      ],
      [
        -104.62003594866187,
        38.26626322027855,
        1421.569458008
      ],
      [
        -104.62003814740983,
        38.26635313574421,
        1421.588134766
      ],
      [
        -104.6200403461578,
        38.266443051209876,
        1421.603515625
      ],
      [
        -104.62004496021187,
        38.2665329035067,
        1421.611694336
      ],
      [
        -104.62005252974325,
        38.26662261452709,
        1421.642089844
      ],
      [
        -104.620063274006,
        38.26671215004999,
        1421.660888672
      ],
      [
        -104.62007815974853,
        38.26680127386911,
        1421.684692383
      ],
      [
        -104.62010035603936,
        38.266889449035716,
        1421.705932617
      ],
      [
        -104.62012599671971,
        38.2669770989016,
        1421.740844727
      ],
      [
        -104.62016472969911,
        38.267061614333564,
        1421.760864258
      ],
      [
        -104.62020574288051,
        38.26714558386122,
        1421.785888672
      ],
      [
        -104.62022899999972,
        38.26719319999944,
        1421.803710938
      ],
      [
        -104.62025117987024,
        38.267228023352295,
        1421.796142578
      ],
      [
        -104.62030241122127,
        38.26730845878167,
        1421.83190918
      ],
      [
        -104.6203595483331,
        38.267386292824796,
        1421.848144531
      ],
      [
        -104.62042028143233,
        38.26746254289719,
        1421.873046875
      ],
      [
        -104.62048772384308,
        38.267535173636084,
        1421.866821289
      ],
      [
        -104.62055660412015,
        38.267607028718984,
        1421.912109375
      ],
      [
        -104.62062548439721,
        38.26767888380188,
        1421.929077148
      ],
      [
        -104.62069432174678,
        38.26775076421606,
        1421.952880859
      ],
      [
        -104.62076286076959,
        38.267822820671334,
        1421.959106445
      ],
      [
        -104.6208313997924,
        38.26789487712661,
        1421.997924805
      ],
      [
        -104.62089993881521,
        38.26796693358188,
        1422.016357422
      ],
      [
        -104.62096847783802,
        38.268038990037155,
        1422.057617188
      ],
      [
        -104.62103701686084,
        38.26811104649243,
        1422.10144043
      ],
      [
        -104.62110555588364,
        38.2681831029477,
        1422.126342773
      ],
      [
        -104.62117409490645,
        38.268255159402976,
        1422.167602539
      ],
      [
        -104.62124263392927,
        38.26832721585825,
        1422.185180664
      ],
      [
        -104.62131117295208,
        38.26839927231352,
        1422.23034668
      ],
      [
        -104.6213797119749,
        38.2684713287688,
        1422.248413086
      ],
      [
        -104.6214482509977,
        38.26854338522407,
        1422.288330078
      ],
      [
        -104.62151679002052,
        38.268615441679344,
        1422.308349609
      ],
      [
        -104.62158532904333,
        38.26868749813462,
        1422.346435547
      ],
      [
        -104.62165386806613,
        38.26875955458989,
        1422.370361328
      ],
      [
        -104.62172240708895,
        38.268831611045165,
        1422.390258789
      ],
      [
        -104.62179094611176,
        38.26890366750044,
        1422.415283203
      ],
      [
        -104.62185948513458,
        38.26897572395571,
        1422.425292969
      ],
      [
        -104.62192802415738,
        38.269047780410986,
        1422.444091797
      ],
      [
        -104.62199656318019,
        38.26911983686626,
        1422.444091797
      ],
      [
        -104.62206510220301,
        38.26919189332153,
        1422.453369141
      ],
      [
        -104.62213364122582,
        38.26926394977681,
        1422.461547852
      ],
      [
        -104.62220518652948,
        38.26933412196496,
        1422.466552734
      ],
      [
        -104.62227951661785,
        38.26940254871464,
        1422.477783203
      ],
      [
        -104.62235384670622,
        38.26947097546432,
        1422.474365234
      ],
      [
        -104.62243126082902,
        38.26953724424016,
        1422.478271484
      ],
      [
        -104.62250932582327,
        38.26960305758542,
        1422.478271484
      ],
      [
        -104.62258763677389,
        38.269668690618616,
        1422.479492188
      ],
      [
        -104.62266597034221,
        38.26973430707061,
        1422.482055664
      ],
      [
        -104.62274777248233,
        38.26979723988077,
        1422.499511719
      ],
      [
        -104.62283019776156,
        38.26985969056678,
        1422.501831055
      ],
      [
        -104.62291435211786,
        38.269920642331535,
        1422.503051758
      ],
      [
        -104.62300165435909,
        38.2699788652233,
        1422.491821289
      ],
      [
        -104.62308895660033,
        38.27003708811507,
        1422.498046875
      ],
      [
        -104.62317625884157,
        38.270095311006834,
        1422.504272461
      ],
      [
        -104.6232635610828,
        38.2701535338986,
        1422.50769043
      ],
      [
        -104.62335086332403,
        38.27021175679037,
        1422.516967773
      ],
      [
        -104.62343820747799,
        38.27026994080141,
        1422.526611328
      ],
      [
        -104.62352584960607,
        38.270327848394004,
        1422.534790039
      ],
      [
        -104.62361349173415,
        38.27038575598659,
        1422.548950195
      ],
      [
        -104.62370127441397,
        38.27044353022689,
        1422.567749023
      ],
      [
        -104.62379015656872,
        38.27050026131049,
        1422.587768555
      ],
      [
        -104.62387903872346,
        38.270556992394084,
        1422.595214844
      ],
      [
        -104.6239679208782,
        38.27061372347768,
        1422.622802734
      ],
      [
        -104.62405680303294,
        38.27067045456128,
        1422.627807617
      ],
      [
        -104.62414568518767,
        38.27072718564488,
        1422.647827148
      ],
      [
        -104.62423456734241,
        38.270783916728476,
        1422.666015625
      ],
      [
        -104.62432344949715,
        38.27084064781207,
        1422.712402344
      ],
      [
        -104.6244123316519,
        38.27089737889567,
        1422.731811523
      ],
      [
        -104.62450121380664,
        38.270954109979265,
        1422.750488281
      ],
      [
        -104.62459057310576,
        38.271010373777244,
        1422.769897461
      ],
      [
        -104.62468046752085,
        38.27106611351582,
        1422.786132812
      ],
      [
        -104.62477069791994,
        38.27112150902339,
        1422.826049805
      ],
      [
        -104.6248626383462,
        38.271175152529786,
        1422.834838867
      ],
      [
        -104.62495458932675,
        38.27122878463722,
        1422.846069336
      ],
      [
        -104.625047959341,
        38.2712808841426,
        1422.840454102
      ],
      [
        -104.62514132935524,
        38.27133298364797,
        1422.830688477
      ],
      [
        -104.62523535045376,
        38.27138434973725,
        1422.80065918
      ],
      [
        -104.62532998697937,
        38.271435022576554,
        1422.775634766
      ],
      [
        -104.62542462350497,
        38.27148569541586,
        1422.760620117
      ],
      [
        -104.62551926003059,
        38.27153636825517,
        1422.735595703
      ],
      [
        -104.62561389655619,
        38.27158704109448,
        1422.710571289
      ],
      [
        -104.6257085330818,
        38.271637713933785,
        1422.673217773
      ],
      [
        -104.62580316960741,
        38.271688386773086,
        1422.649047852
      ],
      [
        -104.62589780613301,
        38.27173905961239,
        1422.629760742
      ],
      [
        -104.62599244265863,
        38.2717897324517,
        1422.618530273
      ],
      [
        -104.62608707918423,
        38.27184040529101,
        1422.622314453
      ],
      [
        -104.62618171570985,
        38.27189107813032,
        1422.628540039
      ],
      [
        -104.62627635223545,
        38.271941750969624,
        1422.647216797
      ],
      [
        -104.62637098876105,
        38.27199242380893,
        1422.672241211
      ],
      [
        -104.62646562528667,
        38.27204309664824,
        1422.699829102
      ],
      [
        -104.62656026181227,
        38.27209376948755,
        1422.748901367
      ],
      [
        -104.62665489833789,
        38.272144442326855,
        1422.78894043
      ],
      [
        -104.62674953486349,
        38.27219511516616,
        1422.820068359
      ],
      [
        -104.6268441713891,
        38.27224578800547,
        1422.850097656
      ],
      [
        -104.62693880791471,
        38.27229646084478,
        1422.888916016
      ],
      [
        -104.62703344444031,
        38.272347133684086,
        1422.928833008
      ],
      [
        -104.62712808096593,
        38.272397806523394,
        1422.978759766
      ],
      [
        -104.62722271749153,
        38.2724484793627,
        1423.029907227
      ],
      [
        -104.62731735401714,
        38.27249915220201,
        1423.068725586
      ],
      [
        -104.62741199054275,
        38.27254982504132,
        1423.118652344
      ],
      [
        -104.62750662706836,
        38.272600497880624,
        1423.198730469
      ],
      [
        -104.62760126359397,
        38.27265117071993,
        1423.248779297
      ],
      [
        -104.62769590011958,
        38.27270184355924,
        1423.30871582
      ],
      [
        -104.62779053664518,
        38.27275251639855,
        1423.342529297
      ],
      [
        -104.6278851731708,
        38.272803189237855,
        1423.388671875
      ],
      [
        -104.6279798096964,
        38.27285386207716,
        1423.456176758
      ],
      [
        -104.62807444622202,
        38.27290453491647,
        1423.521606445
      ],
      [
        -104.62816908274762,
        38.27295520775578,
        1423.595336914
      ],
      [
        -104.62826371927322,
        38.273005880595086,
        1423.691650391
      ],
      [
        -104.62835835579884,
        38.273056553434394,
        1423.804077148
      ],
      [
        -104.62845258466243,
        38.27310768718552,
        1423.941650391
      ],
      [
        -104.62854606237087,
        38.273159670209516,
        1424.104370117
      ],
      [
        -104.62863954007932,
        38.27321165323352,
        1424.22253418
      ],
      [
        -104.6287328936272,
        38.273263770628645,
        1424.294799805
      ],
      [
        -104.62882484776402,
        38.273317402517876,
        1424.342163086
      ],
      [
        -104.62891678735538,
        38.27337104904315,
        1424.349609375
      ],
      [
        -104.62900541351458,
        38.27342802963137,
        1424.365844727
      ],
      [
        -104.62909403967379,
        38.273485010219595,
        1424.372070312
      ],
      [
        -104.62917918069591,
        38.273545151284196,
        1424.389648438
      ],
      [
        -104.62926370307653,
        38.273605853360266,
        1424.387084961
      ],
      [
        -104.62934777753473,
        38.273666933236186,
        1424.360961914
      ],
      [
        -104.6294309441822,
        38.27372877880447,
        1424.399291992
      ],
      [
        -104.629512546735,
        38.273791826252975,
        1424.471801758
      ],
      [
        -104.62958952226522,
        38.27385842919402,
        1424.517822266
      ],
      [
        -104.62966649779544,
        38.27392503213507,
        1424.647583008
      ],
      [
        -104.62974347332568,
        38.273991635076115,
        1424.798706055
      ],
      [
        -104.6298204488559,
        38.274058238017155,
        1424.873657227
      ],
      [
        -104.62989533784267,
        38.274126285530485,
        1425.013671875
      ],
      [
        -104.62996987705459,
        38.274194575202706,
        1425.164916992
      ],
      [
        -104.63004235127119,
        38.274264181540325,
        1425.238769531
      ],
      [
        -104.63011220003105,
        38.27433546190014,
        1425.396118164
      ],
      [
        -104.63018204879091,
        38.27440674225995,
        1425.499389648
      ],
      [
        -104.63024868559978,
        38.274479809047065,
        1425.637695312
      ],
      [
        -104.63031117800519,
        38.27455518087418,
        1425.786499023
      ],
      [
        -104.63037367041058,
        38.274630552701296,
        1425.892578125
      ],
      [
        -104.63043551786748,
        38.27470623593836,
        1426.111816406
      ],
      [
        -104.63049301147556,
        38.274784021408124,
        1426.296875
      ],
      [
        -104.63055050508366,
        38.274861806877894,
        1426.420654297
      ],
      [
        -104.63060799869174,
        38.274939592347664,
        1426.635620117
      ],
      [
        -104.63066444838225,
        38.27501781995809,
        1426.861816406
      ],
      [
        -104.63071568503536,
        38.275098255497355,
        1426.971801758
      ],
      [
        -104.63076692168846,
        38.27517869103662,
        1427.148071289
      ],
      [
        -104.63081815834157,
        38.2752591265759,
        1427.270629883
      ],
      [
        -104.63086939499466,
        38.275339562115164,
        1427.354248047
      ],
      [
        -104.63092007167413,
        38.275420215848364,
        1427.364868164
      ],
      [
        -104.63097064002827,
        38.275500911790566,
        1427.373046875
      ],
      [
        -104.6310212083824,
        38.27558160773276,
        1427.377685547
      ],
      [
        -104.63107177673655,
        38.275662303674956,
        1427.375244141
      ],
      [
        -104.63112234509069,
        38.27574299961716,
        1427.394042969
      ],
      [
        -104.63117291344483,
        38.27582369555935,
        1427.404052734
      ],
      [
        -104.63122348179897,
        38.27590439150155,
        1427.404052734
      ],
      [
        -104.63127405015311,
        38.27598508744375,
        1427.412719727
      ],
      [
        -104.63132461850725,
        38.276065783385945,
        1427.422729492
      ],
      [
        -104.6313751868614,
        38.27614647932814,
        1427.429931641
      ],
      [
        -104.63142575521555,
        38.27622717527034,
        1427.436035156
      ],
      [
        -104.63147632356969,
        38.27630787121254,
        1427.453491211
      ],
      [
        -104.6315263062206,
        38.27638879132262,
        1427.494750977
      ],
      [
        -104.63157609292931,
        38.27646978642622,
        1427.549804688
      ],
      [
        -104.63162587963804,
        38.276550781529814,
        1427.599731445
      ],
      [
        -104.63167566634675,
        38.276631776633415,
        1427.639770508
      ],
      [
        -104.63172545305548,
        38.27671277173701,
        1427.688598633
      ],
      [
        -104.63177552044752,
        38.27679366007963,
        1427.696044922
      ],
      [
        -104.63182570483387,
        38.27687450392218,
        1427.700195312
      ],
      [
        -104.63187588922023,
        38.276955347764726,
        1427.700317383
      ],
      [
        -104.63192607360658,
        38.27703619160727,
        1427.725341797
      ],
      [
        -104.63197625799293,
        38.27711703544982,
        1427.737792969
      ],
      [
        -104.63202644237928,
        38.277197879292366,
        1427.731567383
      ],
      [
        -104.63207662676564,
        38.27727872313491,
        1427.679077148
      ],
      [
        -104.63208940000179,
        38.27729930000286,
        1427.679077148
      ],
      [
        -104.63212706511308,
        38.27735946961348,
        1427.666625977
      ],
      [
        -104.6321775901701,
        38.277440182849205,
        1427.650268555
      ],
      [
        -104.63222811522711,
        38.27752089608493,
        1427.718994141
      ],
      [
        -104.63227864028411,
        38.277601609320655,
        1427.923583984
      ],
      [
        -104.63232916534113,
        38.27768232255638,
        1428.024658203
      ],
      [
        -104.63237969039814,
        38.277763035792105,
        1428.19909668
      ],
      [
        -104.63243021545516,
        38.27784374902783,
        1428.405395508
      ],
      [
        -104.63248074051216,
        38.277924462263556,
        1428.644897461
      ],
      [
        -104.63253126556917,
        38.27800517549928,
        1428.814819336
      ],
      [
        -104.63258179062619,
        38.278085888735006,
        1429.083618164
      ],
      [
        -104.6326323156832,
        38.27816660197073,
        1429.397338867
      ],
      [
        -104.63268284074022,
        38.278247315206464,
        1429.762329102
      ],
      [
        -104.63273336579722,
        38.27832802844219,
        1429.97277832
      ],
      [
        -104.63278389085423,
        38.278408741677914,
        1430.236694336
      ],
      [
        -104.63283441591125,
        38.27848945491364,
        1430.361694336
      ],
      [
        -104.63288494096825,
        38.278570168149365,
        1430.371704102
      ],
      [
        -104.63293546602527,
        38.27865088138509,
        1430.376708984
      ],
      [
        -104.6329859555169,
        38.27873160842544,
        1430.371704102
      ],
      [
        -104.63303633555489,
        38.27881237794996,
        1430.361816406
      ],
      [
        -104.63308671559287,
        38.27889314747449,
        1430.370483398
      ],
      [
        -104.63313709563086,
        38.27897391699902,
        1430.376953125
      ],
      [
        -104.63318747566883,
        38.27905468652355,
        1430.369384766
      ],
      [
        -104.63323785570682,
        38.27913545604808,
        1430.369628906
      ],
      [
        -104.63328823574481,
        38.27921622557261,
        1430.369628906
      ],
      [
        -104.63333861578279,
        38.27929699509714,
        1430.369628906
      ],
      [
        -104.63338899582078,
        38.27937776462167,
        1430.368408203
      ],
      [
        -104.63343937585876,
        38.2794585341462,
        1430.384643555
      ],
      [
        -104.63348975589675,
        38.279539303670724,
        1430.389770508
      ],
      [
        -104.63354013593472,
        38.279620073195254,
        1430.385986328
      ],
      [
        -104.63359051597271,
        38.279700842719784,
        1430.374633789
      ],
      [
        -104.6336408960107,
        38.279781612244314,
        1430.381103516
      ],
      [
        -104.63369127604868,
        38.279862381768844,
        1430.385253906
      ],
      [
        -104.63374165608667,
        38.279943151293374,
        1430.389160156
      ],
      [
        -104.63379203612465,
        38.280023920817904,
        1430.38671875
      ],
      [
        -104.63384241616264,
        38.280104690342434,
        1430.374145508
      ],
      [
        -104.63389279620061,
        38.28018545986696,
        1430.384155273
      ],
      [
        -104.6339431762386,
        38.280266229391486,
        1430.381591797
      ],
      [
        -104.6339935562766,
        38.280346998916016,
        1430.458984375
      ],
      [
        -104.63404393631457,
        38.280427768440546,
        1430.428955078
      ],
      [
        -104.63409431635256,
        38.280508537965076,
        1430.489013672
      ],
      [
        -104.63414469639054,
        38.280589307489606,
        1430.523071289
      ],
      [
        -104.63419506965514,
        38.28067007981053,
        1430.591918945
      ],
      [
        -104.6342454297098,
        38.28075085758516,
        1430.958251953
      ],
      [
        -104.63429578976445,
        38.280831635359796,
        1431.79699707
      ],
      [
        -104.63434614981911,
        38.28091241313444,
        1432.924560547
      ],
      [
        -104.63439650987377,
        38.28099319090907,
        1433.248291016
      ],
      [
        -104.63444686992842,
        38.28107396868371,
        1433.280761719
      ],
      [
        -104.63449722998308,
        38.28115474645834,
        1433.330810547
      ],
      [
        -104.63454759003774,
        38.281235524232976,
        1433.411987305
      ],
      [
        -104.6345979500924,
        38.28131630200762,
        1433.386962891
      ],
      [
        -104.63464831014706,
        38.28139707978225,
        1433.400878906
      ],
      [
        -104.63469867020171,
        38.28147785755689,
        1433.423095703
      ],
      [
        -104.63474903025637,
        38.28155863533152,
        1433.406860352
      ],
      [
        -104.63479939031103,
        38.281639413106156,
        1433.404418945
      ],
      [
        -104.63484975036569,
        38.28172019088079,
        1433.403198242
      ],
      [
        -104.63490011042035,
        38.28180096865543,
        1433.423217773
      ],
      [
        -104.634950470475,
        38.28188174643007,
        1433.406860352
      ],
      [
        -104.63500083052966,
        38.2819625242047,
        1433.404418945
      ],
      [
        -104.63505119058432,
        38.282043301979336,
        1433.398803711
      ],
      [
        -104.63510155063898,
        38.28212407975397,
        1433.411499023
      ],
      [
        -104.63515191069364,
        38.28220485752861,
        1433.437744141
      ],
      [
        -104.6352022707483,
        38.282285635303246,
        1433.430297852
      ],
      [
        -104.63525263080295,
        38.28236641307788,
        1433.430297852
      ],
      [
        -104.63530299085761,
        38.282447190852515,
        1433.421508789
      ],
      [
        -104.63535335091227,
        38.28252796862715,
        1433.423950195
      ],
      [
        -104.63540371096693,
        38.282608746401785,
        1433.421264648
      ],
      [
        -104.63545407102158,
        38.282689524176426,
        1433.423706055
      ],
      [
        -104.63550443107624,
        38.28277030195106,
        1433.416381836
      ],
      [
        -104.6355547911309,
        38.282851079725695,
        1433.420410156
      ],
      [
        -104.63560515118556,
        38.28293185750033,
        1433.430419922
      ],
      [
        -104.6356556466308,
        38.28301258286398,
        1433.455444336
      ],
      [
        -104.63570673894853,
        38.28309307717261,
        1433.676635742
      ],
      [
        -104.63575783126628,
        38.283173571481235,
        1434.055419922
      ],
      [
        -104.63580892358401,
        38.28325406578987,
        1434.394165039
      ],
      [
        -104.63586001590174,
        38.283334560098496,
        1434.562866211
      ],
      [
        -104.63591088951213,
        38.28341513922534,
        1434.925415039
      ],
      [
        -104.63596117258247,
        38.283495947373076,
        1434.99621582
      ],
      [
        -104.6360114556528,
        38.283576755520805,
        1434.940917969
      ],
      [
        -104.63606173872314,
        38.28365756366854,
        1435.070922852
      ],
      [
        -104.63611202179348,
        38.28373837181628,
        1435.691162109
      ],
      [
        -104.63616230486382,
        38.283819179964006,
        1436.249389648
      ],
      [
        -104.63621258793415,
        38.28389998811174,
        1436.482177734
      ],
      [
        -104.63626287100449,
        38.28398079625948,
        1436.485961914
      ],
      [
        -104.63631315407483,
        38.28406160440721,
        1436.478515625
      ],
      [
        -104.63636343714516,
        38.28414241255494,
        1436.487182617
      ],
      [
        -104.6364137202155,
        38.28422322070268,
        1436.486083984
      ],
      [
        -104.63646400328584,
        38.284304028850414,
        1436.477539062
      ],
      [
        -104.63651428635617,
        38.28438483699814,
        1436.47644043
      ],
      [
        -104.63656456942651,
        38.28446564514588,
        1436.475219727
      ],
      [
        -104.63661485249685,
        38.284546453293615,
        1436.484008789
      ],
      [
        -104.63666513556718,
        38.28462726144135,
        1436.487670898
      ],
      [
        -104.63671541863752,
        38.28470806958908,
        1436.473999023
      ],
      [
        -104.63676570170786,
        38.284788877736815,
        1436.47265625
      ],
      [
        -104.6368159847782,
        38.28486968588455,
        1436.478027344
      ],
      [
        -104.63686626784853,
        38.28495049403229,
        1436.488769531
      ],
      [
        -104.63691655091887,
        38.285031302180016,
        1436.479003906
      ],
      [
        -104.6369668339892,
        38.28511211032775,
        1436.494873047
      ],
      [
        -104.63701711705954,
        38.28519291847549,
        1436.561035156
      ],
      [
        -104.63706740012988,
        38.28527372662322,
        1436.593505859
      ],
      [
        -104.63711768320022,
        38.28535453477095,
        1436.646118164
      ],
      [
        -104.63716796627055,
        38.28543534291869,
        1436.699829102
      ],
      [
        -104.63721824934089,
        38.285516151066425,
        1436.747314453
      ],
      [
        -104.63726853241123,
        38.28559695921415,
        1436.77734375
      ],
      [
        -104.63731881548156,
        38.28567776736189,
        1436.799926758
      ],
      [
        -104.6373690985519,
        38.285758575509625,
        1437.035644531
      ],
      [
        -104.63741938162224,
        38.285839383657354,
        1437.008789062
      ],
      [
        -104.63746966469257,
        38.28592019180509,
        1437.623779297
      ],
      [
        -104.63751994776291,
        38.286000999952826,
        1438.698852539
      ],
      [
        -104.63757023083325,
        38.28608180810056,
        1439.486938477
      ],
      [
        -104.63762051390358,
        38.28616261624829,
        1439.553222656
      ],
      [
        -104.63767079697392,
        38.28624342439603,
        1439.558837891
      ],
      [
        -104.63772108004426,
        38.28632423254376,
        1439.565063477
      ],
      [
        -104.6377713631146,
        38.2864050406915,
        1439.56628418
      ],
      [
        -104.63782167662349,
        38.28648583718635,
        1439.562744141
      ],
      [
        -104.63787226913328,
        38.28656652687053,
        1439.574707031
      ],
      [
        -104.63792286164308,
        38.28664721655471,
        1439.5546875
      ],
      [
        -104.63797345415287,
        38.286727906238895,
        1439.609741211
      ],
      [
        -104.63802404666266,
        38.28680859592307,
        1439.565917969
      ],
      [
        -104.63807463917246,
        38.28688928560725,
        1439.584716797
      ],
      [
        -104.63812523168225,
        38.286969975291434,
        1439.565917969
      ],
      [
        -104.63817582419203,
        38.28705066497562,
        1439.575927734
      ],
      [
        -104.63822641670183,
        38.2871313546598,
        1439.614624023
      ],
      [
        -104.63827700921162,
        38.28721204434398,
        1439.693115234
      ],
      [
        -104.63832760172141,
        38.28729273402816,
        1439.719116211
      ],
      [
        -104.63837819423121,
        38.28737342371234,
        1439.780151367
      ],
      [
        -104.638428786741,
        38.28745411339652,
        1439.813232422
      ],
      [
        -104.6384793792508,
        38.2875348030807,
        1439.834472656
      ],
      [
        -104.63852997176058,
        38.287615492764886,
        1439.870727539
      ],
      [
        -104.63858056427037,
        38.28769618244907,
        1439.980712891
      ],
      [
        -104.63863115678016,
        38.28777687213325,
        1440.006958008
      ],
      [
        -104.63868174928996,
        38.28785756181743,
        1439.834472656
      ],
      [
        -104.63873234179975,
        38.28793825150161,
        1438.959472656
      ],
      [
        -104.63878293430955,
        38.28801894118579,
        1438.278076172
      ],
      [
        -104.63883292310588,
        38.28809986215529,
        1438.73815918
      ],
      [
        -104.63884599999872,
        38.28812109999792,
        1439.375610352
      ],
      [
        -104.63888348812588,
        38.28818056192389,
        1440.504394531
      ],
      [
        -104.63893430487711,
        38.28826116509418,
        1442.210571289
      ],
      [
        -104.63898512162834,
        38.288341768264466,
        1442.716796875
      ],
      [
        -104.63903593837956,
        38.288422371434756,
        1442.893066406
      ],
      [
        -104.63908675513079,
        38.288502974605045,
        1442.935791016
      ],
      [
        -104.63913757188202,
        38.288583577775334,
        1442.899169922
      ],
      [
        -104.63918838863324,
        38.288664180945624,
        1442.883666992
      ],
      [
        -104.63923920538447,
        38.28874478411591,
        1442.912719727
      ],
      [
        -104.6392900221357,
        38.2888253872862,
        1442.875854492
      ],
      [
        -104.63934083888692,
        38.28890599045649,
        1442.817138672
      ],
      [
        -104.63936309999819,
        38.28894129999713,
        1442.962036133
      ],
      [
        -104.63939144253774,
        38.28898667612232,
        1442.888305664
      ],
      [
        -104.63944188006195,
        38.28906742609918,
        1442.794555664
      ],
      [
        -104.63949231758615,
        38.28914817607605,
        1442.717163086
      ],
      [
        -104.63954275511036,
        38.28922892605291,
        1442.604614258
      ],
      [
        -104.63959319263455,
        38.289309676029774,
        1442.654663086
      ],
      [
        -104.63964363015874,
        38.289390426006634,
        1442.694580078
      ],
      [
        -104.63969406768295,
        38.2894711759835,
        1442.638793945
      ],
      [
        -104.63974450520715,
        38.28955192596036,
        1442.653930664
      ],
      [
        -104.63979488863967,
        38.28963269677935,
        1442.770263672
      ],
      [
        -104.639845288564,
        38.28971346165347,
        1443.332885742
      ],
      [
        -104.63989572070079,
        38.28979421433426,
        1443.895507812
      ],
      [
        -104.63994615283758,
        38.289874967015045,
        1444.129272461
      ],
      [
        -104.63999658497437,
        38.28995571969584,
        1444.095458984
      ],
      [
        -104.64004701711116,
        38.29003647237663,
        1444.307983398
      ],
      [
        -104.64009744924795,
        38.29011722505742,
        1444.366699219
      ],
      [
        -104.64014788138473,
        38.29019797773821,
        1444.516357422
      ],
      [
        -104.64019831352152,
        38.290278730419004,
        1444.373168945
      ],
      [
        -104.64024874565831,
        38.29035948309979,
        1444.419433594
      ],
      [
        -104.6402991777951,
        38.290440235780586,
        1444.424438477
      ],
      [
        -104.64034960993189,
        38.290520988461374,
        1444.641967773
      ],
      [
        -104.64040004206868,
        38.29060174114216,
        1444.861938477
      ],
      [
        -104.64045047420547,
        38.290682493822956,
        1445.419433594
      ],
      [
        -104.64050090634225,
        38.290763246503744,
        1445.776977539
      ],
      [
        -104.64055133847903,
        38.29084399918454,
        1445.729248047
      ],
      [
        -104.64060177061582,
        38.290924751865326,
        1445.821411133
      ],
      [
        -104.6406522027526,
        38.29100550454612,
        1445.782714844
      ],
      [
        -104.6407026348894,
        38.29108625722691,
        1445.737792969
      ],
      [
        -104.64075306702618,
        38.2911670099077,
        1445.867797852
      ],
      [
        -104.64080349916297,
        38.29124776258849,
        1445.862670898
      ],
      [
        -104.64085393129976,
        38.29132851526928,
        1445.832763672
      ],
      [
        -104.64090436343655,
        38.29140926795007,
        1445.741455078
      ],
      [
        -104.64095479557334,
        38.29149002063086,
        1445.702758789
      ],
      [
        -104.64100522771012,
        38.291570773311655,
        1445.703979492
      ],
      [
        -104.64105565984691,
        38.29165152599244,
        1445.692260742
      ],
      [
        -104.6411060919837,
        38.29173227867324,
        1445.648193359
      ],
      [
        -104.64115652412049,
        38.291813031354025,
        1445.646972656
      ],
      [
        -104.64120695625728,
        38.29189378403482,
        1445.646972656
      ],
      [
        -104.64125738839407,
        38.29197453671561,
        1445.651977539
      ],
      [
        -104.64130782053086,
        38.292055289396394,
        1445.673339844
      ],
      [
        -104.64135825266764,
        38.29213604207719,
        1445.803466797
      ],
      [
        -104.64140868480443,
        38.29221679475798,
        1445.908447266
      ],
      [
        -104.64145911694122,
        38.29229754743877,
        1446.020874023
      ],
      [
        -104.64150954907801,
        38.29237830011956,
        1446.016845703
      ],
      [
        -104.64155998121478,
        38.29245905280035,
        1445.998779297
      ],
      [
        -104.64161041335157,
        38.29253980548114,
        1445.998413086
      ],
      [
        -104.64166084548836,
        38.292620558161936,
        1445.934692383
      ],
      [
        -104.64171127762515,
        38.29270131084272,
        1446.002197266
      ],
      [
        -104.64176170976194,
        38.29278206352351,
        1446.013427734
      ],
      [
        -104.64181214189873,
        38.292862816204305,
        1446.182128906
      ],
      [
        -104.64186257403551,
        38.29294356888509,
        1446.395874023
      ],
      [
        -104.6419130061723,
        38.29302432156589,
        1447.057128906
      ],
      [
        -104.64196343830909,
        38.293105074246675,
        1447.817138672
      ],
      [
        -104.64201387044588,
        38.29318582692747,
        1448.588256836
      ],
      [
        -104.64206430258267,
        38.29326657960826,
        1448.848876953
      ],
      [
        -104.64211473471946,
        38.29334733228905,
        1448.768310547
      ],
      [
        -104.64216516685624,
        38.29342808496984,
        1448.830810547
      ],
      [
        -104.64221559899303,
        38.293508837650634,
        1448.76965332
      ],
      [
        -104.64226605810326,
        38.293589579550755,
        1448.798339844
      ],
      [
        -104.64231964550436,
        38.293669071144926,
        1448.747070312
      ],
      [
        -104.64237323290546,
        38.293748562739104,
        1448.685913086
      ],
      [
        -104.6424243993665,
        38.293829019432664,
        1448.739624023
      ],
      [
        -104.64247454745606,
        38.2939098820965,
        1448.685180664
      ],
      [
        -104.64252469554562,
        38.293990744760336,
        1448.678344727
      ],
      [
        -104.64257484363517,
        38.29407160742417,
        1448.678344727
      ],
      [
        -104.64262499172473,
        38.29415247008801,
        1448.677124023
      ],
      [
        -104.64267513981429,
        38.294233332751844,
        1448.67578125
      ],
      [
        -104.64272528790384,
        38.29431419541569,
        1448.684570312
      ],
      [
        -104.6427754359934,
        38.29439505807952,
        1448.700927734
      ],
      [
        -104.64282558408296,
        38.29447592074336,
        1448.776123047
      ],
      [
        -104.64287573217251,
        38.294556783407195,
        1448.994995117
      ],
      [
        -104.64292588026207,
        38.29463764607103,
        1449.308837891
      ],
      [
        -104.64297602835163,
        38.29471850873487,
        1449.26184082
      ],
      [
        -104.64302617644117,
        38.2947993713987,
        1449.363037109
      ],
      [
        -104.64307632453072,
        38.29488023406254,
        1449.450561523
      ],
      [
        -104.64312647262028,
        38.294961096726375,
        1449.513061523
      ],
      [
        -104.64317662070984,
        38.29504195939021,
        1449.45300293
      ],
      [
        -104.6432267687994,
        38.29512282205405,
        1449.546875
      ],
      [
        -104.64327691688895,
        38.29520368471789,
        1449.650634766
      ],
      [
        -104.64332706497851,
        38.295284547381726,
        1449.759277344
      ],
      [
        -104.64337721306806,
        38.29536541004556,
        1449.705566406
      ],
      [
        -104.64342736115762,
        38.2954462727094,
        1450.001831055
      ],
      [
        -104.64347750924718,
        38.295527135373234,
        1450.765625
      ],
      [
        -104.64352765733673,
        38.29560799803707,
        1451.224243164
      ],
      [
        -104.64357780542629,
        38.295688860700906,
        1451.726318359
      ],
      [
        -104.64362795351585,
        38.29576972336474,
        1451.731201172
      ],
      [
        -104.6436781016054,
        38.29585058602858,
        1451.743774414
      ],
      [
        -104.64372824969496,
        38.295931448692414,
        1451.733764648
      ],
      [
        -104.64377839778452,
        38.29601231135625,
        1451.733764648
      ],
      [
        -104.64382854587407,
        38.296093174020086,
        1451.726806641
      ],
      [
        -104.64387869396363,
        38.29617403668393,
        1451.708374023
      ],
      [
        -104.64392884205319,
        38.296254899347765,
        1451.728393555
      ],
      [
        -104.64397899014274,
        38.2963357620116,
        1451.70715332
      ],
      [
        -104.6440291382323,
        38.29641662467544,
        1451.719726562
      ],
      [
        -104.64407928632185,
        38.29649748733927,
        1451.697143555
      ],
      [
        -104.64412943441141,
        38.29657835000311,
        1451.717163086
      ],
      [
        -104.64417958250097,
        38.296659212666945,
        1451.730957031
      ],
      [
        -104.64422973059052,
        38.29674007533078,
        1451.720336914
      ],
      [
        -104.64427987868008,
        38.29682093799462,
        1451.718994141
      ],
      [
        -104.64433002676964,
        38.29690180065845,
        1451.722900391
      ],
      [
        -104.6443801748592,
        38.29698266332229,
        1451.726806641
      ],
      [
        -104.64443032294875,
        38.29706352598613,
        1451.713134766
      ],
      [
        -104.6444804710383,
        38.29714438864997,
        1451.714355469
      ],
      [
        -104.64453061912786,
        38.297225251313805,
        1451.718017578
      ],
      [
        -104.64458076721742,
        38.29730611397764,
        1451.744384766
      ],
      [
        -104.64463091530698,
        38.29738697664148,
        1451.851806641
      ],
      [
        -104.64468106339653,
        38.29746783930531,
        1452.160644531
      ],
      [
        -104.64473121148609,
        38.29754870196915,
        1452.379272461
      ],
      [
        -104.64478135957565,
        38.297629564632985,
        1452.563232422
      ],
      [
        -104.64483156114625,
        38.29771040666357,
        1452.566650391
      ],
      [
        -104.64488266446813,
        38.297790900794105,
        1452.659179688
      ],
      [
        -104.64493376779,
        38.29787139492464,
        1452.677978516
      ],
      [
        -104.64498487111187,
        38.29795188905517,
        1453.026123047
      ],
      [
        -104.64503597443375,
        38.298032383185706,
        1453.594848633
      ],
      [
        -104.64508707775562,
        38.298112877316235,
        1454.29309082
      ],
      [
        -104.6451381810775,
        38.29819337144677,
        1454.683105469
      ],
      [
        -104.64518928439936,
        38.29827386557731,
        1454.798095703
      ],
      [
        -104.64524038772124,
        38.29835435970784,
        1454.768066406
      ],
      [
        -104.64529149104312,
        38.29843485383837,
        1454.779296875
      ],
      [
        -104.64534259436499,
        38.29851534796891,
        1454.783081055
      ],
      [
        -104.64539369768687,
        38.29859584209944,
        1454.774414062
      ],
      [
        -104.64544398594,
        38.298676645640306,
        1454.764404297
      ],
      [
        -104.64549265357398,
        38.298758064388565,
        1454.760620117
      ],
      [
        -104.64554132120796,
        38.29883948313683,
        1454.76184082
      ],
      [
        -104.64558998884193,
        38.29892090188509,
        1454.773071289
      ],
      [
        -104.64563865647591,
        38.299002320633356,
        1454.774291992
      ],
      [
        -104.64568732410989,
        38.299083739381615,
        1454.76550293
      ],
      [
        -104.64573599174386,
        38.299165158129874,
        1454.766357422
      ],
      [
        -104.64578465937784,
        38.29924657687814,
        1454.808837891
      ],
      [
        -104.64583332701181,
        38.2993279956264,
        1455.080078125
      ],
      [
        -104.64588199464579,
        38.299409414374665,
        1455.381347656
      ],
      [
        -104.64593066227977,
        38.299490833122924,
        1455.477661133
      ],
      [
        -104.64598201411245,
        38.29957122980246,
        1455.713867188
      ],
      [
        -104.64603340158475,
        38.299651612911404,
        1455.877685547
      ],
      [
        -104.64608478905704,
        38.299731996020355,
        1456.090087891
      ],
      [
        -104.64613617652934,
        38.29981237912931,
        1456.162109375
      ],
      [
        -104.64618756400164,
        38.29989276223826,
        1456.32824707
      ],
      [
        -104.64623895147393,
        38.29997314534721,
        1456.465698242
      ],
      [
        -104.64629033894623,
        38.30005352845616,
        1456.543212891
      ],
      [
        -104.64634172641851,
        38.300133911565105,
        1456.533203125
      ],
      [
        -104.64639311389081,
        38.300214294674056,
        1456.611938477
      ],
      [
        -104.64644377763678,
        38.30029495776036,
        1456.756958008
      ],
      [
        -104.64649369520934,
        38.300375909507764,
        1457.098999023
      ],
      [
        -104.64654361278191,
        38.30045686125518,
        1457.567993164
      ],
      [
        -104.64659353035447,
        38.30053781300259,
        1457.798095703
      ],
      [
        -104.64664344792703,
        38.30061876475,
        1457.803100586
      ],
      [
        -104.64669336549959,
        38.30069971649741,
        1457.823120117
      ],
      [
        -104.64674328307215,
        38.300780668244826,
        1457.820678711
      ],
      [
        -104.64679320064472,
        38.30086161999223,
        1457.878173828
      ],
      [
        -104.64684311821728,
        38.30094257173965,
        1458.341918945
      ],
      [
        -104.64689258412334,
        38.30102368803988,
        1458.620727539
      ],
      [
        -104.64693915448701,
        38.30110585925492,
        1459.065673828
      ],
      [
        -104.6469857248507,
        38.30118803046996,
        1459.491943359
      ],
      [
        -104.64703229521437,
        38.30127020168499,
        1459.987060547
      ],
      [
        -104.64707886557805,
        38.301352372900034,
        1460.437255859
      ],
      [
        -104.64712314778808,
        38.30143530666505,
        1460.395996094
      ],
      [
        -104.6471661466155,
        38.301518668130086,
        1460.692260742
      ],
      [
        -104.64720914544291,
        38.301602029595124,
        1460.855224609
      ],
      [
        -104.64725214427034,
        38.30168539106016,
        1460.87512207
      ],
      [
        -104.64729514309775,
        38.301768752525206,
        1460.960693359
      ],
      [
        -104.64733814192518,
        38.30185211399024,
        1460.714477539
      ],
      [
        -104.64737918304593,
        38.30193605876804,
        1460.716918945
      ],
      [
        -104.64741751582126,
        38.302020810516815,
        1460.908081055
      ],
      [
        -104.6474558485966,
        38.30210556226558,
        1461.956665039
      ],
      [
        -104.64749418137195,
        38.302190314014354,
        1461.829223633
      ],
      [
        -104.64753251414729,
        38.30227506576312,
        1461.911621094
      ],
      [
        -104.64757084692263,
        38.302359817511885,
        1461.310424805
      ],
      [
        -104.64760796530328,
        38.30244488103003,
        1460.720458984
      ],
      [
        -104.64764087234923,
        38.30253102571655,
        1460.816650391
      ],
      [
        -104.64767377939519,
        38.30261717040307,
        1460.367919922
      ],
      [
        -104.64770668644114,
        38.302703315089595,
        1460.927978516
      ],
      [
        -104.6477395934871,
        38.302789459776115,
        1462.419677734
      ],
      [
        -104.64777250053307,
        38.302875604462635,
        1462.223999023
      ],
      [
        -104.64780540757901,
        38.30296174914916,
        1461.387695312
      ],
      [
        -104.64783293179403,
        38.30304904683575,
        1461.232666016
      ],
      [
        -104.64786035732611,
        38.30313636566019,
        1460.841430664
      ],
      [
        -104.64788778285818,
        38.30322368448463,
        1460.890136719
      ],
      [
        -104.64791520839026,
        38.30331100330906,
        1460.88269043
      ],
      [
        -104.64794263392233,
        38.303398322133496,
        1460.943969727
      ],
      [
        -104.64797005945441,
        38.30348564095793,
        1460.915405273
      ],
      [
        -104.64799578902276,
        38.30357325219731,
        1460.920776367
      ],
      [
        -104.64801753186887,
        38.303661550819974,
        1460.893188477
      ],
      [
        -104.64803927471499,
        38.303749849442646,
        1460.934448242
      ],
      [
        -104.6480610175611,
        38.30383814806532,
        1460.906860352
      ],
      [
        -104.64808276040722,
        38.30392644668798,
        1460.883178711
      ],
      [
        -104.64810450325334,
        38.30401474531065,
        1460.843139648
      ],
      [
        -104.64812624609945,
        38.304103043933324,
        1460.750732422
      ],
      [
        -104.64814451584165,
        38.30419179629537,
        1460.778198242
      ],
      [
        -104.64816039977839,
        38.30428086034804,
        1460.962402344
      ],
      [
        -104.64817628371513,
        38.3043699244007,
        1461.343383789
      ],
      [
        -104.64819216765186,
        38.30445898845337,
        1462.073364258
      ],
      [
        -104.6482080515886,
        38.304548052506036,
        1462.034667969
      ],
      [
        -104.64822393552534,
        38.3046371165587,
        1462.125976562
      ],
      [
        -104.64823916614877,
        38.304726237709126,
        1462.178466797
      ],
      [
        -104.6482486422866,
        38.30481586178548,
        1462.30090332
      ],
      [
        -104.64825811842445,
        38.30490548586183,
        1462.142089844
      ],
      [
        -104.6482675945623,
        38.30499510993818,
        1462.328979492
      ],
      [
        -104.64827707070013,
        38.305084734014535,
        1462.575561523
      ],
      [
        -104.64828654683798,
        38.30517435809089,
        1462.936767578
      ],
      [
        -104.64829602297583,
        38.30526398216724,
        1463.415527344
      ],
      [
        -104.6483036900896,
        38.305353699704824,
        1463.033081055
      ],
      [
        -104.64830926940581,
        38.305443525106156,
        1463.173095703
      ],
      [
        -104.64831484872202,
        38.30553335050749,
        1463.290527344
      ],
      [
        -104.64832042803822,
        38.30562317590882,
        1463.499267578
      ],
      [
        -104.64832600735443,
        38.30571300131016,
        1464.067749023
      ],
      [
        -104.64833158667064,
        38.30580282671149,
        1464.986694336
      ],
      [
        -104.64833605898077,
        38.30589267018208,
        1465.434204102
      ],
      [
        -104.64833524448636,
        38.30598259994725,
        1465.473022461
      ],
      [
        -104.64833442999195,
        38.306072529712424,
        1465.606689453
      ],
      [
        -104.64833361549753,
        38.3061624594776,
        1465.731689453
      ],
      [
        -104.64833280100312,
        38.30625238924277,
        1465.947875977
      ],
      [
        -104.64833198650871,
        38.306342319007946,
        1466.014160156
      ],
      [
        -104.6483311720143,
        38.30643224877311,
        1466.01171875
      ],
      [
        -104.64832623321259,
        38.3065220916085,
        1466.007446289
      ],
      [
        -104.64832089438785,
        38.30661192601242,
        1465.969482422
      ],
      [
        -104.64831555556312,
        38.306701760416345,
        1465.893188477
      ],
      [
        -104.64831021673838,
        38.30679159482027,
        1465.793212891
      ],
      [
        -104.64830487791363,
        38.3068814292242,
        1465.703125
      ],
      [
        -104.6482995390889,
        38.30697126362812,
        1465.663208008
      ],
      [
        -104.64828822471056,
        38.30706073648351,
        1466.713256836
      ],
      [
        -104.64827595017593,
        38.30715015124501,
        1466.610717773
      ],
      [
        -104.64826367564132,
        38.30723956600652,
        1466.090576172
      ],
      [
        -104.64825140110669,
        38.30732898076803,
        1465.439331055
      ],
      [
        -104.64823912657207,
        38.30741839552953,
        1465.231933594
      ],
      [
        -104.64822685203744,
        38.307507810291035,
        1464.671875
      ],
      [
        -104.64821191693426,
        38.30759696650261,
        1464.503051758
      ],
      [
        -104.64819602286501,
        38.30768602952334,
        1464.474365234
      ],
      [
        -104.64818012879576,
        38.30777509254408,
        1464.454345703
      ],
      [
        -104.64816423472651,
        38.30786415556481,
        1464.843139648
      ],
      [
        -104.64814834065726,
        38.30795321858554,
        1466.223510742
      ],
      [
        -104.648132446588,
        38.30804228160627,
        1467.17980957
      ],
      [
        -104.64811303668299,
        38.308130894619744,
        1467.229858398
      ],
      [
        -104.64809203815769,
        38.308219304298724,
        1467.264770508
      ],
      [
        -104.64807103963238,
        38.30830771397771,
        1467.116088867
      ],
      [
        -104.64805004110707,
        38.30839612365669,
        1465.412353516
      ],
      [
        -104.64802904258177,
        38.30848453333567,
        1463.682373047
      ],
      [
        -104.64800804405645,
        38.30857294301465,
        1463.24206543
      ],
      [
        -104.64798703666133,
        38.30866135144088,
        1463.432006836
      ],
      [
        -104.64796602268505,
        38.30874975893761,
        1464.414794922
      ],
      [
        -104.64794500870877,
        38.308838166434334,
        1466.219604492
      ],
      [
        -104.6479239947325,
        38.30892657393106,
        1466.803833008
      ],
      [
        -104.64790298075621,
        38.30901498142779,
        1466.93762207
      ],
      [
        -104.64788196677993,
        38.30910338892451,
        1467.036376953
      ],
      [
        -104.64786095280365,
        38.30919179642124,
        1467.011352539
      ],
      [
        -104.64783993882739,
        38.309280203917965,
        1467.027587891
      ],
      [
        -104.64781892485111,
        38.30936861141469,
        1466.990112305
      ],
      [
        -104.64779791087483,
        38.30945701891142,
        1467.069946289
      ],
      [
        -104.64777689689855,
        38.30954542640814,
        1467.283569336
      ],
      [
        -104.64775588292227,
        38.30963383390487,
        1467.543579102
      ],
      [
        -104.64773486894599,
        38.309722241401595,
        1468.598510742
      ],
      [
        -104.64771385496971,
        38.30981064889832,
        1468.751098633
      ],
      [
        -104.64769284099344,
        38.30989905639505,
        1469.197265625
      ],
      [
        -104.64767182701716,
        38.30998746389177,
        1468.918579102
      ],
      [
        -104.64765081304088,
        38.31007587138849,
        1468.639770508
      ],
      [
        -104.6476297990646,
        38.31016427888522,
        1469.005126953
      ],
      [
        -104.64760878508832,
        38.31025268638194,
        1468.651123047
      ],
      [
        -104.64758777111204,
        38.31034109387867,
        1468.983642578
      ],
      [
        -104.64756675713576,
        38.310429501375395,
        1468.37487793
      ],
      [
        -104.6475457431595,
        38.31051790887212,
        1468.286132812
      ],
      [
        -104.64752472918322,
        38.31060631636885,
        1468.071166992
      ],
      [
        -104.64750371520694,
        38.31069472386557,
        1468.173706055
      ],
      [
        -104.64748270123066,
        38.3107831313623,
        1467.96496582
      ],
      [
        -104.64746168725438,
        38.310871538859026,
        1468.173706055
      ],
      [
        -104.6474406732781,
        38.31095994635575,
        1467.966796875
      ],
      [
        -104.64741965930182,
        38.31104835385248,
        1467.659423828
      ],
      [
        -104.64739864532555,
        38.3111367613492,
        1467.70690918
      ],
      [
        -104.64737763134927,
        38.31122516884593,
        1467.408203125
      ],
      [
        -104.64735661737299,
        38.311313576342656,
        1467.404418945
      ],
      [
        -104.64733560339671,
        38.31140198383938,
        1467.290649414
      ],
      [
        -104.64731458942043,
        38.31149039133611,
        1467.459472656
      ],
      [
        -104.64729357544415,
        38.311578798832834,
        1467.515625
      ],
      [
        -104.64727256146787,
        38.31166720632955,
        1467.721191406
      ],
      [
        -104.6472515474916,
        38.31175561382628,
        1467.50402832
      ],
      [
        -104.64723065808907,
        38.311844039569394,
        1467.223876953
      ],
      [
        -104.64720977456862,
        38.31193246617406,
        1466.830078125
      ],
      [
        -104.64718889104817,
        38.312020892778726,
        1466.580078125
      ],
      [
        -104.64716800752772,
        38.31210931938339,
        1467.276245117
      ],
      [
        -104.64714712400728,
        38.31219774598806,
        1468.771240234
      ],
      [
        -104.64712624048683,
        38.31228617259272,
        1469.912475586
      ],
      [
        -104.64712340000017,
        38.312298199999255,
        1469.912475586
      ],
      [
        -104.64710526534776,
        38.31237458596198,
        1470.084472656
      ],
      [
        -104.64708427578532,
        38.31246299724762,
        1470.020263672
      ],
      [
        -104.64706328622286,
        38.31255140853326,
        1470.025268555
      ],
      [
        -104.64704229666042,
        38.31263981981889,
        1470.021484375
      ],
      [
        -104.64702130709797,
        38.31272823110453,
        1470.040283203
      ],
      [
        -104.64700031753553,
        38.31281664239017,
        1470.017700195
      ],
      [
        -104.64697932797307,
        38.3129050536758,
        1470.018920898
      ],
      [
        -104.64695833841063,
        38.31299346496144,
        1470.021484375
      ],
      [
        -104.64693734884818,
        38.313081876247075,
        1470.031494141
      ],
      [
        -104.64691635928574,
        38.31317028753271,
        1470.109741211
      ],
      [
        -104.6468953697233,
        38.313258698818345,
        1470.216186523
      ],
      [
        -104.64687438016084,
        38.31334711010398,
        1470.222412109
      ],
      [
        -104.6468533905984,
        38.313435521389614,
        1470.294921875
      ],
      [
        -104.64683240103595,
        38.31352393267525,
        1470.287353516
      ],
      [
        -104.64681141147351,
        38.31361234396089,
        1470.356201172
      ],
      [
        -104.64679042191105,
        38.31370075524652,
        1470.338745117
      ],
      [
        -104.6467694323486,
        38.31378916653216,
        1470.375
      ],
      [
        -104.64674844278616,
        38.3138775778178,
        1470.636962891
      ],
      [
        -104.64672745322372,
        38.31396598910343,
        1470.79284668
      ],
      [
        -104.64670646366127,
        38.31405440038907,
        1471.051635742
      ],
      [
        -104.64668547409882,
        38.3141428116747,
        1471.172973633
      ],
      [
        -104.64666448453637,
        38.31423122296034,
        1471.490478516
      ],
      [
        -104.64664349497393,
        38.314319634245976,
        1471.722900391
      ],
      [
        -104.64662250541149,
        38.31440804553161,
        1472.152954102
      ],
      [
        -104.64660151584903,
        38.314496456817245,
        1472.385498047
      ],
      [
        -104.64658052628658,
        38.314584868102884,
        1472.749145508
      ],
      [
        -104.64655953672414,
        38.314673279388515,
        1473.043334961
      ],
      [
        -104.6465385471617,
        38.31476169067415,
        1473.083862305
      ],
      [
        -104.64651755759925,
        38.31485010195979,
        1473.083618164
      ],
      [
        -104.6464965680368,
        38.31493851324542,
        1473.088623047
      ],
      [
        -104.64647557847435,
        38.31502692453106,
        1473.064575195
      ],
      [
        -104.64645458891191,
        38.3151153358167,
        1473.070800781
      ],
      [
        -104.64643359934946,
        38.31520374710233,
        1473.068115234
      ],
      [
        -104.64641260978702,
        38.31529215838797,
        1473.079345703
      ],
      [
        -104.64639162022456,
        38.31538056967361,
        1473.084350586
      ],
      [
        -104.64637063066212,
        38.31546898095924,
        1473.12487793
      ],
      [
        -104.64634964109968,
        38.31555739224488,
        1473.24609375
      ],
      [
        -104.64632865153723,
        38.315645803530515,
        1473.344848633
      ],
      [
        -104.64630766197477,
        38.315734214816146,
        1473.357299805
      ],
      [
        -104.64628667241233,
        38.315822626101784,
        1473.448486328
      ],
      [
        -104.64626568284989,
        38.315911037387416,
        1473.459838867
      ],
      [
        -104.64624469328744,
        38.315999448673054,
        1473.654785156
      ],
      [
        -104.646223703725,
        38.31608785995869,
        1473.802978516
      ],
      [
        -104.64620271416254,
        38.31617627124432,
        1474.1171875
      ],
      [
        -104.6461817246001,
        38.31626468252996,
        1474.395874023
      ],
      [
        -104.64616073503765,
        38.3163530938156,
        1474.899658203
      ],
      [
        -104.64613974547521,
        38.31644150510123,
        1475.309692383
      ],
      [
        -104.64611875591275,
        38.31652991638687,
        1475.489624023
      ],
      [
        -104.64609776635031,
        38.31661832767251,
        1475.852172852
      ],
      [
        -104.64607677678787,
        38.31670673895814,
        1476.062133789
      ],
      [
        -104.64605578722542,
        38.31679515024378,
        1476.100952148
      ],
      [
        -104.64603479766298,
        38.316883561529416,
        1476.19909668
      ],
      [
        -104.64601380810052,
        38.31697197281505,
        1476.286743164
      ],
      [
        -104.64599281853808,
        38.317060384100685,
        1476.391723633
      ],
      [
        -104.64597182897563,
        38.31714879538632,
        1476.517944336
      ],
      [
        -104.64595083941319,
        38.317237206671955,
        1476.666748047
      ],
      [
        -104.64592984985073,
        38.31732561795759,
        1476.95300293
      ],
      [
        -104.64590886028829,
        38.31741402924323,
        1477.470458984
      ],
      [
        -104.64588787072584,
        38.31750244052886,
        1477.705566406
      ],
      [
        -104.6458668811634,
        38.3175908518145,
        1478.147949219
      ],
      [
        -104.64584589160096,
        38.31767926310013,
        1478.614990234
      ],
      [
        -104.6458249020385,
        38.31776767438577,
        1478.822509766
      ],
      [
        -104.64580391247605,
        38.31785608567141,
        1479.047485352
      ],
      [
        -104.64578292291361,
        38.31794449695704,
        1479.107543945
      ],
      [
        -104.64576193335117,
        38.31803290824268,
        1479.118774414
      ],
      [
        -104.64574094378871,
        38.318121319528316,
        1479.137451172
      ],
      [
        -104.64571995422627,
        38.31820973081395,
        1479.122558594
      ],
      [
        -104.64569896466382,
        38.318298142099586,
        1479.145874023
      ],
      [
        -104.645678699999,
        38.31838350000422,
        1479.142578125
      ],
      [
        -104.64567797392273,
        38.31838655321844,
        1479.139648438
      ],
      [
        -104.64565695023234,
        38.31847495967486,
        1479.17956543
      ],
      [
        -104.64563592654194,
        38.31856336613127,
        1479.164672852
      ],
      [
        -104.64561490285155,
        38.318651772587685,
        1479.138427734
      ],
      [
        -104.64559387916115,
        38.318740179044106,
        1479.157104492
      ],
      [
        -104.64557285547077,
        38.31882858550052,
        1479.147094727
      ],
      [
        -104.64555183178038,
        38.31891699195694,
        1479.194580078
      ],
      [
        -104.64553080808999,
        38.31900539841335,
        1479.209594727
      ],
      [
        -104.6455097843996,
        38.31909380486977,
        1479.345825195
      ],
      [
        -104.6454887607092,
        38.319182211326186,
        1479.502441406
      ],
      [
        -104.6454677370188,
        38.3192706177826,
        1479.702514648
      ],
      [
        -104.64544671332841,
        38.31935902423902,
        1479.841186523
      ],
      [
        -104.64542568963802,
        38.31944743069543,
        1479.913696289
      ],
      [
        -104.64540466594764,
        38.319535837151854,
        1479.885009766
      ],
      [
        -104.64538364225724,
        38.31962424360827,
        1479.807495117
      ],
      [
        -104.64536261856685,
        38.31971265006469,
        1479.776245117
      ],
      [
        -104.64534159487646,
        38.3198010565211,
        1479.669799805
      ],
      [
        -104.64532057118606,
        38.319889462977514,
        1479.665283203
      ],
      [
        -104.64529976212816,
        38.31997789887231,
        1479.6015625
      ],
      [
        -104.64528131324846,
        38.32006665848239,
        1479.631469727
      ],
      [
        -104.64526286436876,
        38.320155418092476,
        1479.568969727
      ],
      [
        -104.64524441548907,
        38.320244177702556,
        1479.471557617
      ],
      [
        -104.64522596660937,
        38.320332937312635,
        1479.274047852
      ],
      [
        -104.64520751772969,
        38.320421696922715,
        1479.208984375
      ],
      [
        -104.64519233196643,
        38.3205108214939,
        1479.135253906
      ],
      [
        -104.6451784330195,
        38.3206000899882,
        1479.170898438
      ],
      [
        -104.64516453407255,
        38.3206893584825,
        1479.273925781
      ],
      [
        -104.6451506351256,
        38.3207786269768,
        1479.348999023
      ],
      [
        -104.64513673617866,
        38.320867895471096,
        1478.590209961
      ],
      [
        -104.64512359745234,
        38.32095722181546,
        1476.813964844
      ],
      [
        -104.64511537085141,
        38.32104692195498,
        1476.775146484
      ],
      [
        -104.64510714425047,
        38.3211366220945,
        1478.723876953
      ],
      [
        -104.64509891764955,
        38.32122632223401,
        1479.137695312
      ],
      [
        -104.64509069104862,
        38.32131602237353,
        1479.15612793
      ],
      [
        -104.64508246444768,
        38.32140572251305,
        1479.163574219
      ],
      [
        -104.64507815780142,
        38.32149558056569,
        1479.174804688
      ],
      [
        -104.6450746305859,
        38.321585470017254,
        1479.193603516
      ],
      [
        -104.64507110337036,
        38.32167535946881,
        1479.236083984
      ],
      [
        -104.64506757615483,
        38.32176524892037,
        1479.279785156
      ],
      [
        -104.64506404893929,
        38.32185513837194,
        1479.419799805
      ],
      [
        -104.64506242563347,
        38.321945036654704,
        1479.592285156
      ],
      [
        -104.64506459784533,
        38.32203495254284,
        1479.718383789
      ],
      [
        -104.64506677005721,
        38.322124868430976,
        1479.811279297
      ],
      [
        -104.64506894226908,
        38.32221478431911,
        1479.887573242
      ],
      [
        -104.64507111448094,
        38.32230470020725,
        1479.962524414
      ],
      [
        -104.6450732866928,
        38.32239461609538,
        1480.022583008
      ],
      [
        -104.64507828166408,
        38.32248443395895,
        1480.082519531
      ],
      [
        -104.64508624441741,
        38.32257414876183,
        1480.151367188
      ],
      [
        -104.64509420717076,
        38.322663863564706,
        1480.25378418
      ],
      [
        -104.6451021699241,
        38.32275357836758,
        1480.397949219
      ],
      [
        -104.64511013267744,
        38.32284329317046,
        1480.580322266
      ],
      [
        -104.64511809543079,
        38.32293300797333,
        1480.915283203
      ],
      [
        -104.64512921593443,
        38.32302248253302,
        1481.415283203
      ],
      [
        -104.64514337465769,
        38.32311172594346,
        1481.906494141
      ],
      [
        -104.64515753338097,
        38.32320096935391,
        1482.176513672
      ],
      [
        -104.64517169210423,
        38.323290212764356,
        1482.201538086
      ],
      [
        -104.64518585082749,
        38.323379456174806,
        1482.206542969
      ],
      [
        -104.64520000955076,
        38.32346869958525,
        1482.205200195
      ],
      [
        -104.64521716660393,
        38.32355761820353,
        1482.21875
      ],
      [
        -104.64523436453757,
        38.32364653239347,
        1482.222045898
      ],
      [
        -104.64525458390932,
        38.32373504014413,
        1482.204589844
      ],
      [
        -104.64527612563543,
        38.3238233700137,
        1482.205810547
      ],
      [
        -104.64529766736153,
        38.32391169988327,
        1482.20703125
      ],
      [
        -104.64531920908765,
        38.32400002975284,
        1482.244628906
      ],
      [
        -104.64534075081374,
        38.3240883596224,
        1482.288330078
      ],
      [
        -104.64536234586417,
        38.32417668032687,
        1482.358276367
      ],
      [
        -104.6453898536177,
        38.32426398478757,
        1482.328369141
      ],
      [
        -104.64541736137123,
        38.32435128924828,
        1482.373779297
      ],
      [
        -104.64544486912474,
        38.324438593708976,
        1482.357421875
      ],
      [
        -104.64547237687827,
        38.324525898169675,
        1482.417480469
      ],
      [
        -104.64549988463179,
        38.324613202630374,
        1482.413818359
      ],
      [
        -104.64552739238532,
        38.32470050709108,
        1482.448730469
      ],
      [
        -104.64555490013885,
        38.32478781155178,
        1482.616210938
      ],
      [
        -104.6455834045534,
        38.32487489217571,
        1482.736206055
      ],
      [
        -104.64561895713445,
        38.32496038987548,
        1482.889404297
      ],
      [
        -104.64565450971548,
        38.32504588757525,
        1483.003051758
      ],
      [
        -104.64569006229652,
        38.32513138527503,
        1483.221191406
      ],
      [
        -104.64572561487756,
        38.3252168829748,
        1483.540405273
      ],
      [
        -104.6457611674586,
        38.32530238067457,
        1483.905151367
      ],
      [
        -104.64579672003964,
        38.32538787837434,
        1484.282592773
      ],
      [
        -104.64583227262068,
        38.32547337607412,
        1484.713012695
      ],
      [
        -104.64586782520172,
        38.32555887377389,
        1484.888061523
      ],
      [
        -104.64590698078382,
        38.32564334242641,
        1485.186889648
      ],
      [
        -104.64594982074512,
        38.3257267587894,
        1485.266479492
      ],
      [
        -104.6459926607064,
        38.32581017515239,
        1485.2578125
      ],
      [
        -104.6460355006677,
        38.325893591515374,
        1485.254150391
      ],
      [
        -104.64607834062899,
        38.325977007878365,
        1485.241577148
      ],
      [
        -104.64612118059028,
        38.32606042424135,
        1485.246582031
      ],
      [
        -104.64616402055157,
        38.32614384060434,
        1485.26159668
      ],
      [
        -104.64620686051286,
        38.32622725696733,
        1485.267822266
      ],
      [
        -104.64625090708775,
        38.32631024736499,
        1485.266479492
      ],
      [
        -104.64630208371464,
        38.32639072067271,
        1485.279052734
      ],
      [
        -104.64635326034154,
        38.32647119398044,
        1485.378662109
      ],
      [
        -104.64640443696844,
        38.326551667288165,
        1485.49621582
      ],
      [
        -104.64645561359534,
        38.32663214059589,
        1485.613891602
      ],
      [
        -104.64650679022225,
        38.32671261390362,
        1485.67175293
      ],
      [
        -104.64655796684914,
        38.32679308721134,
        1485.771850586
      ],
      [
        -104.64660914347604,
        38.32687356051907,
        1485.901855469
      ],
      [
        -104.64666032010294,
        38.326954033826794,
        1486.016845703
      ],
      [
        -104.6467129069661,
        38.32703393612977,
        1486.07434082
      ],
      [
        -104.64676689216576,
        38.32711327224624,
        1486.185546875
      ],
      [
        -104.64682087736541,
        38.3271926083627,
        1486.293701172
      ],
      [
        -104.64687486256507,
        38.32727194447916,
        1486.360107422
      ],
      [
        -104.64692884776473,
        38.32735128059562,
        1486.580810547
      ],
      [
        -104.64698283296438,
        38.327430616712086,
        1486.897094727
      ],
      [
        -104.64703681816404,
        38.32750995282854,
        1487.327148438
      ],
      [
        -104.6470908033637,
        38.327589288945006,
        1487.645874023
      ],
      [
        -104.64714477860527,
        38.32766862924794,
        1488.14453125
      ],
      [
        -104.64719866019453,
        38.32774800892313,
        1488.268310547
      ],
      [
        -104.64725254178381,
        38.32782738859833,
        1488.270874023
      ],
      [
        -104.6473064233731,
        38.32790676827353,
        1488.305908203
      ],
      [
        -104.64736030496236,
        38.32798614794872,
        1487.832763672
      ],
      [
        -104.64741418655164,
        38.32806552762392,
        1486.556396484
      ],
      [
        -104.64746806814091,
        38.32814490729912,
        1486.16015625
      ],
      [
        -104.64752194973019,
        38.32822428697432,
        1487.076416016
      ],
      [
        -104.64757583131946,
        38.32830366664951,
        1488.313842773
      ],
      [
        -104.64762971290874,
        38.32838304632471,
        1488.383911133
      ],
      [
        -104.64768358117682,
        38.32846243164586,
        1488.358886719
      ],
      [
        -104.64773742150207,
        38.32854182881008,
        1488.317626953
      ],
      [
        -104.64779126182732,
        38.32862122597431,
        1488.305175781
      ],
      [
        -104.64784510215257,
        38.32870062313853,
        1488.307983398
      ],
      [
        -104.64789894247784,
        38.32878002030276,
        1488.302734375
      ],
      [
        -104.64795278280309,
        38.32885941746698,
        1488.290649414
      ],
      [
        -104.64800662312834,
        38.32893881463121,
        1488.293945312
      ],
      [
        -104.64806046345359,
        38.32901821179543,
        1488.301879883
      ],
      [
        -104.64811430377884,
        38.32909760895966,
        1488.340698242
      ],
      [
        -104.6481681441041,
        38.32917700612388,
        1488.39440918
      ],
      [
        -104.64822198442936,
        38.329256403288106,
        1488.500732422
      ],
      [
        -104.6482758247546,
        38.32933580045233,
        1488.810668945
      ],
      [
        -104.64832675069161,
        38.329416368643976,
        1489.318725586
      ],
      [
        -104.64837741242157,
        38.3294970429964,
        1489.891479492
      ],
      [
        -104.64842807415151,
        38.329577717348826,
        1490.197753906
      ],
      [
        -104.64847873588147,
        38.32965839170125,
        1490.614013672
      ],
      [
        -104.64852939761141,
        38.32973906605367,
        1490.779052734
      ],
      [
        -104.64857909824309,
        38.32982009435697,
        1490.802734375
      ],
      [
        -104.64862585198945,
        38.32990220793181,
        1491.006591797
      ],
      [
        -104.6486726057358,
        38.32998432150665,
        1491.179077148
      ],
      [
        -104.64871935948216,
        38.33006643508149,
        1490.874389648
      ],
      [
        -104.64876611322852,
        38.33014854865633,
        1490.475463867
      ],
      [
        -104.64881286697488,
        38.33023066223117,
        1490.18737793
      ],
      [
        -104.64885761346919,
        38.33031344720755,
        1489.999633789
      ],
      [
        -104.64890077441454,
        38.33039676253087,
        1489.833496094
      ],
      [
        -104.64894393535991,
        38.33048007785418,
        1489.913452148
      ],
      [
        -104.64898709630526,
        38.3305633931775,
        1489.729736328
      ],
      [
        -104.64902999578626,
        38.33064678762196,
        1489.529785156
      ],
      [
        -104.6490693406706,
        38.33073125771496,
        1489.364746094
      ],
      [
        -104.64910868555492,
        38.33081572780795,
        1489.184692383
      ],
      [
        -104.64914803043924,
        38.33090019790095,
        1489.037109375
      ],
      [
        -104.64918737532356,
        38.330984667993945,
        1488.954101562
      ],
      [
        -104.64922551956278,
        38.33106946802315,
        1489.059082031
      ],
      [
        -104.64926196992249,
        38.33115473352894,
        1490.044067383
      ],
      [
        -104.64929842028222,
        38.33123999903473,
        1491.294067383
      ],
      [
        -104.64933432148926,
        38.33132540511403,
        1491.467773438
      ],
      [
        -104.64936899583543,
        38.33141112524832,
        1491.430297852
      ],
      [
        -104.6494036701816,
        38.33149684538262,
        1491.366577148
      ],
      [
        -104.64943816982075,
        38.33158260648841,
        1491.375610352
      ],
      [
        -104.64946916052517,
        38.33166919049371,
        1491.397216797
      ],
      [
        -104.64950015122959,
        38.331755774499015,
        1491.366943359
      ],
      [
        -104.64953114193399,
        38.33184235850432,
        1491.364746094
      ],
      [
        -104.64956213263841,
        38.33192894250962,
        1491.389770508
      ],
      [
        -104.64959312334283,
        38.33201552651492,
        1491.43737793
      ],
      [
        -104.64962100439543,
        38.33210274136125,
        1491.602294922
      ],
      [
        -104.64964740910558,
        38.33219025570651,
        1491.703613281
      ],
      [
        -104.64967381381574,
        38.33227777005176,
        1491.799804688
      ],
      [
        -104.64970021852591,
        38.33236528439702,
        1491.748535156
      ],
      [
        -104.64972662323606,
        38.332452798742274,
        1491.865600586
      ],
      [
        -104.64975151668843,
        38.33254056499479,
        1491.995361328
      ],
      [
        -104.64977275775968,
        38.33262894005229,
        1492.249145508
      ],
      [
        -104.64979399883092,
        38.3327173151098,
        1492.550415039
      ],
      [
        -104.64981523990215,
        38.3328056901673,
        1493.009155273
      ],
      [
        -104.6498364809734,
        38.33289406522481,
        1493.391601562
      ],
      [
        -104.64985772204464,
        38.33298244028231,
        1493.840454102
      ],
      [
        -104.64987896311588,
        38.333070815339816,
        1494.244140625
      ],
      [
        -104.64989983284285,
        38.33315923916631,
        1494.390380859
      ],
      [
        -104.64991644546089,
        38.33324822208285,
        1494.403686523
      ],
      [
        -104.64993305807893,
        38.333337204999395,
        1494.421142578
      ],
      [
        -104.64994967069697,
        38.33342618791593,
        1494.439941406
      ],
      [
        -104.64996628331501,
        38.33351517083248,
        1494.536254883
      ],
      [
        -104.64998289593305,
        38.33360415374902,
        1494.724975586
      ],
      [
        -104.64999859172697,
        38.333693222465975,
        1494.959960938
      ],
      [
        -104.65000913277284,
        38.3337827735868,
        1495.255004883
      ],
      [
        -104.65001967381872,
        38.33387232470762,
        1495.426757812
      ],
      [
        -104.65003021486459,
        38.33396187582844,
        1495.667480469
      ],
      [
        -104.65004075591047,
        38.33405142694927,
        1495.892456055
      ],
      [
        -104.65005129695633,
        38.334140978070096,
        1496.087402344
      ],
      [
        -104.6500618380022,
        38.33423052919092,
        1496.211181641
      ],
      [
        -104.65006980477443,
        38.33432024045087,
        1496.442504883
      ],
      [
        -104.65007738957296,
        38.334409975472454,
        1496.671264648
      ],
      [
        -104.65008497437148,
        38.334499710494036,
        1496.868652344
      ],
      [
        -104.65009255917,
        38.33458944551562,
        1496.948730469
      ],
      [
        -104.65009824110126,
        38.3346792438239,
        1497.052612305
      ],
      [
        -104.65010036711134,
        38.33476916039714,
        1497.111450195
      ],
      [
        -104.65010249312142,
        38.334859076970375,
        1497.229003906
      ],
      [
        -104.65010461913151,
        38.33494899354361,
        1497.302612305
      ],
      [
        -104.65010674514158,
        38.33503891011684,
        1497.346435547
      ],
      [
        -104.65010794792035,
        38.335128826961956,
        1497.392700195
      ],
      [
        -104.65010590797026,
        38.33521874476197,
        1497.403930664
      ],
      [
        -104.65010386802017,
        38.33530866256198,
        1497.407714844
      ],
      [
        -104.65010205518432,
        38.33539858328761,
        1497.392089844
      ],
      [
        -104.65010032999221,
        38.33548850514225,
        1497.389770508
      ],
      [
        -104.65009860480012,
        38.33557842699689,
        1497.389770508
      ],
      [
        -104.65009469472318,
        38.33566828389437,
        1497.389770508
      ],
      [
        -104.65008773717672,
        38.335758050189845,
        1497.389770508
      ],
      [
        -104.65008077963026,
        38.33584781648532,
        1497.401000977
      ],
      [
        -104.6500738220838,
        38.335937582780794,
        1497.404785156
      ],
      [
        -104.65006686453734,
        38.33602734907627,
        1497.393554688
      ],
      [
        -104.65005990699086,
        38.33611711537174,
        1497.387939453
      ],
      [
        -104.6500529494444,
        38.336206881667216,
        1497.447631836
      ],
      [
        -104.65004209818665,
        38.33629640806484,
        1497.62512207
      ],
      [
        -104.65003110213914,
        38.336385925541734,
        1497.97253418
      ],
      [
        -104.65002010609162,
        38.33647544301863,
        1498.271240234
      ],
      [
        -104.65000903662151,
        38.33656495423583,
        1498.515136719
      ],
      [
        -104.64999525615688,
        38.33665423432559,
        1498.641357422
      ],
      [
        -104.64998147569224,
        38.33674351441535,
        1498.755126953
      ],
      [
        -104.6499676952276,
        38.33683279450511,
        1498.856079102
      ],
      [
        -104.64995352514894,
        38.33692203229367,
        1499.059204102
      ],
      [
        -104.64993586876844,
        38.33701089156727,
        1499.146728516
      ],
      [
        -104.64991821238795,
        38.33709975084086,
        1499.221801758
      ],
      [
        -104.64990055600744,
        38.33718861011446,
        1499.391723633
      ],
      [
        -104.64988289962695,
        38.33727746938805,
        1499.446655273
      ],
      [
        -104.64986524324644,
        38.337366328661645,
        1499.571777344
      ],
      [
        -104.64984492534404,
        38.337454828050646,
        1499.596801758
      ],
      [
        -104.64982362981264,
        38.33754319524701,
        1499.746704102
      ],
      [
        -104.64980234441344,
        38.3376315639345,
        1499.791748047
      ],
      [
        -104.64978137299843,
        38.337719978830314,
        1499.831665039
      ],
      [
        -104.64976040158344,
        38.337808393726135,
        1499.97668457
      ],
      [
        -104.64973943016842,
        38.33789680862195,
        1500.001708984
      ],
      [
        -104.64971845875341,
        38.33798522351777,
        1500.142944336
      ],
      [
        -104.6496974873384,
        38.33807363841358,
        1500.290405273
      ],
      [
        -104.6496765159234,
        38.338162053309404,
        1500.536621094
      ],
      [
        -104.64965554450839,
        38.338250468205224,
        1500.579101562
      ],
      [
        -104.64963457309338,
        38.33833888310104,
        1500.693359375
      ],
      [
        -104.64961360167838,
        38.33842729799686,
        1500.643432617
      ],
      [
        -104.64959263501059,
        38.338515713604195,
        1500.739624023
      ],
      [
        -104.6495716724295,
        38.33860412982405,
        1500.683349609
      ],
      [
        -104.64955070984843,
        38.3386925460439,
        1500.633422852
      ],
      [
        -104.64952974726734,
        38.338780962263755,
        1500.758422852
      ],
      [
        -104.64950878468626,
        38.338869378483615,
        1500.723388672
      ],
      [
        -104.64948782210517,
        38.33895779470347,
        1500.851928711
      ],
      [
        -104.6494668595241,
        38.33904621092332,
        1500.829101562
      ],
      [
        -104.649445896943,
        38.33913462714318,
        1500.947143555
      ],
      [
        -104.64942493436193,
        38.339223043363035,
        1500.923339844
      ],
      [
        -104.64940393168935,
        38.33931145370547,
        1501.062255859
      ],
      [
        -104.64938272396019,
        38.33939983398659,
        1501.034790039
      ],
      [
        -104.64936151623102,
        38.33948821426771,
        1501.157348633
      ],
      [
        -104.64934030850186,
        38.33957659454883,
        1501.12109375
      ],
      [
        -104.6493191007727,
        38.33966497482995,
        1501.097290039
      ],
      [
        -104.64929789304354,
        38.339753355111064,
        1501.227294922
      ],
      [
        -104.64927668531438,
        38.339841735392184,
        1501.209594727
      ],
      [
        -104.64925547758521,
        38.339930115673305,
        1501.311645508
      ],
      [
        -104.64923426985605,
        38.340018495954425,
        1501.251708984
      ],
      [
        -104.64921316770855,
        38.340106891491374,
        1501.340332031
      ],
      [
        -104.64919284227219,
        38.340195399257766,
        1501.297973633
      ],
      [
        -104.64917251683582,
        38.340283907024165,
        1501.436645508
      ],
      [
        -104.64915219139945,
        38.34037241479056,
        1501.405395508
      ],
      [
        -104.64913186596308,
        38.34046092255696,
        1501.356689453
      ],
      [
        -104.64911154052672,
        38.34054943032335,
        1501.607910156
      ],
      [
        -104.64909121509035,
        38.34063793808975,
        1501.6328125
      ],
      [
        -104.649070889654,
        38.34072644585614,
        1502.050292969
      ],
      [
        -104.64905056421763,
        38.34081495362254,
        1502.094116211
      ],
      [
        -104.64903023878126,
        38.34090346138893,
        1502.419067383
      ],
      [
        -104.6490099133449,
        38.340991969155326,
        1502.346557617
      ],
      [
        -104.64898958790853,
        38.341080476921725,
        1502.607910156
      ],
      [
        -104.64896926247216,
        38.34116898468812,
        1502.531616211
      ],
      [
        -104.6489489370358,
        38.34125749245452,
        1502.406738281
      ],
      [
        -104.64892799789654,
        38.34134591151341,
        1502.643188477
      ],
      [
        -104.64890674077463,
        38.34143428460959,
        1502.597167969
      ],
      [
        -104.64888548365273,
        38.341522657705774,
        1502.785888672
      ],
      [
        -104.64886422653083,
        38.34161103080196,
        1502.73840332
      ],
      [
        -104.64884296940893,
        38.34169940389814,
        1502.903442383
      ],
      [
        -104.64882171228703,
        38.34178777699432,
        1502.917236328
      ],
      [
        -104.64880045516512,
        38.341876150090506,
        1503.270874023
      ],
      [
        -104.64877919804321,
        38.34196452318669,
        1503.688354492
      ],
      [
        -104.64875794092131,
        38.34205289628287,
        1504.119873047
      ],
      [
        -104.64873668379941,
        38.342141269379056,
        1504.168334961
      ],
      [
        -104.64871542667751,
        38.342229642475246,
        1504.168334961
      ],
      [
        -104.64869416955561,
        38.34231801557143,
        1504.4375
      ],
      [
        -104.64867291243371,
        38.34240638866761,
        1504.449951172
      ],
      [
        -104.64865165531181,
        38.342494761763795,
        1504.73828125
      ],
      [
        -104.6486303981899,
        38.34258313485998,
        1504.810791016
      ],
      [
        -104.648609141068,
        38.34267150795616,
        1505.179443359
      ],
      [
        -104.64858788394609,
        38.342759881052345,
        1505.274780273
      ],
      [
        -104.64856662682419,
        38.34284825414853,
        1505.629394531
      ],
      [
        -104.64854536970229,
        38.34293662724471,
        1505.568115234
      ],
      [
        -104.64852411258039,
        38.343025000340894,
        1505.724365234
      ],
      [
        -104.64850285545849,
        38.34311337343708,
        1505.584350586
      ],
      [
        -104.64848159833659,
        38.34320174653326,
        1505.593139648
      ],
      [
        -104.64846034121467,
        38.343290119629444,
        1505.433105469
      ],
      [
        -104.64843908409277,
        38.34337849272563,
        1505.101806641
      ],
      [
        -104.6484180237368,
        38.343466894714346,
        1505.026855469
      ],
      [
        -104.64839713764891,
        38.34355532229207,
        1504.80065918
      ],
      [
        -104.64837625156103,
        38.3436437498698,
        1504.718994141
      ],
      [
        -104.64835536547314,
        38.34373217744752,
        1504.519042969
      ],
      [
        -104.64833447938526,
        38.34382060502525,
        1504.546630859
      ],
      [
        -104.64831359329737,
        38.34390903260298,
        1504.437866211
      ],
      [
        -104.64829270720948,
        38.3439974601807,
        1504.547851562
      ],
      [
        -104.6482718211216,
        38.34408588775843,
        1504.565307617
      ],
      [
        -104.64825093503372,
        38.34417431533616,
        1504.669067383
      ],
      [
        -104.64823004894582,
        38.344262742913884,
        1504.829589844
      ],
      [
        -104.64820916285794,
        38.34435117049161,
        1505.008911133
      ],
      [
        -104.64818827677006,
        38.34443959806934,
        1505.421264648
      ],
      [
        -104.64816739068216,
        38.344528025647065,
        1505.815063477
      ],
      [
        -104.64814650459428,
        38.344616453224795,
        1506.263793945
      ],
      [
        -104.6481256185064,
        38.344704880802524,
        1506.448852539
      ],
      [
        -104.6481047324185,
        38.34479330838025,
        1506.548828125
      ],
      [
        -104.64808384633062,
        38.344881735957976,
        1506.525024414
      ],
      [
        -104.64806288801272,
        38.34497015302859,
        1506.555175781
      ],
      [
        -104.64804186649975,
        38.34505856090638,
        1506.53894043
      ],
      [
        -104.64802084498679,
        38.34514696878418,
        1506.523925781
      ],
      [
        -104.64799982347382,
        38.345235376661975,
        1506.583007812
      ],
      [
        -104.64797880196086,
        38.345323784539765,
        1506.652954102
      ],
      [
        -104.64795723922194,
        38.345412109159554,
        1506.783325195
      ],
      [
        -104.64793411838633,
        38.34550019409382,
        1506.824707031
      ],
      [
        -104.64791099755074,
        38.34558827902809,
        1506.931152344
      ],
      [
        -104.64788787671513,
        38.34567636396236,
        1506.969848633
      ],
      [
        -104.64786475587954,
        38.34576444889663,
        1507.060668945
      ],
      [
        -104.64784120698378,
        38.34585245910866,
        1507.09765625
      ],
      [
        -104.64781450666689,
        38.345939919208185,
        1507.208862305
      ],
      [
        -104.64778780635,
        38.34602737930771,
        1507.237670898
      ],
      [
        -104.6477611060331,
        38.346114839407235,
        1507.298950195
      ],
      [
        -104.6477344057162,
        38.346202299506764,
        1507.372680664
      ],
      [
        -104.6477077053993,
        38.346289759606286,
        1507.396484375
      ],
      [
        -104.6476810050824,
        38.34637721970581,
        1507.482666016
      ],
      [
        -104.64765361018799,
        38.34646453909759,
        1507.530517578
      ],
      [
        -104.64762296002795,
        38.34655119903655,
        1507.672607422
      ],
      [
        -104.6475923098679,
        38.346637858975505,
        1507.886352539
      ],
      [
        -104.64756165970785,
        38.34672451891447,
        1508.148925781
      ],
      [
        -104.6475310095478,
        38.34681117885343,
        1508.358886719
      ],
      [
        -104.64750035938776,
        38.34689783879239,
        1508.862670898
      ],
      [
        -104.6474697092277,
        38.346984498731345,
        1509.28515625
      ],
      [
        -104.64743760172419,
        38.3470708155368,
        1509.56262207
      ],
      [
        -104.64740231842191,
        38.347156384596126,
        1509.631469727
      ],
      [
        -104.64736703511963,
        38.34724195365545,
        1509.642822266
      ],
      [
        -104.64733175181735,
        38.34732752271477,
        1509.644165039
      ],
      [
        -104.64729646851507,
        38.347413091774094,
        1509.641723633
      ],
      [
        -104.64726118521278,
        38.347498660833416,
        1509.640625
      ],
      [
        -104.6472259019105,
        38.34758422989274,
        1509.642333984
      ],
      [
        -104.64719061860822,
        38.34766979895206,
        1509.633544922
      ],
      [
        -104.64715151080061,
        38.347754330402495,
        1509.637451172
      ],
      [
        -104.64711182695949,
        38.34783870557194,
        1509.637573242
      ],
      [
        -104.64707214311835,
        38.34792308074138,
        1509.640380859
      ],
      [
        -104.64703245927723,
        38.348007455910825,
        1509.638671875
      ],
      [
        -104.64699277543609,
        38.34809183108027,
        1509.640380859
      ],
      [
        -104.64695236177737,
        38.348175992502426,
        1509.641601562
      ],
      [
        -104.64691178428022,
        38.34826010593997,
        1509.641601562
      ],
      [
        -104.64687120678309,
        38.348344219377516,
        1509.652832031
      ],
      [
        -104.64683062928596,
        38.34842833281507,
        1509.657836914
      ],
      [
        -104.64679005178881,
        38.34851244625261,
        1509.705322266
      ],
      [
        -104.64674947429168,
        38.34859655969016,
        1509.787841797
      ],
      [
        -104.64670889679454,
        38.3486806731277,
        1509.934936523
      ],
      [
        -104.6466683192974,
        38.348764786565255,
        1510.068847656
      ],
      [
        -104.64662774180027,
        38.3488489000028,
        1510.31628418
      ],
      [
        -104.64658716624858,
        38.348933014087514,
        1510.578857422
      ],
      [
        -104.64654659338532,
        38.34901712906656,
        1511.428833008
      ],
      [
        -104.64650602052207,
        38.349101244045606,
        1512.141113281
      ],
      [
        -104.64646544765881,
        38.34918535902465,
        1512.569458008
      ],
      [
        -104.64642487479554,
        38.3492694740037,
        1512.686889648
      ],
      [
        -104.64638430193229,
        38.349353588982744,
        1512.685546875
      ],
      [
        -104.64634372906903,
        38.34943770396179,
        1512.681640625
      ],
      [
        -104.64630315620578,
        38.349521818940836,
        1512.682373047
      ],
      [
        -104.64626258334252,
        38.34960593391988,
        1512.696166992
      ],
      [
        -104.64622201047926,
        38.34969004889893,
        1512.706054688
      ],
      [
        -104.64618143761601,
        38.349774163877974,
        1512.706054688
      ],
      [
        -104.64614086475275,
        38.34985827885702,
        1512.728637695
      ],
      [
        -104.6461002918895,
        38.349942393836066,
        1512.763549805
      ],
      [
        -104.64605971902623,
        38.350026508815105,
        1512.794921875
      ],
      [
        -104.64601914616297,
        38.35011062379415,
        1512.811157227
      ],
      [
        -104.64597877225167,
        38.35019479786992,
        1512.857910156
      ],
      [
        -104.64593840412404,
        38.350278973663656,
        1512.887207031
      ],
      [
        -104.64589803599641,
        38.3503631494574,
        1513.024780273
      ],
      [
        -104.64585766786878,
        38.350447325251146,
        1513.1796875
      ],
      [
        -104.64581729974117,
        38.35053150104489,
        1513.338500977
      ],
      [
        -104.64577693161354,
        38.350615676838636,
        1513.496459961
      ],
      [
        -104.64573656348591,
        38.35069985263238,
        1513.595214844
      ],
      [
        -104.64569619535828,
        38.350784028426126,
        1513.823364258
      ],
      [
        -104.64565582723066,
        38.35086820421987,
        1514.100830078
      ],
      [
        -104.64561545910303,
        38.35095238001362,
        1514.388305664
      ],
      [
        -104.6455750909754,
        38.35103655580736,
        1514.745361328
      ],
      [
        -104.64553472284777,
        38.35112073160111,
        1515.150390625
      ],
      [
        -104.64549435472014,
        38.35120490739485,
        1515.339111328
      ],
      [
        -104.64545398659251,
        38.3512890831886,
        1515.506591797
      ],
      [
        -104.64541361846489,
        38.35137325898234,
        1515.611572266
      ],
      [
        -104.64537325033726,
        38.35145743477609,
        1515.637939453
      ],
      [
        -104.64533288220963,
        38.35154161056983,
        1515.637817383
      ],
      [
        -104.64529251408202,
        38.35162578636358,
        1515.610351562
      ],
      [
        -104.64525214595439,
        38.35170996215732,
        1515.634399414
      ],
      [
        -104.64521177782676,
        38.35179413795107,
        1515.665771484
      ],
      [
        -104.64517140969913,
        38.35187831374481,
        1515.696899414
      ],
      [
        -104.6451310415715,
        38.35196248953856,
        1515.704467773
      ],
      [
        -104.64509053737446,
        38.352046625505004,
        1515.691894531
      ],
      [
        -104.64505001886671,
        38.35213075728273,
        1515.71081543
      ],
      [
        -104.64500950035897,
        38.35221488906046,
        1515.676025391
      ],
      [
        -104.64496898185122,
        38.35229902083819,
        1515.738525391
      ],
      [
        -104.64492846334348,
        38.35238315261592,
        1516.557006836
      ],
      [
        -104.64488794483573,
        38.352467284393654,
        1517.934814453
      ],
      [
        -104.64484742632798,
        38.35255141617138,
        1518.381103516
      ],
      [
        -104.64480690782024,
        38.35263554794911,
        1518.578491211
      ],
      [
        -104.6447663893125,
        38.35271967972684,
        1518.642333984
      ],
      [
        -104.64472587080475,
        38.35280381150457,
        1518.642333984
      ],
      [
        -104.644685352297,
        38.3528879432823,
        1518.662353516
      ],
      [
        -104.64464483378926,
        38.35297207506003,
        1518.606079102
      ],
      [
        -104.64460431528151,
        38.353056206837756,
        1518.643554688
      ],
      [
        -104.64456379677377,
        38.35314033861549,
        1518.686157227
      ],
      [
        -104.64452327826604,
        38.353224470393215,
        1518.737915039
      ],
      [
        -104.64448275975829,
        38.35330860217095,
        1518.759155273
      ],
      [
        -104.64444224125054,
        38.35339273394868,
        1518.7578125
      ],
      [
        -104.6444017227428,
        38.35347686572641,
        1518.764160156
      ],
      [
        -104.64436120423505,
        38.35356099750414,
        1518.759033203
      ],
      [
        -104.64432068572731,
        38.353645129281865,
        1518.747802734
      ],
      [
        -104.64428016721956,
        38.3537292610596,
        1518.993530273
      ],
      [
        -104.64423964871182,
        38.353813392837324,
        1518.742553711
      ],
      [
        -104.64419913020407,
        38.35389752461506,
        1518.854125977
      ],
      [
        -104.64415861169633,
        38.35398165639278,
        1518.485717773
      ],
      [
        -104.64411809318858,
        38.354065788170516,
        1518.318237305
      ],
      [
        -104.64407757468084,
        38.35414991994825,
        1518.444458008
      ],
      [
        -104.64403705617309,
        38.354234051725975,
        1518.268310547
      ],
      [
        -104.64399653766534,
        38.35431818350371,
        1518.815795898
      ],
      [
        -104.64395601915761,
        38.35440231528143,
        1518.595703125
      ],
      [
        -104.64391550064987,
        38.354486447059166,
        1518.48449707
      ],
      [
        -104.64387498214212,
        38.35457057883689,
        1518.411987305
      ],
      [
        -104.64383446363438,
        38.354654710614625,
        1518.587890625
      ],
      [
        -104.64379394512663,
        38.35473884239235,
        1518.342407227
      ],
      [
        -104.64375342661889,
        38.354822974170084,
        1518.484863281
      ],
      [
        -104.64371290811114,
        38.35490710594781,
        1518.297363281
      ],
      [
        -104.6436723896034,
        38.35499123772554,
        1518.519897461
      ],
      [
        -104.64363187109565,
        38.355075369503275,
        1518.666137695
      ],
      [
        -104.6435913525879,
        38.355159501281,
        1518.59362793
      ],
      [
        -104.64355083408016,
        38.355243633058734,
        1518.441162109
      ],
      [
        -104.64351032193095,
        38.35532776683171,
        1518.306152344
      ],
      [
        -104.6434698531178,
        38.3554119142031,
        1518.310058594
      ],
      [
        -104.64342938430464,
        38.3554960615745,
        1518.218017578
      ],
      [
        -104.64338891549149,
        38.355580208945895,
        1518.26171875
      ],
      [
        -104.64334844667833,
        38.35566435631729,
        1518.791748047
      ],
      [
        -104.64330797786519,
        38.355748503688694,
        1518.718017578
      ],
      [
        -104.64326750905204,
        38.35583265106009,
        1518.509155273
      ],
      [
        -104.64322704023888,
        38.35591679843149,
        1518.383056641
      ],
      [
        -104.64318657142573,
        38.35600094580288,
        1518.539306641
      ],
      [
        -104.64314610261258,
        38.356085093174286,
        1519.482666016
      ],
      [
        -104.64310563379942,
        38.35616924054568,
        1519.961669922
      ],
      [
        -104.64306516498628,
        38.35625338791708,
        1519.791748047
      ],
      [
        -104.64302469617313,
        38.356337535288475,
        1520.246704102
      ],
      [
        -104.64298422735997,
        38.35642168265987,
        1520.214233398
      ],
      [
        -104.64294375854682,
        38.356505830031274,
        1520.13671875
      ],
      [
        -104.64290328973367,
        38.35658997740267,
        1520.112915039
      ],
      [
        -104.64286282092051,
        38.35667412477407,
        1520.050415039
      ],
      [
        -104.64282235210737,
        38.35675827214546,
        1519.831298828
      ],
      [
        -104.64278188329422,
        38.35684241951686,
        1519.830444336
      ],
      [
        -104.64274141448107,
        38.35692656688826,
        1520.271240234
      ],
      [
        -104.64270094566791,
        38.35701071425966,
        1520.292358398
      ],
      [
        -104.64266047685476,
        38.357094861631055,
        1520.261108398
      ],
      [
        -104.6426200080416,
        38.35717900900245,
        1519.987304688
      ],
      [
        -104.64257953922846,
        38.35726315637385,
        1519.972412109
      ],
      [
        -104.64253907041531,
        38.35734730374525,
        1519.958618164
      ],
      [
        -104.64249860160216,
        38.357431451116646,
        1519.922363281
      ],
      [
        -104.642458132789,
        38.35751559848804,
        1519.96484375
      ],
      [
        -104.64241766397585,
        38.35759974585944,
        1520.432373047
      ],
      [
        -104.6423771951627,
        38.35768389323084,
        1520.095703125
      ],
      [
        -104.64233672634954,
        38.35776804060224,
        1520.130615234
      ],
      [
        -104.6422962575364,
        38.357852187973634,
        1520.051879883
      ],
      [
        -104.64225578872325,
        38.35793633534503,
        1520.044433594
      ],
      [
        -104.6422153199101,
        38.35802048271643,
        1520.026855469
      ],
      [
        -104.64217485109694,
        38.35810463008783,
        1519.804321289
      ],
      [
        -104.64213438228379,
        38.358188777459226,
        1519.718139648
      ],
      [
        -104.64209391347063,
        38.35827292483062,
        1520.209350586
      ],
      [
        -104.64205344465749,
        38.35835707220202,
        1520.183227539
      ],
      [
        -104.64201297584434,
        38.358441219573415,
        1520.182495117
      ],
      [
        -104.64197250703118,
        38.35852536694482,
        1520.305664062
      ],
      [
        -104.64193203821803,
        38.358609514316214,
        1520.298095703
      ],
      [
        -104.64189156940488,
        38.35869366168761,
        1520.681884766
      ],
      [
        -104.64185110059172,
        38.358777809059006,
        1520.904418945
      ],
      [
        -104.64181063177858,
        38.35886195643041,
        1520.823120117
      ],
      [
        -104.64177016296543,
        38.358946103801806,
        1520.404418945
      ],
      [
        -104.64172969415227,
        38.3590302511732,
        1519.39440918
      ],
      [
        -104.64168922533912,
        38.3591143985446,
        1518.765869141
      ],
      [
        -104.64164875652597,
        38.359198545915994,
        1518.611694336
      ],
      [
        -104.64160828771281,
        38.3592826932874,
        1518.64050293
      ],
      [
        -104.64156781889966,
        38.359366840658794,
        1518.51171875
      ],
      [
        -104.64152735008652,
        38.35945098803019,
        1518.655517578
      ],
      [
        -104.64148688127337,
        38.359535135401586,
        1518.28918457
      ],
      [
        -104.64144641246021,
        38.35961928277298,
        1518.762939453
      ],
      [
        -104.64140594364706,
        38.359703430144386,
        1518.941772461
      ],
      [
        -104.6413654748339,
        38.35978757751578,
        1518.790405273
      ],
      [
        -104.64132500602075,
        38.35987172488718,
        1518.86328125
      ],
      [
        -104.64128453720761,
        38.359955872258574,
        1518.504882812
      ],
      [
        -104.64124406839446,
        38.36004001962998,
        1518.494384766
      ],
      [
        -104.6412035995813,
        38.36012416700137,
        1518.485717773
      ],
      [
        -104.64116313076815,
        38.36020831437277,
        1518.574462891
      ],
      [
        -104.641122661955,
        38.360292461744166,
        1519.239379883
      ],
      [
        -104.64108219314184,
        38.36037660911556,
        1518.780639648
      ],
      [
        -104.6410417243287,
        38.360460756486965,
        1518.910644531
      ],
      [
        -104.64100125551555,
        38.36054490385836,
        1518.772094727
      ],
      [
        -104.6409607867024,
        38.36062905122976,
        1518.880249023
      ],
      [
        -104.64092031788924,
        38.360713198601154,
        1518.797729492
      ],
      [
        -104.64087984907609,
        38.36079734597255,
        1518.866455078
      ],
      [
        -104.64083938026293,
        38.36088149334395,
        1518.56640625
      ],
      [
        -104.64079891144979,
        38.36096564071535,
        1519.185180664
      ],
      [
        -104.64075844263664,
        38.361049788086746,
        1519.252685547
      ],
      [
        -104.64071797382348,
        38.36113393545814,
        1519.170166016
      ],
      [
        -104.64067750501033,
        38.361218082829545,
        1519.145141602
      ],
      [
        -104.64063703619718,
        38.36130223020094,
        1518.704101562
      ],
      [
        -104.64059656738402,
        38.36138637757234,
        1518.755126953
      ],
      [
        -104.64055609857087,
        38.36147052494373,
        1518.680175781
      ],
      [
        -104.64051562975773,
        38.36155467231513,
        1518.722045898
      ],
      [
        -104.64047516094458,
        38.36163881968653,
        1519.405761719
      ],
      [
        -104.64043469213142,
        38.36172296705793,
        1519.233276367
      ],
      [
        -104.64039422331827,
        38.361807114429325,
        1518.927001953
      ],
      [
        -104.64035375450511,
        38.36189126180072,
        1518.82824707
      ],
      [
        -104.64031328569196,
        38.36197540917212,
        1518.829467773
      ],
      [
        -104.64027281687882,
        38.36205955654352,
        1518.746948242
      ],
      [
        -104.64023234806567,
        38.36214370391492,
        1518.781494141
      ],
      [
        -104.64019187925251,
        38.36222785128631,
        1518.492675781
      ],
      [
        -104.64015141043936,
        38.36231199865771,
        1519.008911133
      ],
      [
        -104.6401109416262,
        38.36239614602911,
        1519.063964844
      ],
      [
        -104.64007047281305,
        38.36248029340051,
        1518.933959961
      ],
      [
        -104.64003000399991,
        38.362564440771905,
        1519.022705078
      ],
      [
        -104.63998953518676,
        38.3626485881433,
        1518.876464844
      ],
      [
        -104.63994921738086,
        38.36273278032972,
        1518.640258789
      ],
      [
        -104.63990903910651,
        38.36281701392547,
        1518.587646484
      ],
      [
        -104.63986886083217,
        38.36290124752122,
        1518.58215332
      ],
      [
        -104.63982868255782,
        38.362985481116965,
        1519.198486328
      ],
      [
        -104.63978850428347,
        38.363069714712715,
        1519.125854492
      ],
      [
        -104.63974832600913,
        38.363153948308465,
        1518.80456543
      ],
      [
        -104.63970814773478,
        38.36323818190421,
        1518.732055664
      ],
      [
        -104.63966796946043,
        38.36332241549996,
        1518.809570312
      ],
      [
        -104.63962779118609,
        38.36340664909571,
        1518.750854492
      ],
      [
        -104.63959001665862,
        38.36349154604618,
        1518.800170898
      ],
      [
        -104.63955405816098,
        38.363576944160876,
        1519.340454102
      ],
      [
        -104.63951809966333,
        38.363662342275575,
        1518.970458984
      ],
      [
        -104.63948214116569,
        38.363747740390274,
        1518.860473633
      ],
      [
        -104.63944618266805,
        38.36383313850497,
        1518.789306641
      ],
      [
        -104.6394102241704,
        38.36391853661967,
        1518.79675293
      ],
      [
        -104.63937426567276,
        38.36400393473437,
        1518.646728516
      ],
      [
        -104.63933840100681,
        38.36408935609032,
        1518.400512695
      ],
      [
        -104.63930527112782,
        38.36417545482801,
        1518.210449219
      ],
      [
        -104.63927214124882,
        38.3642615535657,
        1518.088989258
      ],
      [
        -104.63923901136982,
        38.36434765230339,
        1517.220825195
      ],
      [
        -104.63920588149084,
        38.36443375104108,
        1516.487060547
      ],
      [
        -104.63917580655014,
        38.364520533538446,
        1516.055786133
      ],
      [
        -104.63914597895692,
        38.364607371397405,
        1515.815795898
      ],
      [
        -104.6391161513637,
        38.36469420925636,
        1515.803955078
      ],
      [
        -104.63908632377047,
        38.36478104711532,
        1515.764038086
      ],
      [
        -104.6390579029399,
        38.36486816454359,
        1515.75390625
      ],
      [
        -104.63903137831659,
        38.36495565880965,
        1515.765869141
      ],
      [
        -104.63900485369328,
        38.3650431530757,
        1515.741210938
      ],
      [
        -104.63897832906997,
        38.365130647341765,
        1515.763793945
      ],
      [
        -104.63895180444668,
        38.365218141607826,
        1515.748779297
      ],
      [
        -104.63892707255371,
        38.365305955701814,
        1515.767578125
      ],
      [
        -104.63890270738163,
        38.3653938352198,
        1515.757568359
      ],
      [
        -104.63887834220955,
        38.36548171473779,
        1515.776367188
      ],
      [
        -104.63885449750651,
        38.36556967981233,
        1515.758789062
      ],
      [
        -104.63883179590265,
        38.365657832793595,
        1515.78137207
      ],
      [
        -104.63880909429878,
        38.365745985774865,
        1515.776489258
      ],
      [
        -104.63878639269491,
        38.36583413875613,
        1515.830566406
      ],
      [
        -104.63876369109104,
        38.36592229173739,
        1515.831787109
      ],
      [
        -104.63874342194308,
        38.366010792048264,
        1515.869262695
      ],
      [
        -104.63872503091218,
        38.36609956053489,
        1515.859375
      ],
      [
        -104.63870663988128,
        38.36618832902151,
        1515.891845703
      ],
      [
        -104.63868824885039,
        38.36627709750813,
        1515.904296875
      ],
      [
        -104.63866985781948,
        38.36636586599475,
        1515.914306641
      ],
      [
        -104.63865346449224,
        38.36645487040424,
        1515.998413086
      ],
      [
        -104.63863769152418,
        38.3665439480763,
        1515.71081543
      ],
      [
        -104.63862191855613,
        38.366633025748364,
        1514.286987305
      ],
      [
        -104.63860614558808,
        38.36672210342042,
        1513.103271484
      ],
      [
        -104.63859037262003,
        38.36681118109249,
        1512.868286133
      ],
      [
        -104.63857459965199,
        38.36690025876455,
        1512.733276367
      ],
      [
        -104.63856201956557,
        38.36698963318292,
        1512.725708008
      ],
      [
        -104.63855079457753,
        38.36707913354409,
        1512.729492188
      ],
      [
        -104.63853956958947,
        38.36716863390526,
        1512.73449707
      ],
      [
        -104.63852834460143,
        38.36725813426642,
        1512.75378418
      ],
      [
        -104.63851711961338,
        38.36734763462759,
        1512.748901367
      ],
      [
        -104.63850589462533,
        38.367437134988755,
        1512.742675781
      ],
      [
        -104.6384948499437,
        38.367526648947305,
        1512.745117188
      ],
      [
        -104.63848412712815,
        38.36761618717862,
        1512.735107422
      ],
      [
        -104.6384734043126,
        38.367705725409934,
        1512.78137207
      ],
      [
        -104.63846268149706,
        38.36779526364125,
        1512.793945312
      ],
      [
        -104.63845195868153,
        38.36788480187256,
        1512.800170898
      ],
      [
        -104.63844123586598,
        38.36797434010388,
        1512.803466797
      ],
      [
        -104.63843051305044,
        38.3680638783352,
        1512.821655273
      ],
      [
        -104.63841979023489,
        38.368153416566514,
        1512.825439453
      ],
      [
        -104.63840906741935,
        38.36824295479783,
        1512.825439453
      ],
      [
        -104.6383983446038,
        38.36833249302914,
        1512.814208984
      ],
      [
        -104.63838762178825,
        38.36842203126046,
        1512.827636719
      ],
      [
        -104.63837689897272,
        38.36851156949177,
        1512.848876953
      ],
      [
        -104.63836617615718,
        38.36860110772309,
        1512.855102539
      ],
      [
        -104.63835545334163,
        38.3686906459544,
        1512.856323242
      ],
      [
        -104.63834473052609,
        38.36878018418572,
        1512.87109375
      ],
      [
        -104.63833400771054,
        38.36886972241703,
        1512.900024414
      ],
      [
        -104.638323284895,
        38.368959260648346,
        1512.938842773
      ],
      [
        -104.63831256207946,
        38.36904879887966,
        1512.957519531
      ],
      [
        -104.63830183926392,
        38.36913833711098,
        1512.967529297
      ],
      [
        -104.63829111644837,
        38.3692278753423,
        1512.950073242
      ],
      [
        -104.63828039363283,
        38.36931741357361,
        1512.995117188
      ],
      [
        -104.63826967081728,
        38.369406951804926,
        1513.027832031
      ],
      [
        -104.63825894800173,
        38.36949649003624,
        1513.048095703
      ],
      [
        -104.63824822518619,
        38.369586028267555,
        1512.958251953
      ],
      [
        -104.63823750237066,
        38.36967556649887,
        1513.049438477
      ],
      [
        -104.63822677955511,
        38.369765104730185,
        1513.159423828
      ],
      [
        -104.63821605673957,
        38.3698546429615,
        1513.259521484
      ],
      [
        -104.63820533392402,
        38.369944181192814,
        1513.365722656
      ],
      [
        -104.63819461110847,
        38.37003371942413,
        1513.341918945
      ],
      [
        -104.63818388829293,
        38.37012325765544,
        1513.45690918
      ],
      [
        -104.6381731654774,
        38.37021279588676,
        1513.489013672
      ],
      [
        -104.63816244266185,
        38.37030233411808,
        1513.485107422
      ],
      [
        -104.6381517198463,
        38.370391872349394,
        1513.107666016
      ],
      [
        -104.63814099703076,
        38.37048141058071,
        1513.203857422
      ],
      [
        -104.63813027421521,
        38.37057094881202,
        1513.295043945
      ],
      [
        -104.63811955139967,
        38.37066048704334,
        1513.362548828
      ],
      [
        -104.63810882858414,
        38.37075002527465,
        1513.055053711
      ],
      [
        -104.63809810576859,
        38.37083956350597,
        1513.131347656
      ],
      [
        -104.63808738295305,
        38.37092910173728,
        1513.286499023
      ],
      [
        -104.6380766601375,
        38.3710186399686,
        1513.440551758
      ],
      [
        -104.63806593732195,
        38.37110817819991,
        1513.580566406
      ],
      [
        -104.63805521450641,
        38.371197716431226,
        1513.164306641
      ],
      [
        -104.63804449169086,
        38.37128725466254,
        1513.280517578
      ],
      [
        -104.63803376887533,
        38.37137679289386,
        1513.363037109
      ],
      [
        -104.63802304605979,
        38.37146633112518,
        1513.424316406
      ],
      [
        -104.63801232324424,
        38.37155586935649,
        1512.939331055
      ],
      [
        -104.6380016004287,
        38.371645407587806,
        1513.100708008
      ],
      [
        -104.63799087761315,
        38.37173494581912,
        1513.248779297
      ],
      [
        -104.6379801547976,
        38.371824484050435,
        1513.392578125
      ],
      [
        -104.63796943198207,
        38.37191402228175,
        1512.667602539
      ],
      [
        -104.63795824011478,
        38.37200352499718,
        1512.940063477
      ],
      [
        -104.637946895663,
        38.37209301615914,
        1512.986328125
      ],
      [
        -104.63793555121124,
        38.37218250732111,
        1511.548706055
      ],
      [
        -104.63792420675946,
        38.372271998483065,
        1509.736328125
      ],
      [
        -104.63791286230769,
        38.37236148964503,
        1508.87878418
      ],
      [
        -104.63790116483871,
        38.37245095019589,
        1510.477661133
      ],
      [
        -104.63788728914678,
        38.37254022186697,
        1512.128051758
      ],
      [
        -104.63787341345483,
        38.37262949353806,
        1512.018066406
      ],
      [
        -104.63785821865359,
        38.37271861975947,
        1512.421875
      ],
      [
        -104.63784014705168,
        38.372807428774614,
        1512.360595703
      ],
      [
        -104.63782207544975,
        38.37289623778976,
        1511.475585938
      ],
      [
        -104.63780236676845,
        38.372984826223735,
        1512.140625
      ],
      [
        -104.63778158002027,
        38.37307326939826,
        1512.165649414
      ],
      [
        -104.6377607932721,
        38.37316171257279,
        1512.629394531
      ],
      [
        -104.63773780460285,
        38.373249785290895,
        1512.378662109
      ],
      [
        -104.63771047307236,
        38.373337127355725,
        1512.481079102
      ],
      [
        -104.63768314154187,
        38.37342446942056,
        1512.408569336
      ],
      [
        -104.63765563419597,
        38.373511776839464,
        1512.56237793
      ],
      [
        -104.6376270347713,
        38.373598869054916,
        1512.562866211
      ],
      [
        -104.63759843534665,
        38.37368596127037,
        1512.520141602
      ],
      [
        -104.63756928567867,
        38.373772933193955,
        1512.647705078
      ],
      [
        -104.63753627090668,
        38.37385906014485,
        1512.712158203
      ],
      [
        -104.6375032561347,
        38.37394518709574,
        1512.735351562
      ],
      [
        -104.63746952193118,
        38.37403113038409,
        1512.815307617
      ],
      [
        -104.63743151584193,
        38.37411598310944,
        1512.969116211
      ],
      [
        -104.63739350975267,
        38.37420083583479,
        1513.135375977
      ],
      [
        -104.63735550366343,
        38.37428568856014,
        1513.349121094
      ],
      [
        -104.63731749757417,
        38.374370541285494,
        1513.510375977
      ],
      [
        -104.63727760756434,
        38.37445482669973,
        1513.621582031
      ],
      [
        -104.63723337995536,
        38.37453780591868,
        1513.646606445
      ],
      [
        -104.63718915234637,
        38.37462078513762,
        1513.786499023
      ],
      [
        -104.63714492473738,
        38.374703764356575,
        1513.976196289
      ],
      [
        -104.63710069712839,
        38.37478674357552,
        1514.207519531
      ],
      [
        -104.63705357077633,
        38.374868703608016,
        1514.466186523
      ],
      [
        -104.637003940644,
        38.37494978332141,
        1514.636230469
      ],
      [
        -104.63695431051167,
        38.37503086303481,
        1515.036254883
      ],
      [
        -104.63690468037933,
        38.375111942748205,
        1515.278320312
      ],
      [
        -104.63685505024701,
        38.375193022461595,
        1515.259887695
      ],
      [
        -104.63680248547914,
        38.37527291332373,
        1515.280639648
      ],
      [
        -104.63674683189599,
        38.37535155287478,
        1515.334838867
      ],
      [
        -104.63669117831286,
        38.37543019242584,
        1515.43359375
      ],
      [
        -104.63663552472971,
        38.3755088319769,
        1515.453613281
      ],
      [
        -104.63657987114658,
        38.37558747152796,
        1515.373657227
      ],
      [
        -104.63652147936811,
        38.37566486919614,
        1514.887329102
      ],
      [
        -104.63646225545506,
        38.375741889457466,
        1514.84362793
      ],
      [
        -104.63640292345114,
        38.375818856004,
        1514.743652344
      ],
      [
        -104.63633934016052,
        38.37589370991136,
        1514.901123047
      ],
      [
        -104.6362757568699,
        38.37596856381872,
        1514.961181641
      ],
      [
        -104.63621172443779,
        38.3760431773014,
        1515.144897461
      ],
      [
        -104.63614593188173,
        38.37611684859277,
        1515.227905273
      ],
      [
        -104.63608013932568,
        38.376190519884155,
        1515.131958008
      ],
      [
        -104.63601323049868,
        38.3762635490721,
        1515.088623047
      ],
      [
        -104.63594332427144,
        38.37633485408997,
        1514.99609375
      ],
      [
        -104.63587341804421,
        38.376406159107844,
        1513.974975586
      ],
      [
        -104.63580304832354,
        38.376477179336355,
        1513.442382812
      ],
      [
        -104.63573141755074,
        38.376547424722766,
        1512.84362793
      ],
      [
        -104.63565978677796,
        38.37661767010918,
        1512.862426758
      ],
      [
        -104.6355877837098,
        38.376687671073014,
        1512.879882812
      ],
      [
        -104.63551213911606,
        38.37675528127102,
        1513.409912109
      ],
      [
        -104.63543649452232,
        38.37682289146903,
        1512.682617188
      ],
      [
        -104.63536084992859,
        38.37689050166704,
        1512.801513672
      ],
      [
        -104.63528126993702,
        38.376955240750874,
        1512.729736328
      ],
      [
        -104.63520067163287,
        38.377019236913185,
        1512.708374023
      ],
      [
        -104.63512007332871,
        38.377083233075496,
        1512.579589844
      ],
      [
        -104.63503947502456,
        38.3771472292378,
        1512.445922852
      ],
      [
        -104.63495887672039,
        38.37721122540011,
        1512.213378906
      ],
      [
        -104.63487827841622,
        38.37727522156242,
        1511.970947266
      ],
      [
        -104.63479710970357,
        38.37733874908276,
        1511.568359375
      ],
      [
        -104.63471178151383,
        38.37739885921796,
        1511.229614258
      ],
      [
        -104.63462645332409,
        38.377458969353164,
        1510.912841797
      ],
      [
        -104.6345409787541,
        38.377518948251634,
        1510.600219727
      ],
      [
        -104.63445359449227,
        38.37757721502207,
        1510.312011719
      ],
      [
        -104.63436621023045,
        38.37763548179251,
        1510.130493164
      ],
      [
        -104.63427882596862,
        38.37769374856295,
        1509.951049805
      ],
      [
        -104.63418894840751,
        38.37774962932472,
        1509.888549805
      ],
      [
        -104.63409886961541,
        38.37780531751481,
        1509.824829102
      ],
      [
        -104.63400879082333,
        38.3778610057049,
        1509.769775391
      ],
      [
        -104.63391731603814,
        38.37791523648093,
        1509.753417969
      ],
      [
        -104.63382397000757,
        38.37796751368045,
        1509.731445312
      ],
      [
        -104.633730623977,
        38.378019790879975,
        1509.727783203
      ],
      [
        -104.63363727794643,
        38.378072068079504,
        1509.751464844
      ],
      [
        -104.6335416679473,
        38.37812175901631,
        1509.823974609
      ],
      [
        -104.63344586365004,
        38.378171227995075,
        1509.992797852
      ],
      [
        -104.63335005935276,
        38.37822069697384,
        1510.303955078
      ],
      [
        -104.63325382681195,
        38.37826963503702,
        1510.600219727
      ],
      [
        -104.63315573621217,
        38.37831626956875,
        1510.802734375
      ],
      [
        -104.63305764561238,
        38.37836290410048,
        1510.865600586
      ],
      [
        -104.6329595550126,
        38.378409538632205,
        1510.922729492
      ],
      [
        -104.63286109222834,
        38.37845568355308,
        1510.811523438
      ],
      [
        -104.6327620517849,
        38.37850106855992,
        1510.815307617
      ],
      [
        -104.63266301134144,
        38.37854645356677,
        1510.797729492
      ],
      [
        -104.63256397089799,
        38.37859183857362,
        1510.869018555
      ],
      [
        -104.63246493045455,
        38.37863722358046,
        1510.729003906
      ],
      [
        -104.63236589001109,
        38.37868260858731,
        1509.718505859
      ],
      [
        -104.63226684956764,
        38.37872799359416,
        1508.976074219
      ],
      [
        -104.6321678091242,
        38.378773378601004,
        1508.699829102
      ],
      [
        -104.63206876868074,
        38.37881876360785,
        1508.74230957
      ],
      [
        -104.6319697282373,
        38.3788641486147,
        1508.874755859
      ],
      [
        -104.63187068779385,
        38.378909533621545,
        1508.738525391
      ],
      [
        -104.63177164735039,
        38.378954918628395,
        1508.874755859
      ],
      [
        -104.63167260690695,
        38.379000303635245,
        1508.716308594
      ],
      [
        -104.6315735664635,
        38.37904568864209,
        1508.86706543
      ],
      [
        -104.63147452602004,
        38.37909107364894,
        1508.678955078
      ],
      [
        -104.6313754855766,
        38.379136458655786,
        1508.748046875
      ],
      [
        -104.63127644513315,
        38.37918184366263,
        1508.553100586
      ],
      [
        -104.6311774046897,
        38.37922722866948,
        1508.657958984
      ],
      [
        -104.63107836424625,
        38.37927261367633,
        1505.744262695
      ],
      [
        -104.6309793238028,
        38.37931799868317,
        1497.087280273
      ],
      [
        -104.63088029498807,
        38.37936340004389,
        1497.913696289
      ],
      [
        -104.63078126818782,
        38.379408804237656,
        1505.106201172
      ],
      [
        -104.63076950000132,
        38.379414199999395,
        1505.106201172
      ],
      [
        -104.63068223866298,
        38.37945420536121,
        1508.779907227
      ],
      [
        -104.63058320877069,
        38.37949960607071,
        1508.732421875
      ],
      [
        -104.6304841788784,
        38.379545006780205,
        1508.582397461
      ],
      [
        -104.63038514898611,
        38.37959040748971,
        1508.699951172
      ],
      [
        -104.63028611909382,
        38.379635808199204,
        1508.579956055
      ],
      [
        -104.63018708920153,
        38.3796812089087,
        1508.662597656
      ],
      [
        -104.63008805930924,
        38.379726609618196,
        1508.681396484
      ],
      [
        -104.62998902941695,
        38.37977201032769,
        1508.692626953
      ],
      [
        -104.62988999952465,
        38.37981741103719,
        1508.710693359
      ],
      [
        -104.62979096963237,
        38.37986281174669,
        1508.745605469
      ],
      [
        -104.62969193974007,
        38.379908212456186,
        1508.752319336
      ],
      [
        -104.62959290984779,
        38.37995361316568,
        1508.673583984
      ],
      [
        -104.62949387995549,
        38.37999901387518,
        1508.660522461
      ],
      [
        -104.62939510000474,
        38.38004429999783,
        1508.671264648
      ],
      [
        -104.62939484992806,
        38.38004441440789,
        1508.671264648
      ],
      [
        -104.62929576649148,
        38.380089745071594,
        1508.698852539
      ],
      [
        -104.6291966830549,
        38.3801350757353,
        1508.725097656
      ],
      [
        -104.62909759961832,
        38.38018040639901,
        1508.724975586
      ],
      [
        -104.62899851618175,
        38.380225737062716,
        1508.821289062
      ],
      [
        -104.62889943274517,
        38.380271067726426,
        1508.767578125
      ],
      [
        -104.62880034930859,
        38.38031639839013,
        1508.640014648
      ],
      [
        -104.62870126587201,
        38.38036172905384,
        1508.672119141
      ],
      [
        -104.62860218243543,
        38.38040705971754,
        1508.656982422
      ],
      [
        -104.62850309899886,
        38.38045239038125,
        1508.724487305
      ],
      [
        -104.62840401556228,
        38.380497721044954,
        1508.731933594
      ],
      [
        -104.6283049321257,
        38.38054305170866,
        1508.709838867
      ],
      [
        -104.62820584868912,
        38.38058838237237,
        1508.691772461
      ],
      [
        -104.62810676525254,
        38.380633713036076,
        1508.594726562
      ],
      [
        -104.62800768181596,
        38.380679043699786,
        1508.567626953
      ],
      [
        -104.62790859837939,
        38.38072437436349,
        1508.581298828
      ],
      [
        -104.62780951494281,
        38.3807697050272,
        1508.40625
      ],
      [
        -104.62771043150623,
        38.3808150356909,
        1507.997436523
      ],
      [
        -104.62761134806965,
        38.38086036635461,
        1507.331176758
      ],
      [
        -104.62751226463307,
        38.380905697018314,
        1507.010009766
      ],
      [
        -104.62741318119649,
        38.38095102768202,
        1506.647460938
      ],
      [
        -104.62731409775992,
        38.380996358345726,
        1506.657470703
      ],
      [
        -104.62721501432334,
        38.381041689009436,
        1506.584838867
      ],
      [
        -104.62711593088676,
        38.381087019673146,
        1506.526000977
      ],
      [
        -104.62701684745018,
        38.38113235033685,
        1506.462280273
      ],
      [
        -104.6269177640136,
        38.38117768100056,
        1506.421020508
      ],
      [
        -104.62681868057702,
        38.38122301166426,
        1506.362304688
      ],
      [
        -104.62671959714045,
        38.38126834232797,
        1506.280883789
      ],
      [
        -104.62662051370387,
        38.38131367299167,
        1506.229370117
      ],
      [
        -104.62652143026729,
        38.38135900365538,
        1506.184326172
      ],
      [
        -104.62642334904929,
        38.3814056440084,
        1506.158325195
      ],
      [
        -104.62632572481382,
        38.38145288154169,
        1506.177001953
      ],
      [
        -104.62622810057837,
        38.38150011907498,
        1506.227050781
      ],
      [
        -104.62613047634291,
        38.381547356608266,
        1506.325805664
      ],
      [
        -104.62603285210746,
        38.38159459414155,
        1506.448242188
      ],
      [
        -104.62593522787199,
        38.38164183167484,
        1506.623291016
      ],
      [
        -104.62583959164273,
        38.381691448937694,
        1506.710693359
      ],
      [
        -104.62574533702251,
        38.38174272004646,
        1506.77331543
      ],
      [
        -104.62565108240229,
        38.38179399115522,
        1506.907592773
      ],
      [
        -104.62555682778208,
        38.38184526226399,
        1506.94140625
      ],
      [
        -104.62546303440931,
        38.38189702547725,
        1506.931396484
      ],
      [
        -104.62537245572537,
        38.38195221843923,
        1507.107666016
      ],
      [
        -104.62528187704145,
        38.38200741140121,
        1507.573486328
      ],
      [
        -104.6251912983575,
        38.38206260436319,
        1508.125366211
      ],
      [
        -104.62510071967358,
        38.38211779732517,
        1508.598754883
      ],
      [
        -104.62501197401437,
        38.38217475535285,
        1508.905029297
      ],
      [
        -104.62492465990373,
        38.382233091854715,
        1509.28125
      ],
      [
        -104.6248373457931,
        38.38229142835659,
        1509.348632812
      ],
      [
        -104.62475088779802,
        38.38235053085747,
        1509.418701172
      ],
      [
        -104.62466564044011,
        38.38241071656128,
        1509.451171875
      ],
      [
        -104.6245803930822,
        38.38247090226509,
        1509.548706055
      ],
      [
        -104.62449629804811,
        38.382532030441574,
        1509.529907227
      ],
      [
        -104.62441597357301,
        38.38259624251581,
        1509.543701172
      ],
      [
        -104.6243356490979,
        38.382660454590045,
        1509.573730469
      ],
      [
        -104.62425519314063,
        38.382724565496325,
        1509.525634766
      ],
      [
        -104.62417468297467,
        38.38278863469217,
        1509.552001953
      ],
      [
        -104.62409417280871,
        38.382852703888005,
        1509.562255859
      ],
      [
        -104.62401366264277,
        38.38291677308385,
        1509.493530273
      ],
      [
        -104.62393767227152,
        38.382984093253725,
        1509.513427734
      ],
      [
        -104.62386315229912,
        38.38305247104431,
        1509.505981445
      ],
      [
        -104.62378863232672,
        38.38312084883489,
        1509.500976562
      ],
      [
        -104.62371411235434,
        38.383189226625475,
        1509.505981445
      ],
      [
        -104.62363959238193,
        38.38325760441605,
        1509.505981445
      ],
      [
        -104.62356759598373,
        38.38332759209969,
        1509.412719727
      ],
      [
        -104.62349732803312,
        38.383398682432016,
        1509.531494141
      ],
      [
        -104.62342706008253,
        38.38346977276435,
        1509.42199707
      ],
      [
        -104.6233579954835,
        38.38354156273353,
        1509.520263672
      ],
      [
        -104.62329160489718,
        38.38361490739201,
        1509.417602539
      ],
      [
        -104.62322521431085,
        38.3836882520505,
        1509.523803711
      ],
      [
        -104.62315882372452,
        38.383761596708986,
        1509.620117188
      ],
      [
        -104.6230944823585,
        38.383836053706474,
        1509.585083008
      ],
      [
        -104.62303025930026,
        38.38391057492272,
        1509.653808594
      ],
      [
        -104.62296690206244,
        38.38398553863428,
        1509.636352539
      ],
      [
        -104.62290582701122,
        38.3840616687042,
        1509.685058594
      ],
      [
        -104.62284475196002,
        38.38413779877413,
        1509.696289062
      ],
      [
        -104.62278490628198,
        38.38421452057054,
        1509.688598633
      ],
      [
        -104.62272593306538,
        38.384291662303355,
        1509.692993164
      ],
      [
        -104.6226669598488,
        38.384368804036164,
        1509.709472656
      ],
      [
        -104.6226079866322,
        38.38444594576898,
        1509.730712891
      ],
      [
        -104.62254901341562,
        38.38452308750179,
        1509.785644531
      ],
      [
        -104.62249004019903,
        38.38460022923461,
        1509.825683594
      ],
      [
        -104.62243106698243,
        38.38467737096742,
        1509.896850586
      ],
      [
        -104.62237257815445,
        38.38475473894535,
        1509.999389648
      ],
      [
        -104.62231416171142,
        38.38483214073237,
        1509.991943359
      ],
      [
        -104.62225574526838,
        38.384909542519395,
        1509.966918945
      ],
      [
        -104.62219732882534,
        38.38498694430642,
        1510.000732422
      ],
      [
        -104.6221389123823,
        38.38506434609344,
        1509.96081543
      ],
      [
        -104.62208049593926,
        38.38514174788047,
        1509.937988281
      ],
      [
        -104.62202208116405,
        38.385219150500035,
        1509.976196289
      ],
      [
        -104.62196368303283,
        38.38529656142794,
        1510.025878906
      ],
      [
        -104.6219052849016,
        38.38537397235586,
        1509.910766602
      ],
      [
        -104.62184688677038,
        38.385451383283765,
        1509.955810547
      ],
      [
        -104.62178848863917,
        38.38552879421168,
        1510.020874023
      ],
      [
        -104.62173009050795,
        38.38560620513959,
        1510.010864258
      ],
      [
        -104.62167169237672,
        38.385683616067496,
        1510.005859375
      ],
      [
        -104.6216132942455,
        38.38576102699541,
        1510.107910156
      ],
      [
        -104.62155489611429,
        38.38583843792332,
        1510.105102539
      ],
      [
        -104.62149649798307,
        38.38591584885123,
        1510.210205078
      ],
      [
        -104.62143809985186,
        38.38599325977914,
        1510.180175781
      ],
      [
        -104.62137970172063,
        38.386070670707056,
        1510.150146484
      ],
      [
        -104.62132130358941,
        38.386148081634964,
        1510.234619141
      ],
      [
        -104.6212629054582,
        38.38622549256288,
        1510.323486328
      ],
      [
        -104.62120450732698,
        38.38630290349079,
        1510.267944336
      ],
      [
        -104.62114610919575,
        38.3863803144187,
        1510.232910156
      ],
      [
        -104.62108771106453,
        38.38645772534661,
        1510.295898438
      ],
      [
        -104.62102931293332,
        38.38653513627452,
        1510.368530273
      ],
      [
        -104.6209709148021,
        38.38661254720243,
        1510.180908203
      ],
      [
        -104.62091251667088,
        38.38668995813034,
        1510.229736328
      ],
      [
        -104.62085411853965,
        38.386767369058255,
        1510.274780273
      ],
      [
        -104.62079572040844,
        38.38684477998616,
        1510.0546875
      ],
      [
        -104.62073732227722,
        38.38692219091408,
        1510.095947266
      ],
      [
        -104.620678924146,
        38.386999601841985,
        1510.134765625
      ],
      [
        -104.62062052601478,
        38.3870770127699,
        1510.074829102
      ],
      [
        -104.62056212788356,
        38.38715442369781,
        1509.94543457
      ],
      [
        -104.62050372975234,
        38.387231834625716,
        1509.984985352
      ],
      [
        -104.62044533162113,
        38.38730924555363,
        1509.91418457
      ],
      [
        -104.62038693348991,
        38.38738665648154,
        1509.954223633
      ],
      [
        -104.62032853535868,
        38.387464067409454,
        1509.805419922
      ],
      [
        -104.62027013722746,
        38.38754147833736,
        1509.725463867
      ],
      [
        -104.62021173909625,
        38.387618889265276,
        1509.767944336
      ],
      [
        -104.62015334096503,
        38.387696300193184,
        1509.805419922
      ],
      [
        -104.62009494283382,
        38.3877737111211,
        1509.455444336
      ],
      [
        -104.62003654470259,
        38.38785112204901,
        1509.515380859
      ],
      [
        -104.61997814657137,
        38.387928532976915,
        1509.455200195
      ],
      [
        -104.61991974844015,
        38.38800594390483,
        1508.937133789
      ],
      [
        -104.61986135030894,
        38.38808335483274,
        1507.172119141
      ],
      [
        -104.61980295217771,
        38.38816076576065,
        1506.591064453
      ],
      [
        -104.61974517614972,
        38.38823846336864,
        1506.46484375
      ],
      [
        -104.61968745271481,
        38.388316185212766,
        1506.49987793
      ],
      [
        -104.61962972927991,
        38.3883939070569,
        1506.493652344
      ],
      [
        -104.61957200584499,
        38.38847162890104,
        1506.462402344
      ],
      [
        -104.61951428241008,
        38.38854935074517,
        1506.432373047
      ],
      [
        -104.61945655897517,
        38.3886270725893,
        1506.469970703
      ],
      [
        -104.61945030000003,
        38.38863549999995,
        1506.552368164
      ],
      [
        -104.61939767709394,
        38.388704257964896,
        1506.629394531
      ],
      [
        -104.61933865432546,
        38.38878137809656,
        1507.008056641
      ],
      [
        -104.61927963155699,
        38.38885849822823,
        1508.191772461
      ],
      [
        -104.61922060878851,
        38.388935618359895,
        1509.403076172
      ],
      [
        -104.61916158602003,
        38.389012738491566,
        1509.714233398
      ],
      [
        -104.61915710000041,
        38.38901859999946,
        1509.714233398
      ],
      [
        -104.61910446113733,
        38.389090730235225,
        1509.766357422
      ],
      [
        -104.6190474923687,
        38.38916879367492,
        1509.739135742
      ],
      [
        -104.61898966696624,
        38.38924646730189,
        1509.752319336
      ],
      [
        -104.61893136760425,
        38.38932392525273,
        1509.786132812
      ],
      [
        -104.61887306824227,
        38.38940138320358,
        1509.786132812
      ],
      [
        -104.61881476888027,
        38.38947884115442,
        1509.771362305
      ],
      [
        -104.61875646951827,
        38.389556299105266,
        1509.760131836
      ],
      [
        -104.61869817015629,
        38.38963375705611,
        1509.761352539
      ],
      [
        -104.6186398707943,
        38.389711215006955,
        1509.802612305
      ],
      [
        -104.6185815714323,
        38.3897886729578,
        1509.845092773
      ],
      [
        -104.6185232720703,
        38.38986613090864,
        1510.203857422
      ],
      [
        -104.61846497270832,
        38.38994358885949,
        1511.322631836
      ],
      [
        -104.61840667334633,
        38.39002104681033,
        1511.702636719
      ],
      [
        -104.61834837398433,
        38.39009850476118,
        1511.26965332
      ],
      [
        -104.61829007462235,
        38.39017596271202,
        1510.125854492
      ],
      [
        -104.61823177526036,
        38.390253420662866,
        1509.833618164
      ],
      [
        -104.61817347589836,
        38.39033087861371,
        1509.832397461
      ],
      [
        -104.61811517653638,
        38.390408336564555,
        1509.81237793
      ],
      [
        -104.61805687717438,
        38.3904857945154,
        1509.753662109
      ],
      [
        -104.61799857781239,
        38.390563252466244,
        1509.721191406
      ],
      [
        -104.6179402784504,
        38.39064071041709,
        1509.717407227
      ],
      [
        -104.61788197908841,
        38.39071816836793,
        1509.717407227
      ],
      [
        -104.61782367972641,
        38.39079562631878,
        1509.716186523
      ],
      [
        -104.61776538036443,
        38.39087308426962,
        1509.706176758
      ],
      [
        -104.61770708100244,
        38.390950542220466,
        1509.703613281
      ],
      [
        -104.61764878164044,
        38.39102800017131,
        1509.705688477
      ],
      [
        -104.61759048227846,
        38.391105458122155,
        1509.691162109
      ],
      [
        -104.6175321737232,
        38.391182912427,
        1509.691772461
      ],
      [
        -104.61747385980381,
        38.39126036460445,
        1509.687988281
      ],
      [
        -104.61741554588441,
        38.3913378167819,
        1509.691772461
      ],
      [
        -104.61735723196502,
        38.39141526895935,
        1509.687988281
      ],
      [
        -104.61729891804562,
        38.3914927211368,
        1509.687988281
      ],
      [
        -104.61724060412622,
        38.39157017331425,
        1509.687988281
      ],
      [
        -104.61718229020683,
        38.3916476254917,
        1509.687866211
      ],
      [
        -104.61712397628743,
        38.39172507766915,
        1509.68737793
      ],
      [
        -104.61706566236803,
        38.3918025298466,
        1509.68737793
      ],
      [
        -104.61700734844862,
        38.39187998202405,
        1509.676147461
      ],
      [
        -104.61694903452923,
        38.3919574342015,
        1509.686157227
      ],
      [
        -104.61689072060983,
        38.39203488637895,
        1509.686523438
      ],
      [
        -104.61683240669043,
        38.3921123385564,
        1509.685913086
      ],
      [
        -104.61677409277104,
        38.39218979073385,
        1509.680053711
      ],
      [
        -104.61671577885164,
        38.3922672429113,
        1509.683837891
      ],
      [
        -104.61665746493225,
        38.39234469508875,
        1509.698852539
      ],
      [
        -104.61659915101285,
        38.3924221472662,
        1509.696411133
      ],
      [
        -104.61654083709345,
        38.39249959944365,
        1509.716796875
      ],
      [
        -104.61648252317406,
        38.3925770516211,
        1509.785522461
      ],
      [
        -104.61642420925466,
        38.39265450379855,
        1509.829223633
      ],
      [
        -104.61636589533526,
        38.392731955976004,
        1509.929199219
      ],
      [
        -104.61630758141587,
        38.39280940815345,
        1510.032958984
      ],
      [
        -104.61624926749647,
        38.3928868603309,
        1510.181762695
      ],
      [
        -104.61619095357707,
        38.39296431250835,
        1510.172973633
      ],
      [
        -104.61613263965768,
        38.3930417646858,
        1510.172241211
      ],
      [
        -104.61607432573828,
        38.39311921686325,
        1510.099975586
      ],
      [
        -104.61601601181889,
        38.3931966690407,
        1510.065673828
      ],
      [
        -104.61595769789949,
        38.39327412121815,
        1510.083496094
      ],
      [
        -104.61589938398009,
        38.3933515733956,
        1510.129760742
      ],
      [
        -104.6158410700607,
        38.39342902557305,
        1510.043579102
      ],
      [
        -104.61578275614129,
        38.3935064777505,
        1510.107299805
      ],
      [
        -104.61572444222189,
        38.39358392992795,
        1510.172241211
      ],
      [
        -104.6156661283025,
        38.3936613821054,
        1510.163574219
      ],
      [
        -104.6156078143831,
        38.39373883428285,
        1510.138549805
      ],
      [
        -104.6155495004637,
        38.3938162864603,
        1510.228515625
      ],
      [
        -104.6154911865443,
        38.39389373863775,
        1510.226928711
      ],
      [
        -104.61543287262491,
        38.3939711908152,
        1510.32824707
      ],
      [
        -104.61537455870551,
        38.39404864299265,
        1510.321289062
      ],
      [
        -104.61531624478611,
        38.3941260951701,
        1510.307739258
      ],
      [
        -104.61525793086672,
        38.39420354734755,
        1510.386474609
      ],
      [
        -104.61519961694732,
        38.394280999525,
        1510.463989258
      ],
      [
        -104.6151414985796,
        38.39435854154326,
        1510.403930664
      ],
      [
        -104.61508394000269,
        38.39443634074195,
        1510.366455078
      ],
      [
        -104.61502638142579,
        38.39451413994063,
        1510.419067383
      ],
      [
        -104.61496882284888,
        38.39459193913932,
        1510.449462891
      ],
      [
        -104.61491126427198,
        38.394669738338,
        1510.28527832
      ],
      [
        -104.61485370569507,
        38.39474753753669,
        1510.313232422
      ],
      [
        -104.61479614711816,
        38.39482533673537,
        1510.180664062
      ],
      [
        -104.61473858854126,
        38.39490313593406,
        1510.068237305
      ],
      [
        -104.61468102996434,
        38.39498093513274,
        1509.910888672
      ],
      [
        -104.61462427409622,
        38.39505908387128,
        1509.877441406
      ],
      [
        -104.61457040329994,
        38.39513848891548,
        1509.776245117
      ],
      [
        -104.61451653250366,
        38.39521789395968,
        1509.732421875
      ],
      [
        -104.61446266170738,
        38.395297299003886,
        1509.728759766
      ],
      [
        -104.6144087909111,
        38.39537670404809,
        1509.740356445
      ],
      [
        -104.61435518417213,
        38.39545621616597,
        1509.794189453
      ],
      [
        -104.6143036151948,
        38.39553655458418,
        1509.925415039
      ],
      [
        -104.61425204621747,
        38.39561689300239,
        1510.041625977
      ],
      [
        -104.61420047724016,
        38.395697231420606,
        1510.052856445
      ],
      [
        -104.61414890826283,
        38.39577756983881,
        1510.071655273
      ],
      [
        -104.6140974237491,
        38.39585794007042,
        1510.076660156
      ],
      [
        -104.61404960737454,
        38.39593969191475,
        1509.992919922
      ],
      [
        -104.61400179099998,
        38.396021443759075,
        1509.936645508
      ],
      [
        -104.61395397462543,
        38.396103195603395,
        1509.899169922
      ],
      [
        -104.61390615825087,
        38.39618494744772,
        1509.835571289
      ],
      [
        -104.61385834187632,
        38.39626669929205,
        1509.779907227
      ],
      [
        -104.61381289491497,
        38.396349275512286,
        1509.861450195
      ],
      [
        -104.61376760892611,
        38.39643190773872,
        1509.901367188
      ],
      [
        -104.61372232293724,
        38.39651453996517,
        1509.998901367
      ],
      [
        -104.61367703694837,
        38.396597172191605,
        1510.877563477
      ],
      [
        -104.6136317509595,
        38.39667980441804,
        1511.638916016
      ],
      [
        -104.61358951467273,
        38.39676341501801,
        1511.770141602
      ],
      [
        -104.61354787897243,
        38.39684721829183,
        1511.948120117
      ],
      [
        -104.61350624327211,
        38.39693102156566,
        1511.87109375
      ],
      [
        -104.61346460757181,
        38.397014824839495,
        1511.887329102
      ],
      [
        -104.6134229718715,
        38.397098628113326,
        1511.907348633
      ],
      [
        -104.6133813361712,
        38.39718243138716,
        1511.809936523
      ],
      [
        -104.61334149645255,
        38.39726676628748,
        1511.609863281
      ],
      [
        -104.61330205365509,
        38.39735121867999,
        1511.904907227
      ],
      [
        -104.61326261085762,
        38.397435671072486,
        1511.597290039
      ],
      [
        -104.61322599920896,
        38.39752089819598,
        1511.108642578
      ],
      [
        -104.61318979957555,
        38.39760623806555,
        1510.152832031
      ],
      [
        -104.61315359994212,
        38.39769157793513,
        1509.901000977
      ],
      [
        -104.61311776899747,
        38.3977770133124,
        1509.901000977
      ],
      [
        -104.6130819630667,
        38.397862455169445,
        1509.893310547
      ],
      [
        -104.61304650927178,
        38.39794798485459,
        1509.888183594
      ],
      [
        -104.61301272301523,
        38.398033930449515,
        1509.842041016
      ],
      [
        -104.61297893675868,
        38.39811987604443,
        1509.92578125
      ],
      [
        -104.61294626346739,
        38.39820607847369,
        1510.021972656
      ],
      [
        -104.61291523210559,
        38.39829265980413,
        1510.093261719
      ],
      [
        -104.6128842007438,
        38.39837924113456,
        1510.209228516
      ],
      [
        -104.612853169382,
        38.398465822465,
        1510.26953125
      ],
      [
        -104.61282271494345,
        38.398552525240795,
        1510.290771484
      ],
      [
        -104.61279421866588,
        38.39863964021975,
        1510.440795898
      ],
      [
        -104.61276572238833,
        38.3987267551987,
        1510.541992188
      ],
      [
        -104.61273722611077,
        38.398813870177655,
        1510.57824707
      ],
      [
        -104.61270952095889,
        38.398901137492594,
        1510.844482422
      ],
      [
        -104.61268326338673,
        38.39898868354768,
        1510.828369141
      ],
      [
        -104.61265700581458,
        38.39907622960277,
        1510.93371582
      ],
      [
        -104.61263074824242,
        38.399163775657854,
        1510.806152344
      ],
      [
        -104.61260449067026,
        38.39925132171294,
        1510.966186523
      ],
      [
        -104.6125782330981,
        38.39933886776802,
        1510.83984375
      ],
      [
        -104.61255197552596,
        38.39942641382311,
        1510.751098633
      ],
      [
        -104.61252920987694,
        38.39951455588007,
        1510.93359375
      ],
      [
        -104.61250663726796,
        38.39960273088512,
        1510.826171875
      ],
      [
        -104.61248406465897,
        38.399690905890175,
        1510.963623047
      ],
      [
        -104.61246149204999,
        38.39977908089523,
        1510.888671875
      ],
      [
        -104.61244156423926,
        38.39986763978509,
        1510.989013672
      ],
      [
        -104.61242234922982,
        38.399956302136,
        1511.024047852
      ],
      [
        -104.61240313422037,
        38.40004496448691,
        1510.926147461
      ],
      [
        -104.61238391921093,
        38.40013362683782,
        1510.961181641
      ],
      [
        -104.61236470420148,
        38.400222289188726,
        1510.885986328
      ],
      [
        -104.61234548919205,
        38.40031095153964,
        1510.880981445
      ],
      [
        -104.6123262741826,
        38.40039961389055,
        1510.862182617
      ],
      [
        -104.61230705917316,
        38.400488276241454,
        1510.745849609
      ],
      [
        -104.61228784416372,
        38.400576938592366,
        1510.680175781
      ],
      [
        -104.61226862915427,
        38.40066560094328,
        1510.487792969
      ],
      [
        -104.61224941414483,
        38.40075426329418,
        1510.367797852
      ],
      [
        -104.6122301991354,
        38.400842925645094,
        1510.180419922
      ],
      [
        -104.61221098412595,
        38.400931587996006,
        1510.147949219
      ],
      [
        -104.6121917691165,
        38.40102025034691,
        1510.116577148
      ],
      [
        -104.61217255410706,
        38.40110891269782,
        1510.024047852
      ],
      [
        -104.61215333909762,
        38.40119757504873,
        1510.047851562
      ],
      [
        -104.61213412408817,
        38.40128623739964,
        1509.994140625
      ],
      [
        -104.61211490907874,
        38.40137489975055,
        1510.029418945
      ],
      [
        -104.6120956940693,
        38.401463562101455,
        1510.004394531
      ],
      [
        -104.61207647905985,
        38.40155222445237,
        1509.955688477
      ],
      [
        -104.6120572640504,
        38.40164088680328,
        1509.845581055
      ],
      [
        -104.61203804904096,
        38.40172954915418,
        1509.829345703
      ],
      [
        -104.61201884094406,
        38.401818212420665,
        1509.749389648
      ],
      [
        -104.61199986062009,
        38.401906905855874,
        1509.745605469
      ],
      [
        -104.61198088029612,
        38.40199559929108,
        1509.73059082
      ],
      [
        -104.61196189997213,
        38.402084292726286,
        1509.71081543
      ],
      [
        -104.61194291964816,
        38.402172986161496,
        1509.716674805
      ],
      [
        -104.61192393932417,
        38.4022616795967,
        1509.701660156
      ],
      [
        -104.61190494616073,
        38.40235037135492,
        1509.706665039
      ],
      [
        -104.6118859343554,
        38.40243906067829,
        1509.706665039
      ],
      [
        -104.61186692255008,
        38.40252775000166,
        1509.706665039
      ],
      [
        -104.61184791074474,
        38.40261643932504,
        1509.727905273
      ],
      [
        -104.61182889893941,
        38.40270512864841,
        1509.731689453
      ],
      [
        -104.61180988713409,
        38.40279381797178,
        1509.74609375
      ],
      [
        -104.61179087532875,
        38.402882507295146,
        1509.749633789
      ],
      [
        -104.61177186352342,
        38.40297119661852,
        1509.750854492
      ],
      [
        -104.6117528517181,
        38.40305988594189,
        1509.777099609
      ],
      [
        -104.61173383991276,
        38.40314857526526,
        1509.760864258
      ],
      [
        -104.61171482810742,
        38.40323726458863,
        1509.684082031
      ],
      [
        -104.6116958163021,
        38.403325953912,
        1509.362915039
      ],
      [
        -104.61167680449677,
        38.40341464323538,
        1508.964111328
      ],
      [
        -104.61165777876649,
        38.403503330713086,
        1508.443969727
      ],
      [
        -104.61163847517683,
        38.403591981362396,
        1508.134155273
      ],
      [
        -104.61161917158717,
        38.40368063201171,
        1507.820068359
      ],
      [
        -104.6115998679975,
        38.40376928266102,
        1507.701293945
      ],
      [
        -104.61158056440784,
        38.40385793331033,
        1507.575073242
      ],
      [
        -104.61156126081818,
        38.40394658395963,
        1507.53137207
      ],
      [
        -104.61154195722851,
        38.40403523460894,
        1507.490112305
      ],
      [
        -104.61152265363884,
        38.40412388525825,
        1507.351318359
      ],
      [
        -104.61150335004919,
        38.40421253590756,
        1507.315063477
      ],
      [
        -104.61148404645952,
        38.40430118655687,
        1507.181030273
      ],
      [
        -104.61146474286986,
        38.404389837206175,
        1507.161010742
      ],
      [
        -104.6114454392802,
        38.404478487855485,
        1507.141113281
      ],
      [
        -104.61142613569054,
        38.404567138504795,
        1507.031005859
      ],
      [
        -104.61140683675299,
        38.40465578978101,
        1507.019775391
      ],
      [
        -104.61138756243503,
        38.40474444437487,
        1506.926025391
      ],
      [
        -104.61136828811706,
        38.40483309896874,
        1506.918457031
      ],
      [
        -104.61134901379911,
        38.4049217535626,
        1506.812255859
      ],
      [
        -104.61132973948115,
        38.405010408156464,
        1506.765625
      ],
      [
        -104.61131046516319,
        38.40509906275033,
        1506.705566406
      ],
      [
        -104.61129119084522,
        38.40518771734419,
        1506.66796875
      ],
      [
        -104.61127191652726,
        38.40527637193806,
        1506.660522461
      ],
      [
        -104.61125264220931,
        38.40536502653192,
        1506.604248047
      ],
      [
        -104.6112335596257,
        38.405453706598685,
        1506.635498047
      ],
      [
        -104.61121449730443,
        38.4055423893574,
        1506.655517578
      ],
      [
        -104.61119543498314,
        38.405631072116115,
        1506.652954102
      ],
      [
        -104.61117637266186,
        38.40571975487483,
        1506.664794922
      ],
      [
        -104.61115731034057,
        38.40580843763355,
        1506.631469727
      ],
      [
        -104.61114209999971,
        38.40587920000116,
        1506.638916016
      ],
      [
        -104.61113780629331,
        38.40589705863929,
        1506.646484375
      ],
      [
        -104.61111655799985,
        38.40598543580065,
        1506.619018555
      ],
      [
        -104.6110975759107,
        38.406074127802654,
        1506.655273438
      ],
      [
        -104.61107876077844,
        38.40616284299975,
        1506.66027832
      ],
      [
        -104.61105994564616,
        38.406251558196836,
        1506.630249023
      ],
      [
        -104.6110411305139,
        38.40634027339393,
        1506.66027832
      ],
      [
        -104.61102231538162,
        38.406428988591024,
        1506.631469727
      ],
      [
        -104.61100350024935,
        38.40651770378811,
        1506.677246094
      ],
      [
        -104.61098468511707,
        38.406606418985206,
        1506.752441406
      ],
      [
        -104.61096586998481,
        38.4066951341823,
        1506.781738281
      ],
      [
        -104.61094705485255,
        38.40678384937939,
        1507.000488281
      ],
      [
        -104.61092823972027,
        38.40687256457648,
        1505.723999023
      ],
      [
        -104.61090862827116,
        38.40696117261978,
        1504.165161133
      ],
      [
        -104.6108885925846,
        38.40704972357694,
        1503.585693359
      ],
      [
        -104.61086855689804,
        38.407138274534105,
        1503.518188477
      ],
      [
        -104.6108485212115,
        38.407226825491264,
        1503.675415039
      ],
      [
        -104.61082848552493,
        38.40731537644842,
        1505.880493164
      ],
      [
        -104.6108270999992,
        38.407321500003924,
        1508.833007812
      ],
      [
        -104.6108104062909,
        38.40740418458682,
        1510.398071289
      ],
      [
        -104.61079247240217,
        38.40749301183126,
        1510.351806641
      ],
      [
        -104.61077453851344,
        38.407581839075704,
        1510.360595703
      ],
      [
        -104.61075660462471,
        38.40767066632015,
        1510.079345703
      ],
      [
        -104.61073867073598,
        38.40775949356459,
        1509.928100586
      ],
      [
        -104.61072073684726,
        38.40784832080904,
        1509.835571289
      ],
      [
        -104.61070280295851,
        38.407937148053485,
        1509.750854492
      ],
      [
        -104.61068486906979,
        38.408025975297925,
        1509.756591797
      ],
      [
        -104.61068230000078,
        38.40803869999611,
        1509.756591797
      ],
      [
        -104.61066573885739,
        38.40811464836493,
        1509.780395508
      ],
      [
        -104.61064640861404,
        38.40820329565274,
        1509.837890625
      ],
      [
        -104.61062707837071,
        38.40829194294055,
        1509.872924805
      ],
      [
        -104.61060774812736,
        38.40838059022836,
        1509.962890625
      ],
      [
        -104.61058841788403,
        38.40846923751617,
        1510.10546875
      ],
      [
        -104.6105690876407,
        38.408557884803976,
        1510.102905273
      ],
      [
        -104.61054975739735,
        38.40864653209179,
        1510.347900391
      ],
      [
        -104.61053042715402,
        38.4087351793796,
        1510.735229492
      ],
      [
        -104.61051109691068,
        38.40882382666741,
        1511.369628906
      ],
      [
        -104.61049176666734,
        38.40891247395522,
        1511.844726562
      ],
      [
        -104.610472436424,
        38.40900112124303,
        1512.279663086
      ],
      [
        -104.61045310618067,
        38.40908976853084,
        1512.619628906
      ],
      [
        -104.61043377593732,
        38.40917841581865,
        1512.873413086
      ],
      [
        -104.61041444569399,
        38.40926706310646,
        1513.079711914
      ],
      [
        -104.61039511545064,
        38.409355710394266,
        1513.178466797
      ],
      [
        -104.61037578520731,
        38.40944435768208,
        1513.422851562
      ],
      [
        -104.61035645496398,
        38.40953300496989,
        1513.768554688
      ],
      [
        -104.61033712472063,
        38.4096216522577,
        1514.123535156
      ],
      [
        -104.6103177944773,
        38.40971029954551,
        1514.184814453
      ],
      [
        -104.61029846423396,
        38.40979894683332,
        1514.36730957
      ],
      [
        -104.61027913399062,
        38.40988759412113,
        1514.279785156
      ],
      [
        -104.61025980374728,
        38.40997624140894,
        1514.40222168
      ],
      [
        -104.61024047350395,
        38.41006488869675,
        1514.208618164
      ],
      [
        -104.6102211432606,
        38.410153535984556,
        1513.878417969
      ],
      [
        -104.61020181301727,
        38.410242183272366,
        1513.466552734
      ],
      [
        -104.61018248277392,
        38.41033083056018,
        1513.060302734
      ],
      [
        -104.61016315253059,
        38.41041947784799,
        1513.087890625
      ],
      [
        -104.61014382228726,
        38.4105081251358,
        1512.946655273
      ],
      [
        -104.61012449204391,
        38.41059677242361,
        1512.995361328
      ],
      [
        -104.61010516180058,
        38.41068541971142,
        1513.062866211
      ],
      [
        -104.61008583155724,
        38.41077406699923,
        1512.951538086
      ],
      [
        -104.6100665013139,
        38.41086271428704,
        1513.020385742
      ],
      [
        -104.61004717107056,
        38.41095136157485,
        1512.924560547
      ],
      [
        -104.61002784082723,
        38.411040008862656,
        1512.975097656
      ],
      [
        -104.61000851058388,
        38.41112865615047,
        1512.866333008
      ],
      [
        -104.60998918034055,
        38.41121730343828,
        1512.913818359
      ],
      [
        -104.6099698500972,
        38.41130595072609,
        1512.970092773
      ],
      [
        -104.60995051985387,
        38.4113945980139,
        1512.882568359
      ],
      [
        -104.60993118961053,
        38.41148324530171,
        1512.921386719
      ],
      [
        -104.60991194651092,
        38.411571904051236,
        1512.870117188
      ],
      [
        -104.60989330646125,
        38.41166064211786,
        1512.982177734
      ],
      [
        -104.60987466641159,
        38.41174938018449,
        1513.177001953
      ],
      [
        -104.60985602636192,
        38.41183811825111,
        1513.298339844
      ],
      [
        -104.60983738631225,
        38.41192685631774,
        1513.48449707
      ],
      [
        -104.60981846487505,
        38.41201555761892,
        1513.674560547
      ],
      [
        -104.60979933708074,
        38.412104231957954,
        1513.983276367
      ],
      [
        -104.60978020928646,
        38.412192906296994,
        1514.399536133
      ],
      [
        -104.60976108149215,
        38.412281580636034,
        1514.86328125
      ],
      [
        -104.60974195369785,
        38.41237025497507,
        1515.285888672
      ],
      [
        -104.60972282590355,
        38.41245892931411,
        1515.520874023
      ],
      [
        -104.60970369810926,
        38.412547603653145,
        1515.752075195
      ],
      [
        -104.60968457031495,
        38.412636277992185,
        1515.770874023
      ],
      [
        -104.60966544252065,
        38.412724952331224,
        1515.775878906
      ],
      [
        -104.60964631472636,
        38.412813626670264,
        1515.780883789
      ],
      [
        -104.60962713470764,
        38.412902294089704,
        1515.772094727
      ],
      [
        -104.60960791278994,
        38.41299095595764,
        1515.783325195
      ],
      [
        -104.60958869087226,
        38.413079617825574,
        1515.775878906
      ],
      [
        -104.60956946895456,
        38.41316827969351,
        1515.77734375
      ],
      [
        -104.60955024703686,
        38.41325694156144,
        1515.77746582
      ],
      [
        -104.60953102511918,
        38.41334560342938,
        1515.778686523
      ],
      [
        -104.6095118026136,
        38.41343426522628,
        1515.793701172
      ],
      [
        -104.60949257361906,
        38.413522926239104,
        1515.795776367
      ],
      [
        -104.60947334462453,
        38.413611587251935,
        1515.845825195
      ],
      [
        -104.60945411563002,
        38.41370024826477,
        1515.904785156
      ],
      [
        -104.60943488663548,
        38.41378890927759,
        1516.036132812
      ],
      [
        -104.60941565764095,
        38.413877570290424,
        1516.170776367
      ],
      [
        -104.60939642864642,
        38.413966231303256,
        1516.273925781
      ],
      [
        -104.60937719965189,
        38.41405489231608,
        1516.451416016
      ],
      [
        -104.60935797065736,
        38.41414355332891,
        1516.649047852
      ],
      [
        -104.60933874166282,
        38.414232214341745,
        1516.883911133
      ],
      [
        -104.60931951266829,
        38.41432087535457,
        1517.167724609
      ],
      [
        -104.60930028367376,
        38.4144095363674,
        1517.47265625
      ],
      [
        -104.60928105467923,
        38.41449819738023,
        1517.827758789
      ],
      [
        -104.6092618256847,
        38.41458685839306,
        1517.917724609
      ],
      [
        -104.60924259669018,
        38.41467551940589,
        1518.158447266
      ],
      [
        -104.60922336769565,
        38.41476418041872,
        1518.384033203
      ],
      [
        -104.60920413870112,
        38.414852841431546,
        1518.645385742
      ],
      [
        -104.60918490970658,
        38.41494150244438,
        1518.825317383
      ],
      [
        -104.60916568071205,
        38.41503016345721,
        1518.832763672
      ],
      [
        -104.60914645171752,
        38.415118824470035,
        1518.830322266
      ],
      [
        -104.60912722272299,
        38.41520748548287,
        1518.82409668
      ],
      [
        -104.60910799372846,
        38.4152961464957,
        1518.837768555
      ],
      [
        -104.60908876473393,
        38.415384807508524,
        1518.835327148
      ],
      [
        -104.6090695357394,
        38.415473468521355,
        1518.872436523
      ],
      [
        -104.60905030674486,
        38.41556212953419,
        1518.967407227
      ],
      [
        -104.60903107775034,
        38.41565079054701,
        1518.922363281
      ],
      [
        -104.60901184875581,
        38.415739451559844,
        1518.974975586
      ],
      [
        -104.60899261976128,
        38.415828112572676,
        1519.013671875
      ],
      [
        -104.60897339076675,
        38.4159167735855,
        1518.939941406
      ],
      [
        -104.60895416177222,
        38.41600543459833,
        1518.987426758
      ],
      [
        -104.60893493277769,
        38.416094095611165,
        1518.932861328
      ],
      [
        -104.60891570378315,
        38.41618275662399,
        1518.971557617
      ],
      [
        -104.60889647478862,
        38.41627141763682,
        1518.925415039
      ],
      [
        -104.60887724579409,
        38.41636007864965,
        1518.967895508
      ],
      [
        -104.60885801679956,
        38.41644873966248,
        1519.015380859
      ],
      [
        -104.60883878780503,
        38.41653740067531,
        1518.950317383
      ],
      [
        -104.60881955881051,
        38.41662606168814,
        1518.970336914
      ],
      [
        -104.60880032981598,
        38.416714722700966,
        1518.921630859
      ],
      [
        -104.60878110082145,
        38.4168033837138,
        1518.946655273
      ],
      [
        -104.60876187182691,
        38.41689204472663,
        1518.927490234
      ],
      [
        -104.60874264283238,
        38.416980705739455,
        1518.881347656
      ],
      [
        -104.60872341383785,
        38.41706936675229,
        1518.84765625
      ],
      [
        -104.60870418484332,
        38.41715802776512,
        1518.819458008
      ],
      [
        -104.60868495584879,
        38.417246688777944,
        1518.829467773
      ],
      [
        -104.60866572685426,
        38.417335349790775,
        1518.823486328
      ],
      [
        -104.60864649785972,
        38.41742401080361,
        1518.829833984
      ],
      [
        -104.60862726886519,
        38.41751267181643,
        1518.831054688
      ],
      [
        -104.60860803987067,
        38.417601332829264,
        1518.812988281
      ],
      [
        -104.60858881087614,
        38.417689993842096,
        1518.810302734
      ],
      [
        -104.60856961249472,
        38.41777865892514,
        1518.814086914
      ],
      [
        -104.60855058522583,
        38.41786734675872,
        1518.825317383
      ],
      [
        -104.60853155795695,
        38.41795603459231,
        1518.825317383
      ],
      [
        -104.60851253068806,
        38.41804472242589,
        1518.814086914
      ],
      [
        -104.60849350341918,
        38.41813341025948,
        1518.810302734
      ],
      [
        -104.60847447615029,
        38.41822209809306,
        1518.814086914
      ],
      [
        -104.60845544888141,
        38.41831078592664,
        1518.825683594
      ],
      [
        -104.60843642161252,
        38.41839947376023,
        1518.827758789
      ],
      [
        -104.60841739434365,
        38.418488161593814,
        1518.831542969
      ],
      [
        -104.60839836707476,
        38.418576849427396,
        1518.831542969
      ],
      [
        -104.60837933980588,
        38.418665537260985,
        1518.826538086
      ],
      [
        -104.60836031253699,
        38.41875422509457,
        1518.826538086
      ],
      [
        -104.6083412852681,
        38.41884291292815,
        1518.816650391
      ],
      [
        -104.60832225799922,
        38.41893160076174,
        1518.827758789
      ],
      [
        -104.60830323073033,
        38.41902028859532,
        1518.831542969
      ],
      [
        -104.60828420346145,
        38.4191089764289,
        1518.819946289
      ],
      [
        -104.60826517619256,
        38.41919766426249,
        1518.815551758
      ],
      [
        -104.60824614892368,
        38.41928635209607,
        1518.719360352
      ],
      [
        -104.60822712165479,
        38.419375039929655,
        1518.581787109
      ],
      [
        -104.60820809438592,
        38.419463727763244,
        1518.413085938
      ],
      [
        -104.60818906711702,
        38.419552415596826,
        1518.285522461
      ],
      [
        -104.60816992466654,
        38.41964108826011,
        1518.210571289
      ],
      [
        -104.60815073927591,
        38.419729755267845,
        1518.133056641
      ],
      [
        -104.60813155388527,
        38.41981842227558,
        1518.112915039
      ],
      [
        -104.60811236849464,
        38.41990708928332,
        1518.08996582
      ],
      [
        -104.60809318310402,
        38.41999575629105,
        1518.042480469
      ],
      [
        -104.60807399771339,
        38.42008442329879,
        1518.038696289
      ],
      [
        -104.60805481232276,
        38.42017309030653,
        1517.998779297
      ],
      [
        -104.60803562693214,
        38.420261757314265,
        1517.994995117
      ],
      [
        -104.6080164415415,
        38.420350424321995,
        1517.93762207
      ],
      [
        -104.60799725615087,
        38.42043909132973,
        1517.932617188
      ],
      [
        -104.60797807076024,
        38.42052775833747,
        1517.930175781
      ],
      [
        -104.60795888536961,
        38.42061642534521,
        1517.880737305
      ],
      [
        -104.60793969997899,
        38.42070509235294,
        1517.891967773
      ],
      [
        -104.60792051458836,
        38.42079375936068,
        1517.8203125
      ],
      [
        -104.60790132919772,
        38.420882426368415,
        1517.827758789
      ],
      [
        -104.60788214380709,
        38.42097109337615,
        1517.842773438
      ],
      [
        -104.60786295841646,
        38.42105976038389,
        1517.777832031
      ],
      [
        -104.60784377302583,
        38.42114842739162,
        1517.781494141
      ],
      [
        -104.6078245876352,
        38.42123709439936,
        1517.711547852
      ],
      [
        -104.60780540224458,
        38.4213257614071,
        1517.703369141
      ],
      [
        -104.60778621685394,
        38.421414428414835,
        1517.645629883
      ],
      [
        -104.60776703146331,
        38.421503095422565,
        1517.665649414
      ],
      [
        -104.60774784607268,
        38.4215917624303,
        1517.689453125
      ],
      [
        -104.60772866068206,
        38.42168042943804,
        1517.635620117
      ],
      [
        -104.60770947529143,
        38.42176909644578,
        1517.659423828
      ],
      [
        -104.6076902899008,
        38.42185776345351,
        1517.610717773
      ],
      [
        -104.60767110451016,
        38.42194643046125,
        1517.639404297
      ],
      [
        -104.60765191911953,
        38.422035097468985,
        1517.698730469
      ],
      [
        -104.6076327337289,
        38.42212376447672,
        1517.724121094
      ],
      [
        -104.60761354833828,
        38.42221243148446,
        1517.805419922
      ],
      [
        -104.60759436294765,
        38.42230109849219,
        1517.866577148
      ],
      [
        -104.60757517755702,
        38.42238976549993,
        1518.001586914
      ],
      [
        -104.60755599216638,
        38.42247843250767,
        1518.247924805
      ],
      [
        -104.60753680677576,
        38.422567099515405,
        1518.51171875
      ],
      [
        -104.60751762138513,
        38.422655766523135,
        1518.749145508
      ],
      [
        -104.60749844440211,
        38.42274443466735,
        1518.833374023
      ],
      [
        -104.60747930303525,
        38.42283310762587,
        1518.833618164
      ],
      [
        -104.6074601616684,
        38.42292178058439,
        1518.828613281
      ],
      [
        -104.60744102030154,
        38.42301045354291,
        1518.818603516
      ],
      [
        -104.60742187893467,
        38.42309912650143,
        1518.814819336
      ],
      [
        -104.60740273756782,
        38.423187799459946,
        1518.826049805
      ],
      [
        -104.60738359620096,
        38.423276472418465,
        1518.829833984
      ],
      [
        -104.6073644548341,
        38.423365145376984,
        1518.818603516
      ],
      [
        -104.60734531346723,
        38.4234538183355,
        1518.814819336
      ],
      [
        -104.60732617210039,
        38.42354249129402,
        1518.813598633
      ],
      [
        -104.60730703073352,
        38.42363116425254,
        1518.823120117
      ],
      [
        -104.60728788936666,
        38.42371983721106,
        1518.823120117
      ],
      [
        -104.60726874799981,
        38.42380851016958,
        1518.82409668
      ],
      [
        -104.60724960663295,
        38.4238971831281,
        1518.816650391
      ],
      [
        -104.60723046526608,
        38.42398585608662,
        1518.822387695
      ],
      [
        -104.60721132389924,
        38.424074529045136,
        1518.814941406
      ],
      [
        -104.60719218253237,
        38.42416320200365,
        1518.826171875
      ],
      [
        -104.60717304116551,
        38.42425187496217,
        1518.824829102
      ],
      [
        -104.60715389979866,
        38.424340547920686,
        1518.818115234
      ],
      [
        -104.6071347584318,
        38.424429220879205,
        1518.818115234
      ],
      [
        -104.60711561706493,
        38.424517893837724,
        1518.816894531
      ],
      [
        -104.60709647569807,
        38.42460656679624,
        1518.814331055
      ],
      [
        -104.60707733433122,
        38.42469523975476,
        1518.814331055
      ],
      [
        -104.60705819296436,
        38.42478391271328,
        1518.818115234
      ],
      [
        -104.6070390515975,
        38.4248725856718,
        1518.818115234
      ],
      [
        -104.60701991023065,
        38.42496125863032,
        1518.818115234
      ],
      [
        -104.60700076886378,
        38.42504993158884,
        1518.818237305
      ],
      [
        -104.60698162749692,
        38.42513860454736,
        1518.818237305
      ],
      [
        -104.60696248613007,
        38.425227277505876,
        1518.818237305
      ],
      [
        -104.60694334476321,
        38.425315950464395,
        1518.818237305
      ],
      [
        -104.60692420339635,
        38.425404623422914,
        1518.818237305
      ],
      [
        -104.6069050620295,
        38.42549329638143,
        1518.818237305
      ],
      [
        -104.60688592066263,
        38.42558196933995,
        1518.818237305
      ],
      [
        -104.60686677929577,
        38.42567064229847,
        1518.818237305
      ],
      [
        -104.60684763792891,
        38.42575931525699,
        1518.813110352
      ],
      [
        -104.60682849656206,
        38.42584798821551,
        1518.871337891
      ],
      [
        -104.606809635477,
        38.42593669790712,
        1519.002685547
      ],
      [
        -104.60679093586091,
        38.42602542876048,
        1519.122680664
      ],
      [
        -104.60677223624482,
        38.426114159613846,
        1519.185180664
      ],
      [
        -104.60675353662874,
        38.42620289046721,
        1519.178955078
      ],
      [
        -104.60673483701265,
        38.426291621320566,
        1519.266357422
      ],
      [
        -104.60671613739656,
        38.42638035217393,
        1519.195068359
      ],
      [
        -104.60669934826075,
        38.426469311065134,
        1519.244995117
      ],
      [
        -104.6066834700495,
        38.426558378685684,
        1519.280761719
      ],
      [
        -104.60666759183826,
        38.42664744630624,
        1519.162109375
      ],
      [
        -104.60665171362702,
        38.42673651392679,
        1519.209594727
      ],
      [
        -104.60663583541577,
        38.42682558154734,
        1519.260742188
      ],
      [
        -104.60661995720453,
        38.4269146491679,
        1519.159545898
      ],
      [
        -104.60660864864556,
        38.42700410688929,
        1519.21081543
      ],
      [
        -104.60659966691354,
        38.42709376324662,
        1519.258300781
      ],
      [
        -104.60659068518152,
        38.42718341960395,
        1519.325317383
      ],
      [
        -104.60658170344948,
        38.427273075961274,
        1519.194458008
      ],
      [
        -104.60657272171746,
        38.4273627323186,
        1519.287719727
      ],
      [
        -104.60656373998543,
        38.42745238867593,
        1519.494018555
      ],
      [
        -104.60655475825341,
        38.427542045033256,
        1519.876586914
      ],
      [
        -104.60654577652137,
        38.42763170139059,
        1520.336547852
      ],
      [
        -104.60653679478935,
        38.42772135774791,
        1520.614501953
      ],
      [
        -104.60652781305733,
        38.427811014105245,
        1520.908203125
      ],
      [
        -104.6065188313253,
        38.42790067046257,
        1521.105712891
      ],
      [
        -104.60650984959327,
        38.427990326819895,
        1521.21484375
      ],
      [
        -104.60650156784395,
        38.428080019120564,
        1521.28503418
      ],
      [
        -104.60649553482105,
        38.42816982689085,
        1521.353759766
      ],
      [
        -104.60648950179817,
        38.428259634661146,
        1521.349975586
      ],
      [
        -104.60648346877527,
        38.42834944243143,
        1521.408691406
      ],
      [
        -104.60647743575238,
        38.42843925020172,
        1521.457519531
      ],
      [
        -104.60647140272948,
        38.428529057972014,
        1521.510009766
      ],
      [
        -104.6064653697066,
        38.4286188657423,
        1521.579956055
      ],
      [
        -104.6064593366837,
        38.42870867351259,
        1521.616821289
      ],
      [
        -104.60645330366081,
        38.42879848128288,
        1521.688598633
      ],
      [
        -104.60644727063791,
        38.42888828905317,
        1521.752319336
      ],
      [
        -104.60644123761503,
        38.42897809682346,
        1521.723999023
      ],
      [
        -104.60643520459213,
        38.42906790459375,
        1521.735351562
      ],
      [
        -104.60642917156925,
        38.42915771236404,
        1521.817871094
      ],
      [
        -104.60642313854635,
        38.429247520134325,
        1522.064086914
      ],
      [
        -104.60641710552346,
        38.42933732790462,
        1522.287719727
      ],
      [
        -104.60641107250056,
        38.429427135674906,
        1522.378540039
      ],
      [
        -104.60640503947768,
        38.42951694344519,
        1522.435791016
      ],
      [
        -104.60639900645478,
        38.42960675121549,
        1522.478271484
      ],
      [
        -104.6063929734319,
        38.429696558985775,
        1522.330688477
      ],
      [
        -104.60638694040901,
        38.42978636675606,
        1522.386962891
      ],
      [
        -104.60638090738611,
        38.429876174526356,
        1522.432006836
      ],
      [
        -104.60637487436323,
        38.42996598229664,
        1522.481933594
      ],
      [
        -104.60636884134033,
        38.43005579006693,
        1522.543212891
      ],
      [
        -104.60636280831744,
        38.43014559783722,
        1522.596313477
      ],
      [
        -104.60635677529454,
        38.43023540560751,
        1522.627441406
      ],
      [
        -104.60635074227166,
        38.4303252133778,
        1522.44921875
      ],
      [
        -104.60634470924876,
        38.430415021148086,
        1522.51184082
      ],
      [
        -104.60633867622587,
        38.43050482891838,
        1522.580566406
      ],
      [
        -104.60633264320298,
        38.43059463668867,
        1522.650512695
      ],
      [
        -104.60632661018009,
        38.430684444458954,
        1522.731811523
      ],
      [
        -104.60632057715719,
        38.43077425222925,
        1522.809326172
      ],
      [
        -104.6063145441343,
        38.430864059999536,
        1522.888061523
      ],
      [
        -104.60630851111141,
        38.43095386776982,
        1522.973632812
      ],
      [
        -104.60630247808852,
        38.43104367554012,
        1522.709350586
      ],
      [
        -104.60629644506562,
        38.431133483310404,
        1522.797973633
      ],
      [
        -104.60629041204274,
        38.43122329108069,
        1522.903076172
      ],
      [
        -104.60628437901984,
        38.431313098850985,
        1523.013061523
      ],
      [
        -104.60627834599696,
        38.43140290662127,
        1523.134277344
      ],
      [
        -104.60627231297406,
        38.43149271439156,
        1523.274291992
      ],
      [
        -104.60626627995117,
        38.431582522161854,
        1523.419311523
      ],
      [
        -104.60626024692827,
        38.43167232993214,
        1523.493774414
      ],
      [
        -104.60625421390539,
        38.43176213770243,
        1523.186035156
      ],
      [
        -104.60624818088249,
        38.431851945472715,
        1523.30480957
      ],
      [
        -104.6062421478596,
        38.43194175324301,
        1523.444824219
      ],
      [
        -104.60623611483672,
        38.4320315610133,
        1523.574829102
      ],
      [
        -104.60623008181382,
        38.432121368783584,
        1523.727294922
      ],
      [
        -104.60622404879093,
        38.43221117655388,
        1523.909790039
      ],
      [
        -104.60621801576804,
        38.432300984324165,
        1524.094726562
      ],
      [
        -104.60621198274515,
        38.43239079209445,
        1523.630859375
      ],
      [
        -104.60620594972225,
        38.432480599864746,
        1523.715698242
      ],
      [
        -104.60619991669937,
        38.43257040763503,
        1523.785644531
      ],
      [
        -104.60619388367647,
        38.43266021540532,
        1523.851928711
      ],
      [
        -104.60618784477235,
        38.43275002292868,
        1523.906982422
      ],
      [
        -104.60618157417014,
        38.43283982072375,
        1523.966918945
      ],
      [
        -104.60617530356794,
        38.43292961851882,
        1524.04699707
      ],
      [
        -104.60616903296574,
        38.43301941631389,
        1524.136962891
      ],
      [
        -104.60616276236354,
        38.43310921410897,
        1523.709472656
      ],
      [
        -104.60615649176133,
        38.43319901190404,
        1523.751831055
      ],
      [
        -104.60615022115913,
        38.43328880969911,
        1523.821777344
      ],
      [
        -104.60614395055693,
        38.43337860749418,
        1523.912963867
      ],
      [
        -104.60613767995473,
        38.43346840528925,
        1524.054321289
      ],
      [
        -104.60613140935251,
        38.433558203084324,
        1524.291870117
      ],
      [
        -104.60612513875031,
        38.433648000879394,
        1524.504272461
      ],
      [
        -104.60611886814812,
        38.433737798674464,
        1524.402954102
      ],
      [
        -104.60611259754592,
        38.433827596469534,
        1524.568115234
      ],
      [
        -104.60610632694372,
        38.43391739426461,
        1524.644897461
      ],
      [
        -104.6061000563415,
        38.43400719205968,
        1524.696899414
      ],
      [
        -104.6060937857393,
        38.43409698985475,
        1524.751831055
      ],
      [
        -104.6060875151371,
        38.43418678764982,
        1524.784301758
      ],
      [
        -104.6060812445349,
        38.43427658544489,
        1524.786865234
      ],
      [
        -104.60607497393269,
        38.43436638323997,
        1524.804321289
      ],
      [
        -104.6060687033305,
        38.43445618103504,
        1524.725585938
      ],
      [
        -104.6060624327283,
        38.43454597883011,
        1524.729370117
      ],
      [
        -104.60605625195318,
        38.43463578045423,
        1524.733764648
      ],
      [
        -104.6060500909819,
        38.43472558292252,
        1524.747070312
      ],
      [
        -104.60604393001063,
        38.43481538539081,
        1524.763305664
      ],
      [
        -104.60603776903935,
        38.4349051878591,
        1524.781982422
      ],
      [
        -104.60603160806808,
        38.4349949903274,
        1524.79699707
      ],
      [
        -104.60602544709681,
        38.43508479279569,
        1524.733276367
      ],
      [
        -104.60601928612553,
        38.43517459526398,
        1524.749511719
      ],
      [
        -104.60601312515426,
        38.435264397732276,
        1524.754516602
      ],
      [
        -104.60600696418298,
        38.43535420020057,
        1524.760864258
      ],
      [
        -104.60600080321171,
        38.43544400266886,
        1524.774780273
      ],
      [
        -104.60599464224045,
        38.435533805137155,
        1524.794799805
      ],
      [
        -104.60598848126916,
        38.43562360760544,
        1524.801025391
      ],
      [
        -104.6059823202979,
        38.43571341007374,
        1524.814819336
      ],
      [
        -104.60597615932662,
        38.435803212542034,
        1524.738525391
      ],
      [
        -104.60596999835535,
        38.43589301501032,
        1524.747314453
      ],
      [
        -104.60596383738408,
        38.43598281747862,
        1524.769775391
      ],
      [
        -104.6059576764128,
        38.43607261994691,
        1524.769287109
      ],
      [
        -104.60595151544153,
        38.4361624224152,
        1524.790649414
      ],
      [
        -104.60594535447025,
        38.436252224883496,
        1524.778808594
      ],
      [
        -104.60593919349898,
        38.436342027351785,
        1524.730102539
      ],
      [
        -104.60593303252772,
        38.43643182982008,
        1524.778808594
      ],
      [
        -104.60592687155643,
        38.436521632288375,
        1525.235107422
      ],
      [
        -104.60592071058517,
        38.436611434756664,
        1525.730102539
      ],
      [
        -104.60591454961389,
        38.43670123722496,
        1525.962524414
      ],
      [
        -104.60590838864262,
        38.436791039693254,
        1526.065063477
      ],
      [
        -104.60590222767135,
        38.43688084216154,
        1526.141601562
      ],
      [
        -104.60589606670007,
        38.43697064462984,
        1526.219970703
      ],
      [
        -104.6058899057288,
        38.437060447098126,
        1526.329956055
      ],
      [
        -104.60588374475752,
        38.43715024956642,
        1526.126220703
      ],
      [
        -104.60587758378625,
        38.43724005203472,
        1526.303710938
      ],
      [
        -104.60587142281499,
        38.437329854503005,
        1526.574951172
      ],
      [
        -104.6058652618437,
        38.4374196569713,
        1526.841308594
      ],
      [
        -104.60585910087244,
        38.437509459439596,
        1527.017578125
      ],
      [
        -104.60585293990115,
        38.437599261907884,
        1527.121337891
      ],
      [
        -104.60584677892989,
        38.43768906437618,
        1527.158569336
      ],
      [
        -104.60584061795862,
        38.43777886684447,
        1527.05859375
      ],
      [
        -104.60583445698734,
        38.43786866931276,
        1527.124755859
      ],
      [
        -104.60582829601607,
        38.43795847178106,
        1527.191040039
      ],
      [
        -104.60582213504479,
        38.43804827424935,
        1527.222290039
      ],
      [
        -104.60581597407352,
        38.43813807671764,
        1527.301025391
      ],
      [
        -104.60580981310225,
        38.43822787918594,
        1527.328491211
      ],
      [
        -104.60580365213097,
        38.438317681654226,
        1527.356201172
      ],
      [
        -104.6057974911597,
        38.43840748412252,
        1527.421875
      ],
      [
        -104.60579133018842,
        38.43849728659081,
        1527.410400391
      ],
      [
        -104.60578516921716,
        38.438587089059105,
        1527.419067383
      ],
      [
        -104.60577900824589,
        38.4386768915274,
        1527.462890625
      ],
      [
        -104.60577284727461,
        38.43876669399569,
        1527.530395508
      ],
      [
        -104.60576668630334,
        38.438856496463984,
        1527.576660156
      ],
      [
        -104.60576052533206,
        38.43894629893228,
        1527.586669922
      ],
      [
        -104.60575436436079,
        38.43903610140057,
        1527.613037109
      ],
      [
        -104.60574820338952,
        38.43912590386886,
        1527.573608398
      ],
      [
        -104.60574204241824,
        38.43921570633715,
        1527.623535156
      ],
      [
        -104.60573588144698,
        38.43930550880545,
        1527.656005859
      ],
      [
        -104.6057297204757,
        38.43939531127374,
        1527.677246094
      ],
      [
        -104.60572355950443,
        38.43948511374203,
        1527.693603516
      ],
      [
        -104.60571739853316,
        38.439574916210326,
        1527.734741211
      ],
      [
        -104.60571123756188,
        38.439664718678614,
        1527.826049805
      ],
      [
        -104.60570507659061,
        38.43975452114691,
        1527.912353516
      ],
      [
        -104.60569891561934,
        38.439844323615205,
        1527.954711914
      ],
      [
        -104.60569275464806,
        38.43993412608349,
        1527.959472656
      ],
      [
        -104.6056865936768,
        38.44002392855179,
        1527.959472656
      ],
      [
        -104.60568043270551,
        38.440113731020084,
        1527.959472656
      ],
      [
        -104.60567427173424,
        38.44020353348837,
        1527.959472656
      ],
      [
        -104.60566811076298,
        38.44029333595667,
        1527.955688477
      ],
      [
        -104.6056619497917,
        38.440383138424956,
        1527.954467773
      ],
      [
        -104.60565578882043,
        38.44047294089325,
        1527.954467773
      ],
      [
        -104.60564962784915,
        38.440562743361546,
        1527.964233398
      ],
      [
        -104.60564346687788,
        38.440652545829835,
        1527.967529297
      ],
      [
        -104.60563730590661,
        38.44074234829813,
        1527.967529297
      ],
      [
        -104.60563114493533,
        38.440832150766425,
        1527.967529297
      ],
      [
        -104.60562498396406,
        38.440921953234714,
        1527.971313477
      ],
      [
        -104.60561882299278,
        38.44101175570301,
        1527.993774414
      ],
      [
        -104.60561266202151,
        38.4411015581713,
        1528.056274414
      ],
      [
        -104.60560650105025,
        38.44119136063959,
        1528.192504883
      ],
      [
        -104.60560034007896,
        38.44128116310789,
        1528.274536133
      ],
      [
        -104.6055941791077,
        38.441370965576176,
        1528.30065918
      ],
      [
        -104.60558801813642,
        38.44146076804447,
        1528.319458008
      ],
      [
        -104.60558185716515,
        38.44155057051277,
        1528.337036133
      ],
      [
        -104.60557569619388,
        38.441640372981055,
        1528.360717773
      ],
      [
        -104.6055695352226,
        38.44173017544935,
        1528.384521484
      ],
      [
        -104.60556337425133,
        38.44181997791764,
        1528.315795898
      ],
      [
        -104.60555721328005,
        38.441909780385934,
        1528.380737305
      ],
      [
        -104.60555105230878,
        38.44199958285423,
        1528.459594727
      ],
      [
        -104.60554489133752,
        38.44208938532252,
        1528.497436523
      ],
      [
        -104.6055387399139,
        38.44217918818859,
        1528.565063477
      ],
      [
        -104.60553273808071,
        38.442268997286966,
        1528.618774414
      ],
      [
        -104.60552673624754,
        38.44235880638534,
        1528.710083008
      ],
      [
        -104.60552073441436,
        38.44244861548372,
        1528.841308594
      ],
      [
        -104.60551473258118,
        38.44253842458209,
        1528.905029297
      ],
      [
        -104.60550873074801,
        38.442628233680466,
        1529.324951172
      ],
      [
        -104.60550272891483,
        38.44271804277884,
        1530.023803711
      ],
      [
        -104.60549672708166,
        38.44280785187722,
        1530.618530273
      ],
      [
        -104.60549072524847,
        38.44289766097559,
        1530.917602539
      ],
      [
        -104.6054847234153,
        38.442987470073966,
        1531.010131836
      ],
      [
        -104.60547872158213,
        38.44307727917234,
        1531.011352539
      ],
      [
        -104.60547271974895,
        38.44316708827072,
        1531.027587891
      ],
      [
        -104.60546671791577,
        38.44325689736909,
        1531.016357422
      ],
      [
        -104.60546071608259,
        38.443346706467466,
        1531.012573242
      ],
      [
        -104.60545471424942,
        38.44343651556584,
        1531.012573242
      ],
      [
        -104.60544871241625,
        38.44352632466422,
        1531.00378418
      ],
      [
        -104.60544271058306,
        38.44361613376259,
        1531.000854492
      ],
      [
        -104.60543670874989,
        38.443705942860966,
        1531.002075195
      ],
      [
        -104.6054307069167,
        38.44379575195934,
        1531.012084961
      ],
      [
        -104.60542470508354,
        38.44388556105772,
        1531.11706543
      ],
      [
        -104.60541870325036,
        38.44397537015609,
        1531.200805664
      ],
      [
        -104.60541270141718,
        38.444065179254466,
        1531.373413086
      ],
      [
        -104.60540669958401,
        38.44415498835284,
        1531.874511719
      ],
      [
        -104.60540069775082,
        38.44424479745122,
        1532.463867188
      ],
      [
        -104.60539469591765,
        38.44433460654959,
        1532.836914062
      ],
      [
        -104.60538869408448,
        38.444424415647966,
        1533.098144531
      ],
      [
        -104.6053826922513,
        38.44451422474634,
        1533.20690918
      ],
      [
        -104.60537669041813,
        38.44460403384472,
        1533.145629883
      ],
      [
        -104.60537068858494,
        38.44469384294309,
        1533.216918945
      ],
      [
        -104.60536468675177,
        38.444783652041465,
        1533.286865234
      ],
      [
        -104.6053586849186,
        38.44487346113984,
        1533.336914062
      ],
      [
        -104.60535268308541,
        38.44496327023822,
        1533.381469727
      ],
      [
        -104.60534668125224,
        38.44505307933659,
        1533.487548828
      ],
      [
        -104.60534067941906,
        38.445142888434965,
        1533.590087891
      ],
      [
        -104.60533467758589,
        38.44523269753334,
        1533.824951172
      ],
      [
        -104.60532867575272,
        38.44532250663172,
        1534.058837891
      ],
      [
        -104.60532267391953,
        38.44541231573009,
        1534.176269531
      ],
      [
        -104.60531649758755,
        38.44550211756468,
        1534.233764648
      ],
      [
        -104.60531029918349,
        38.44559191848049,
        1534.257446289
      ],
      [
        -104.60530410077943,
        38.4456817193963,
        1534.291259766
      ],
      [
        -104.60529790237537,
        38.4457715203121,
        1534.35144043
      ],
      [
        -104.6052917039713,
        38.44586132122791,
        1534.432006836
      ],
      [
        -104.60528550556724,
        38.44595112214372,
        1534.483154297
      ],
      [
        -104.60527930716317,
        38.44604092305952,
        1534.563232422
      ],
      [
        -104.6052731087591,
        38.44613072397533,
        1534.616943359
      ],
      [
        -104.60526691035506,
        38.44622052489113,
        1534.665649414
      ],
      [
        -104.60526071195099,
        38.44631032580694,
        1534.708251953
      ],
      [
        -104.60525451354692,
        38.44640012672275,
        1534.736938477
      ],
      [
        -104.60524831514286,
        38.44648992763855,
        1534.76574707
      ],
      [
        -104.6052421167388,
        38.44657972855436,
        1534.784423828
      ],
      [
        -104.6052360934634,
        38.44666953518087,
        1534.790649414
      ],
      [
        -104.60523273922236,
        38.44675942884083,
        1534.813110352
      ],
      [
        -104.60522938498131,
        38.44684932250079,
        1534.818115234
      ],
      [
        -104.60522603074027,
        38.44693921616075,
        1534.834350586
      ],
      [
        -104.60522267649922,
        38.44702910982071,
        1534.851928711
      ],
      [
        -104.60521932225818,
        38.44711900348067,
        1534.893188477
      ],
      [
        -104.60521596801715,
        38.447208897140634,
        1534.894042969
      ],
      [
        -104.60521357123137,
        38.44729879742549,
        1534.901367188
      ],
      [
        -104.60521489700186,
        38.44738872346772,
        1534.916381836
      ],
      [
        -104.60521622277236,
        38.44747864950994,
        1534.911376953
      ],
      [
        -104.60521754854284,
        38.44756857555217,
        1534.900146484
      ],
      [
        -104.60521887431332,
        38.4476585015944,
        1534.917602539
      ],
      [
        -104.60522020008382,
        38.447748427636625,
        1534.932617188
      ],
      [
        -104.60522160963876,
        38.44783835169248,
        1534.923950195
      ],
      [
        -104.6052272317513,
        38.44792817587666,
        1534.931152344
      ],
      [
        -104.60523285386384,
        38.44801800006084,
        1534.930541992
      ],
      [
        -104.60523847597638,
        38.44810782424502,
        1534.930541992
      ],
      [
        -104.60524409808892,
        38.44819764842921,
        1534.996826172
      ],
      [
        -104.60524972020146,
        38.44828747261339,
        1534.989257812
      ],
      [
        -104.605255342314,
        38.44837729679757,
        1534.981811523
      ],
      [
        -104.60526395402799,
        38.44846697008729,
        1534.969360352
      ],
      [
        -104.60527310392625,
        38.44855661621319,
        1534.961914062
      ],
      [
        -104.6052822538245,
        38.44864626233909,
        1534.960693359
      ],
      [
        -104.60529140372276,
        38.44873590846498,
        1534.988769531
      ],
      [
        -104.605300553621,
        38.44882555459088,
        1534.977661133
      ],
      [
        -104.60530970351927,
        38.448915200716776,
        1534.961425781
      ],
      [
        -104.60531885341753,
        38.449004846842676,
        1534.94519043
      ],
      [
        -104.60532800331578,
        38.44909449296857,
        1534.926391602
      ],
      [
        -104.60533715321404,
        38.44918413909447,
        1534.926513672
      ],
      [
        -104.6053463031123,
        38.44927378522037,
        1534.860229492
      ],
      [
        -104.60535545301055,
        38.449363431346264,
        1534.792724609
      ],
      [
        -104.60536460290881,
        38.449453077472164,
        1534.693847656
      ],
      [
        -104.60537375280707,
        38.44954272359806,
        1534.637573242
      ],
      [
        -104.60538290270532,
        38.44963236972396,
        1534.575073242
      ],
      [
        -104.60539205260358,
        38.44972201584986,
        1534.480102539
      ],
      [
        -104.60540120250184,
        38.44981166197575,
        1534.421386719
      ],
      [
        -104.60541035240009,
        38.44990130810165,
        1534.382568359
      ],
      [
        -104.60541950229835,
        38.449990954227545,
        1534.351318359
      ],
      [
        -104.60542865219661,
        38.450080600353445,
        1534.396362305
      ],
      [
        -104.60543780209485,
        38.45017024647934,
        1534.381591797
      ],
      [
        -104.60544695199312,
        38.45025989260524,
        1534.377075195
      ],
      [
        -104.60545610189138,
        38.45034953873114,
        1534.357055664
      ],
      [
        -104.60546525178962,
        38.45043918485703,
        1534.337036133
      ],
      [
        -104.60547440168789,
        38.45052883098293,
        1534.376953125
      ],
      [
        -104.60548355158615,
        38.450618477108826,
        1534.361938477
      ],
      [
        -104.6054927014844,
        38.450708123234726,
        1534.351928711
      ],
      [
        -104.60550185138266,
        38.45079776936062,
        1534.322021484
      ],
      [
        -104.60551100128092,
        38.45088741548652,
        1534.316040039
      ],
      [
        -104.60552015117916,
        38.45097706161242,
        1534.354125977
      ],
      [
        -104.60552930107742,
        38.45106670773831,
        1534.333129883
      ],
      [
        -104.60553845097569,
        38.451156353864214,
        1534.309326172
      ],
      [
        -104.60554760087393,
        38.45124599999011,
        1534.276855469
      ],
      [
        -104.6055567507722,
        38.45133564611601,
        1534.264282227
      ],
      [
        -104.60556590067046,
        38.4514252922419,
        1534.278076172
      ],
      [
        -104.6055750505687,
        38.4515149383678,
        1534.26184082
      ],
      [
        -104.60558420046696,
        38.4516045844937,
        1534.243041992
      ],
      [
        -104.60559335036523,
        38.451694230619594,
        1534.228515625
      ],
      [
        -104.60560250026347,
        38.451783876745495,
        1534.225341797
      ],
      [
        -104.60561165016173,
        38.45187352287139,
        1534.244018555
      ],
      [
        -104.60562080006,
        38.45196316899729,
        1534.300292969
      ],
      [
        -104.60562994995824,
        38.45205281512318,
        1534.332763672
      ],
      [
        -104.6056390998565,
        38.45214246124908,
        1534.359008789
      ],
      [
        -104.60564824975475,
        38.45223210737498,
        1534.369018555
      ],
      [
        -104.60565739965301,
        38.452321753500875,
        1534.385375977
      ],
      [
        -104.60566654955127,
        38.452411399626776,
        1534.450805664
      ],
      [
        -104.60567569944952,
        38.45250104575267,
        1534.450805664
      ],
      [
        -104.60568484934778,
        38.45259069187857,
        1534.447021484
      ],
      [
        -104.60569399924604,
        38.45268033800446,
        1534.448242188
      ],
      [
        -104.60570314914429,
        38.45276998413036,
        1534.470825195
      ],
      [
        -104.60571229904255,
        38.45285963025626,
        1534.620849609
      ],
      [
        -104.60572144894081,
        38.45294927638216,
        1534.724609375
      ],
      [
        -104.60573059883906,
        38.45303892250806,
        1534.904541016
      ],
      [
        -104.60573974873732,
        38.45312856863395,
        1535.150146484
      ],
      [
        -104.60574889863558,
        38.45321821475985,
        1535.406738281
      ],
      [
        -104.60575804853383,
        38.45330786088575,
        1535.711669922
      ],
      [
        -104.60576719843209,
        38.453397507011644,
        1535.924072266
      ],
      [
        -104.60577634833035,
        38.453487153137544,
        1536.091674805
      ],
      [
        -104.6057854982286,
        38.45357679926344,
        1536.234130859
      ],
      [
        -104.60579464812686,
        38.45366644538934,
        1536.356689453
      ],
      [
        -104.60580379802512,
        38.45375609151523,
        1536.459716797
      ],
      [
        -104.60581294792337,
        38.45384573764113,
        1536.517211914
      ],
      [
        -104.60582209782163,
        38.45393538376703,
        1536.552734375
      ],
      [
        -104.60583124771989,
        38.454025029892925,
        1536.575439453
      ],
      [
        -104.60584039761814,
        38.454114676018825,
        1536.591674805
      ],
      [
        -104.6058495475164,
        38.45420432214472,
        1536.630371094
      ],
      [
        -104.60585869741466,
        38.45429396827062,
        1536.672973633
      ],
      [
        -104.60586784731291,
        38.45438361439651,
        1536.704223633
      ],
      [
        -104.60587699721117,
        38.45447326052241,
        1536.729125977
      ],
      [
        -104.60588614710943,
        38.45456290664831,
        1536.776611328
      ],
      [
        -104.60589529700768,
        38.454652552774206,
        1536.836914062
      ],
      [
        -104.60590444690594,
        38.45474219890011,
        1536.896606445
      ],
      [
        -104.6059135968042,
        38.454831845026,
        1536.977783203
      ],
      [
        -104.60592274670245,
        38.4549214911519,
        1537.077880859
      ],
      [
        -104.60593189660071,
        38.45501113727779,
        1537.096557617
      ],
      [
        -104.60594104649897,
        38.455100783403694,
        1537.097900391
      ],
      [
        -104.60595019639722,
        38.455190429529594,
        1537.099121094
      ],
      [
        -104.60595934629548,
        38.45528007565549,
        1537.099121094
      ],
      [
        -104.60596849619374,
        38.45536972178139,
        1537.102905273
      ],
      [
        -104.60597764609199,
        38.45545936790728,
        1537.114013672
      ],
      [
        -104.60598679599025,
        38.45554901403318,
        1537.10534668
      ],
      [
        -104.6059959458885,
        38.455638660159075,
        1537.10534668
      ],
      [
        -104.60600509578676,
        38.455728306284975,
        1537.097900391
      ],
      [
        -104.60601424568502,
        38.455817952410875,
        1537.10534668
      ],
      [
        -104.60602339558326,
        38.45590759853677,
        1537.094116211
      ],
      [
        -104.60603254548153,
        38.45599724466267,
        1537.094116211
      ],
      [
        -104.60604169537979,
        38.45608689078856,
        1537.093383789
      ],
      [
        -104.60605084527803,
        38.45617653691446,
        1537.091186523
      ],
      [
        -104.6060599951763,
        38.456266183040356,
        1537.091186523
      ],
      [
        -104.60606914507456,
        38.456355829166256,
        1537.09362793
      ],
      [
        -104.6060782949728,
        38.456445475292156,
        1537.082397461
      ],
      [
        -104.60608744487106,
        38.45653512141805,
        1537.114990234
      ],
      [
        -104.60609659476933,
        38.45662476754395,
        1537.172485352
      ],
      [
        -104.60610574466757,
        38.45671441366984,
        1537.369873047
      ],
      [
        -104.60611489456583,
        38.45680405979574,
        1537.549926758
      ],
      [
        -104.6061240444641,
        38.456893705921644,
        1537.695800781
      ],
      [
        -104.60613319436234,
        38.45698335204754,
        1537.83984375
      ],
      [
        -104.6061423442606,
        38.45707299817344,
        1537.993652344
      ],
      [
        -104.60615149415887,
        38.45716264429933,
        1538.148681641
      ],
      [
        -104.60616064405711,
        38.45725229042523,
        1538.273681641
      ],
      [
        -104.60616979395537,
        38.457341936551124,
        1538.447387695
      ],
      [
        -104.60617894385364,
        38.457431582677025,
        1538.52746582
      ],
      [
        -104.60618809375188,
        38.457521228802925,
        1538.618652344
      ],
      [
        -104.60619724365014,
        38.45761087492882,
        1538.713867188
      ],
      [
        -104.6062063935484,
        38.45770052105472,
        1538.823974609
      ],
      [
        -104.60621554344665,
        38.45779016718061,
        1539.009033203
      ],
      [
        -104.60622469334491,
        38.45787981330651,
        1539.090332031
      ],
      [
        -104.60623384324317,
        38.457969459432405,
        1539.149047852
      ],
      [
        -104.60624299314142,
        38.458059105558306,
        1539.173950195
      ],
      [
        -104.60625214303968,
        38.458148751684206,
        1539.221557617
      ],
      [
        -104.60626129293794,
        38.4582383978101,
        1539.34777832
      ],
      [
        -104.60627474675294,
        38.45832768216547,
        1539.420654297
      ],
      [
        -104.6062901052934,
        38.458416806417006,
        1539.474365234
      ],
      [
        -104.60630546383385,
        38.458505930668544,
        1539.529418945
      ],
      [
        -104.6063208223743,
        38.45859505492008,
        1539.624389648
      ],
      [
        -104.60633618091475,
        38.45868417917163,
        1539.64050293
      ],
      [
        -104.6063515394552,
        38.458773303423165,
        1539.644287109
      ],
      [
        -104.60636689799567,
        38.4588624276747,
        1539.688110352
      ],
      [
        -104.60638225653612,
        38.45895155192624,
        1539.663085938
      ],
      [
        -104.60639761507657,
        38.45904067617778,
        1539.6328125
      ],
      [
        -104.60641297361703,
        38.459129800429324,
        1539.614379883
      ],
      [
        -104.60642833215748,
        38.45921892468086,
        1539.586914062
      ],
      [
        -104.60644407659254,
        38.45930800000847,
        1539.54309082
      ],
      [
        -104.60646541755999,
        38.45939636580467,
        1539.523925781
      ],
      [
        -104.60648675852745,
        38.459484731600874,
        1539.498901367
      ],
      [
        -104.6065080994949,
        38.459573097397076,
        1539.500366211
      ],
      [
        -104.60652944046237,
        38.45966146319327,
        1539.48034668
      ],
      [
        -104.60655078142983,
        38.45974982898947,
        1539.49609375
      ],
      [
        -104.60657463643972,
        38.45983778221604,
        1539.499511719
      ],
      [
        -104.60660040327251,
        38.459925421700866,
        1539.535644531
      ],
      [
        -104.6066261701053,
        38.460013061185684,
        1539.57434082
      ],
      [
        -104.60665193693809,
        38.46010070067051,
        1539.640625
      ],
      [
        -104.60667770377088,
        38.460188340155334,
        1539.690673828
      ],
      [
        -104.60670347060368,
        38.46027597964015,
        1539.795654297
      ],
      [
        -104.6067293030414,
        38.460363607378895,
        1539.926879883
      ],
      [
        -104.60675513632866,
        38.46045123496554,
        1540.055664062
      ],
      [
        -104.60678096961593,
        38.46053886255218,
        1540.131103516
      ],
      [
        -104.6068068029032,
        38.460626490138814,
        1540.146240234
      ],
      [
        -104.60683263619045,
        38.46071411772545,
        1540.148681641
      ],
      [
        -104.60685846947771,
        38.4608017453121,
        1540.137573242
      ],
      [
        -104.60688430276498,
        38.460889372898734,
        1540.147460938
      ],
      [
        -104.60691013605224,
        38.46097700048537,
        1540.15246582
      ],
      [
        -104.6069359693395,
        38.46106462807201,
        1540.15246582
      ],
      [
        -104.60696180262677,
        38.461152255658654,
        1540.15246582
      ],
      [
        -104.60698763591402,
        38.46123988324529,
        1540.148681641
      ],
      [
        -104.60701346920129,
        38.46132751083193,
        1540.158447266
      ],
      [
        -104.60703930248856,
        38.46141513841857,
        1540.149169922
      ],
      [
        -104.60706513577581,
        38.46150276600521,
        1540.155395508
      ],
      [
        -104.60709096906308,
        38.46159039359185,
        1540.166625977
      ],
      [
        -104.60711680235035,
        38.461678021178486,
        1540.209106445
      ],
      [
        -104.6071426356376,
        38.46176564876513,
        1540.241577148
      ],
      [
        -104.60716846892487,
        38.46185327635177,
        1540.247924805
      ],
      [
        -104.60719430221214,
        38.461940903938405,
        1540.335571289
      ],
      [
        -104.60722013549939,
        38.46202853152505,
        1540.383300781
      ],
      [
        -104.60724596878666,
        38.46211615911169,
        1540.496826172
      ],
      [
        -104.60727180207392,
        38.462203786698325,
        1540.556762695
      ],
      [
        -104.60729763536118,
        38.46229141428496,
        1540.653930664
      ],
      [
        -104.60732346864845,
        38.46237904187161,
        1540.71887207
      ],
      [
        -104.6073493019357,
        38.462466669458244,
        1540.838867188
      ],
      [
        -104.60737513522297,
        38.46255429704488,
        1540.963989258
      ],
      [
        -104.60740096851023,
        38.46264192463152,
        1541.013916016
      ],
      [
        -104.60742680179749,
        38.462729552218164,
        1541.153808594
      ],
      [
        -104.60745263508475,
        38.4628171798048,
        1541.257568359
      ],
      [
        -104.6074777387747,
        38.462904937406826,
        1541.405029297
      ],
      [
        -104.60750284062667,
        38.462992695336375,
        1541.523803711
      ],
      [
        -104.60752794247863,
        38.46308045326593,
        1541.673828125
      ],
      [
        -104.60755304433059,
        38.46316821119549,
        1541.808837891
      ],
      [
        -104.60757814618255,
        38.463255969125036,
        1541.978759766
      ],
      [
        -104.60760324803451,
        38.46334372705459,
        1542.163818359
      ],
      [
        -104.60762834988647,
        38.46343148498415,
        1542.245117188
      ],
      [
        -104.60765345173843,
        38.463519242913705,
        1542.427734375
      ],
      [
        -104.60767889040959,
        38.463606940690525,
        1542.61340332
      ],
      [
        -104.60770489616957,
        38.46369453719064,
        1542.828491211
      ],
      [
        -104.60773090192956,
        38.46378213369075,
        1543.000976562
      ],
      [
        -104.60775690768953,
        38.463869730190865,
        1543.161010742
      ],
      [
        -104.60778291344953,
        38.463957326690974,
        1543.17590332
      ],
      [
        -104.60780891920952,
        38.46404492319109,
        1543.190917969
      ],
      [
        -104.6078349249695,
        38.4641325196912,
        1543.194702148
      ],
      [
        -104.60786093072949,
        38.46422011619131,
        1543.193603516
      ],
      [
        -104.60788693648946,
        38.46430771269142,
        1543.201416016
      ],
      [
        -104.60791294224946,
        38.46439530919154,
        1543.189086914
      ],
      [
        -104.60793894800943,
        38.464482905691646,
        1543.186157227
      ],
      [
        -104.60796495376943,
        38.46457050219176,
        1543.186157227
      ],
      [
        -104.60799095952942,
        38.46465809869188,
        1543.19934082
      ],
      [
        -104.6080169652894,
        38.464745695191986,
        1543.206787109
      ],
      [
        -104.60804297104939,
        38.4648332916921,
        1543.208984375
      ],
      [
        -104.60806897680936,
        38.46492088819221,
        1543.208984375
      ],
      [
        -104.60809498256936,
        38.465008484692326,
        1543.202636719
      ],
      [
        -104.60812098832935,
        38.465096081192435,
        1543.200561523
      ],
      [
        -104.60814699408932,
        38.46518367769255,
        1543.200561523
      ],
      [
        -104.60817299984932,
        38.46527127419266,
        1543.200561523
      ],
      [
        -104.6081990056093,
        38.465358870692775,
        1543.200561523
      ],
      [
        -104.60822501136929,
        38.46544646719288,
        1543.200561523
      ],
      [
        -104.60825101712926,
        38.465534063693,
        1543.200561523
      ],
      [
        -104.60827714420508,
        38.46562163811392,
        1543.200561523
      ],
      [
        -104.60830335062221,
        38.46570919809493,
        1543.201049805
      ],
      [
        -104.60832955703934,
        38.465796758075925,
        1543.206298828
      ],
      [
        -104.60835576345647,
        38.46588431805693,
        1543.206298828
      ],
      [
        -104.6083819698736,
        38.46597187803793,
        1543.21875
      ],
      [
        -104.60840817629074,
        38.466059438018924,
        1543.217529297
      ],
      [
        -104.60843438270787,
        38.46614699799993,
        1543.217529297
      ],
      [
        -104.608460589125,
        38.466234557980926,
        1543.21875
      ],
      [
        -104.60848679554213,
        38.46632211796193,
        1543.21875
      ],
      [
        -104.60851300195927,
        38.46640967794293,
        1543.217529297
      ],
      [
        -104.6085392083764,
        38.466497237923925,
        1543.219116211
      ],
      [
        -104.60856541479353,
        38.46658479790493,
        1543.223022461
      ],
      [
        -104.60859162121066,
        38.466672357885926,
        1543.216796875
      ],
      [
        -104.6086178276278,
        38.46675991786693,
        1543.218017578
      ],
      [
        -104.60864403404493,
        38.46684747784793,
        1543.221801758
      ],
      [
        -104.60867024046206,
        38.46693503782893,
        1543.215942383
      ],
      [
        -104.6086964468792,
        38.46702259780993,
        1543.219726562
      ],
      [
        -104.60872265329633,
        38.46711015779093,
        1543.228149414
      ],
      [
        -104.60874885971346,
        38.46719771777193,
        1543.278442383
      ],
      [
        -104.60877506613059,
        38.46728527775293,
        1543.329223633
      ],
      [
        -104.60880127254772,
        38.46737283773393,
        1543.492919922
      ],
      [
        -104.60882747896486,
        38.46746039771493,
        1543.517944336
      ],
      [
        -104.60885368538199,
        38.467547957695935,
        1543.530395508
      ],
      [
        -104.60887989179912,
        38.46763551767693,
        1543.585449219
      ],
      [
        -104.60890609821625,
        38.46772307765793,
        1543.610351562
      ],
      [
        -104.60893230463338,
        38.467810637638934,
        1543.593017578
      ],
      [
        -104.60895851105052,
        38.46789819761993,
        1543.607910156
      ],
      [
        -104.60898471746765,
        38.467985757600935,
        1543.589599609
      ],
      [
        -104.60901092388478,
        38.46807331758193,
        1543.643432617
      ],
      [
        -104.6090370921057,
        38.46816088463822,
        1543.653442383
      ],
      [
        -104.60906322717825,
        38.468248457834754,
        1543.694702148
      ],
      [
        -104.60908936225081,
        38.46833603103129,
        1543.734619141
      ],
      [
        -104.60911549732337,
        38.46842360422782,
        1543.718505859
      ],
      [
        -104.60914163239593,
        38.468511177424354,
        1543.765991211
      ],
      [
        -104.60916776746849,
        38.46859875062089,
        1543.753417969
      ],
      [
        -104.60919390254105,
        38.46868632381742,
        1543.794067383
      ],
      [
        -104.60922003761361,
        38.46877389701396,
        1543.772338867
      ],
      [
        -104.60924617268617,
        38.46886147021049,
        1543.823608398
      ],
      [
        -104.60927230775873,
        38.46894904340702,
        1543.914916992
      ],
      [
        -104.60929844283129,
        38.46903661660356,
        1543.952270508
      ],
      [
        -104.60932457790385,
        38.46912418980009,
        1544.064819336
      ],
      [
        -104.60935071297641,
        38.46921176299663,
        1544.09362793
      ],
      [
        -104.60937684804897,
        38.46929933619316,
        1544.40612793
      ],
      [
        -104.60940298312153,
        38.46938690938969,
        1544.667358398
      ],
      [
        -104.60942911819409,
        38.46947448258623,
        1544.926391602
      ],
      [
        -104.60945525326665,
        38.46956205578276,
        1545.266601562
      ],
      [
        -104.6094813883392,
        38.4696496289793,
        1545.462768555
      ],
      [
        -104.60950752341176,
        38.46973720217583,
        1545.672485352
      ],
      [
        -104.60953365848432,
        38.469824775372366,
        1545.760009766
      ],
      [
        -104.60955983275028,
        38.46991234062498,
        1545.867431641
      ],
      [
        -104.60959125992125,
        38.46999884119153,
        1546.040039062
      ],
      [
        -104.60962268709223,
        38.470085341758086,
        1546.209960938
      ],
      [
        -104.6096541142632,
        38.47017184232464,
        1546.256347656
      ],
      [
        -104.60968554143416,
        38.4702583428912,
        1546.240112305
      ],
      [
        -104.60971696860514,
        38.47034484345775,
        1546.236450195
      ],
      [
        -104.6097496765126,
        38.470431043135314,
        1546.245117188
      ],
      [
        -104.60978427402343,
        38.47051679888013,
        1546.251342773
      ],
      [
        -104.60981887153426,
        38.47060255462496,
        1546.243896484
      ],
      [
        -104.60985346904508,
        38.47068831036979,
        1546.25012207
      ],
      [
        -104.6098880665559,
        38.470774066114615,
        1546.255126953
      ],
      [
        -104.60992266406672,
        38.470859821859435,
        1546.251342773
      ],
      [
        -104.60995711000052,
        38.470945615073155,
        1546.247192383
      ],
      [
        -104.60999152890419,
        38.47103141496856,
        1546.251220703
      ],
      [
        -104.61002594780787,
        38.47111721486396,
        1546.251220703
      ],
      [
        -104.61006036671154,
        38.47120301475936,
        1546.251220703
      ],
      [
        -104.61009478561522,
        38.471288814654756,
        1546.251220703
      ],
      [
        -104.61012920451888,
        38.47137461455016,
        1546.251220703
      ],
      [
        -104.61016362342257,
        38.47146041444556,
        1546.250366211
      ],
      [
        -104.61019804232623,
        38.471546214340954,
        1546.248535156
      ],
      [
        -104.61023246122991,
        38.471632014236356,
        1546.247924805
      ],
      [
        -104.61026688013358,
        38.47171781413176,
        1546.244506836
      ],
      [
        -104.61030129903726,
        38.47180361402716,
        1546.243408203
      ],
      [
        -104.61033571794093,
        38.471889413922554,
        1546.247192383
      ],
      [
        -104.61037013684461,
        38.471975213817956,
        1546.263427734
      ],
      [
        -104.61040455574827,
        38.47206101371336,
        1546.263427734
      ],
      [
        -104.61043897465196,
        38.47214681360876,
        1546.27722168
      ],
      [
        -104.61047321502686,
        38.4722326570146,
        1546.319580078
      ],
      [
        -104.61050700650114,
        38.47231860982502,
        1546.347167969
      ],
      [
        -104.61054079797542,
        38.47240456263543,
        1546.484619141
      ],
      [
        -104.6105745894497,
        38.47249051544585,
        1546.609863281
      ],
      [
        -104.61060838092398,
        38.472576468256264,
        1546.733520508
      ],
      [
        -104.61064217239826,
        38.47266242106668,
        1546.873535156
      ],
      [
        -104.61067596387254,
        38.4727483738771,
        1546.987304688
      ],
      [
        -104.61070975534682,
        38.47283432668752,
        1547.111083984
      ],
      [
        -104.6107435468211,
        38.472920279497934,
        1547.206054688
      ],
      [
        -104.61077733829538,
        38.47300623230835,
        1547.379882812
      ],
      [
        -104.61081112976966,
        38.473092185118766,
        1547.629882812
      ],
      [
        -104.61084492124394,
        38.47317813792918,
        1547.98840332
      ],
      [
        -104.61087871271822,
        38.473264090739605,
        1548.388671875
      ],
      [
        -104.6109125041925,
        38.47335004355002,
        1548.786987305
      ],
      [
        -104.61094629566678,
        38.473435996360436,
        1549.114990234
      ],
      [
        -104.61098008714106,
        38.47352194917085,
        1549.201293945
      ],
      [
        -104.61101387861534,
        38.47360790198127,
        1549.315795898
      ],
      [
        -104.61104767008962,
        38.473693854791684,
        1549.323364258
      ],
      [
        -104.6110814615639,
        38.4737798076021,
        1549.325927734
      ],
      [
        -104.61111525303818,
        38.47386576041252,
        1549.295776367
      ],
      [
        -104.61114904451246,
        38.47395171322294,
        1549.314575195
      ],
      [
        -104.6111829490759,
        38.474037638397306,
        1549.320800781
      ],
      [
        -104.61121768739407,
        38.474123359823714,
        1549.320800781
      ],
      [
        -104.61125242571225,
        38.47420908125013,
        1549.303222656
      ],
      [
        -104.61128716403041,
        38.47429480267654,
        1549.327026367
      ],
      [
        -104.61132190234859,
        38.474380524102955,
        1549.309570312
      ],
      [
        -104.61135664066677,
        38.474466245529364,
        1549.307128906
      ],
      [
        -104.61139137898495,
        38.47455196695577,
        1549.297119141
      ],
      [
        -104.61142611730313,
        38.47463768838219,
        1549.31262207
      ],
      [
        -104.6114608556213,
        38.4747234098086,
        1549.316894531
      ],
      [
        -104.61149559393948,
        38.47480913123501,
        1549.315673828
      ],
      [
        -104.61153033225766,
        38.47489485266142,
        1549.344360352
      ],
      [
        -104.61156507057584,
        38.47498057408783,
        1549.385620117
      ],
      [
        -104.61159980889401,
        38.475066295514246,
        1549.404418945
      ],
      [
        -104.61163454721219,
        38.475152016940655,
        1549.44909668
      ],
      [
        -104.61166928553037,
        38.47523773836707,
        1549.451660156
      ],
      [
        -104.61170402384855,
        38.47532345979348,
        1549.56237793
      ],
      [
        -104.61173876216672,
        38.47540918121989,
        1549.676391602
      ],
      [
        -104.6117735004849,
        38.475494902646304,
        1549.776977539
      ],
      [
        -104.61180823880308,
        38.47558062407271,
        1549.781982422
      ],
      [
        -104.61184297712126,
        38.47566634549913,
        1549.878173828
      ],
      [
        -104.61187771543942,
        38.47575206692554,
        1549.976928711
      ],
      [
        -104.6119124537576,
        38.475837788351946,
        1550.080688477
      ],
      [
        -104.61194719207577,
        38.47592350977836,
        1550.140625
      ],
      [
        -104.61198193039395,
        38.47600923120477,
        1550.281982422
      ],
      [
        -104.61201666871213,
        38.47609495263118,
        1550.40625
      ],
      [
        -104.61205140703031,
        38.476180674057595,
        1550.535522461
      ],
      [
        -104.61208614534848,
        38.476266395484004,
        1550.599365234
      ],
      [
        -104.61212088366666,
        38.47635211691042,
        1550.719360352
      ],
      [
        -104.61215562198484,
        38.47643783833683,
        1550.809326172
      ],
      [
        -104.61219036030302,
        38.47652355976324,
        1550.960571289
      ],
      [
        -104.6122250986212,
        38.47660928118965,
        1551.044311523
      ],
      [
        -104.61225983693937,
        38.47669500261606,
        1551.195556641
      ],
      [
        -104.61229457525755,
        38.47678072404248,
        1551.349365234
      ],
      [
        -104.61232931357573,
        38.476866445468886,
        1551.529174805
      ],
      [
        -104.6123640518939,
        38.476952166895295,
        1551.705322266
      ],
      [
        -104.6123971836922,
        38.47703827709922,
        1551.862060547
      ],
      [
        -104.61243026058,
        38.47712440059147,
        1552.149291992
      ],
      [
        -104.61246333746779,
        38.477210524083716,
        1552.305541992
      ],
      [
        -104.61249641435559,
        38.47729664757597,
        1552.352294922
      ],
      [
        -104.6125294912434,
        38.47738277106822,
        1552.360961914
      ],
      [
        -104.61256256813118,
        38.477468894560474,
        1552.382202148
      ],
      [
        -104.61259564501898,
        38.47755501805272,
        1552.363891602
      ],
      [
        -104.61262872190679,
        38.47764114154497,
        1552.419311523
      ],
      [
        -104.61266179879458,
        38.477727265037224,
        1552.444702148
      ],
      [
        -104.61269487568238,
        38.47781338852947,
        1552.387207031
      ],
      [
        -104.61272795257017,
        38.47789951202172,
        1552.39831543
      ],
      [
        -104.61276102945797,
        38.477985635513974,
        1552.410888672
      ],
      [
        -104.61279410634577,
        38.47807175900623,
        1552.42590332
      ],
      [
        -104.61282746921923,
        38.47815781370417,
        1552.378417969
      ],
      [
        -104.61286190071093,
        38.47824361134431,
        1552.427246094
      ],
      [
        -104.61289633220262,
        38.47832940898444,
        1552.458129883
      ],
      [
        -104.61293076369432,
        38.478415206624575,
        1552.515991211
      ],
      [
        -104.61296519518604,
        38.478501004264714,
        1552.549682617
      ],
      [
        -104.61299962667773,
        38.47858680190485,
        1552.697143555
      ],
      [
        -104.61303405816943,
        38.478672599544986,
        1552.815917969
      ],
      [
        -104.61306848966113,
        38.47875839718512,
        1552.932128906
      ],
      [
        -104.61310292115283,
        38.47884419482526,
        1552.944702148
      ],
      [
        -104.61313735264454,
        38.47892999246539,
        1553.018920898
      ],
      [
        -104.61317178413624,
        38.47901579010553,
        1553.073608398
      ],
      [
        -104.61320621562794,
        38.47910158774566,
        1553.12878418
      ],
      [
        -104.61324064711964,
        38.4791873853858,
        1553.112426758
      ],
      [
        -104.61327516496364,
        38.479273161696725,
        1553.15625
      ],
      [
        -104.61330997868788,
        38.47935886492457,
        1553.168701172
      ],
      [
        -104.61334479241212,
        38.47944456815241,
        1553.186157227
      ],
      [
        -104.61337960613636,
        38.479530271380256,
        1553.147460938
      ],
      [
        -104.6134144198606,
        38.4796159746081,
        1553.176147461
      ],
      [
        -104.61344923358484,
        38.47970167783595,
        1553.181152344
      ],
      [
        -104.61348404730907,
        38.479787381063794,
        1553.193359375
      ],
      [
        -104.61351886103331,
        38.47987308429163,
        1553.134765625
      ],
      [
        -104.61355367475755,
        38.47995878751948,
        1553.154785156
      ],
      [
        -104.6135884884818,
        38.480044490747325,
        1553.162353516
      ],
      [
        -104.61362330220604,
        38.48013019397517,
        1553.181030273
      ],
      [
        -104.61365811593028,
        38.48021589720301,
        1553.140991211
      ],
      [
        -104.61369292965452,
        38.480301600430856,
        1553.159790039
      ],
      [
        -104.61372774337876,
        38.4803873036587,
        1553.196044922
      ],
      [
        -104.613762557103,
        38.48047300688655,
        1553.247314453
      ],
      [
        -104.61379737082723,
        38.480558710114394,
        1553.244262695
      ],
      [
        -104.61383218455147,
        38.48064441334223,
        1553.288696289
      ],
      [
        -104.61386699827571,
        38.48073011657008,
        1553.338989258
      ],
      [
        -104.61390181199995,
        38.480815819797925,
        1553.404418945
      ],
      [
        -104.6139366257242,
        38.48090152302577,
        1553.450683594
      ],
      [
        -104.61397098591475,
        38.48098733842043,
        1553.553466797
      ],
      [
        -104.61400520915572,
        38.481073187685105,
        1553.6796875
      ],
      [
        -104.6140394323967,
        38.481159036949784,
        1553.765991211
      ],
      [
        -104.61407365563767,
        38.48124488621446,
        1553.934570312
      ],
      [
        -104.61410787887864,
        38.48133073547914,
        1554.181762695
      ],
      [
        -104.61414210211962,
        38.48141658474382,
        1554.479492188
      ],
      [
        -104.61417632536059,
        38.4815024340085,
        1554.905761719
      ],
      [
        -104.61421054860156,
        38.481588283273176,
        1555.195678711
      ],
      [
        -104.61424477184255,
        38.481674132537854,
        1555.347045898
      ],
      [
        -104.61427899508352,
        38.48175998180254,
        1555.395751953
      ],
      [
        -104.6143132183245,
        38.48184583106722,
        1555.408203125
      ],
      [
        -104.61434744156547,
        38.4819316803319,
        1555.416992188
      ],
      [
        -104.61438166480644,
        38.482017529596575,
        1555.413085938
      ],
      [
        -104.61441588804742,
        38.482103378861254,
        1555.414916992
      ],
      [
        -104.61445011128839,
        38.48218922812593,
        1555.411132812
      ],
      [
        -104.61448433452937,
        38.48227507739061,
        1555.403686523
      ],
      [
        -104.61451855777034,
        38.48236092665529,
        1555.398681641
      ],
      [
        -104.61455278101131,
        38.48244677591997,
        1555.394897461
      ],
      [
        -104.6145870042523,
        38.482532625184646,
        1555.40234375
      ],
      [
        -104.61462122749327,
        38.48261847444933,
        1555.399658203
      ],
      [
        -104.61465545073425,
        38.48270432371401,
        1555.394287109
      ],
      [
        -104.61468967397522,
        38.48279017297869,
        1555.399902344
      ],
      [
        -104.6147238972162,
        38.48287602224337,
        1555.396484375
      ],
      [
        -104.61475812045717,
        38.482961871508046,
        1555.384033203
      ],
      [
        -104.61479234369814,
        38.483047720772724,
        1555.389038086
      ],
      [
        -104.61482656693912,
        38.4831335700374,
        1555.392822266
      ],
      [
        -104.61486079018009,
        38.48321941930208,
        1555.397705078
      ],
      [
        -104.61489501342108,
        38.48330526856676,
        1555.406494141
      ],
      [
        -104.61492923666205,
        38.48339111783144,
        1555.419067383
      ],
      [
        -104.61496345990302,
        38.483476967096124,
        1555.416503906
      ],
      [
        -104.614997683144,
        38.4835628163608,
        1555.450317383
      ],
      [
        -104.61503190638497,
        38.48364866562548,
        1555.521118164
      ],
      [
        -104.61506612962594,
        38.48373451489016,
        1555.563598633
      ],
      [
        -104.61510035286692,
        38.48382036415484,
        1555.548583984
      ],
      [
        -104.61513457610789,
        38.483906213419516,
        1555.574829102
      ],
      [
        -104.61516879934887,
        38.483992062684194,
        1555.597290039
      ],
      [
        -104.61520302258984,
        38.48407791194887,
        1555.638549805
      ],
      [
        -104.61523724583083,
        38.48416376121355,
        1555.603515625
      ],
      [
        -104.6152714690718,
        38.48424961047823,
        1555.650634766
      ],
      [
        -104.61530569231277,
        38.484335459742915,
        1555.716430664
      ],
      [
        -104.61533991555375,
        38.484421309007594,
        1555.8046875
      ],
      [
        -104.61537413879472,
        38.48450715827227,
        1555.833496094
      ],
      [
        -104.6154083620357,
        38.48459300753695,
        1555.948608398
      ],
      [
        -104.61544258527667,
        38.48467885680163,
        1556.038208008
      ],
      [
        -104.61547680851764,
        38.48476470606631,
        1556.16809082
      ],
      [
        -104.61551103175861,
        38.484850555330986,
        1556.240600586
      ],
      [
        -104.6155452549996,
        38.484936404595665,
        1556.389404297
      ],
      [
        -104.61557947824058,
        38.48502225386034,
        1556.553222656
      ],
      [
        -104.61561370148155,
        38.48510810312503,
        1556.7265625
      ],
      [
        -104.61564792472252,
        38.48519395238971,
        1556.869018555
      ],
      [
        -104.6156821479635,
        38.485279801654386,
        1557.027709961
      ],
      [
        -104.61571637120447,
        38.485365650919064,
        1557.304077148
      ],
      [
        -104.61575059444544,
        38.48545150018374,
        1557.563964844
      ],
      [
        -104.61578481768642,
        38.48553734944842,
        1557.921508789
      ],
      [
        -104.61581904092739,
        38.4856231987131,
        1558.187744141
      ],
      [
        -104.61585326416836,
        38.48570904797778,
        1558.391967773
      ],
      [
        -104.61588748740935,
        38.48579489724246,
        1558.408691406
      ],
      [
        -104.61592171065033,
        38.485880746507135,
        1558.432373047
      ],
      [
        -104.6159559338913,
        38.48596659577182,
        1558.4375
      ],
      [
        -104.61599015713227,
        38.4860524450365,
        1558.443725586
      ],
      [
        -104.61602438037325,
        38.48613829430118,
        1558.443725586
      ],
      [
        -104.61605860361422,
        38.486224143565856,
        1558.46496582
      ],
      [
        -104.6160928268552,
        38.486309992830535,
        1558.472045898
      ],
      [
        -104.61612705009617,
        38.48639584209521,
        1558.466186523
      ],
      [
        -104.61616131209979,
        38.48648168211442,
        1558.468261719
      ],
      [
        -104.61619560676485,
        38.48656751434339,
        1558.473632812
      ],
      [
        -104.61622990142989,
        38.48665334657236,
        1558.459838867
      ],
      [
        -104.61626419609495,
        38.48673917880133,
        1558.454956055
      ],
      [
        -104.61629849075999,
        38.4868250110303,
        1558.438598633
      ],
      [
        -104.61633278542504,
        38.48691084325927,
        1558.429931641
      ],
      [
        -104.6163670800901,
        38.486996675488236,
        1558.442382812
      ],
      [
        -104.61640137475514,
        38.487082507717204,
        1558.438598633
      ],
      [
        -104.6164356694202,
        38.48716833994617,
        1558.429931641
      ],
      [
        -104.61646996408524,
        38.48725417217514,
        1558.443115234
      ],
      [
        -104.6165042587503,
        38.48734000440412,
        1558.439575195
      ],
      [
        -104.61653855341534,
        38.487425836633086,
        1558.432128906
      ],
      [
        -104.6165728480804,
        38.487511668862055,
        1558.428466797
      ],
      [
        -104.61660714274545,
        38.487597501091024,
        1558.437133789
      ],
      [
        -104.6166414374105,
        38.48768333331999,
        1558.439575195
      ],
      [
        -104.61667573207555,
        38.48776916554896,
        1558.42590332
      ],
      [
        -104.61671002674059,
        38.48785499777793,
        1558.440917969
      ],
      [
        -104.61674432140565,
        38.4879408300069,
        1558.436279297
      ],
      [
        -104.61677861607069,
        38.48802666223587,
        1558.446044922
      ],
      [
        -104.61681291073575,
        38.488112494464836,
        1558.43359375
      ],
      [
        -104.6168472054008,
        38.488198326693805,
        1558.458740234
      ],
      [
        -104.61688150006584,
        38.488284158922774,
        1558.488891602
      ]
    ]
  },
  "properties": {
    "relation_id": -1,
    "relation_tags": {
      "line_group": "3"
    },
    "length_m": 28584.315520832817,
    "num_vertices": 2874,
    "maxspeed_coverage": 1.0,
    "is_service": false,
    "service_kind": null,
    "line_group": 3,
    "group_order": null,
    "used_way_ids": [
      46822959,
      46822960,
      136556605,
      136556606,
      140807372,
      140807377,
      243723564,
      261994326,
      261994329,
      319345448,
      319345449,
      319644398,
      319644510,
      1064111838,
      1259213184,
      1259213185
    ],
    "n_gaps": 0,
    "n_branches": 0,
    "dropped_way_ids": [],
    "order": [],
    "s_m": [
      0.0,
      10.0,
      20.0,
      30.0,
      40.0,
      50.0,
      60.0,
      70.0,
      80.0,
      90.0,
      100.0,
      110.0,
      120.0,
      130.0,
      140.0,
      150.0,
      160.0,
      170.0,
      180.0,
      190.0,
      200.0,
      210.0,
      220.0,
      230.0,
      240.0,
      250.0,
      260.0,
      270.0,
      280.0,
      290.0,
      300.0,
      310.0,
      320.0,
      330.0,
      340.0,
      350.0,
      353.928683,
      360.0,
      361.293312,
      370.0,
      380.0,
      390.0,
      400.0,
      410.0,
      420.0,
      430.0,
      440.0,
      450.0,
      460.0,
      470.0,
      480.0,
      490.0,
      500.0,
      510.0,
      520.0,
      530.0,
      540.0,
      550.0,
      560.0,
      570.0,
      580.0,
      590.0,
      600.0,
      610.0,
      620.0,
      630.0,
      640.0,
      650.0,
      660.0,
      670.0,
      680.0,
      690.0,
      700.0,
      710.0,
      720.0,
      730.0,
      740.0,
      750.0,
      760.0,
      770.0,
      780.0,
      790.0,
      800.0,
      810.0,
      820.0,
      830.0,
      840.0,
      850.0,
      860.0,
      870.0,
      880.0,
      890.0,
      900.0,
      910.0,
      920.0,
      930.0,
      940.0,
      950.0,
      960.0,
      970.0,
      980.0,
      990.0,
      1000.0,
      1010.0,
      1020.0,
      1030.0,
      1040.0,
      1050.0,
      1060.0,
      1070.0,
      1080.0,
      1090.0,
      1100.0,
      1110.0,
      1120.0,
      1130.0,
      1140.0,
      1150.0,
      1160.0,
      1170.0,
      1180.0,
      1190.0,
      1200.0,
      1210.0,
      1220.0,
      1230.0,
      1240.0,
      1250.0,
      1260.0,
      1270.0,
      1280.0,
      1290.0,
      1300.0,
      1310.0,
      1320.0,
      1330.0,
      1340.0,
      1350.0,
      1360.0,
      1370.0,
      1380.0,
      1390.0,
      1400.0,
      1410.0,
      1420.0,
      1430.0,
      1440.0,
      1450.0,
      1460.0,
      1470.0,
      1480.0,
      1490.0,
      1500.0,
      1510.0,
      1520.0,
      1530.0,
      1540.0,
      1550.0,
      1560.0,
      1570.0,
      1580.0,
      1590.0,
      1600.0,
      1610.0,
      1620.0,
      1630.0,
      1640.0,
      1650.0,
      1660.0,
      1670.0,
      1680.0,
      1690.0,
      1700.0,
      1710.0,
      1720.0,
      1730.0,
      1740.0,
      1750.0,
      1760.0,
      1770.0,
      1780.0,
      1790.0,
      1800.0,
      1810.0,
      1820.0,
      1830.0,
      1840.0,
      1850.0,
      1860.0,
      1870.0,
      1880.0,
      1890.0,
      1900.0,
      1910.0,
      1920.0,
      1930.0,
      1940.0,
      1945.670645,
      1950.0,
      1960.0,
      1970.0,
      1980.0,
      1990.0,
      2000.0,
      2010.0,
      2020.0,
      2030.0,
      2040.0,
      2050.0,
      2060.0,
      2070.0,
      2080.0,
      2090.0,
      2100.0,
      2110.0,
      2120.0,
      2130.0,
      2140.0,
      2150.0,
      2160.0,
      2170.0,
      2180.0,
      2190.0,
      2200.0,
      2210.0,
      2220.0,
      2230.0,
      2240.0,
      2250.0,
      2260.0,
      2270.0,
      2280.0,
      2290.0,
      2300.0,
      2310.0,
      2320.0,
      2330.0,
      2340.0,
      2350.0,
      2360.0,
      2370.0,
      2380.0,
      2390.0,
      2400.0,
      2410.0,
      2420.0,
      2430.0,
      2440.0,
      2450.0,
      2460.0,
      2470.0,
      2480.0,
      2490.0,
      2500.0,
      2510.0,
      2520.0,
      2530.0,
      2540.0,
      2550.0,
      2560.0,
      2570.0,
      2580.0,
      2590.0,
      2600.0,
      2610.0,
      2620.0,
      2630.0,
      2640.0,
      2650.0,
      2660.0,
      2670.0,
      2680.0,
      2690.0,
      2700.0,
      2710.0,
      2720.0,
      2730.0,
      2740.0,
      2750.0,
      2760.0,
      2770.0,
      2780.0,
      2790.0,
      2800.0,
      2810.0,
      2820.0,
      2830.0,
      2840.0,
      2850.0,
      2860.0,
      2870.0,
      2880.0,
      2890.0,
      2900.0,
      2910.0,
      2920.0,
      2930.0,
      2940.0,
      2950.0,
      2960.0,
      2970.0,
      2980.0,
      2990.0,
      3000.0,
      3010.0,
      3020.0,
      3030.0,
      3040.0,
      3050.0,
      3060.0,
      3070.0,
      3080.0,
      3090.0,
      3100.0,
      3110.0,
      3120.0,
      3130.0,
      3140.0,
      3150.0,
      3160.0,
      3170.0,
      3180.0,
      3190.0,
      3200.0,
      3210.0,
      3220.0,
      3230.0,
      3240.0,
      3250.0,
      3260.0,
      3270.0,
      3280.0,
      3290.0,
      3300.0,
      3310.0,
      3320.0,
      3330.0,
      3340.0,
      3350.0,
      3360.0,
      3370.0,
      3380.0,
      3390.0,
      3400.0,
      3410.0,
      3420.0,
      3430.0,
      3440.0,
      3450.0,
      3460.0,
      3470.0,
      3480.0,
      3490.0,
      3500.0,
      3502.545261,
      3510.0,
      3520.0,
      3530.0,
      3540.0,
      3550.0,
      3560.0,
      3570.0,
      3580.0,
      3590.0,
      3600.0,
      3610.0,
      3620.0,
      3630.0,
      3640.0,
      3650.0,
      3660.0,
      3670.0,
      3680.0,
      3690.0,
      3700.0,
      3710.0,
      3720.0,
      3730.0,
      3740.0,
      3750.0,
      3760.0,
      3770.0,
      3780.0,
      3790.0,
      3800.0,
      3810.0,
      3820.0,
      3830.0,
      3840.0,
      3850.0,
      3860.0,
      3870.0,
      3880.0,
      3890.0,
      3900.0,
      3910.0,
      3920.0,
      3930.0,
      3940.0,
      3950.0,
      3960.0,
      3970.0,
      3980.0,
      3990.0,
      4000.0,
      4010.0,
      4020.0,
      4030.0,
      4040.0,
      4050.0,
      4060.0,
      4070.0,
      4080.0,
      4090.0,
      4100.0,
      4110.0,
      4120.0,
      4130.0,
      4140.0,
      4150.0,
      4160.0,
      4170.0,
      4180.0,
      4190.0,
      4200.0,
      4210.0,
      4220.0,
      4230.0,
      4240.0,
      4250.0,
      4260.0,
      4270.0,
      4280.0,
      4290.0,
      4300.0,
      4310.0,
      4320.0,
      4330.0,
      4340.0,
      4350.0,
      4360.0,
      4370.0,
      4380.0,
      4390.0,
      4400.0,
      4410.0,
      4420.0,
      4430.0,
      4440.0,
      4450.0,
      4460.0,
      4470.0,
      4480.0,
      4490.0,
      4500.0,
      4510.0,
      4520.0,
      4530.0,
      4540.0,
      4550.0,
      4560.0,
      4570.0,
      4580.0,
      4590.0,
      4600.0,
      4610.0,
      4620.0,
      4630.0,
      4640.0,
      4650.0,
      4660.0,
      4670.0,
      4680.0,
      4690.0,
      4700.0,
      4710.0,
      4720.0,
      4730.0,
      4740.0,
      4750.0,
      4760.0,
      4770.0,
      4780.0,
      4790.0,
      4800.0,
      4810.0,
      4820.0,
      4830.0,
      4840.0,
      4842.62288,
      4850.0,
      4860.0,
      4870.0,
      4880.0,
      4890.0,
      4900.0,
      4910.0,
      4920.0,
      4930.0,
      4940.0,
      4944.380664,
      4950.0,
      4960.0,
      4970.0,
      4980.0,
      4990.0,
      5000.0,
      5010.0,
      5020.0,
      5030.0,
      5040.0,
      5050.0,
      5060.0,
      5070.0,
      5080.0,
      5090.0,
      5100.0,
      5110.0,
      5120.0,
      5130.0,
      5140.0,
      5150.0,
      5160.0,
      5170.0,
      5180.0,
      5190.0,
      5200.0,
      5210.0,
      5220.0,
      5230.0,
      5240.0,
      5250.0,
      5260.0,
      5270.0,
      5280.0,
      5290.0,
      5300.0,
      5310.0,
      5320.0,
      5330.0,
      5340.0,
      5350.0,
      5360.0,
      5370.0,
      5380.0,
      5390.0,
      5400.0,
      5410.0,
      5420.0,
      5430.0,
      5440.0,
      5450.0,
      5460.0,
      5470.0,
      5480.0,
      5490.0,
      5500.0,
      5510.0,
      5520.0,
      5530.0,
      5540.0,
      5550.0,
      5560.0,
      5570.0,
      5580.0,
      5590.0,
      5600.0,
      5610.0,
      5620.0,
      5630.0,
      5640.0,
      5650.0,
      5660.0,
      5670.0,
      5680.0,
      5690.0,
      5700.0,
      5710.0,
      5720.0,
      5730.0,
      5740.0,
      5750.0,
      5760.0,
      5770.0,
      5780.0,
      5790.0,
      5800.0,
      5810.0,
      5820.0,
      5830.0,
      5840.0,
      5850.0,
      5860.0,
      5870.0,
      5880.0,
      5890.0,
      5900.0,
      5910.0,
      5920.0,
      5930.0,
      5940.0,
      5950.0,
      5960.0,
      5970.0,
      5980.0,
      5990.0,
      6000.0,
      6010.0,
      6020.0,
      6030.0,
      6040.0,
      6050.0,
      6060.0,
      6070.0,
      6080.0,
      6090.0,
      6100.0,
      6110.0,
      6120.0,
      6130.0,
      6140.0,
      6150.0,
      6160.0,
      6170.0,
      6180.0,
      6190.0,
      6200.0,
      6210.0,
      6220.0,
      6230.0,
      6240.0,
      6250.0,
      6260.0,
      6270.0,
      6280.0,
      6290.0,
      6300.0,
      6310.0,
      6320.0,
      6330.0,
      6340.0,
      6350.0,
      6360.0,
      6370.0,
      6380.0,
      6390.0,
      6400.0,
      6410.0,
      6420.0,
      6430.0,
      6440.0,
      6450.0,
      6460.0,
      6470.0,
      6480.0,
      6490.0,
      6500.0,
      6510.0,
      6520.0,
      6530.0,
      6540.0,
      6550.0,
      6560.0,
      6570.0,
      6580.0,
      6590.0,
      6600.0,
      6610.0,
      6620.0,
      6630.0,
      6640.0,
      6650.0,
      6660.0,
      6670.0,
      6680.0,
      6690.0,
      6700.0,
      6710.0,
      6720.0,
      6730.0,
      6740.0,
      6750.0,
      6760.0,
      6770.0,
      6780.0,
      6790.0,
      6800.0,
      6810.0,
      6820.0,
      6830.0,
      6840.0,
      6850.0,
      6860.0,
      6870.0,
      6880.0,
      6890.0,
      6900.0,
      6910.0,
      6920.0,
      6930.0,
      6940.0,
      6950.0,
      6960.0,
      6970.0,
      6980.0,
      6990.0,
      7000.0,
      7010.0,
      7020.0,
      7030.0,
      7040.0,
      7050.0,
      7060.0,
      7070.0,
      7080.0,
      7090.0,
      7100.0,
      7110.0,
      7120.0,
      7130.0,
      7140.0,
      7150.0,
      7160.0,
      7170.0,
      7180.0,
      7190.0,
      7200.0,
      7210.0,
      7220.0,
      7230.0,
      7240.0,
      7250.0,
      7260.0,
      7270.0,
      7280.0,
      7290.0,
      7300.0,
      7310.0,
      7320.0,
      7330.0,
      7340.0,
      7350.0,
      7360.0,
      7370.0,
      7380.0,
      7390.0,
      7400.0,
      7410.0,
      7420.0,
      7430.0,
      7440.0,
      7450.0,
      7460.0,
      7470.0,
      7480.0,
      7490.0,
      7500.0,
      7510.0,
      7520.0,
      7530.0,
      7540.0,
      7550.0,
      7560.0,
      7570.0,
      7580.0,
      7590.0,
      7600.0,
      7610.0,
      7620.0,
      7630.0,
      7640.0,
      7650.0,
      7660.0,
      7670.0,
      7680.0,
      7690.0,
      7700.0,
      7710.0,
      7720.0,
      7721.360157,
      7730.0,
      7740.0,
      7750.0,
      7760.0,
      7770.0,
      7780.0,
      7790.0,
      7800.0,
      7810.0,
      7820.0,
      7830.0,
      7840.0,
      7850.0,
      7860.0,
      7870.0,
      7880.0,
      7890.0,
      7900.0,
      7910.0,
      7920.0,
      7930.0,
      7940.0,
      7950.0,
      7960.0,
      7970.0,
      7980.0,
      7990.0,
      8000.0,
      8010.0,
      8020.0,
      8030.0,
      8040.0,
      8050.0,
      8060.0,
      8070.0,
      8080.0,
      8090.0,
      8100.0,
      8110.0,
      8120.0,
      8130.0,
      8140.0,
      8150.0,
      8160.0,
      8170.0,
      8180.0,
      8190.0,
      8200.0,
      8210.0,
      8220.0,
      8230.0,
      8240.0,
      8250.0,
      8260.0,
      8270.0,
      8280.0,
      8290.0,
      8300.0,
      8310.0,
      8320.0,
      8330.0,
      8340.0,
      8350.0,
      8360.0,
      8370.0,
      8380.0,
      8390.0,
      8400.0,
      8409.654639,
      8410.0,
      8420.0,
      8430.0,
      8440.0,
      8450.0,
      8460.0,
      8470.0,
      8480.0,
      8490.0,
      8500.0,
      8510.0,
      8520.0,
      8530.0,
      8540.0,
      8550.0,
      8560.0,
      8570.0,
      8580.0,
      8590.0,
      8600.0,
      8610.0,
      8620.0,
      8630.0,
      8640.0,
      8650.0,
      8660.0,
      8670.0,
      8680.0,
      8690.0,
      8700.0,
      8710.0,
      8720.0,
      8730.0,
      8740.0,
      8750.0,
      8760.0,
      8770.0,
      8780.0,
      8790.0,
      8800.0,
      8810.0,
      8820.0,
      8830.0,
      8840.0,
      8850.0,
      8860.0,
      8870.0,
      8880.0,
      8890.0,
      8900.0,
      8910.0,
      8920.0,
      8930.0,
      8940.0,
      8950.0,
      8960.0,
      8970.0,
      8980.0,
      8990.0,
      9000.0,
      9010.0,
      9020.0,
      9030.0,
      9040.0,
      9050.0,
      9060.0,
      9070.0,
      9080.0,
      9090.0,
      9100.0,
      9110.0,
      9120.0,
      9130.0,
      9140.0,
      9150.0,
      9160.0,
      9170.0,
      9180.0,
      9190.0,
      9200.0,
      9210.0,
      9220.0,
      9230.0,
      9240.0,
      9250.0,
      9260.0,
      9270.0,
      9280.0,
      9290.0,
      9300.0,
      9310.0,
      9320.0,
      9330.0,
      9340.0,
      9350.0,
      9360.0,
      9370.0,
      9380.0,
      9390.0,
      9400.0,
      9410.0,
      9420.0,
      9430.0,
      9440.0,
      9450.0,
      9460.0,
      9470.0,
      9480.0,
      9490.0,
      9500.0,
      9510.0,
      9520.0,
      9530.0,
      9540.0,
      9550.0,
      9560.0,
      9570.0,
      9580.0,
      9590.0,
      9600.0,
      9610.0,
      9620.0,
      9630.0,
      9640.0,
      9650.0,
      9660.0,
      9670.0,
      9680.0,
      9690.0,
      9700.0,
      9710.0,
      9720.0,
      9730.0,
      9740.0,
      9750.0,
      9760.0,
      9770.0,
      9780.0,
      9790.0,
      9800.0,
      9810.0,
      9820.0,
      9830.0,
      9840.0,
      9850.0,
      9860.0,
      9870.0,
      9880.0,
      9890.0,
      9900.0,
      9910.0,
      9920.0,
      9930.0,
      9940.0,
      9950.0,
      9960.0,
      9970.0,
      9980.0,
      9990.0,
      10000.0,
      10010.0,
      10020.0,
      10030.0,
      10040.0,
      10050.0,
      10060.0,
      10070.0,
      10080.0,
      10090.0,
      10100.0,
      10110.0,
      10120.0,
      10130.0,
      10140.0,
      10150.0,
      10160.0,
      10170.0,
      10180.0,
      10190.0,
      10200.0,
      10210.0,
      10220.0,
      10230.0,
      10240.0,
      10250.0,
      10260.0,
      10270.0,
      10280.0,
      10290.0,
      10300.0,
      10310.0,
      10320.0,
      10330.0,
      10340.0,
      10350.0,
      10360.0,
      10370.0,
      10380.0,
      10390.0,
      10400.0,
      10410.0,
      10420.0,
      10430.0,
      10440.0,
      10450.0,
      10460.0,
      10470.0,
      10480.0,
      10490.0,
      10500.0,
      10510.0,
      10520.0,
      10530.0,
      10540.0,
      10550.0,
      10560.0,
      10570.0,
      10580.0,
      10590.0,
      10600.0,
      10610.0,
      10620.0,
      10630.0,
      10640.0,
      10650.0,
      10660.0,
      10670.0,
      10680.0,
      10690.0,
      10700.0,
      10710.0,
      10720.0,
      10730.0,
      10740.0,
      10750.0,
      10760.0,
      10770.0,
      10780.0,
      10790.0,
      10800.0,
      10810.0,
      10820.0,
      10830.0,
      10840.0,
      10850.0,
      10860.0,
      10870.0,
      10880.0,
      10890.0,
      10900.0,
      10910.0,
      10920.0,
      10930.0,
      10940.0,
      10950.0,
      10960.0,
      10970.0,
      10980.0,
      10990.0,
      11000.0,
      11010.0,
      11020.0,
      11030.0,
      11040.0,
      11050.0,
      11060.0,
      11070.0,
      11080.0,
      11090.0,
      11100.0,
      11110.0,
      11120.0,
      11130.0,
      11140.0,
      11150.0,
      11160.0,
      11170.0,
      11180.0,
      11190.0,
      11200.0,
      11210.0,
      11220.0,
      11230.0,
      11240.0,
      11250.0,
      11260.0,
      11270.0,
      11280.0,
      11290.0,
      11300.0,
      11310.0,
      11320.0,
      11330.0,
      11340.0,
      11350.0,
      11360.0,
      11370.0,
      11380.0,
      11390.0,
      11400.0,
      11410.0,
      11420.0,
      11430.0,
      11440.0,
      11450.0,
      11460.0,
      11470.0,
      11480.0,
      11490.0,
      11500.0,
      11510.0,
      11520.0,
      11530.0,
      11540.0,
      11550.0,
      11560.0,
      11570.0,
      11580.0,
      11590.0,
      11600.0,
      11610.0,
      11620.0,
      11630.0,
      11640.0,
      11650.0,
      11660.0,
      11670.0,
      11680.0,
      11690.0,
      11700.0,
      11710.0,
      11720.0,
      11730.0,
      11740.0,
      11750.0,
      11760.0,
      11770.0,
      11780.0,
      11790.0,
      11800.0,
      11810.0,
      11820.0,
      11830.0,
      11840.0,
      11850.0,
      11860.0,
      11870.0,
      11880.0,
      11890.0,
      11900.0,
      11910.0,
      11920.0,
      11930.0,
      11940.0,
      11950.0,
      11960.0,
      11970.0,
      11980.0,
      11990.0,
      12000.0,
      12010.0,
      12020.0,
      12030.0,
      12040.0,
      12050.0,
      12060.0,
      12070.0,
      12080.0,
      12090.0,
      12100.0,
      12110.0,
      12120.0,
      12130.0,
      12140.0,
      12150.0,
      12160.0,
      12170.0,
      12180.0,
      12190.0,
      12200.0,
      12210.0,
      12220.0,
      12230.0,
      12240.0,
      12250.0,
      12260.0,
      12270.0,
      12280.0,
      12290.0,
      12300.0,
      12310.0,
      12320.0,
      12330.0,
      12340.0,
      12350.0,
      12360.0,
      12370.0,
      12380.0,
      12390.0,
      12400.0,
      12410.0,
      12420.0,
      12430.0,
      12440.0,
      12450.0,
      12460.0,
      12470.0,
      12480.0,
      12490.0,
      12500.0,
      12510.0,
      12520.0,
      12530.0,
      12540.0,
      12550.0,
      12560.0,
      12570.0,
      12580.0,
      12590.0,
      12600.0,
      12610.0,
      12620.0,
      12630.0,
      12640.0,
      12650.0,
      12660.0,
      12670.0,
      12680.0,
      12690.0,
      12700.0,
      12710.0,
      12720.0,
      12730.0,
      12740.0,
      12750.0,
      12760.0,
      12770.0,
      12780.0,
      12790.0,
      12800.0,
      12810.0,
      12820.0,
      12830.0,
      12840.0,
      12850.0,
      12860.0,
      12870.0,
      12880.0,
      12890.0,
      12900.0,
      12910.0,
      12920.0,
      12930.0,
      12940.0,
      12950.0,
      12960.0,
      12970.0,
      12980.0,
      12990.0,
      13000.0,
      13010.0,
      13020.0,
      13030.0,
      13040.0,
      13050.0,
      13060.0,
      13070.0,
      13080.0,
      13090.0,
      13100.0,
      13110.0,
      13120.0,
      13130.0,
      13140.0,
      13150.0,
      13160.0,
      13170.0,
      13180.0,
      13190.0,
      13200.0,
      13210.0,
      13220.0,
      13230.0,
      13240.0,
      13250.0,
      13260.0,
      13270.0,
      13280.0,
      13290.0,
      13300.0,
      13310.0,
      13320.0,
      13330.0,
      13340.0,
      13350.0,
      13360.0,
      13370.0,
      13380.0,
      13390.0,
      13400.0,
      13410.0,
      13420.0,
      13430.0,
      13440.0,
      13450.0,
      13460.0,
      13470.0,
      13480.0,
      13490.0,
      13500.0,
      13510.0,
      13520.0,
      13530.0,
      13540.0,
      13550.0,
      13560.0,
      13570.0,
      13580.0,
      13590.0,
      13600.0,
      13610.0,
      13620.0,
      13630.0,
      13640.0,
      13650.0,
      13660.0,
      13670.0,
      13680.0,
      13690.0,
      13700.0,
      13710.0,
      13720.0,
      13730.0,
      13740.0,
      13750.0,
      13760.0,
      13770.0,
      13780.0,
      13790.0,
      13800.0,
      13810.0,
      13820.0,
      13830.0,
      13840.0,
      13850.0,
      13860.0,
      13870.0,
      13880.0,
      13890.0,
      13900.0,
      13910.0,
      13920.0,
      13930.0,
      13940.0,
      13950.0,
      13960.0,
      13970.0,
      13980.0,
      13990.0,
      14000.0,
      14010.0,
      14020.0,
      14030.0,
      14040.0,
      14050.0,
      14060.0,
      14070.0,
      14080.0,
      14090.0,
      14100.0,
      14110.0,
      14120.0,
      14130.0,
      14140.0,
      14150.0,
      14160.0,
      14170.0,
      14180.0,
      14190.0,
      14200.0,
      14210.0,
      14220.0,
      14230.0,
      14240.0,
      14250.0,
      14260.0,
      14270.0,
      14280.0,
      14290.0,
      14300.0,
      14310.0,
      14320.0,
      14330.0,
      14340.0,
      14350.0,
      14360.0,
      14370.0,
      14380.0,
      14390.0,
      14400.0,
      14410.0,
      14420.0,
      14430.0,
      14440.0,
      14450.0,
      14460.0,
      14470.0,
      14480.0,
      14490.0,
      14500.0,
      14510.0,
      14520.0,
      14530.0,
      14540.0,
      14550.0,
      14560.0,
      14570.0,
      14580.0,
      14590.0,
      14600.0,
      14610.0,
      14620.0,
      14630.0,
      14640.0,
      14650.0,
      14660.0,
      14670.0,
      14680.0,
      14690.0,
      14700.0,
      14710.0,
      14720.0,
      14730.0,
      14740.0,
      14750.0,
      14760.0,
      14770.0,
      14780.0,
      14790.0,
      14800.0,
      14810.0,
      14820.0,
      14830.0,
      14840.0,
      14850.0,
      14860.0,
      14870.0,
      14880.0,
      14890.0,
      14900.0,
      14910.0,
      14920.0,
      14930.0,
      14940.0,
      14950.0,
      14960.0,
      14970.0,
      14980.0,
      14990.0,
      15000.0,
      15010.0,
      15020.0,
      15030.0,
      15040.0,
      15050.0,
      15060.0,
      15070.0,
      15080.0,
      15090.0,
      15100.0,
      15110.0,
      15120.0,
      15130.0,
      15140.0,
      15150.0,
      15160.0,
      15170.0,
      15180.0,
      15190.0,
      15200.0,
      15210.0,
      15220.0,
      15230.0,
      15240.0,
      15250.0,
      15260.0,
      15270.0,
      15280.0,
      15290.0,
      15300.0,
      15310.0,
      15320.0,
      15330.0,
      15340.0,
      15350.0,
      15360.0,
      15370.0,
      15380.0,
      15390.0,
      15400.0,
      15410.0,
      15420.0,
      15430.0,
      15440.0,
      15450.0,
      15460.0,
      15470.0,
      15480.0,
      15490.0,
      15500.0,
      15510.0,
      15520.0,
      15530.0,
      15540.0,
      15550.0,
      15560.0,
      15570.0,
      15580.0,
      15590.0,
      15600.0,
      15610.0,
      15620.0,
      15630.0,
      15640.0,
      15650.0,
      15660.0,
      15670.0,
      15680.0,
      15690.0,
      15700.0,
      15710.0,
      15711.188384,
      15720.0,
      15730.0,
      15740.0,
      15750.0,
      15760.0,
      15770.0,
      15780.0,
      15790.0,
      15800.0,
      15810.0,
      15820.0,
      15830.0,
      15840.0,
      15849.974761,
      15850.0,
      15860.0,
      15870.0,
      15880.0,
      15890.0,
      15900.0,
      15910.0,
      15920.0,
      15930.0,
      15940.0,
      15950.0,
      15960.0,
      15970.0,
      15980.0,
      15990.0,
      16000.0,
      16010.0,
      16020.0,
      16030.0,
      16040.0,
      16050.0,
      16060.0,
      16070.0,
      16080.0,
      16090.0,
      16100.0,
      16110.0,
      16120.0,
      16130.0,
      16140.0,
      16150.0,
      16160.0,
      16170.0,
      16180.0,
      16190.0,
      16200.0,
      16210.0,
      16220.0,
      16230.0,
      16240.0,
      16250.0,
      16260.0,
      16270.0,
      16280.0,
      16290.0,
      16300.0,
      16310.0,
      16320.0,
      16330.0,
      16340.0,
      16350.0,
      16360.0,
      16370.0,
      16380.0,
      16390.0,
      16400.0,
      16410.0,
      16420.0,
      16430.0,
      16440.0,
      16450.0,
      16460.0,
      16470.0,
      16480.0,
      16490.0,
      16500.0,
      16510.0,
      16520.0,
      16530.0,
      16540.0,
      16550.0,
      16560.0,
      16570.0,
      16580.0,
      16590.0,
      16600.0,
      16610.0,
      16620.0,
      16630.0,
      16640.0,
      16650.0,
      16660.0,
      16670.0,
      16680.0,
      16690.0,
      16700.0,
      16710.0,
      16720.0,
      16730.0,
      16740.0,
      16750.0,
      16760.0,
      16770.0,
      16780.0,
      16790.0,
      16800.0,
      16810.0,
      16820.0,
      16830.0,
      16840.0,
      16850.0,
      16860.0,
      16870.0,
      16880.0,
      16890.0,
      16900.0,
      16910.0,
      16920.0,
      16930.0,
      16940.0,
      16950.0,
      16960.0,
      16970.0,
      16980.0,
      16990.0,
      17000.0,
      17010.0,
      17020.0,
      17030.0,
      17040.0,
      17050.0,
      17060.0,
      17070.0,
      17080.0,
      17090.0,
      17100.0,
      17110.0,
      17120.0,
      17130.0,
      17140.0,
      17150.0,
      17160.0,
      17170.0,
      17171.084304,
      17180.0,
      17190.0,
      17200.0,
      17210.0,
      17220.0,
      17220.760049,
      17230.0,
      17240.0,
      17250.0,
      17260.0,
      17270.0,
      17280.0,
      17290.0,
      17300.0,
      17310.0,
      17320.0,
      17330.0,
      17340.0,
      17350.0,
      17360.0,
      17370.0,
      17380.0,
      17390.0,
      17400.0,
      17410.0,
      17420.0,
      17430.0,
      17440.0,
      17450.0,
      17460.0,
      17470.0,
      17480.0,
      17490.0,
      17500.0,
      17510.0,
      17520.0,
      17530.0,
      17540.0,
      17550.0,
      17560.0,
      17570.0,
      17580.0,
      17590.0,
      17600.0,
      17610.0,
      17620.0,
      17630.0,
      17640.0,
      17650.0,
      17660.0,
      17670.0,
      17680.0,
      17690.0,
      17700.0,
      17710.0,
      17720.0,
      17730.0,
      17740.0,
      17750.0,
      17760.0,
      17770.0,
      17780.0,
      17790.0,
      17800.0,
      17810.0,
      17820.0,
      17830.0,
      17840.0,
      17850.0,
      17860.0,
      17870.0,
      17880.0,
      17890.0,
      17900.0,
      17910.0,
      17920.0,
      17930.0,
      17940.0,
      17950.0,
      17960.0,
      17970.0,
      17980.0,
      17990.0,
      18000.0,
      18010.0,
      18020.0,
      18030.0,
      18040.0,
      18050.0,
      18060.0,
      18070.0,
      18080.0,
      18090.0,
      18100.0,
      18110.0,
      18120.0,
      18130.0,
      18140.0,
      18150.0,
      18160.0,
      18170.0,
      18180.0,
      18190.0,
      18200.0,
      18210.0,
      18220.0,
      18230.0,
      18240.0,
      18250.0,
      18260.0,
      18270.0,
      18280.0,
      18290.0,
      18300.0,
      18310.0,
      18320.0,
      18330.0,
      18340.0,
      18350.0,
      18360.0,
      18370.0,
      18380.0,
      18390.0,
      18400.0,
      18410.0,
      18420.0,
      18430.0,
      18440.0,
      18450.0,
      18460.0,
      18470.0,
      18480.0,
      18490.0,
      18500.0,
      18510.0,
      18520.0,
      18530.0,
      18540.0,
      18550.0,
      18560.0,
      18570.0,
      18580.0,
      18590.0,
      18600.0,
      18610.0,
      18620.0,
      18630.0,
      18640.0,
      18650.0,
      18660.0,
      18670.0,
      18680.0,
      18690.0,
      18700.0,
      18710.0,
      18720.0,
      18730.0,
      18740.0,
      18750.0,
      18760.0,
      18770.0,
      18780.0,
      18790.0,
      18800.0,
      18810.0,
      18820.0,
      18830.0,
      18840.0,
      18850.0,
      18860.0,
      18870.0,
      18880.0,
      18890.0,
      18900.0,
      18910.0,
      18920.0,
      18930.0,
      18940.0,
      18950.0,
      18960.0,
      18970.0,
      18980.0,
      18990.0,
      19000.0,
      19010.0,
      19020.0,
      19030.0,
      19040.0,
      19050.0,
      19060.0,
      19070.0,
      19080.0,
      19090.0,
      19100.0,
      19110.0,
      19120.0,
      19130.0,
      19140.0,
      19150.0,
      19160.0,
      19170.0,
      19180.0,
      19190.0,
      19200.0,
      19210.0,
      19220.0,
      19230.0,
      19240.0,
      19247.97927,
      19250.0,
      19260.0,
      19270.0,
      19280.0,
      19290.0,
      19300.0,
      19310.0,
      19320.0,
      19330.0,
      19340.0,
      19350.0,
      19360.0,
      19370.0,
      19380.0,
      19390.0,
      19400.0,
      19410.0,
      19410.691529,
      19420.0,
      19430.0,
      19440.0,
      19450.0,
      19460.0,
      19470.0,
      19480.0,
      19490.0,
      19491.432522,
      19500.0,
      19510.0,
      19520.0,
      19530.0,
      19540.0,
      19550.0,
      19560.0,
      19570.0,
      19580.0,
      19590.0,
      19600.0,
      19610.0,
      19620.0,
      19630.0,
      19640.0,
      19650.0,
      19660.0,
      19670.0,
      19680.0,
      19690.0,
      19700.0,
      19710.0,
      19720.0,
      19730.0,
      19740.0,
      19750.0,
      19760.0,
      19770.0,
      19780.0,
      19790.0,
      19800.0,
      19810.0,
      19820.0,
      19830.0,
      19840.0,
      19850.0,
      19860.0,
      19870.0,
      19880.0,
      19890.0,
      19900.0,
      19910.0,
      19920.0,
      19930.0,
      19940.0,
      19950.0,
      19960.0,
      19970.0,
      19980.0,
      19990.0,
      20000.0,
      20010.0,
      20020.0,
      20030.0,
      20040.0,
      20050.0,
      20060.0,
      20070.0,
      20080.0,
      20090.0,
      20100.0,
      20110.0,
      20120.0,
      20130.0,
      20140.0,
      20150.0,
      20160.0,
      20170.0,
      20180.0,
      20190.0,
      20200.0,
      20210.0,
      20220.0,
      20230.0,
      20240.0,
      20250.0,
      20260.0,
      20270.0,
      20280.0,
      20290.0,
      20300.0,
      20310.0,
      20320.0,
      20330.0,
      20340.0,
      20350.0,
      20360.0,
      20370.0,
      20380.0,
      20390.0,
      20400.0,
      20410.0,
      20420.0,
      20430.0,
      20440.0,
      20450.0,
      20460.0,
      20470.0,
      20480.0,
      20490.0,
      20500.0,
      20510.0,
      20520.0,
      20530.0,
      20540.0,
      20550.0,
      20560.0,
      20570.0,
      20580.0,
      20590.0,
      20600.0,
      20610.0,
      20620.0,
      20630.0,
      20640.0,
      20650.0,
      20660.0,
      20670.0,
      20680.0,
      20690.0,
      20700.0,
      20710.0,
      20720.0,
      20730.0,
      20740.0,
      20750.0,
      20760.0,
      20770.0,
      20780.0,
      20790.0,
      20800.0,
      20810.0,
      20820.0,
      20830.0,
      20840.0,
      20850.0,
      20860.0,
      20870.0,
      20880.0,
      20890.0,
      20900.0,
      20910.0,
      20920.0,
      20930.0,
      20940.0,
      20950.0,
      20960.0,
      20970.0,
      20980.0,
      20990.0,
      21000.0,
      21010.0,
      21020.0,
      21030.0,
      21040.0,
      21050.0,
      21060.0,
      21070.0,
      21080.0,
      21090.0,
      21100.0,
      21110.0,
      21120.0,
      21130.0,
      21140.0,
      21150.0,
      21160.0,
      21170.0,
      21180.0,
      21190.0,
      21200.0,
      21210.0,
      21220.0,
      21230.0,
      21240.0,
      21250.0,
      21260.0,
      21270.0,
      21280.0,
      21290.0,
      21300.0,
      21310.0,
      21320.0,
      21330.0,
      21340.0,
      21350.0,
      21360.0,
      21370.0,
      21380.0,
      21390.0,
      21400.0,
      21410.0,
      21420.0,
      21430.0,
      21440.0,
      21450.0,
      21460.0,
      21470.0,
      21480.0,
      21490.0,
      21500.0,
      21510.0,
      21520.0,
      21530.0,
      21540.0,
      21550.0,
      21560.0,
      21570.0,
      21580.0,
      21590.0,
      21600.0,
      21610.0,
      21620.0,
      21630.0,
      21640.0,
      21650.0,
      21660.0,
      21670.0,
      21680.0,
      21690.0,
      21700.0,
      21710.0,
      21720.0,
      21730.0,
      21740.0,
      21750.0,
      21760.0,
      21770.0,
      21780.0,
      21790.0,
      21800.0,
      21810.0,
      21820.0,
      21830.0,
      21840.0,
      21850.0,
      21860.0,
      21870.0,
      21880.0,
      21890.0,
      21900.0,
      21910.0,
      21920.0,
      21930.0,
      21940.0,
      21950.0,
      21960.0,
      21970.0,
      21980.0,
      21990.0,
      22000.0,
      22010.0,
      22020.0,
      22030.0,
      22040.0,
      22050.0,
      22060.0,
      22070.0,
      22080.0,
      22090.0,
      22100.0,
      22110.0,
      22120.0,
      22130.0,
      22140.0,
      22150.0,
      22160.0,
      22170.0,
      22180.0,
      22190.0,
      22200.0,
      22210.0,
      22220.0,
      22230.0,
      22240.0,
      22250.0,
      22260.0,
      22270.0,
      22280.0,
      22290.0,
      22300.0,
      22310.0,
      22320.0,
      22330.0,
      22340.0,
      22350.0,
      22360.0,
      22370.0,
      22380.0,
      22390.0,
      22400.0,
      22410.0,
      22420.0,
      22430.0,
      22440.0,
      22450.0,
      22460.0,
      22470.0,
      22480.0,
      22490.0,
      22500.0,
      22510.0,
      22520.0,
      22530.0,
      22540.0,
      22550.0,
      22560.0,
      22570.0,
      22580.0,
      22590.0,
      22600.0,
      22610.0,
      22620.0,
      22630.0,
      22640.0,
      22650.0,
      22660.0,
      22670.0,
      22680.0,
      22690.0,
      22700.0,
      22710.0,
      22720.0,
      22730.0,
      22740.0,
      22750.0,
      22760.0,
      22770.0,
      22780.0,
      22790.0,
      22800.0,
      22810.0,
      22820.0,
      22830.0,
      22840.0,
      22850.0,
      22860.0,
      22870.0,
      22880.0,
      22890.0,
      22900.0,
      22910.0,
      22920.0,
      22930.0,
      22940.0,
      22950.0,
      22960.0,
      22970.0,
      22980.0,
      22990.0,
      23000.0,
      23010.0,
      23020.0,
      23030.0,
      23040.0,
      23050.0,
      23060.0,
      23070.0,
      23080.0,
      23090.0,
      23100.0,
      23110.0,
      23120.0,
      23130.0,
      23140.0,
      23150.0,
      23160.0,
      23170.0,
      23180.0,
      23190.0,
      23200.0,
      23210.0,
      23220.0,
      23230.0,
      23240.0,
      23250.0,
      23260.0,
      23270.0,
      23280.0,
      23290.0,
      23300.0,
      23310.0,
      23320.0,
      23330.0,
      23340.0,
      23350.0,
      23360.0,
      23370.0,
      23380.0,
      23390.0,
      23400.0,
      23410.0,
      23420.0,
      23430.0,
      23440.0,
      23450.0,
      23460.0,
      23470.0,
      23480.0,
      23490.0,
      23500.0,
      23510.0,
      23520.0,
      23530.0,
      23540.0,
      23550.0,
      23560.0,
      23570.0,
      23580.0,
      23590.0,
      23600.0,
      23610.0,
      23620.0,
      23630.0,
      23640.0,
      23650.0,
      23660.0,
      23670.0,
      23680.0,
      23690.0,
      23700.0,
      23710.0,
      23720.0,
      23730.0,
      23740.0,
      23750.0,
      23760.0,
      23770.0,
      23780.0,
      23790.0,
      23800.0,
      23810.0,
      23820.0,
      23830.0,
      23840.0,
      23850.0,
      23860.0,
      23870.0,
      23880.0,
      23890.0,
      23900.0,
      23910.0,
      23920.0,
      23930.0,
      23940.0,
      23950.0,
      23960.0,
      23970.0,
      23980.0,
      23990.0,
      24000.0,
      24010.0,
      24020.0,
      24030.0,
      24040.0,
      24050.0,
      24060.0,
      24070.0,
      24080.0,
      24090.0,
      24100.0,
      24110.0,
      24120.0,
      24130.0,
      24140.0,
      24150.0,
      24160.0,
      24170.0,
      24180.0,
      24190.0,
      24200.0,
      24210.0,
      24220.0,
      24230.0,
      24240.0,
      24250.0,
      24260.0,
      24270.0,
      24280.0,
      24290.0,
      24300.0,
      24310.0,
      24320.0,
      24330.0,
      24340.0,
      24350.0,
      24360.0,
      24370.0,
      24380.0,
      24390.0,
      24400.0,
      24410.0,
      24420.0,
      24430.0,
      24440.0,
      24450.0,
      24460.0,
      24470.0,
      24480.0,
      24490.0,
      24500.0,
      24510.0,
      24520.0,
      24530.0,
      24540.0,
      24550.0,
      24560.0,
      24570.0,
      24580.0,
      24590.0,
      24600.0,
      24610.0,
      24620.0,
      24630.0,
      24640.0,
      24650.0,
      24660.0,
      24670.0,
      24680.0,
      24690.0,
      24700.0,
      24710.0,
      24720.0,
      24730.0,
      24740.0,
      24750.0,
      24760.0,
      24770.0,
      24780.0,
      24790.0,
      24800.0,
      24810.0,
      24820.0,
      24830.0,
      24840.0,
      24850.0,
      24860.0,
      24870.0,
      24880.0,
      24890.0,
      24900.0,
      24910.0,
      24920.0,
      24930.0,
      24940.0,
      24950.0,
      24960.0,
      24970.0,
      24980.0,
      24990.0,
      25000.0,
      25010.0,
      25020.0,
      25030.0,
      25040.0,
      25050.0,
      25060.0,
      25070.0,
      25080.0,
      25090.0,
      25100.0,
      25110.0,
      25120.0,
      25130.0,
      25140.0,
      25150.0,
      25160.0,
      25170.0,
      25180.0,
      25190.0,
      25200.0,
      25210.0,
      25220.0,
      25230.0,
      25240.0,
      25250.0,
      25260.0,
      25270.0,
      25280.0,
      25290.0,
      25300.0,
      25310.0,
      25320.0,
      25330.0,
      25340.0,
      25350.0,
      25360.0,
      25370.0,
      25380.0,
      25390.0,
      25400.0,
      25410.0,
      25420.0,
      25430.0,
      25440.0,
      25450.0,
      25460.0,
      25470.0,
      25480.0,
      25490.0,
      25500.0,
      25510.0,
      25520.0,
      25530.0,
      25540.0,
      25550.0,
      25560.0,
      25570.0,
      25580.0,
      25590.0,
      25600.0,
      25610.0,
      25620.0,
      25630.0,
      25640.0,
      25650.0,
      25660.0,
      25670.0,
      25680.0,
      25690.0,
      25700.0,
      25710.0,
      25720.0,
      25730.0,
      25740.0,
      25750.0,
      25760.0,
      25770.0,
      25780.0,
      25790.0,
      25800.0,
      25810.0,
      25820.0,
      25830.0,
      25840.0,
      25850.0,
      25860.0,
      25870.0,
      25880.0,
      25890.0,
      25900.0,
      25910.0,
      25920.0,
      25930.0,
      25940.0,
      25950.0,
      25960.0,
      25970.0,
      25980.0,
      25990.0,
      26000.0,
      26010.0,
      26020.0,
      26030.0,
      26040.0,
      26050.0,
      26060.0,
      26070.0,
      26080.0,
      26090.0,
      26100.0,
      26110.0,
      26120.0,
      26130.0,
      26140.0,
      26150.0,
      26160.0,
      26170.0,
      26180.0,
      26190.0,
      26200.0,
      26210.0,
      26220.0,
      26230.0,
      26240.0,
      26250.0,
      26260.0,
      26270.0,
      26280.0,
      26290.0,
      26300.0,
      26310.0,
      26320.0,
      26330.0,
      26340.0,
      26350.0,
      26360.0,
      26370.0,
      26380.0,
      26390.0,
      26400.0,
      26410.0,
      26420.0,
      26430.0,
      26440.0,
      26450.0,
      26460.0,
      26470.0,
      26480.0,
      26490.0,
      26500.0,
      26510.0,
      26520.0,
      26530.0,
      26540.0,
      26550.0,
      26560.0,
      26570.0,
      26580.0,
      26590.0,
      26600.0,
      26610.0,
      26620.0,
      26630.0,
      26640.0,
      26650.0,
      26660.0,
      26670.0,
      26680.0,
      26690.0,
      26700.0,
      26710.0,
      26720.0,
      26730.0,
      26740.0,
      26750.0,
      26760.0,
      26770.0,
      26780.0,
      26790.0,
      26800.0,
      26810.0,
      26820.0,
      26830.0,
      26840.0,
      26850.0,
      26860.0,
      26870.0,
      26880.0,
      26890.0,
      26900.0,
      26910.0,
      26920.0,
      26930.0,
      26940.0,
      26950.0,
      26960.0,
      26970.0,
      26980.0,
      26990.0,
      27000.0,
      27010.0,
      27020.0,
      27030.0,
      27040.0,
      27050.0,
      27060.0,
      27070.0,
      27080.0,
      27090.0,
      27100.0,
      27110.0,
      27120.0,
      27130.0,
      27140.0,
      27150.0,
      27160.0,
      27170.0,
      27180.0,
      27190.0,
      27200.0,
      27210.0,
      27220.0,
      27230.0,
      27240.0,
      27250.0,
      27260.0,
      27270.0,
      27280.0,
      27290.0,
      27300.0,
      27310.0,
      27320.0,
      27330.0,
      27340.0,
      27350.0,
      27360.0,
      27370.0,
      27380.0,
      27390.0,
      27400.0,
      27410.0,
      27420.0,
      27430.0,
      27440.0,
      27450.0,
      27460.0,
      27470.0,
      27480.0,
      27490.0,
      27500.0,
      27510.0,
      27520.0,
      27530.0,
      27540.0,
      27550.0,
      27560.0,
      27570.0,
      27580.0,
      27590.0,
      27600.0,
      27610.0,
      27620.0,
      27630.0,
      27640.0,
      27650.0,
      27660.0,
      27670.0,
      27680.0,
      27690.0,
      27700.0,
      27710.0,
      27720.0,
      27730.0,
      27740.0,
      27750.0,
      27760.0,
      27770.0,
      27780.0,
      27790.0,
      27800.0,
      27810.0,
      27820.0,
      27830.0,
      27840.0,
      27850.0,
      27860.0,
      27870.0,
      27880.0,
      27890.0,
      27900.0,
      27910.0,
      27920.0,
      27930.0,
      27940.0,
      27950.0,
      27960.0,
      27970.0,
      27980.0,
      27990.0,
      28000.0,
      28010.0,
      28020.0,
      28030.0,
      28040.0,
      28050.0,
      28060.0,
      28070.0,
      28080.0,
      28090.0,
      28100.0,
      28110.0,
      28120.0,
      28130.0,
      28140.0,
      28150.0,
      28160.0,
      28170.0,
      28180.0,
      28190.0,
      28200.0,
      28210.0,
      28220.0,
      28230.0,
      28240.0,
      28250.0,
      28260.0,
      28270.0,
      28280.0,
      28290.0,
      28300.0,
      28310.0,
      28320.0,
      28330.0,
      28340.0,
      28350.0,
      28360.0,
      28370.0,
      28380.0,
      28390.0,
      28400.0,
      28410.0,
      28420.0,
      28430.0,
      28440.0,
      28450.0,
      28460.0,
      28470.0,
      28480.0,
      28490.0,
      28500.0,
      28510.0,
      28520.0,
      28530.0,
      28540.0,
      28550.0,
      28560.0,
      28570.0,
      28580.0
    ],
    "way_id": [
      46822960,
      46822960,
      46822960,
      46822960,
      46822960,
      46822960,
      46822960,
      46822960,
      46822960,
      46822960,
      46822960,
      46822960,
      46822960,
      46822960,
      46822960,
      46822960,
      46822960,
      46822960,
      46822960,
      46822960,
      46822960,
      46822960,
      46822960,
      46822960,
      46822960,
      46822960,
      46822960,
      46822960,
      46822960,
      46822960,
      46822960,
      46822960,
      46822960,
      46822960,
      46822960,
      46822960,
      46822960,
      319345448,
      319345448,
      319345449,
      319345449,
      319345449,
      319345449,
      319345449,
      319345449,
      319345449,
      319345449,
      319345449,
      319345449,
      319345449,
      319345449,
      319345449,
      319345449,
      319345449,
      319345449,
      319345449,
      319345449,
      319345449,
      319345449,
      319345449,
      319345449,
      319345449,
      319345449,
      319345449,
      319345449,
      319345449,
      319345449,
      319345449,
      319345449,
      319345449,
      319345449,
      319345449,
      319345449,
      319345449,
      319345449,
      319345449,
      319345449,
      319345449,
      319345449,
      319345449,
      319345449,
      319345449,
      319345449,
      319345449,
      319345449,
      319345449,
      319345449,
      319345449,
      319345449,
      319345449,
      319345449,
      319345449,
      319345449,
      319345449,
      319345449,
      319345449,
      319345449,
      319345449,
      319345449,
      319345449,
      319345449,
      319345449,
      319345449,
      319345449,
      319345449,
      319345449,
      319345449,
      319345449,
      319345449,
      319345449,
      319345449,
      319345449,
      319345449,
      319345449,
      319345449,
      319345449,
      319345449,
      319345449,
      319345449,
      319345449,
      319345449,
      319345449,
      319345449,
      319345449,
      319345449,
      319345449,
      319345449,
      319345449,
      319345449,
      319345449,
      319345449,
      319345449,
      319345449,
      319345449,
      319345449,
      319345449,
      319345449,
      319345449,
      319345449,
      319345449,
      319345449,
      319345449,
      319345449,
      319345449,
      319345449,
      319345449,
      319345449,
      319345449,
      319345449,
      319345449,
      319345449,
      319345449,
      319345449,
      319345449,
      319345449,
      319345449,
      319345449,
      319345449,
      319345449,
      319345449,
      319345449,
      319345449,
      319345449,
      319345449,
      319345449,
      319345449,
      319345449,
      319345449,
      319345449,
      319345449,
      319345449,
      319345449,
      319345449,
      319345449,
      319345449,
      319345449,
      319345449,
      319345449,
      319345449,
      319345449,
      319345449,
      319345449,
      319345449,
      319345449,
      319345449,
      319345449,
      319345449,
      319345449,
      319345449,
      319345449,
      319345449,
      319345449,
      319345449,
      319345449,
      319345449,
      319345449,
      319345449,
      319345449,
      46822959,
      46822959,
      46822959,
      46822959,
      46822959,
      46822959,
      46822959,
      46822959,
      46822959,
      46822959,
      46822959,
      46822959,
      46822959,
      46822959,
      46822959,
      46822959,
      46822959,
      46822959,
      46822959,
      46822959,
      46822959,
      46822959,
      46822959,
      46822959,
      46822959,
      46822959,
      46822959,
      46822959,
      46822959,
      46822959,
      46822959,
      46822959,
      46822959,
      46822959,
      46822959,
      46822959,
      46822959,
      46822959,
      46822959,
      46822959,
      46822959,
      46822959,
      46822959,
      46822959,
      46822959,
      46822959,
      46822959,
      46822959,
      46822959,
      46822959,
      46822959,
      46822959,
      46822959,
      46822959,
      46822959,
      46822959,
      46822959,
      46822959,
      46822959,
      46822959,
      46822959,
      46822959,
      46822959,
      46822959,
      46822959,
      46822959,
      46822959,
      46822959,
      46822959,
      46822959,
      46822959,
      46822959,
      46822959,
      46822959,
      46822959,
      46822959,
      46822959,
      46822959,
      46822959,
      46822959,
      46822959,
      46822959,
      46822959,
      46822959,
      46822959,
      46822959,
      46822959,
      46822959,
      46822959,
      46822959,
      46822959,
      46822959,
      46822959,
      46822959,
      46822959,
      46822959,
      46822959,
      46822959,
      46822959,
      46822959,
      46822959,
      46822959,
      46822959,
      46822959,
      46822959,
      46822959,
      46822959,
      46822959,
      46822959,
      46822959,
      46822959,
      46822959,
      46822959,
      46822959,
      46822959,
      46822959,
      46822959,
      46822959,
      46822959,
      46822959,
      46822959,
      46822959,
      46822959,
      46822959,
      46822959,
      46822959,
      46822959,
      46822959,
      46822959,
      46822959,
      46822959,
      46822959,
      46822959,
      46822959,
      46822959,
      46822959,
      46822959,
      46822959,
      46822959,
      46822959,
      46822959,
      46822959,
      46822959,
      46822959,
      46822959,
      46822959,
      46822959,
      46822959,
      46822959,
      46822959,
      46822959,
      46822959,
      46822959,
      46822959,
      46822959,
      46822959,
      1064111838,
      1064111838,
      1064111838,
      1064111838,
      1064111838,
      1064111838,
      1064111838,
      1064111838,
      1064111838,
      1064111838,
      1064111838,
      1064111838,
      1064111838,
      1064111838,
      1064111838,
      1064111838,
      1064111838,
      1064111838,
      1064111838,
      1064111838,
      1064111838,
      1064111838,
      1064111838,
      1064111838,
      1064111838,
      1064111838,
      1064111838,
      1064111838,
      1064111838,
      1064111838,
      1064111838,
      1064111838,
      1064111838,
      1064111838,
      1064111838,
      1064111838,
      1064111838,
      1064111838,
      1064111838,
      1064111838,
      1064111838,
      1064111838,
      1064111838,
      1064111838,
      1064111838,
      1064111838,
      1064111838,
      1064111838,
      1064111838,
      1064111838,
      1064111838,
      1064111838,
      1064111838,
      1064111838,
      1064111838,
      1064111838,
      1064111838,
      1064111838,
      1064111838,
      1064111838,
      1064111838,
      1064111838,
      1064111838,
      1064111838,
      1064111838,
      1064111838,
      1064111838,
      1064111838,
      1064111838,
      1064111838,
      1064111838,
      1064111838,
      1064111838,
      1064111838,
      1064111838,
      1064111838,
      1064111838,
      1064111838,
      1064111838,
      1064111838,
      1064111838,
      1064111838,
      1064111838,
      1064111838,
      1064111838,
      1064111838,
      1064111838,
      1064111838,
      1064111838,
      1064111838,
      1064111838,
      1064111838,
      1064111838,
      1064111838,
      1064111838,
      1064111838,
      1064111838,
      1064111838,
      1064111838,
      1064111838,
      1064111838,
      1064111838,
      1064111838,
      1064111838,
      1064111838,
      1064111838,
      1064111838,
      1064111838,
      1064111838,
      1064111838,
      1064111838,
      1064111838,
      1064111838,
      1064111838,
      1064111838,
      1064111838,
      1064111838,
      1064111838,
      1064111838,
      1064111838,
      1064111838,
      1064111838,
      1064111838,
      1064111838,
      1064111838,
      1064111838,
      1064111838,
      1064111838,
      1064111838,
      1064111838,
      1064111838,
      1064111838,
      1064111838,
      1064111838,
      1064111838,
      1064111838,
      319644510,
      319644510,
      319644510,
      319644510,
      319644510,
      319644510,
      319644510,
      319644510,
      319644510,
      319644510,
      319644510,
      319644398,
      319644398,
      319644398,
      319644398,
      319644398,
      319644398,
      319644398,
      319644398,
      319644398,
      319644398,
      319644398,
      319644398,
      319644398,
      319644398,
      319644398,
      319644398,
      319644398,
      319644398,
      319644398,
      319644398,
      319644398,
      319644398,
      319644398,
      319644398,
      319644398,
      319644398,
      319644398,
      319644398,
      319644398,
      319644398,
      319644398,
      319644398,
      319644398,
      319644398,
      319644398,
      319644398,
      319644398,
      319644398,
      319644398,
      319644398,
      319644398,
      319644398,
      319644398,
      319644398,
      319644398,
      319644398,
      319644398,
      319644398,
      319644398,
      319644398,
      319644398,
      319644398,
      319644398,
      319644398,
      319644398,
      319644398,
      319644398,
      319644398,
      319644398,
      319644398,
      319644398,
      319644398,
      319644398,
      319644398,
      319644398,
      319644398,
      319644398,
      319644398,
      319644398,
      319644398,
      319644398,
      319644398,
      319644398,
      319644398,
      319644398,
      319644398,
      319644398,
      319644398,
      319644398,
      319644398,
      319644398,
      319644398,
      319644398,
      319644398,
      319644398,
      319644398,
      319644398,
      319644398,
      319644398,
      319644398,
      319644398,
      319644398,
      319644398,
      319644398,
      319644398,
      319644398,
      319644398,
      319644398,
      319644398,
      319644398,
      319644398,
      319644398,
      319644398,
      319644398,
      319644398,
      319644398,
      319644398,
      319644398,
      319644398,
      319644398,
      319644398,
      319644398,
      319644398,
      319644398,
      319644398,
      319644398,
      319644398,
      319644398,
      319644398,
      319644398,
      319644398,
      319644398,
      319644398,
      319644398,
      319644398,
      319644398,
      319644398,
      319644398,
      319644398,
      319644398,
      319644398,
      319644398,
      319644398,
      319644398,
      319644398,
      319644398,
      319644398,
      319644398,
      319644398,
      319644398,
      319644398,
      319644398,
      319644398,
      319644398,
      319644398,
      319644398,
      319644398,
      319644398,
      319644398,
      319644398,
      319644398,
      319644398,
      319644398,
      319644398,
      319644398,
      319644398,
      319644398,
      319644398,
      319644398,
      319644398,
      319644398,
      319644398,
      319644398,
      319644398,
      319644398,
      319644398,
      319644398,
      319644398,
      319644398,
      319644398,
      319644398,
      319644398,
      319644398,
      319644398,
      319644398,
      319644398,
      319644398,
      319644398,
      319644398,
      319644398,
      319644398,
      319644398,
      319644398,
      319644398,
      319644398,
      319644398,
      319644398,
      319644398,
      319644398,
      319644398,
      319644398,
      319644398,
      319644398,
      319644398,
      319644398,
      319644398,
      319644398,
      319644398,
      319644398,
      319644398,
      319644398,
      319644398,
      319644398,
      319644398,
      319644398,
      319644398,
      319644398,
      319644398,
      319644398,
      319644398,
      319644398,
      319644398,
      319644398,
      319644398,
      319644398,
      319644398,
      319644398,
      319644398,
      319644398,
      319644398,
      319644398,
      319644398,
      319644398,
      319644398,
      319644398,
      319644398,
      319644398,
      319644398,
      319644398,
      319644398,
      319644398,
      319644398,
      319644398,
      319644398,
      319644398,
      319644398,
      319644398,
      319644398,
      319644398,
      319644398,
      319644398,
      319644398,
      319644398,
      319644398,
      319644398,
      319644398,
      319644398,
      319644398,
      319644398,
      319644398,
      319644398,
      319644398,
      319644398,
      319644398,
      319644398,
      319644398,
      319644398,
      319644398,
      319644398,
      319644398,
      319644398,
      319644398,
      319644398,
      319644398,
      319644398,
      319644398,
      319644398,
      319644398,
      319644398,
      319644398,
      319644398,
      319644398,
      319644398,
      319644398,
      319644398,
      319644398,
      319644398,
      319644398,
      319644398,
      140807377,
      140807377,
      140807377,
      140807377,
      140807377,
      140807377,
      140807377,
      140807377,
      140807377,
      140807377,
      140807377,
      140807377,
      140807377,
      140807377,
      140807377,
      140807377,
      140807377,
      140807377,
      140807377,
      140807377,
      140807377,
      140807377,
      140807377,
      140807377,
      140807377,
      140807377,
      140807377,
      140807377,
      140807377,
      140807377,
      140807377,
      140807377,
      140807377,
      140807377,
      140807377,
      140807377,
      140807377,
      140807377,
      140807377,
      140807377,
      140807377,
      140807377,
      140807377,
      140807377,
      140807377,
      140807377,
      140807377,
      140807377,
      140807377,
      140807377,
      140807377,
      140807377,
      140807377,
      140807377,
      140807377,
      140807377,
      140807377,
      140807377,
      140807377,
      140807377,
      140807377,
      140807377,
      140807377,
      140807377,
      140807377,
      140807377,
      140807377,
      140807377,
      140807372,
      140807372,
      140807372,
      140807372,
      140807372,
      140807372,
      140807372,
      140807372,
      140807372,
      140807372,
      140807372,
      140807372,
      140807372,
      140807372,
      140807372,
      140807372,
      140807372,
      140807372,
      140807372,
      140807372,
      140807372,
      140807372,
      140807372,
      140807372,
      140807372,
      140807372,
      140807372,
      140807372,
      140807372,
      140807372,
      140807372,
      140807372,
      140807372,
      140807372,
      140807372,
      140807372,
      140807372,
      140807372,
      140807372,
      140807372,
      140807372,
      140807372,
      140807372,
      140807372,
      140807372,
      140807372,
      140807372,
      140807372,
      140807372,
      140807372,
      140807372,
      140807372,
      140807372,
      140807372,
      140807372,
      140807372,
      140807372,
      140807372,
      140807372,
      140807372,
      140807372,
      140807372,
      140807372,
      140807372,
      140807372,
      140807372,
      140807372,
      140807372,
      140807372,
      140807372,
      140807372,
      140807372,
      140807372,
      140807372,
      140807372,
      140807372,
      140807372,
      140807372,
      140807372,
      140807372,
      140807372,
      140807372,
      140807372,
      140807372,
      140807372,
      140807372,
      140807372,
      140807372,
      140807372,
      140807372,
      140807372,
      140807372,
      140807372,
      140807372,
      140807372,
      140807372,
      140807372,
      140807372,
      140807372,
      140807372,
      140807372,
      140807372,
      140807372,
      140807372,
      140807372,
      140807372,
      140807372,
      140807372,
      140807372,
      140807372,
      140807372,
      140807372,
      140807372,
      140807372,
      140807372,
      140807372,
      140807372,
      140807372,
      140807372,
      140807372,
      140807372,
      140807372,
      140807372,
      140807372,
      140807372,
      140807372,
      140807372,
      140807372,
      140807372,
      140807372,
      140807372,
      140807372,
      140807372,
      140807372,
      140807372,
      140807372,
      140807372,
      140807372,
      140807372,
      140807372,
      140807372,
      140807372,
      140807372,
      140807372,
      140807372,
      140807372,
      140807372,
      140807372,
      140807372,
      140807372,
      140807372,
      140807372,
      140807372,
      140807372,
      140807372,
      140807372,
      140807372,
      140807372,
      140807372,
      140807372,
      140807372,
      140807372,
      140807372,
      140807372,
      140807372,
      140807372,
      140807372,
      140807372,
      140807372,
      140807372,
      140807372,
      140807372,
      140807372,
      140807372,
      140807372,
      140807372,
      140807372,
      140807372,
      140807372,
      140807372,
      140807372,
      140807372,
      140807372,
      140807372,
      140807372,
      140807372,
      140807372,
      140807372,
      140807372,
      140807372,
      140807372,
      140807372,
      140807372,
      140807372,
      140807372,
      140807372,
      140807372,
      140807372,
      140807372,
      140807372,
      140807372,
      140807372,
      140807372,
      140807372,
      140807372,
      140807372,
      140807372,
      140807372,
      140807372,
      140807372,
      140807372,
      140807372,
      140807372,
      140807372,
      140807372,
      140807372,
      140807372,
      140807372,
      140807372,
      140807372,
      140807372,
      140807372,
      140807372,
      140807372,
      140807372,
      140807372,
      140807372,
      140807372,
      140807372,
      140807372,
      140807372,
      140807372,
      140807372,
      140807372,
      140807372,
      140807372,
      140807372,
      140807372,
      140807372,
      140807372,
      140807372,
      140807372,
      140807372,
      140807372,
      140807372,
      140807372,
      140807372,
      140807372,
      140807372,
      140807372,
      140807372,
      140807372,
      140807372,
      140807372,
      140807372,
      140807372,
      140807372,
      140807372,
      140807372,
      140807372,
      140807372,
      140807372,
      140807372,
      140807372,
      140807372,
      140807372,
      140807372,
      140807372,
      140807372,
      140807372,
      140807372,
      140807372,
      140807372,
      140807372,
      140807372,
      140807372,
      140807372,
      140807372,
      140807372,
      140807372,
      140807372,
      140807372,
      140807372,
      140807372,
      140807372,
      140807372,
      140807372,
      140807372,
      140807372,
      140807372,
      140807372,
      140807372,
      140807372,
      140807372,
      140807372,
      140807372,
      140807372,
      140807372,
      140807372,
      140807372,
      140807372,
      140807372,
      140807372,
      140807372,
      140807372,
      140807372,
      140807372,
      140807372,
      140807372,
      140807372,
      140807372,
      140807372,
      140807372,
      140807372,
      140807372,
      140807372,
      140807372,
      140807372,
      140807372,
      140807372,
      140807372,
      140807372,
      140807372,
      140807372,
      140807372,
      140807372,
      140807372,
      140807372,
      140807372,
      140807372,
      140807372,
      140807372,
      140807372,
      140807372,
      140807372,
      140807372,
      140807372,
      140807372,
      140807372,
      140807372,
      140807372,
      140807372,
      140807372,
      140807372,
      140807372,
      140807372,
      140807372,
      140807372,
      140807372,
      140807372,
      140807372,
      140807372,
      140807372,
      140807372,
      140807372,
      140807372,
      140807372,
      140807372,
      140807372,
      140807372,
      140807372,
      140807372,
      140807372,
      140807372,
      140807372,
      140807372,
      140807372,
      140807372,
      140807372,
      140807372,
      140807372,
      140807372,
      140807372,
      140807372,
      140807372,
      140807372,
      140807372,
      140807372,
      140807372,
      140807372,
      140807372,
      140807372,
      140807372,
      140807372,
      140807372,
      140807372,
      140807372,
      140807372,
      140807372,
      140807372,
      140807372,
      140807372,
      140807372,
      140807372,
      140807372,
      140807372,
      140807372,
      140807372,
      140807372,
      140807372,
      140807372,
      140807372,
      140807372,
      140807372,
      140807372,
      140807372,
      140807372,
      140807372,
      140807372,
      140807372,
      140807372,
      140807372,
      140807372,
      140807372,
      140807372,
      140807372,
      140807372,
      140807372,
      140807372,
      140807372,
      140807372,
      140807372,
      140807372,
      140807372,
      140807372,
      140807372,
      140807372,
      140807372,
      140807372,
      140807372,
      140807372,
      140807372,
      140807372,
      140807372,
      140807372,
      140807372,
      140807372,
      140807372,
      140807372,
      140807372,
      140807372,
      140807372,
      140807372,
      140807372,
      140807372,
      140807372,
      140807372,
      140807372,
      140807372,
      140807372,
      140807372,
      140807372,
      140807372,
      140807372,
      140807372,
      140807372,
      140807372,
      140807372,
      140807372,
      140807372,
      140807372,
      140807372,
      140807372,
      140807372,
      140807372,
      140807372,
      140807372,
      140807372,
      140807372,
      140807372,
      140807372,
      140807372,
      140807372,
      140807372,
      140807372,
      140807372,
      140807372,
      140807372,
      140807372,
      140807372,
      140807372,
      140807372,
      140807372,
      140807372,
      140807372,
      140807372,
      140807372,
      140807372,
      140807372,
      140807372,
      140807372,
      140807372,
      140807372,
      140807372,
      140807372,
      140807372,
      140807372,
      140807372,
      140807372,
      140807372,
      140807372,
      140807372,
      140807372,
      140807372,
      140807372,
      140807372,
      140807372,
      140807372,
      140807372,
      140807372,
      140807372,
      140807372,
      140807372,
      140807372,
      140807372,
      140807372,
      140807372,
      140807372,
      140807372,
      140807372,
      140807372,
      140807372,
      140807372,
      140807372,
      140807372,
      140807372,
      140807372,
      140807372,
      140807372,
      140807372,
      140807372,
      140807372,
      140807372,
      140807372,
      140807372,
      140807372,
      140807372,
      140807372,
      140807372,
      140807372,
      140807372,
      140807372,
      140807372,
      140807372,
      140807372,
      140807372,
      140807372,
      140807372,
      140807372,
      140807372,
      140807372,
      140807372,
      140807372,
      140807372,
      140807372,
      140807372,
      140807372,
      140807372,
      140807372,
      140807372,
      140807372,
      140807372,
      140807372,
      140807372,
      140807372,
      140807372,
      140807372,
      140807372,
      140807372,
      140807372,
      140807372,
      140807372,
      140807372,
      140807372,
      140807372,
      140807372,
      140807372,
      140807372,
      140807372,
      140807372,
      140807372,
      140807372,
      140807372,
      140807372,
      140807372,
      140807372,
      140807372,
      140807372,
      140807372,
      140807372,
      140807372,
      140807372,
      140807372,
      140807372,
      140807372,
      140807372,
      140807372,
      140807372,
      140807372,
      140807372,
      140807372,
      140807372,
      140807372,
      140807372,
      140807372,
      140807372,
      140807372,
      140807372,
      140807372,
      140807372,
      140807372,
      140807372,
      140807372,
      140807372,
      140807372,
      140807372,
      140807372,
      140807372,
      140807372,
      140807372,
      140807372,
      140807372,
      140807372,
      140807372,
      140807372,
      140807372,
      140807372,
      140807372,
      140807372,
      140807372,
      140807372,
      140807372,
      140807372,
      140807372,
      140807372,
      140807372,
      140807372,
      140807372,
      140807372,
      140807372,
      140807372,
      140807372,
      140807372,
      140807372,
      140807372,
      140807372,
      140807372,
      140807372,
      140807372,
      140807372,
      140807372,
      140807372,
      140807372,
      140807372,
      140807372,
      140807372,
      140807372,
      140807372,
      140807372,
      140807372,
      140807372,
      140807372,
      140807372,
      140807372,
      140807372,
      140807372,
      140807372,
      140807372,
      140807372,
      140807372,
      140807372,
      140807372,
      140807372,
      140807372,
      140807372,
      140807372,
      140807372,
      140807372,
      140807372,
      140807372,
      140807372,
      140807372,
      140807372,
      140807372,
      140807372,
      140807372,
      140807372,
      140807372,
      140807372,
      140807372,
      140807372,
      140807372,
      140807372,
      140807372,
      140807372,
      140807372,
      140807372,
      140807372,
      140807372,
      140807372,
      140807372,
      140807372,
      140807372,
      140807372,
      140807372,
      140807372,
      140807372,
      140807372,
      140807372,
      140807372,
      140807372,
      140807372,
      140807372,
      140807372,
      140807372,
      140807372,
      140807372,
      140807372,
      140807372,
      140807372,
      140807372,
      140807372,
      140807372,
      140807372,
      140807372,
      140807372,
      140807372,
      140807372,
      140807372,
      140807372,
      140807372,
      140807372,
      140807372,
      1259213185,
      1259213185,
      1259213185,
      1259213185,
      1259213185,
      1259213185,
      1259213185,
      1259213185,
      1259213185,
      1259213185,
      1259213185,
      1259213185,
      1259213185,
      1259213185,
      1259213184,
      1259213184,
      1259213184,
      1259213184,
      1259213184,
      1259213184,
      1259213184,
      1259213184,
      1259213184,
      1259213184,
      1259213184,
      1259213184,
      1259213184,
      1259213184,
      1259213184,
      1259213184,
      1259213184,
      1259213184,
      1259213184,
      1259213184,
      1259213184,
      1259213184,
      1259213184,
      1259213184,
      1259213184,
      1259213184,
      1259213184,
      1259213184,
      1259213184,
      1259213184,
      1259213184,
      1259213184,
      1259213184,
      1259213184,
      1259213184,
      1259213184,
      1259213184,
      1259213184,
      1259213184,
      1259213184,
      1259213184,
      1259213184,
      1259213184,
      1259213184,
      1259213184,
      1259213184,
      1259213184,
      1259213184,
      1259213184,
      1259213184,
      1259213184,
      1259213184,
      1259213184,
      1259213184,
      1259213184,
      1259213184,
      1259213184,
      1259213184,
      1259213184,
      1259213184,
      1259213184,
      1259213184,
      1259213184,
      1259213184,
      1259213184,
      1259213184,
      1259213184,
      1259213184,
      1259213184,
      1259213184,
      1259213184,
      1259213184,
      1259213184,
      1259213184,
      1259213184,
      1259213184,
      1259213184,
      1259213184,
      1259213184,
      1259213184,
      1259213184,
      1259213184,
      1259213184,
      1259213184,
      1259213184,
      1259213184,
      1259213184,
      1259213184,
      1259213184,
      1259213184,
      1259213184,
      1259213184,
      1259213184,
      1259213184,
      1259213184,
      1259213184,
      1259213184,
      1259213184,
      1259213184,
      1259213184,
      1259213184,
      1259213184,
      1259213184,
      1259213184,
      1259213184,
      1259213184,
      1259213184,
      1259213184,
      1259213184,
      1259213184,
      1259213184,
      1259213184,
      1259213184,
      1259213184,
      1259213184,
      1259213184,
      1259213184,
      1259213184,
      1259213184,
      1259213184,
      1259213184,
      1259213184,
      1259213184,
      1259213184,
      1259213184,
      1259213184,
      1259213184,
      1259213184,
      1259213184,
      1259213184,
      1259213184,
      1259213184,
      1259213184,
      1259213184,
      136556605,
      136556605,
      136556605,
      136556605,
      136556605,
      136556605,
      136556606,
      136556606,
      136556606,
      136556606,
      136556606,
      136556606,
      136556606,
      136556606,
      136556606,
      136556606,
      136556606,
      136556606,
      136556606,
      136556606,
      136556606,
      136556606,
      136556606,
      136556606,
      136556606,
      136556606,
      136556606,
      136556606,
      136556606,
      136556606,
      136556606,
      136556606,
      136556606,
      136556606,
      136556606,
      136556606,
      136556606,
      136556606,
      136556606,
      136556606,
      136556606,
      136556606,
      136556606,
      136556606,
      136556606,
      136556606,
      136556606,
      136556606,
      136556606,
      136556606,
      136556606,
      136556606,
      136556606,
      136556606,
      136556606,
      136556606,
      136556606,
      136556606,
      136556606,
      136556606,
      136556606,
      136556606,
      136556606,
      136556606,
      136556606,
      136556606,
      136556606,
      136556606,
      136556606,
      136556606,
      136556606,
      136556606,
      136556606,
      136556606,
      136556606,
      136556606,
      136556606,
      136556606,
      136556606,
      136556606,
      136556606,
      136556606,
      136556606,
      136556606,
      136556606,
      136556606,
      136556606,
      136556606,
      136556606,
      136556606,
      136556606,
      136556606,
      136556606,
      136556606,
      136556606,
      136556606,
      136556606,
      136556606,
      136556606,
      136556606,
      136556606,
      136556606,
      136556606,
      136556606,
      136556606,
      136556606,
      136556606,
      136556606,
      136556606,
      136556606,
      136556606,
      136556606,
      136556606,
      136556606,
      136556606,
      136556606,
      136556606,
      136556606,
      136556606,
      136556606,
      136556606,
      136556606,
      136556606,
      136556606,
      136556606,
      136556606,
      136556606,
      136556606,
      136556606,
      136556606,
      136556606,
      136556606,
      136556606,
      136556606,
      136556606,
      136556606,
      136556606,
      136556606,
      136556606,
      136556606,
      136556606,
      136556606,
      136556606,
      136556606,
      136556606,
      136556606,
      136556606,
      136556606,
      136556606,
      136556606,
      136556606,
      136556606,
      136556606,
      136556606,
      136556606,
      136556606,
      136556606,
      136556606,
      136556606,
      136556606,
      136556606,
      136556606,
      136556606,
      136556606,
      136556606,
      136556606,
      136556606,
      136556606,
      136556606,
      136556606,
      136556606,
      136556606,
      136556606,
      136556606,
      136556606,
      136556606,
      136556606,
      136556606,
      136556606,
      136556606,
      136556606,
      136556606,
      136556606,
      136556606,
      136556606,
      136556606,
      136556606,
      136556606,
      136556606,
      136556606,
      136556606,
      136556606,
      136556606,
      136556606,
      136556606,
      136556606,
      136556606,
      136556606,
      136556606,
      136556606,
      136556606,
      136556606,
      136556606,
      136556606,
      136556606,
      136556606,
      136556606,
      136556606,
      261994326,
      261994326,
      261994326,
      261994326,
      261994326,
      261994326,
      261994326,
      261994326,
      261994326,
      261994326,
      261994326,
      261994326,
      261994326,
      261994326,
      261994326,
      261994326,
      261994326,
      261994326,
      261994329,
      261994329,
      261994329,
      261994329,
      261994329,
      261994329,
      261994329,
      261994329,
      261994329,
      261994329,
      243723564,
      243723564,
      243723564,
      243723564,
      243723564,
      243723564,
      243723564,
      243723564,
      243723564,
      243723564,
      243723564,
      243723564,
      243723564,
      243723564,
      243723564,
      243723564,
      243723564,
      243723564,
      243723564,
      243723564,
      243723564,
      243723564,
      243723564,
      243723564,
      243723564,
      243723564,
      243723564,
      243723564,
      243723564,
      243723564,
      243723564,
      243723564,
      243723564,
      243723564,
      243723564,
      243723564,
      243723564,
      243723564,
      243723564,
      243723564,
      243723564,
      243723564,
      243723564,
      243723564,
      243723564,
      243723564,
      243723564,
      243723564,
      243723564,
      243723564,
      243723564,
      243723564,
      243723564,
      243723564,
      243723564,
      243723564,
      243723564,
      243723564,
      243723564,
      243723564,
      243723564,
      243723564,
      243723564,
      243723564,
      243723564,
      243723564,
      243723564,
      243723564,
      243723564,
      243723564,
      243723564,
      243723564,
      243723564,
      243723564,
      243723564,
      243723564,
      243723564,
      243723564,
      243723564,
      243723564,
      243723564,
      243723564,
      243723564,
      243723564,
      243723564,
      243723564,
      243723564,
      243723564,
      243723564,
      243723564,
      243723564,
      243723564,
      243723564,
      243723564,
      243723564,
      243723564,
      243723564,
      243723564,
      243723564,
      243723564,
      243723564,
      243723564,
      243723564,
      243723564,
      243723564,
      243723564,
      243723564,
      243723564,
      243723564,
      243723564,
      243723564,
      243723564,
      243723564,
      243723564,
      243723564,
      243723564,
      243723564,
      243723564,
      243723564,
      243723564,
      243723564,
      243723564,
      243723564,
      243723564,
      243723564,
      243723564,
      243723564,
      243723564,
      243723564,
      243723564,
      243723564,
      243723564,
      243723564,
      243723564,
      243723564,
      243723564,
      243723564,
      243723564,
      243723564,
      243723564,
      243723564,
      243723564,
      243723564,
      243723564,
      243723564,
      243723564,
      243723564,
      243723564,
      243723564,
      243723564,
      243723564,
      243723564,
      243723564,
      243723564,
      243723564,
      243723564,
      243723564,
      243723564,
      243723564,
      243723564,
      243723564,
      243723564,
      243723564,
      243723564,
      243723564,
      243723564,
      243723564,
      243723564,
      243723564,
      243723564,
      243723564,
      243723564,
      243723564,
      243723564,
      243723564,
      243723564,
      243723564,
      243723564,
      243723564,
      243723564,
      243723564,
      243723564,
      243723564,
      243723564,
      243723564,
      243723564,
      243723564,
      243723564,
      243723564,
      243723564,
      243723564,
      243723564,
      243723564,
      243723564,
      243723564,
      243723564,
      243723564,
      243723564,
      243723564,
      243723564,
      243723564,
      243723564,
      243723564,
      243723564,
      243723564,
      243723564,
      243723564,
      243723564,
      243723564,
      243723564,
      243723564,
      243723564,
      243723564,
      243723564,
      243723564,
      243723564,
      243723564,
      243723564,
      243723564,
      243723564,
      243723564,
      243723564,
      243723564,
      243723564,
      243723564,
      243723564,
      243723564,
      243723564,
      243723564,
      243723564,
      243723564,
      243723564,
      243723564,
      243723564,
      243723564,
      243723564,
      243723564,
      243723564,
      243723564,
      243723564,
      243723564,
      243723564,
      243723564,
      243723564,
      243723564,
      243723564,
      243723564,
      243723564,
      243723564,
      243723564,
      243723564,
      243723564,
      243723564,
      243723564,
      243723564,
      243723564,
      243723564,
      243723564,
      243723564,
      243723564,
      243723564,
      243723564,
      243723564,
      243723564,
      243723564,
      243723564,
      243723564,
      243723564,
      243723564,
      243723564,
      243723564,
      243723564,
      243723564,
      243723564,
      243723564,
      243723564,
      243723564,
      243723564,
      243723564,
      243723564,
      243723564,
      243723564,
      243723564,
      243723564,
      243723564,
      243723564,
      243723564,
      243723564,
      243723564,
      243723564,
      243723564,
      243723564,
      243723564,
      243723564,
      243723564,
      243723564,
      243723564,
      243723564,
      243723564,
      243723564,
      243723564,
      243723564,
      243723564,
      243723564,
      243723564,
      243723564,
      243723564,
      243723564,
      243723564,
      243723564,
      243723564,
      243723564,
      243723564,
      243723564,
      243723564,
      243723564,
      243723564,
      243723564,
      243723564,
      243723564,
      243723564,
      243723564,
      243723564,
      243723564,
      243723564,
      243723564,
      243723564,
      243723564,
      243723564,
      243723564,
      243723564,
      243723564,
      243723564,
      243723564,
      243723564,
      243723564,
      243723564,
      243723564,
      243723564,
      243723564,
      243723564,
      243723564,
      243723564,
      243723564,
      243723564,
      243723564,
      243723564,
      243723564,
      243723564,
      243723564,
      243723564,
      243723564,
      243723564,
      243723564,
      243723564,
      243723564,
      243723564,
      243723564,
      243723564,
      243723564,
      243723564,
      243723564,
      243723564,
      243723564,
      243723564,
      243723564,
      243723564,
      243723564,
      243723564,
      243723564,
      243723564,
      243723564,
      243723564,
      243723564,
      243723564,
      243723564,
      243723564,
      243723564,
      243723564,
      243723564,
      243723564,
      243723564,
      243723564,
      243723564,
      243723564,
      243723564,
      243723564,
      243723564,
      243723564,
      243723564,
      243723564,
      243723564,
      243723564,
      243723564,
      243723564,
      243723564,
      243723564,
      243723564,
      243723564,
      243723564,
      243723564,
      243723564,
      243723564,
      243723564,
      243723564,
      243723564,
      243723564,
      243723564,
      243723564,
      243723564,
      243723564,
      243723564,
      243723564,
      243723564,
      243723564,
      243723564,
      243723564,
      243723564,
      243723564,
      243723564,
      243723564,
      243723564,
      243723564,
      243723564,
      243723564,
      243723564,
      243723564,
      243723564,
      243723564,
      243723564,
      243723564,
      243723564,
      243723564,
      243723564,
      243723564,
      243723564,
      243723564,
      243723564,
      243723564,
      243723564,
      243723564,
      243723564,
      243723564,
      243723564,
      243723564,
      243723564,
      243723564,
      243723564,
      243723564,
      243723564,
      243723564,
      243723564,
      243723564,
      243723564,
      243723564,
      243723564,
      243723564,
      243723564,
      243723564,
      243723564,
      243723564,
      243723564,
      243723564,
      243723564,
      243723564,
      243723564,
      243723564,
      243723564,
      243723564,
      243723564,
      243723564,
      243723564,
      243723564,
      243723564,
      243723564,
      243723564,
      243723564,
      243723564,
      243723564,
      243723564,
      243723564,
      243723564,
      243723564,
      243723564,
      243723564,
      243723564,
      243723564,
      243723564,
      243723564,
      243723564,
      243723564,
      243723564,
      243723564,
      243723564,
      243723564,
      243723564,
      243723564,
      243723564,
      243723564,
      243723564,
      243723564,
      243723564,
      243723564,
      243723564,
      243723564,
      243723564,
      243723564,
      243723564,
      243723564,
      243723564,
      243723564,
      243723564,
      243723564,
      243723564,
      243723564,
      243723564,
      243723564,
      243723564,
      243723564,
      243723564,
      243723564,
      243723564,
      243723564,
      243723564,
      243723564,
      243723564,
      243723564,
      243723564,
      243723564,
      243723564,
      243723564,
      243723564,
      243723564,
      243723564,
      243723564,
      243723564,
      243723564,
      243723564,
      243723564,
      243723564,
      243723564,
      243723564,
      243723564,
      243723564,
      243723564,
      243723564,
      243723564,
      243723564,
      243723564,
      243723564,
      243723564,
      243723564,
      243723564,
      243723564,
      243723564,
      243723564,
      243723564,
      243723564,
      243723564,
      243723564,
      243723564,
      243723564,
      243723564,
      243723564,
      243723564,
      243723564,
      243723564,
      243723564,
      243723564,
      243723564,
      243723564,
      243723564,
      243723564,
      243723564,
      243723564,
      243723564,
      243723564,
      243723564,
      243723564,
      243723564,
      243723564,
      243723564,
      243723564,
      243723564,
      243723564,
      243723564,
      243723564,
      243723564,
      243723564,
      243723564,
      243723564,
      243723564,
      243723564,
      243723564,
      243723564,
      243723564,
      243723564,
      243723564,
      243723564,
      243723564,
      243723564,
      243723564,
      243723564,
      243723564,
      243723564,
      243723564,
      243723564,
      243723564,
      243723564,
      243723564,
      243723564,
      243723564,
      243723564,
      243723564,
      243723564,
      243723564,
      243723564,
      243723564,
      243723564,
      243723564,
      243723564,
      243723564,
      243723564,
      243723564,
      243723564,
      243723564,
      243723564,
      243723564,
      243723564,
      243723564,
      243723564,
      243723564,
      243723564,
      243723564,
      243723564,
      243723564,
      243723564,
      243723564,
      243723564,
      243723564,
      243723564,
      243723564,
      243723564,
      243723564,
      243723564,
      243723564,
      243723564,
      243723564,
      243723564,
      243723564,
      243723564,
      243723564,
      243723564,
      243723564,
      243723564,
      243723564,
      243723564,
      243723564,
      243723564,
      243723564,
      243723564,
      243723564,
      243723564,
      243723564,
      243723564,
      243723564,
      243723564,
      243723564,
      243723564,
      243723564,
      243723564,
      243723564,
      243723564,
      243723564,
      243723564,
      243723564,
      243723564,
      243723564,
      243723564,
      243723564,
      243723564,
      243723564,
      243723564,
      243723564,
      243723564,
      243723564,
      243723564,
      243723564,
      243723564,
      243723564,
      243723564,
      243723564,
      243723564,
      243723564,
      243723564,
      243723564,
      243723564,
      243723564,
      243723564,
      243723564,
      243723564,
      243723564,
      243723564,
      243723564,
      243723564,
      243723564,
      243723564,
      243723564,
      243723564,
      243723564,
      243723564,
      243723564,
      243723564,
      243723564,
      243723564,
      243723564,
      243723564,
      243723564,
      243723564,
      243723564,
      243723564,
      243723564,
      243723564,
      243723564,
      243723564,
      243723564,
      243723564,
      243723564,
      243723564,
      243723564,
      243723564,
      243723564,
      243723564,
      243723564,
      243723564,
      243723564,
      243723564,
      243723564,
      243723564,
      243723564,
      243723564,
      243723564,
      243723564,
      243723564,
      243723564,
      243723564,
      243723564,
      243723564,
      243723564,
      243723564,
      243723564,
      243723564,
      243723564,
      243723564,
      243723564,
      243723564,
      243723564,
      243723564,
      243723564,
      243723564,
      243723564,
      243723564,
      243723564,
      243723564,
      243723564,
      243723564,
      243723564,
      243723564,
      243723564,
      243723564,
      243723564,
      243723564,
      243723564,
      243723564,
      243723564,
      243723564,
      243723564,
      243723564,
      243723564,
      243723564,
      243723564,
      243723564,
      243723564,
      243723564,
      243723564,
      243723564,
      243723564,
      243723564,
      243723564,
      243723564,
      243723564,
      243723564,
      243723564,
      243723564,
      243723564,
      243723564,
      243723564,
      243723564,
      243723564,
      243723564,
      243723564,
      243723564,
      243723564,
      243723564,
      243723564,
      243723564,
      243723564,
      243723564,
      243723564,
      243723564,
      243723564,
      243723564,
      243723564,
      243723564,
      243723564,
      243723564,
      243723564,
      243723564,
      243723564,
      243723564,
      243723564,
      243723564,
      243723564,
      243723564,
      243723564,
      243723564,
      243723564,
      243723564,
      243723564,
      243723564,
      243723564,
      243723564,
      243723564,
      243723564,
      243723564,
      243723564,
      243723564,
      243723564,
      243723564,
      243723564,
      243723564,
      243723564,
      243723564,
      243723564,
      243723564,
      243723564,
      243723564,
      243723564,
      243723564,
      243723564,
      243723564,
      243723564,
      243723564,
      243723564,
      243723564,
      243723564,
      243723564,
      243723564,
      243723564,
      243723564,
      243723564,
      243723564,
      243723564,
      243723564,
      243723564,
      243723564,
      243723564,
      243723564,
      243723564,
      243723564,
      243723564,
      243723564,
      243723564,
      243723564,
      243723564,
      243723564,
      243723564,
      243723564,
      243723564,
      243723564,
      243723564,
      243723564,
      243723564,
      243723564,
      243723564,
      243723564,
      243723564,
      243723564,
      243723564,
      243723564,
      243723564,
      243723564,
      243723564,
      243723564,
      243723564,
      243723564,
      243723564,
      243723564,
      243723564,
      243723564,
      243723564,
      243723564,
      243723564,
      243723564,
      243723564,
      243723564,
      243723564,
      243723564,
      243723564
    ],
    "maxspeed_kph": [
      32.18688,
      32.18688,
      32.18688,
      32.18688,
      32.18688,
      32.18688,
      32.18688,
      32.18688,
      32.18688,
      32.18688,
      32.18688,
      32.18688,
      32.18688,
      32.18688,
      32.18688,
      32.18688,
      32.18688,
      32.18688,
      32.18688,
      32.18688,
      32.18688,
      32.18688,
      32.18688,
      32.18688,
      32.18688,
      32.18688,
      32.18688,
      32.18688,
      32.18688,
      32.18688,
      32.18688,
      32.18688,
      32.18688,
      32.18688,
      32.18688,
      32.18688,
      32.18688,
      32.18688,
      32.18688,
      32.18688,
      32.18688,
      32.18688,
      32.18688,
      32.18688,
      32.18688,
      32.18688,
      32.18688,
      32.18688,
      32.18688,
      32.18688,
      32.18688,
      32.18688,
      32.18688,
      32.18688,
      32.18688,
      32.18688,
      32.18688,
      32.18688,
      32.18688,
      32.18688,
      32.18688,
      32.18688,
      32.18688,
      32.18688,
      32.18688,
      32.18688,
      32.18688,
      32.18688,
      32.18688,
      32.18688,
      32.18688,
      32.18688,
      32.18688,
      32.18688,
      32.18688,
      32.18688,
      32.18688,
      32.18688,
      32.18688,
      32.18688,
      32.18688,
      32.18688,
      32.18688,
      32.18688,
      32.18688,
      32.18688,
      32.18688,
      32.18688,
      32.18688,
      32.18688,
      32.18688,
      32.18688,
      32.18688,
      32.18688,
      32.18688,
      32.18688,
      32.18688,
      32.18688,
      32.18688,
      32.18688,
      32.18688,
      32.18688,
      32.18688,
      32.18688,
      32.18688,
      32.18688,
      32.18688,
      32.18688,
      32.18688,
      32.18688,
      32.18688,
      32.18688,
      32.18688,
      32.18688,
      32.18688,
      32.18688,
      32.18688,
      32.18688,
      32.18688,
      32.18688,
      32.18688,
      32.18688,
      32.18688,
      32.18688,
      32.18688,
      32.18688,
      32.18688,
      32.18688,
      32.18688,
      32.18688,
      32.18688,
      32.18688,
      32.18688,
      32.18688,
      32.18688,
      32.18688,
      32.18688,
      32.18688,
      32.18688,
      32.18688,
      32.18688,
      32.18688,
      32.18688,
      32.18688,
      32.18688,
      32.18688,
      32.18688,
      32.18688,
      32.18688,
      32.18688,
      32.18688,
      32.18688,
      32.18688,
      32.18688,
      32.18688,
      32.18688,
      32.18688,
      32.18688,
      32.18688,
      32.18688,
      32.18688,
      32.18688,
      32.18688,
      32.18688,
      32.18688,
      32.18688,
      32.18688,
      32.18688,
      32.18688,
      32.18688,
      32.18688,
      32.18688,
      32.18688,
      32.18688,
      32.18688,
      32.18688,
      32.18688,
      32.18688,
      32.18688,
      32.18688,
      32.18688,
      32.18688,
      32.18688,
      32.18688,
      32.18688,
      32.18688,
      32.18688,
      32.18688,
      32.18688,
      32.18688,
      32.18688,
      32.18688,
      32.18688,
      32.18688,
      32.18688,
      32.18688,
      32.18688,
      32.18688,
      32.18688,
      32.18688,
      32.18688,
      32.18688,
      32.18688,
      32.18688,
      32.18688,
      32.18688,
      32.18688,
      32.18688,
      32.18688,
      32.18688,
      32.18688,
      32.18688,
      32.18688,
      32.18688,
      32.18688,
      32.18688,
      32.18688,
      32.18688,
      32.18688,
      32.18688,
      32.18688,
      32.18688,
      32.18688,
      32.18688,
      32.18688,
      32.18688,
      32.18688,
      32.18688,
      32.18688,
      32.18688,
      32.18688,
      32.18688,
      32.18688,
      32.18688,
      32.18688,
      32.18688,
      32.18688,
      32.18688,
      32.18688,
      32.18688,
      32.18688,
      32.18688,
      32.18688,
      32.18688,
      32.18688,
      32.18688,
      32.18688,
      32.18688,
      32.18688,
      32.18688,
      32.18688,
      32.18688,
      32.18688,
      32.18688,
      32.18688,
      32.18688,
      32.18688,
      32.18688,
      32.18688,
      32.18688,
      32.18688,
      32.18688,
      32.18688,
      32.18688,
      32.18688,
      32.18688,
      32.18688,
      32.18688,
      32.18688,
      32.18688,
      32.18688,
      32.18688,
      32.18688,
      32.18688,
      32.18688,
      32.18688,
      32.18688,
      32.18688,
      32.18688,
      32.18688,
      32.18688,
      32.18688,
      32.18688,
      32.18688,
      32.18688,
      32.18688,
      32.18688,
      32.18688,
      32.18688,
      32.18688,
      32.18688,
      32.18688,
      32.18688,
      32.18688,
      32.18688,
      32.18688,
      32.18688,
      32.18688,
      32.18688,
      32.18688,
      32.18688,
      32.18688,
      32.18688,
      32.18688,
      32.18688,
      32.18688,
      32.18688,
      32.18688,
      32.18688,
      32.18688,
      32.18688,
      32.18688,
      32.18688,
      32.18688,
      32.18688,
      32.18688,
      32.18688,
      32.18688,
      32.18688,
      32.18688,
      32.18688,
      32.18688,
      32.18688,
      32.18688,
      32.18688,
      32.18688,
      32.18688,
      32.18688,
      32.18688,
      32.18688,
      32.18688,
      32.18688,
      32.18688,
      32.18688,
      32.18688,
      32.18688,
      32.18688,
      32.18688,
      32.18688,
      32.18688,
      32.18688,
      32.18688,
      32.18688,
      32.18688,
      32.18688,
      32.18688,
      32.18688,
      32.18688,
      32.18688,
      32.18688,
      32.18688,
      32.18688,
      32.18688,
      32.18688,
      88.51392000000001,
      88.51392000000001,
      88.51392000000001,
      88.51392000000001,
      88.51392000000001,
      88.51392000000001,
      88.51392000000001,
      88.51392000000001,
      88.51392000000001,
      88.51392000000001,
      88.51392000000001,
      88.51392000000001,
      88.51392000000001,
      88.51392000000001,
      88.51392000000001,
      88.51392000000001,
      88.51392000000001,
      88.51392000000001,
      88.51392000000001,
      88.51392000000001,
      88.51392000000001,
      88.51392000000001,
      88.51392000000001,
      88.51392000000001,
      88.51392000000001,
      88.51392000000001,
      88.51392000000001,
      88.51392000000001,
      88.51392000000001,
      88.51392000000001,
      88.51392000000001,
      88.51392000000001,
      88.51392000000001,
      88.51392000000001,
      88.51392000000001,
      88.51392000000001,
      88.51392000000001,
      88.51392000000001,
      88.51392000000001,
      88.51392000000001,
      88.51392000000001,
      88.51392000000001,
      88.51392000000001,
      88.51392000000001,
      88.51392000000001,
      88.51392000000001,
      88.51392000000001,
      88.51392000000001,
      88.51392000000001,
      88.51392000000001,
      88.51392000000001,
      88.51392000000001,
      88.51392000000001,
      88.51392000000001,
      88.51392000000001,
      88.51392000000001,
      88.51392000000001,
      88.51392000000001,
      88.51392000000001,
      88.51392000000001,
      88.51392000000001,
      88.51392000000001,
      88.51392000000001,
      88.51392000000001,
      88.51392000000001,
      88.51392000000001,
      88.51392000000001,
      88.51392000000001,
      88.51392000000001,
      88.51392000000001,
      88.51392000000001,
      88.51392000000001,
      88.51392000000001,
      88.51392000000001,
      88.51392000000001,
      88.51392000000001,
      88.51392000000001,
      88.51392000000001,
      88.51392000000001,
      88.51392000000001,
      88.51392000000001,
      88.51392000000001,
      88.51392000000001,
      88.51392000000001,
      88.51392000000001,
      88.51392000000001,
      88.51392000000001,
      88.51392000000001,
      88.51392000000001,
      88.51392000000001,
      88.51392000000001,
      88.51392000000001,
      88.51392000000001,
      88.51392000000001,
      88.51392000000001,
      88.51392000000001,
      88.51392000000001,
      88.51392000000001,
      88.51392000000001,
      88.51392000000001,
      88.51392000000001,
      88.51392000000001,
      88.51392000000001,
      88.51392000000001,
      88.51392000000001,
      88.51392000000001,
      88.51392000000001,
      88.51392000000001,
      88.51392000000001,
      88.51392000000001,
      88.51392000000001,
      88.51392000000001,
      88.51392000000001,
      88.51392000000001,
      88.51392000000001,
      88.51392000000001,
      88.51392000000001,
      88.51392000000001,
      88.51392000000001,
      88.51392000000001,
      88.51392000000001,
      88.51392000000001,
      88.51392000000001,
      88.51392000000001,
      88.51392000000001,
      88.51392000000001,
      88.51392000000001,
      88.51392000000001,
      88.51392000000001,
      88.51392000000001,
      88.51392000000001,
      88.51392000000001,
      88.51392000000001,
      88.51392000000001,
      88.51392000000001,
      88.51392000000001,
      88.51392000000001,
      88.51392000000001,
      88.51392000000001,
      88.51392000000001,
      88.51392000000001,
      88.51392000000001,
      88.51392000000001,
      88.51392000000001,
      88.51392000000001,
      88.51392000000001,
      88.51392000000001,
      88.51392000000001,
      88.51392000000001,
      88.51392000000001,
      88.51392000000001,
      88.51392000000001,
      88.51392000000001,
      88.51392000000001,
      88.51392000000001,
      88.51392000000001,
      88.51392000000001,
      88.51392000000001,
      88.51392000000001,
      88.51392000000001,
      88.51392000000001,
      88.51392000000001,
      88.51392000000001,
      88.51392000000001,
      88.51392000000001,
      88.51392000000001,
      88.51392000000001,
      88.51392000000001,
      88.51392000000001,
      88.51392000000001,
      88.51392000000001,
      88.51392000000001,
      88.51392000000001,
      88.51392000000001,
      88.51392000000001,
      88.51392000000001,
      88.51392000000001,
      88.51392000000001,
      88.51392000000001,
      88.51392000000001,
      88.51392000000001,
      88.51392000000001,
      88.51392000000001,
      88.51392000000001,
      88.51392000000001,
      88.51392000000001,
      88.51392000000001,
      88.51392000000001,
      88.51392000000001,
      88.51392000000001,
      88.51392000000001,
      88.51392000000001,
      88.51392000000001,
      88.51392000000001,
      88.51392000000001,
      88.51392000000001,
      88.51392000000001,
      88.51392000000001,
      88.51392000000001,
      88.51392000000001,
      88.51392000000001,
      88.51392000000001,
      88.51392000000001,
      88.51392000000001,
      88.51392000000001,
      88.51392000000001,
      88.51392000000001,
      88.51392000000001,
      88.51392000000001,
      88.51392000000001,
      88.51392000000001,
      88.51392000000001,
      88.51392000000001,
      88.51392000000001,
      88.51392000000001,
      88.51392000000001,
      88.51392000000001,
      88.51392000000001,
      88.51392000000001,
      88.51392000000001,
      88.51392000000001,
      88.51392000000001,
      88.51392000000001,
      88.51392000000001,
      88.51392000000001,
      88.51392000000001,
      88.51392000000001,
      88.51392000000001,
      88.51392000000001,
      88.51392000000001,
      88.51392000000001,
      88.51392000000001,
      88.51392000000001,
      88.51392000000001,
      88.51392000000001,
      88.51392000000001,
      88.51392000000001,
      88.51392000000001,
      88.51392000000001,
      88.51392000000001,
      88.51392000000001,
      88.51392000000001,
      88.51392000000001,
      88.51392000000001,
      88.51392000000001,
      88.51392000000001,
      88.51392000000001,
      88.51392000000001,
      88.51392000000001,
      88.51392000000001,
      88.51392000000001,
      88.51392000000001,
      88.51392000000001,
      88.51392000000001,
      88.51392000000001,
      88.51392000000001,
      88.51392000000001,
      88.51392000000001,
      88.51392000000001,
      88.51392000000001,
      88.51392000000001,
      88.51392000000001,
      88.51392000000001,
      88.51392000000001,
      88.51392000000001,
      88.51392000000001,
      88.51392000000001,
      88.51392000000001,
      88.51392000000001,
      88.51392000000001,
      88.51392000000001,
      88.51392000000001,
      88.51392000000001,
      88.51392000000001,
      88.51392000000001,
      88.51392000000001,
      88.51392000000001,
      88.51392000000001,
      88.51392000000001,
      88.51392000000001,
      88.51392000000001,
      88.51392000000001,
      88.51392000000001,
      88.51392000000001,
      88.51392000000001,
      88.51392000000001,
      88.51392000000001,
      88.51392000000001,
      88.51392000000001,
      88.51392000000001,
      88.51392000000001,
      88.51392000000001,
      88.51392000000001,
      88.51392000000001,
      88.51392000000001,
      88.51392000000001,
      88.51392000000001,
      88.51392000000001,
      88.51392000000001,
      88.51392000000001,
      88.51392000000001,
      88.51392000000001,
      88.51392000000001,
      88.51392000000001,
      88.51392000000001,
      88.51392000000001,
      88.51392000000001,
      88.51392000000001,
      88.51392000000001,
      88.51392000000001,
      88.51392000000001,
      88.51392000000001,
      88.51392000000001,
      88.51392000000001,
      88.51392000000001,
      88.51392000000001,
      88.51392000000001,
      88.51392000000001,
      88.51392000000001,
      88.51392000000001,
      88.51392000000001,
      88.51392000000001,
      88.51392000000001,
      88.51392000000001,
      88.51392000000001,
      88.51392000000001,
      88.51392000000001,
      88.51392000000001,
      88.51392000000001,
      88.51392000000001,
      88.51392000000001,
      88.51392000000001,
      88.51392000000001,
      88.51392000000001,
      88.51392000000001,
      88.51392000000001,
      88.51392000000001,
      88.51392000000001,
      88.51392000000001,
      88.51392000000001,
      88.51392000000001,
      88.51392000000001,
      88.51392000000001,
      88.51392000000001,
      88.51392000000001,
      88.51392000000001,
      88.51392000000001,
      88.51392000000001,
      88.51392000000001,
      88.51392000000001,
      88.51392000000001,
      88.51392000000001,
      88.51392000000001,
      88.51392000000001,
      88.51392000000001,
      88.51392000000001,
      88.51392000000001,
      88.51392000000001,
      88.51392000000001,
      88.51392000000001,
      88.51392000000001,
      88.51392000000001,
      88.51392000000001,
      88.51392000000001,
      88.51392000000001,
      88.51392000000001,
      88.51392000000001,
      88.51392000000001,
      88.51392000000001,
      88.51392000000001,
      88.51392000000001,
      88.51392000000001,
      88.51392000000001,
      88.51392000000001,
      88.51392000000001,
      88.51392000000001,
      88.51392000000001,
      88.51392000000001,
      88.51392000000001,
      88.51392000000001,
      88.51392000000001,
      88.51392000000001,
      88.51392000000001,
      88.51392000000001,
      88.51392000000001,
      88.51392000000001,
      88.51392000000001,
      88.51392000000001,
      88.51392000000001,
      88.51392000000001,
      88.51392000000001,
      88.51392000000001,
      88.51392000000001,
      88.51392000000001,
      88.51392000000001,
      88.51392000000001,
      88.51392000000001,
      88.51392000000001,
      88.51392000000001,
      88.51392000000001,
      88.51392000000001,
      88.51392000000001,
      88.51392000000001,
      88.51392000000001,
      88.51392000000001,
      88.51392000000001,
      88.51392000000001,
      88.51392000000001,
      88.51392000000001,
      88.51392000000001,
      88.51392000000001,
      88.51392000000001,
      88.51392000000001,
      88.51392000000001,
      88.51392000000001,
      88.51392000000001,
      88.51392000000001,
      88.51392000000001,
      88.51392000000001,
      88.51392000000001,
      88.51392000000001,
      88.51392000000001,
      88.51392000000001,
      88.51392000000001,
      88.51392000000001,
      88.51392000000001,
      88.51392000000001,
      88.51392000000001,
      88.51392000000001,
      88.51392000000001,
      88.51392000000001,
      88.51392000000001,
      88.51392000000001,
      88.51392000000001,
      88.51392000000001,
      88.51392000000001,
      88.51392000000001,
      88.51392000000001,
      88.51392000000001,
      88.51392000000001,
      88.51392000000001,
      88.51392000000001,
      88.51392000000001,
      88.51392000000001,
      88.51392000000001,
      88.51392000000001,
      88.51392000000001,
      88.51392000000001,
      88.51392000000001,
      88.51392000000001,
      88.51392000000001,
      88.51392000000001,
      88.51392000000001,
      88.51392000000001,
      88.51392000000001,
      88.51392000000001,
      88.51392000000001,
      88.51392000000001,
      88.51392000000001,
      88.51392000000001,
      88.51392000000001,
      88.51392000000001,
      88.51392000000001,
      88.51392000000001,
      88.51392000000001,
      88.51392000000001,
      88.51392000000001,
      88.51392000000001,
      88.51392000000001,
      88.51392000000001,
      88.51392000000001,
      88.51392000000001,
      88.51392000000001,
      88.51392000000001,
      88.51392000000001,
      88.51392000000001,
      88.51392000000001,
      88.51392000000001,
      88.51392000000001,
      88.51392000000001,
      88.51392000000001,
      88.51392000000001,
      88.51392000000001,
      88.51392000000001,
      88.51392000000001,
      88.51392000000001,
      88.51392000000001,
      88.51392000000001,
      88.51392000000001,
      88.51392000000001,
      88.51392000000001,
      88.51392000000001,
      88.51392000000001,
      88.51392000000001,
      88.51392000000001,
      88.51392000000001,
      88.51392000000001,
      88.51392000000001,
      88.51392000000001,
      88.51392000000001,
      88.51392000000001,
      88.51392000000001,
      88.51392000000001,
      88.51392000000001,
      88.51392000000001,
      88.51392000000001,
      88.51392000000001,
      88.51392000000001,
      88.51392000000001,
      88.51392000000001,
      88.51392000000001,
      88.51392000000001,
      88.51392000000001,
      88.51392000000001,
      88.51392000000001,
      88.51392000000001,
      88.51392000000001,
      88.51392000000001,
      88.51392000000001,
      88.51392000000001,
      88.51392000000001,
      88.51392000000001,
      88.51392000000001,
      88.51392000000001,
      88.51392000000001,
      88.51392000000001,
      88.51392000000001,
      88.51392000000001,
      88.51392000000001,
      88.51392000000001,
      88.51392000000001,
      88.51392000000001,
      88.51392000000001,
      88.51392000000001,
      88.51392000000001,
      88.51392000000001,
      88.51392000000001,
      88.51392000000001,
      88.51392000000001,
      88.51392000000001,
      88.51392000000001,
      88.51392000000001,
      88.51392000000001,
      88.51392000000001,
      88.51392000000001,
      88.51392000000001,
      88.51392000000001,
      88.51392000000001,
      88.51392000000001,
      88.51392000000001,
      88.51392000000001,
      88.51392000000001,
      88.51392000000001,
      88.51392000000001,
      88.51392000000001,
      88.51392000000001,
      88.51392000000001,
      88.51392000000001,
      88.51392000000001,
      88.51392000000001,
      88.51392000000001,
      88.51392000000001,
      88.51392000000001,
      88.51392000000001,
      88.51392000000001,
      88.51392000000001,
      88.51392000000001,
      88.51392000000001,
      88.51392000000001,
      88.51392000000001,
      88.51392000000001,
      88.51392000000001,
      88.51392000000001,
      88.51392000000001,
      88.51392000000001,
      88.51392000000001,
      88.51392000000001,
      88.51392000000001,
      88.51392000000001,
      88.51392000000001,
      88.51392000000001,
      88.51392000000001,
      88.51392000000001,
      88.51392000000001,
      88.51392000000001,
      88.51392000000001,
      88.51392000000001,
      88.51392000000001,
      88.51392000000001,
      88.51392000000001,
      88.51392000000001,
      88.51392000000001,
      88.51392000000001,
      88.51392000000001,
      88.51392000000001,
      88.51392000000001,
      88.51392000000001,
      88.51392000000001,
      88.51392000000001,
      88.51392000000001,
      88.51392000000001,
      88.51392000000001,
      88.51392000000001,
      88.51392000000001,
      88.51392000000001,
      88.51392000000001,
      88.51392000000001,
      88.51392000000001,
      88.51392000000001,
      88.51392000000001,
      88.51392000000001,
      88.51392000000001,
      88.51392000000001,
      88.51392000000001,
      88.51392000000001,
      88.51392000000001,
      88.51392000000001,
      88.51392000000001,
      88.51392000000001,
      88.51392000000001,
      88.51392000000001,
      88.51392000000001,
      88.51392000000001,
      88.51392000000001,
      88.51392000000001,
      88.51392000000001,
      88.51392000000001,
      88.51392000000001,
      88.51392000000001,
      88.51392000000001,
      88.51392000000001,
      88.51392000000001,
      88.51392000000001,
      88.51392000000001,
      88.51392000000001,
      88.51392000000001,
      88.51392000000001,
      88.51392000000001,
      88.51392000000001,
      88.51392000000001,
      88.51392000000001,
      88.51392000000001,
      88.51392000000001,
      88.51392000000001,
      88.51392000000001,
      88.51392000000001,
      88.51392000000001,
      88.51392000000001,
      88.51392000000001,
      88.51392000000001,
      88.51392000000001,
      88.51392000000001,
      88.51392000000001,
      88.51392000000001,
      88.51392000000001,
      88.51392000000001,
      88.51392000000001,
      88.51392000000001,
      88.51392000000001,
      88.51392000000001,
      88.51392000000001,
      88.51392000000001,
      88.51392000000001,
      88.51392000000001,
      88.51392000000001,
      88.51392000000001,
      88.51392000000001,
      88.51392000000001,
      88.51392000000001,
      88.51392000000001,
      88.51392000000001,
      88.51392000000001,
      88.51392000000001,
      88.51392000000001,
      88.51392000000001,
      88.51392000000001,
      88.51392000000001,
      88.51392000000001,
      88.51392000000001,
      88.51392000000001,
      88.51392000000001,
      88.51392000000001,
      88.51392000000001,
      88.51392000000001,
      88.51392000000001,
      88.51392000000001,
      88.51392000000001,
      88.51392000000001,
      88.51392000000001,
      88.51392000000001,
      88.51392000000001,
      88.51392000000001,
      88.51392000000001,
      88.51392000000001,
      88.51392000000001,
      88.51392000000001,
      88.51392000000001,
      88.51392000000001,
      88.51392000000001,
      88.51392000000001,
      88.51392000000001,
      88.51392000000001,
      88.51392000000001,
      88.51392000000001,
      88.51392000000001,
      88.51392000000001,
      88.51392000000001,
      88.51392000000001,
      88.51392000000001,
      88.51392000000001,
      88.51392000000001,
      88.51392000000001,
      88.51392000000001,
      88.51392000000001,
      88.51392000000001,
      88.51392000000001,
      88.51392000000001,
      88.51392000000001,
      88.51392000000001,
      88.51392000000001,
      88.51392000000001,
      88.51392000000001,
      88.51392000000001,
      88.51392000000001,
      88.51392000000001,
      88.51392000000001,
      88.51392000000001,
      88.51392000000001,
      88.51392000000001,
      88.51392000000001,
      88.51392000000001,
      88.51392000000001,
      88.51392000000001,
      88.51392000000001,
      88.51392000000001,
      88.51392000000001,
      88.51392000000001,
      88.51392000000001,
      88.51392000000001,
      88.51392000000001,
      88.51392000000001,
      88.51392000000001,
      88.51392000000001,
      88.51392000000001,
      88.51392000000001,
      88.51392000000001,
      88.51392000000001,
      88.51392000000001,
      88.51392000000001,
      88.51392000000001,
      88.51392000000001,
      88.51392000000001,
      88.51392000000001,
      88.51392000000001,
      88.51392000000001,
      88.51392000000001,
      88.51392000000001,
      88.51392000000001,
      88.51392000000001,
      88.51392000000001,
      88.51392000000001,
      88.51392000000001,
      88.51392000000001,
      88.51392000000001,
      88.51392000000001,
      88.51392000000001,
      88.51392000000001,
      88.51392000000001,
      88.51392000000001,
      88.51392000000001,
      88.51392000000001,
      88.51392000000001,
      88.51392000000001,
      88.51392000000001,
      88.51392000000001,
      88.51392000000001,
      88.51392000000001,
      88.51392000000001,
      88.51392000000001,
      88.51392000000001,
      88.51392000000001,
      88.51392000000001,
      88.51392000000001,
      88.51392000000001,
      88.51392000000001,
      88.51392000000001,
      88.51392000000001,
      88.51392000000001,
      88.51392000000001,
      88.51392000000001,
      88.51392000000001,
      88.51392000000001,
      88.51392000000001,
      88.51392000000001,
      88.51392000000001,
      88.51392000000001,
      88.51392000000001,
      88.51392000000001,
      88.51392000000001,
      88.51392000000001,
      88.51392000000001,
      88.51392000000001,
      88.51392000000001,
      88.51392000000001,
      88.51392000000001,
      88.51392000000001,
      88.51392000000001,
      88.51392000000001,
      88.51392000000001,
      88.51392000000001,
      88.51392000000001,
      88.51392000000001,
      88.51392000000001,
      88.51392000000001,
      88.51392000000001,
      88.51392000000001,
      88.51392000000001,
      88.51392000000001,
      88.51392000000001,
      88.51392000000001,
      88.51392000000001,
      88.51392000000001,
      88.51392000000001,
      88.51392000000001,
      88.51392000000001,
      88.51392000000001,
      88.51392000000001,
      88.51392000000001,
      88.51392000000001,
      88.51392000000001,
      88.51392000000001,
      88.51392000000001,
      88.51392000000001,
      88.51392000000001,
      88.51392000000001,
      88.51392000000001,
      88.51392000000001,
      88.51392000000001,
      88.51392000000001,
      88.51392000000001,
      88.51392000000001,
      88.51392000000001,
      88.51392000000001,
      88.51392000000001,
      88.51392000000001,
      88.51392000000001,
      88.51392000000001,
      88.51392000000001,
      88.51392000000001,
      88.51392000000001,
      88.51392000000001,
      88.51392000000001,
      88.51392000000001,
      88.51392000000001,
      88.51392000000001,
      88.51392000000001,
      88.51392000000001,
      88.51392000000001,
      88.51392000000001,
      88.51392000000001,
      88.51392000000001,
      88.51392000000001,
      88.51392000000001,
      88.51392000000001,
      88.51392000000001,
      88.51392000000001,
      88.51392000000001,
      88.51392000000001,
      88.51392000000001,
      88.51392000000001,
      88.51392000000001,
      88.51392000000001,
      88.51392000000001,
      88.51392000000001,
      88.51392000000001,
      88.51392000000001,
      88.51392000000001,
      88.51392000000001,
      88.51392000000001,
      88.51392000000001,
      88.51392000000001,
      88.51392000000001,
      88.51392000000001,
      88.51392000000001,
      88.51392000000001,
      88.51392000000001,
      88.51392000000001,
      88.51392000000001,
      88.51392000000001,
      88.51392000000001,
      88.51392000000001,
      88.51392000000001,
      88.51392000000001,
      88.51392000000001,
      88.51392000000001,
      88.51392000000001,
      88.51392000000001,
      88.51392000000001,
      88.51392000000001,
      88.51392000000001,
      88.51392000000001,
      88.51392000000001,
      88.51392000000001,
      88.51392000000001,
      88.51392000000001,
      88.51392000000001,
      88.51392000000001,
      88.51392000000001,
      88.51392000000001,
      88.51392000000001,
      88.51392000000001,
      88.51392000000001,
      88.51392000000001,
      88.51392000000001,
      88.51392000000001,
      88.51392000000001,
      88.51392000000001,
      88.51392000000001,
      88.51392000000001,
      88.51392000000001,
      88.51392000000001,
      88.51392000000001,
      88.51392000000001,
      88.51392000000001,
      88.51392000000001,
      88.51392000000001,
      88.51392000000001,
      88.51392000000001,
      88.51392000000001,
      88.51392000000001,
      88.51392000000001,
      88.51392000000001,
      88.51392000000001,
      88.51392000000001,
      88.51392000000001,
      88.51392000000001,
      88.51392000000001,
      88.51392000000001,
      88.51392000000001,
      88.51392000000001,
      88.51392000000001,
      88.51392000000001,
      88.51392000000001,
      88.51392000000001,
      88.51392000000001,
      88.51392000000001,
      88.51392000000001,
      88.51392000000001,
      88.51392000000001,
      88.51392000000001,
      88.51392000000001,
      88.51392000000001,
      88.51392000000001,
      88.51392000000001,
      88.51392000000001,
      88.51392000000001,
      88.51392000000001,
      88.51392000000001,
      88.51392000000001,
      88.51392000000001,
      88.51392000000001,
      88.51392000000001,
      88.51392000000001,
      88.51392000000001,
      88.51392000000001,
      88.51392000000001,
      88.51392000000001,
      88.51392000000001,
      88.51392000000001,
      88.51392000000001,
      88.51392000000001,
      88.51392000000001,
      88.51392000000001,
      88.51392000000001,
      88.51392000000001,
      88.51392000000001,
      88.51392000000001,
      88.51392000000001,
      88.51392000000001,
      88.51392000000001,
      88.51392000000001,
      88.51392000000001,
      88.51392000000001,
      88.51392000000001,
      88.51392000000001,
      88.51392000000001,
      88.51392000000001,
      88.51392000000001,
      88.51392000000001,
      88.51392000000001,
      88.51392000000001,
      88.51392000000001,
      88.51392000000001,
      88.51392000000001,
      88.51392000000001,
      88.51392000000001,
      88.51392000000001,
      88.51392000000001,
      88.51392000000001,
      88.51392000000001,
      88.51392000000001,
      88.51392000000001,
      88.51392000000001,
      88.51392000000001,
      88.51392000000001,
      88.51392000000001,
      88.51392000000001,
      88.51392000000001,
      88.51392000000001,
      88.51392000000001,
      88.51392000000001,
      88.51392000000001,
      88.51392000000001,
      88.51392000000001,
      88.51392000000001,
      88.51392000000001,
      88.51392000000001,
      88.51392000000001,
      88.51392000000001,
      88.51392000000001,
      88.51392000000001,
      88.51392000000001,
      88.51392000000001,
      88.51392000000001,
      88.51392000000001,
      88.51392000000001,
      88.51392000000001,
      88.51392000000001,
      88.51392000000001,
      88.51392000000001,
      88.51392000000001,
      88.51392000000001,
      88.51392000000001,
      88.51392000000001,
      88.51392000000001,
      88.51392000000001,
      88.51392000000001,
      88.51392000000001,
      88.51392000000001,
      88.51392000000001,
      88.51392000000001,
      88.51392000000001,
      88.51392000000001,
      88.51392000000001,
      88.51392000000001,
      88.51392000000001,
      88.51392000000001,
      88.51392000000001,
      88.51392000000001,
      88.51392000000001,
      88.51392000000001,
      88.51392000000001,
      88.51392000000001,
      88.51392000000001,
      88.51392000000001,
      88.51392000000001,
      88.51392000000001,
      88.51392000000001,
      88.51392000000001,
      88.51392000000001,
      88.51392000000001,
      88.51392000000001,
      88.51392000000001,
      88.51392000000001,
      88.51392000000001,
      88.51392000000001,
      88.51392000000001,
      88.51392000000001,
      88.51392000000001,
      88.51392000000001,
      88.51392000000001,
      88.51392000000001,
      88.51392000000001,
      88.51392000000001,
      88.51392000000001,
      88.51392000000001,
      88.51392000000001,
      88.51392000000001,
      88.51392000000001,
      88.51392000000001,
      88.51392000000001,
      88.51392000000001,
      88.51392000000001,
      88.51392000000001,
      88.51392000000001,
      88.51392000000001,
      88.51392000000001,
      88.51392000000001,
      88.51392000000001,
      88.51392000000001,
      88.51392000000001,
      88.51392000000001,
      88.51392000000001,
      88.51392000000001,
      88.51392000000001,
      88.51392000000001,
      88.51392000000001,
      88.51392000000001,
      88.51392000000001,
      88.51392000000001,
      88.51392000000001,
      88.51392000000001,
      88.51392000000001,
      88.51392000000001,
      88.51392000000001,
      88.51392000000001,
      88.51392000000001,
      88.51392000000001,
      88.51392000000001,
      88.51392000000001,
      88.51392000000001,
      88.51392000000001,
      88.51392000000001,
      88.51392000000001,
      88.51392000000001,
      88.51392000000001,
      88.51392000000001,
      88.51392000000001,
      88.51392000000001,
      88.51392000000001,
      88.51392000000001,
      88.51392000000001,
      88.51392000000001,
      88.51392000000001,
      88.51392000000001,
      88.51392000000001,
      88.51392000000001,
      88.51392000000001,
      88.51392000000001,
      88.51392000000001,
      88.51392000000001,
      88.51392000000001,
      88.51392000000001,
      88.51392000000001,
      88.51392000000001,
      88.51392000000001,
      88.51392000000001,
      88.51392000000001,
      88.51392000000001,
      88.51392000000001,
      88.51392000000001,
      88.51392000000001,
      88.51392000000001,
      88.51392000000001,
      88.51392000000001,
      88.51392000000001,
      88.51392000000001,
      88.51392000000001,
      88.51392000000001,
      88.51392000000001,
      88.51392000000001,
      88.51392000000001,
      88.51392000000001,
      88.51392000000001,
      88.51392000000001,
      88.51392000000001,
      88.51392000000001,
      88.51392000000001,
      88.51392000000001,
      88.51392000000001,
      88.51392000000001,
      88.51392000000001,
      88.51392000000001,
      88.51392000000001,
      88.51392000000001,
      88.51392000000001,
      88.51392000000001,
      88.51392000000001,
      88.51392000000001,
      88.51392000000001,
      88.51392000000001,
      88.51392000000001,
      88.51392000000001,
      88.51392000000001,
      88.51392000000001,
      88.51392000000001,
      88.51392000000001,
      88.51392000000001,
      88.51392000000001,
      88.51392000000001,
      88.51392000000001,
      88.51392000000001,
      88.51392000000001,
      88.51392000000001,
      88.51392000000001,
      88.51392000000001,
      88.51392000000001,
      88.51392000000001,
      88.51392000000001,
      88.51392000000001,
      88.51392000000001,
      88.51392000000001,
      88.51392000000001,
      88.51392000000001,
      88.51392000000001,
      88.51392000000001,
      88.51392000000001,
      88.51392000000001,
      88.51392000000001,
      88.51392000000001,
      88.51392000000001,
      88.51392000000001,
      88.51392000000001,
      88.51392000000001,
      88.51392000000001,
      88.51392000000001,
      88.51392000000001,
      88.51392000000001,
      88.51392000000001,
      88.51392000000001,
      88.51392000000001,
      88.51392000000001,
      88.51392000000001,
      88.51392000000001,
      88.51392000000001,
      88.51392000000001,
      88.51392000000001,
      88.51392000000001,
      88.51392000000001,
      88.51392000000001,
      88.51392000000001,
      88.51392000000001,
      88.51392000000001,
      88.51392000000001,
      88.51392000000001,
      88.51392000000001,
      88.51392000000001,
      88.51392000000001,
      88.51392000000001,
      88.51392000000001,
      88.51392000000001,
      88.51392000000001,
      88.51392000000001,
      88.51392000000001,
      88.51392000000001,
      88.51392000000001,
      88.51392000000001,
      88.51392000000001,
      88.51392000000001,
      88.51392000000001,
      88.51392000000001,
      88.51392000000001,
      88.51392000000001,
      88.51392000000001,
      88.51392000000001,
      88.51392000000001,
      88.51392000000001,
      88.51392000000001,
      88.51392000000001,
      88.51392000000001,
      88.51392000000001,
      88.51392000000001,
      88.51392000000001,
      88.51392000000001,
      88.51392000000001,
      88.51392000000001,
      88.51392000000001,
      88.51392000000001,
      88.51392000000001,
      88.51392000000001,
      88.51392000000001,
      88.51392000000001,
      88.51392000000001,
      88.51392000000001,
      88.51392000000001,
      88.51392000000001,
      88.51392000000001,
      88.51392000000001,
      88.51392000000001,
      88.51392000000001,
      88.51392000000001,
      88.51392000000001,
      88.51392000000001,
      88.51392000000001,
      88.51392000000001,
      88.51392000000001,
      88.51392000000001,
      88.51392000000001,
      88.51392000000001,
      88.51392000000001,
      88.51392000000001,
      88.51392000000001,
      88.51392000000001,
      88.51392000000001,
      88.51392000000001,
      88.51392000000001,
      88.51392000000001,
      88.51392000000001,
      88.51392000000001,
      88.51392000000001,
      88.51392000000001,
      88.51392000000001,
      88.51392000000001,
      88.51392000000001,
      88.51392000000001,
      88.51392000000001,
      88.51392000000001,
      88.51392000000001,
      88.51392000000001,
      88.51392000000001,
      88.51392000000001,
      88.51392000000001,
      88.51392000000001,
      88.51392000000001,
      88.51392000000001,
      88.51392000000001,
      88.51392000000001,
      88.51392000000001,
      88.51392000000001,
      88.51392000000001,
      88.51392000000001,
      88.51392000000001,
      88.51392000000001,
      88.51392000000001,
      88.51392000000001,
      88.51392000000001,
      88.51392000000001,
      88.51392000000001,
      88.51392000000001,
      88.51392000000001,
      88.51392000000001,
      88.51392000000001,
      88.51392000000001,
      88.51392000000001,
      88.51392000000001,
      88.51392000000001,
      88.51392000000001,
      88.51392000000001,
      88.51392000000001,
      88.51392000000001,
      88.51392000000001,
      88.51392000000001,
      88.51392000000001,
      88.51392000000001,
      88.51392000000001,
      88.51392000000001,
      88.51392000000001,
      88.51392000000001,
      88.51392000000001,
      88.51392000000001,
      88.51392000000001,
      88.51392000000001,
      88.51392000000001,
      88.51392000000001,
      88.51392000000001,
      88.51392000000001,
      88.51392000000001,
      88.51392000000001,
      88.51392000000001,
      88.51392000000001,
      88.51392000000001,
      88.51392000000001,
      88.51392000000001,
      88.51392000000001,
      88.51392000000001,
      88.51392000000001,
      88.51392000000001,
      88.51392000000001,
      88.51392000000001,
      88.51392000000001,
      88.51392000000001,
      88.51392000000001,
      88.51392000000001,
      88.51392000000001,
      88.51392000000001,
      88.51392000000001,
      88.51392000000001,
      88.51392000000001,
      88.51392000000001,
      88.51392000000001,
      88.51392000000001,
      88.51392000000001,
      88.51392000000001,
      88.51392000000001,
      88.51392000000001,
      88.51392000000001,
      88.51392000000001,
      88.51392000000001,
      88.51392000000001,
      88.51392000000001,
      88.51392000000001,
      88.51392000000001,
      88.51392000000001,
      88.51392000000001,
      88.51392000000001,
      88.51392000000001,
      88.51392000000001,
      88.51392000000001,
      88.51392000000001,
      88.51392000000001,
      88.51392000000001,
      88.51392000000001,
      88.51392000000001,
      88.51392000000001,
      88.51392000000001,
      88.51392000000001,
      88.51392000000001,
      88.51392000000001,
      88.51392000000001,
      88.51392000000001,
      88.51392000000001,
      88.51392000000001,
      88.51392000000001,
      88.51392000000001,
      88.51392000000001,
      88.51392000000001,
      88.51392000000001,
      88.51392000000001,
      88.51392000000001,
      88.51392000000001,
      88.51392000000001,
      88.51392000000001,
      88.51392000000001,
      88.51392000000001,
      88.51392000000001,
      88.51392000000001,
      88.51392000000001,
      88.51392000000001,
      88.51392000000001,
      88.51392000000001,
      88.51392000000001,
      88.51392000000001,
      88.51392000000001,
      88.51392000000001,
      88.51392000000001,
      88.51392000000001,
      88.51392000000001,
      88.51392000000001,
      88.51392000000001,
      88.51392000000001,
      88.51392000000001,
      88.51392000000001,
      88.51392000000001,
      88.51392000000001,
      88.51392000000001,
      88.51392000000001,
      88.51392000000001,
      88.51392000000001,
      88.51392000000001,
      88.51392000000001,
      88.51392000000001,
      88.51392000000001,
      88.51392000000001,
      88.51392000000001,
      88.51392000000001,
      88.51392000000001,
      88.51392000000001,
      88.51392000000001,
      88.51392000000001,
      88.51392000000001,
      88.51392000000001,
      88.51392000000001,
      88.51392000000001,
      88.51392000000001,
      88.51392000000001,
      88.51392000000001,
      88.51392000000001,
      88.51392000000001,
      88.51392000000001,
      88.51392000000001,
      88.51392000000001,
      88.51392000000001,
      88.51392000000001,
      88.51392000000001,
      88.51392000000001,
      88.51392000000001,
      88.51392000000001,
      88.51392000000001,
      88.51392000000001,
      88.51392000000001,
      88.51392000000001,
      88.51392000000001,
      88.51392000000001,
      88.51392000000001,
      88.51392000000001,
      88.51392000000001,
      88.51392000000001,
      88.51392000000001,
      88.51392000000001,
      88.51392000000001,
      88.51392000000001,
      88.51392000000001,
      88.51392000000001,
      88.51392000000001,
      88.51392000000001,
      88.51392000000001,
      88.51392000000001,
      88.51392000000001,
      88.51392000000001,
      88.51392000000001,
      88.51392000000001,
      88.51392000000001,
      88.51392000000001,
      88.51392000000001,
      88.51392000000001,
      88.51392000000001,
      88.51392000000001,
      88.51392000000001,
      88.51392000000001,
      88.51392000000001,
      88.51392000000001,
      88.51392000000001,
      88.51392000000001,
      88.51392000000001,
      88.51392000000001,
      88.51392000000001,
      88.51392000000001,
      88.51392000000001,
      88.51392000000001,
      88.51392000000001,
      88.51392000000001,
      88.51392000000001,
      88.51392000000001,
      88.51392000000001,
      88.51392000000001,
      88.51392000000001,
      88.51392000000001,
      88.51392000000001,
      88.51392000000001,
      88.51392000000001,
      88.51392000000001,
      88.51392000000001,
      88.51392000000001,
      88.51392000000001,
      88.51392000000001,
      88.51392000000001,
      88.51392000000001,
      88.51392000000001,
      88.51392000000001,
      88.51392000000001,
      88.51392000000001,
      88.51392000000001,
      88.51392000000001,
      88.51392000000001,
      88.51392000000001,
      88.51392000000001,
      88.51392000000001,
      88.51392000000001,
      88.51392000000001,
      88.51392000000001,
      88.51392000000001,
      88.51392000000001,
      88.51392000000001,
      88.51392000000001,
      88.51392000000001,
      88.51392000000001,
      88.51392000000001,
      88.51392000000001,
      88.51392000000001,
      88.51392000000001,
      88.51392000000001,
      88.51392000000001,
      88.51392000000001,
      88.51392000000001,
      88.51392000000001,
      88.51392000000001,
      88.51392000000001,
      88.51392000000001,
      88.51392000000001,
      88.51392000000001,
      88.51392000000001,
      88.51392000000001,
      88.51392000000001,
      88.51392000000001,
      88.51392000000001,
      88.51392000000001,
      88.51392000000001,
      88.51392000000001,
      88.51392000000001,
      88.51392000000001,
      88.51392000000001,
      88.51392000000001,
      88.51392000000001,
      88.51392000000001,
      88.51392000000001,
      88.51392000000001,
      88.51392000000001,
      88.51392000000001,
      88.51392000000001,
      88.51392000000001,
      88.51392000000001,
      88.51392000000001,
      88.51392000000001,
      88.51392000000001,
      88.51392000000001,
      88.51392000000001,
      88.51392000000001,
      88.51392000000001,
      88.51392000000001,
      88.51392000000001,
      88.51392000000001,
      88.51392000000001,
      88.51392000000001,
      88.51392000000001,
      88.51392000000001,
      88.51392000000001,
      88.51392000000001,
      88.51392000000001,
      88.51392000000001,
      88.51392000000001,
      88.51392000000001,
      88.51392000000001,
      88.51392000000001,
      88.51392000000001,
      88.51392000000001,
      88.51392000000001,
      88.51392000000001,
      88.51392000000001,
      88.51392000000001,
      88.51392000000001,
      88.51392000000001,
      88.51392000000001,
      88.51392000000001,
      88.51392000000001,
      88.51392000000001,
      88.51392000000001,
      88.51392000000001,
      88.51392000000001,
      88.51392000000001,
      88.51392000000001,
      88.51392000000001,
      88.51392000000001,
      88.51392000000001,
      88.51392000000001,
      88.51392000000001,
      88.51392000000001,
      88.51392000000001,
      88.51392000000001,
      88.51392000000001,
      88.51392000000001,
      88.51392000000001,
      88.51392000000001,
      88.51392000000001,
      88.51392000000001,
      88.51392000000001,
      88.51392000000001,
      88.51392000000001,
      88.51392000000001,
      88.51392000000001,
      88.51392000000001,
      88.51392000000001,
      88.51392000000001,
      88.51392000000001,
      88.51392000000001,
      88.51392000000001,
      88.51392000000001,
      88.51392000000001,
      88.51392000000001,
      88.51392000000001,
      88.51392000000001,
      88.51392000000001,
      88.51392000000001,
      88.51392000000001,
      88.51392000000001,
      88.51392000000001,
      88.51392000000001,
      88.51392000000001,
      88.51392000000001,
      88.51392000000001,
      88.51392000000001,
      88.51392000000001,
      88.51392000000001,
      88.51392000000001,
      88.51392000000001,
      88.51392000000001,
      88.51392000000001,
      88.51392000000001,
      88.51392000000001,
      88.51392000000001,
      88.51392000000001,
      88.51392000000001,
      88.51392000000001,
      88.51392000000001,
      88.51392000000001,
      88.51392000000001,
      88.51392000000001,
      88.51392000000001,
      88.51392000000001,
      88.51392000000001,
      88.51392000000001,
      88.51392000000001,
      88.51392000000001,
      88.51392000000001,
      88.51392000000001,
      88.51392000000001,
      88.51392000000001,
      88.51392000000001,
      88.51392000000001,
      88.51392000000001,
      88.51392000000001,
      88.51392000000001,
      88.51392000000001,
      88.51392000000001,
      88.51392000000001,
      88.51392000000001,
      88.51392000000001,
      88.51392000000001,
      88.51392000000001,
      88.51392000000001,
      88.51392000000001,
      88.51392000000001,
      88.51392000000001,
      88.51392000000001,
      88.51392000000001,
      88.51392000000001,
      88.51392000000001,
      88.51392000000001,
      88.51392000000001,
      88.51392000000001,
      88.51392000000001,
      88.51392000000001,
      88.51392000000001,
      88.51392000000001,
      88.51392000000001,
      88.51392000000001,
      88.51392000000001,
      88.51392000000001,
      88.51392000000001,
      88.51392000000001,
      88.51392000000001,
      88.51392000000001,
      88.51392000000001,
      88.51392000000001,
      88.51392000000001,
      88.51392000000001,
      88.51392000000001,
      88.51392000000001,
      88.51392000000001,
      88.51392000000001,
      88.51392000000001,
      88.51392000000001,
      88.51392000000001,
      88.51392000000001,
      88.51392000000001,
      88.51392000000001,
      88.51392000000001,
      88.51392000000001,
      88.51392000000001,
      88.51392000000001,
      88.51392000000001,
      88.51392000000001,
      88.51392000000001,
      88.51392000000001,
      88.51392000000001,
      88.51392000000001,
      88.51392000000001,
      88.51392000000001,
      88.51392000000001,
      88.51392000000001,
      88.51392000000001,
      88.51392000000001,
      88.51392000000001,
      88.51392000000001,
      88.51392000000001,
      88.51392000000001,
      88.51392000000001,
      88.51392000000001,
      88.51392000000001,
      88.51392000000001,
      88.51392000000001,
      88.51392000000001,
      88.51392000000001,
      88.51392000000001,
      88.51392000000001,
      88.51392000000001,
      88.51392000000001,
      88.51392000000001,
      88.51392000000001,
      88.51392000000001,
      88.51392000000001,
      88.51392000000001,
      88.51392000000001,
      88.51392000000001,
      88.51392000000001,
      88.51392000000001,
      88.51392000000001,
      88.51392000000001,
      88.51392000000001,
      88.51392000000001,
      88.51392000000001,
      88.51392000000001,
      88.51392000000001,
      88.51392000000001,
      88.51392000000001,
      88.51392000000001,
      88.51392000000001,
      88.51392000000001,
      88.51392000000001,
      88.51392000000001,
      88.51392000000001,
      88.51392000000001,
      88.51392000000001,
      88.51392000000001,
      88.51392000000001,
      88.51392000000001,
      88.51392000000001,
      88.51392000000001,
      88.51392000000001,
      88.51392000000001,
      88.51392000000001,
      88.51392000000001,
      88.51392000000001,
      88.51392000000001,
      88.51392000000001,
      88.51392000000001,
      88.51392000000001,
      88.51392000000001,
      88.51392000000001,
      88.51392000000001,
      88.51392000000001,
      88.51392000000001,
      88.51392000000001,
      88.51392000000001,
      88.51392000000001,
      88.51392000000001,
      88.51392000000001,
      88.51392000000001,
      88.51392000000001,
      88.51392000000001,
      88.51392000000001,
      88.51392000000001,
      88.51392000000001,
      88.51392000000001,
      88.51392000000001,
      88.51392000000001,
      88.51392000000001,
      88.51392000000001,
      88.51392000000001,
      88.51392000000001,
      88.51392000000001,
      88.51392000000001,
      88.51392000000001,
      88.51392000000001,
      88.51392000000001,
      88.51392000000001,
      88.51392000000001,
      88.51392000000001,
      88.51392000000001,
      88.51392000000001,
      88.51392000000001,
      88.51392000000001,
      88.51392000000001,
      88.51392000000001,
      88.51392000000001,
      88.51392000000001,
      88.51392000000001,
      88.51392000000001,
      88.51392000000001,
      88.51392000000001,
      88.51392000000001,
      88.51392000000001,
      88.51392000000001,
      88.51392000000001,
      88.51392000000001,
      88.51392000000001,
      88.51392000000001,
      88.51392000000001,
      88.51392000000001,
      88.51392000000001,
      88.51392000000001,
      88.51392000000001,
      88.51392000000001,
      88.51392000000001,
      88.51392000000001,
      88.51392000000001,
      88.51392000000001,
      88.51392000000001,
      88.51392000000001,
      88.51392000000001,
      88.51392000000001,
      88.51392000000001,
      88.51392000000001,
      88.51392000000001,
      88.51392000000001,
      88.51392000000001,
      88.51392000000001,
      88.51392000000001,
      88.51392000000001,
      88.51392000000001,
      88.51392000000001,
      88.51392000000001,
      88.51392000000001,
      88.51392000000001,
      88.51392000000001,
      88.51392000000001,
      88.51392000000001,
      88.51392000000001,
      88.51392000000001,
      88.51392000000001,
      88.51392000000001,
      88.51392000000001,
      88.51392000000001,
      88.51392000000001,
      88.51392000000001,
      88.51392000000001,
      88.51392000000001,
      88.51392000000001,
      88.51392000000001,
      88.51392000000001,
      88.51392000000001,
      88.51392000000001,
      88.51392000000001,
      88.51392000000001,
      88.51392000000001,
      88.51392000000001,
      88.51392000000001,
      88.51392000000001,
      88.51392000000001,
      88.51392000000001,
      88.51392000000001,
      88.51392000000001,
      88.51392000000001,
      88.51392000000001,
      88.51392000000001,
      88.51392000000001,
      88.51392000000001,
      88.51392000000001,
      88.51392000000001,
      88.51392000000001,
      88.51392000000001,
      88.51392000000001,
      88.51392000000001,
      88.51392000000001,
      88.51392000000001,
      88.51392000000001,
      88.51392000000001,
      88.51392000000001,
      88.51392000000001,
      88.51392000000001,
      88.51392000000001,
      88.51392000000001,
      88.51392000000001,
      88.51392000000001,
      88.51392000000001,
      88.51392000000001,
      88.51392000000001,
      88.51392000000001,
      88.51392000000001,
      88.51392000000001,
      88.51392000000001,
      88.51392000000001,
      88.51392000000001,
      88.51392000000001,
      88.51392000000001,
      88.51392000000001,
      88.51392000000001,
      88.51392000000001,
      88.51392000000001,
      88.51392000000001,
      88.51392000000001,
      88.51392000000001,
      88.51392000000001,
      88.51392000000001,
      88.51392000000001,
      88.51392000000001,
      88.51392000000001,
      88.51392000000001,
      88.51392000000001,
      88.51392000000001,
      88.51392000000001,
      88.51392000000001,
      88.51392000000001,
      88.51392000000001,
      88.51392000000001,
      88.51392000000001,
      88.51392000000001,
      88.51392000000001,
      88.51392000000001,
      88.51392000000001,
      88.51392000000001,
      88.51392000000001,
      88.51392000000001,
      88.51392000000001,
      88.51392000000001,
      88.51392000000001,
      88.51392000000001,
      88.51392000000001,
      88.51392000000001,
      88.51392000000001,
      88.51392000000001,
      88.51392000000001,
      88.51392000000001,
      88.51392000000001,
      88.51392000000001,
      88.51392000000001,
      88.51392000000001,
      88.51392000000001,
      88.51392000000001,
      88.51392000000001,
      88.51392000000001,
      88.51392000000001,
      88.51392000000001,
      88.51392000000001,
      88.51392000000001,
      88.51392000000001,
      88.51392000000001,
      88.51392000000001,
      88.51392000000001,
      88.51392000000001,
      88.51392000000001,
      88.51392000000001,
      88.51392000000001,
      88.51392000000001,
      88.51392000000001,
      88.51392000000001,
      88.51392000000001,
      88.51392000000001,
      88.51392000000001,
      88.51392000000001,
      88.51392000000001,
      88.51392000000001,
      88.51392000000001,
      88.51392000000001,
      88.51392000000001,
      88.51392000000001,
      88.51392000000001,
      88.51392000000001,
      88.51392000000001,
      88.51392000000001,
      88.51392000000001,
      88.51392000000001,
      88.51392000000001,
      88.51392000000001,
      88.51392000000001,
      88.51392000000001,
      88.51392000000001,
      88.51392000000001,
      88.51392000000001,
      88.51392000000001,
      88.51392000000001,
      88.51392000000001,
      88.51392000000001,
      88.51392000000001,
      88.51392000000001,
      88.51392000000001,
      88.51392000000001,
      88.51392000000001,
      88.51392000000001,
      88.51392000000001,
      88.51392000000001,
      88.51392000000001,
      88.51392000000001,
      88.51392000000001,
      88.51392000000001,
      88.51392000000001,
      88.51392000000001,
      88.51392000000001,
      88.51392000000001,
      88.51392000000001,
      88.51392000000001,
      88.51392000000001,
      88.51392000000001,
      88.51392000000001,
      88.51392000000001,
      88.51392000000001,
      88.51392000000001,
      88.51392000000001,
      88.51392000000001,
      88.51392000000001,
      88.51392000000001,
      88.51392000000001,
      88.51392000000001,
      88.51392000000001,
      88.51392000000001,
      88.51392000000001,
      88.51392000000001,
      88.51392000000001,
      88.51392000000001,
      88.51392000000001,
      88.51392000000001,
      88.51392000000001,
      88.51392000000001,
      88.51392000000001,
      88.51392000000001,
      88.51392000000001,
      88.51392000000001,
      88.51392000000001,
      88.51392000000001,
      88.51392000000001,
      88.51392000000001,
      88.51392000000001,
      88.51392000000001,
      88.51392000000001,
      88.51392000000001,
      88.51392000000001,
      88.51392000000001,
      88.51392000000001,
      88.51392000000001,
      88.51392000000001,
      88.51392000000001,
      88.51392000000001,
      88.51392000000001,
      88.51392000000001,
      88.51392000000001,
      88.51392000000001,
      88.51392000000001,
      88.51392000000001,
      88.51392000000001,
      88.51392000000001,
      88.51392000000001,
      88.51392000000001,
      88.51392000000001,
      88.51392000000001,
      88.51392000000001,
      88.51392000000001,
      88.51392000000001,
      88.51392000000001,
      88.51392000000001,
      88.51392000000001,
      88.51392000000001,
      88.51392000000001,
      88.51392000000001,
      88.51392000000001,
      88.51392000000001,
      88.51392000000001,
      88.51392000000001,
      88.51392000000001,
      88.51392000000001,
      88.51392000000001,
      88.51392000000001,
      88.51392000000001,
      88.51392000000001,
      88.51392000000001,
      88.51392000000001,
      88.51392000000001,
      88.51392000000001,
      88.51392000000001,
      88.51392000000001,
      88.51392000000001,
      88.51392000000001,
      88.51392000000001,
      88.51392000000001,
      88.51392000000001,
      88.51392000000001,
      88.51392000000001,
      88.51392000000001,
      88.51392000000001,
      88.51392000000001,
      88.51392000000001,
      88.51392000000001,
      88.51392000000001,
      88.51392000000001,
      88.51392000000001,
      88.51392000000001,
      88.51392000000001,
      88.51392000000001,
      88.51392000000001,
      88.51392000000001,
      88.51392000000001,
      88.51392000000001,
      88.51392000000001,
      88.51392000000001,
      88.51392000000001,
      88.51392000000001,
      88.51392000000001,
      88.51392000000001,
      88.51392000000001,
      88.51392000000001,
      88.51392000000001,
      88.51392000000001,
      88.51392000000001,
      88.51392000000001,
      88.51392000000001,
      88.51392000000001,
      88.51392000000001,
      88.51392000000001,
      88.51392000000001,
      88.51392000000001,
      88.51392000000001,
      88.51392000000001,
      88.51392000000001,
      88.51392000000001,
      88.51392000000001,
      88.51392000000001,
      88.51392000000001,
      88.51392000000001,
      88.51392000000001,
      88.51392000000001,
      88.51392000000001,
      88.51392000000001,
      88.51392000000001,
      88.51392000000001,
      88.51392000000001,
      88.51392000000001,
      88.51392000000001,
      88.51392000000001,
      88.51392000000001,
      88.51392000000001,
      88.51392000000001,
      88.51392000000001,
      88.51392000000001,
      88.51392000000001,
      88.51392000000001,
      88.51392000000001,
      88.51392000000001,
      88.51392000000001,
      88.51392000000001,
      88.51392000000001,
      88.51392000000001,
      88.51392000000001,
      88.51392000000001,
      88.51392000000001,
      88.51392000000001,
      88.51392000000001,
      88.51392000000001,
      88.51392000000001,
      88.51392000000001,
      88.51392000000001,
      88.51392000000001,
      88.51392000000001,
      88.51392000000001,
      88.51392000000001,
      88.51392000000001,
      88.51392000000001,
      88.51392000000001,
      88.51392000000001,
      88.51392000000001,
      88.51392000000001,
      88.51392000000001,
      88.51392000000001,
      88.51392000000001,
      88.51392000000001,
      88.51392000000001,
      88.51392000000001,
      88.51392000000001,
      88.51392000000001,
      88.51392000000001,
      88.51392000000001,
      88.51392000000001,
      88.51392000000001,
      88.51392000000001,
      88.51392000000001,
      88.51392000000001,
      88.51392000000001,
      88.51392000000001,
      88.51392000000001,
      88.51392000000001,
      88.51392000000001,
      88.51392000000001,
      88.51392000000001,
      88.51392000000001,
      88.51392000000001,
      88.51392000000001,
      88.51392000000001,
      88.51392000000001,
      88.51392000000001,
      88.51392000000001,
      88.51392000000001,
      88.51392000000001,
      88.51392000000001,
      88.51392000000001,
      88.51392000000001,
      88.51392000000001,
      88.51392000000001,
      88.51392000000001,
      88.51392000000001,
      88.51392000000001,
      88.51392000000001,
      88.51392000000001,
      88.51392000000001,
      88.51392000000001,
      88.51392000000001,
      88.51392000000001,
      88.51392000000001,
      88.51392000000001,
      88.51392000000001,
      88.51392000000001,
      88.51392000000001,
      88.51392000000001,
      88.51392000000001,
      88.51392000000001,
      88.51392000000001,
      88.51392000000001,
      88.51392000000001,
      88.51392000000001,
      88.51392000000001,
      88.51392000000001,
      88.51392000000001,
      88.51392000000001,
      88.51392000000001,
      88.51392000000001,
      88.51392000000001,
      88.51392000000001,
      88.51392000000001,
      88.51392000000001,
      88.51392000000001,
      88.51392000000001,
      88.51392000000001,
      88.51392000000001,
      88.51392000000001,
      88.51392000000001,
      88.51392000000001,
      88.51392000000001,
      88.51392000000001,
      88.51392000000001,
      88.51392000000001,
      88.51392000000001,
      88.51392000000001,
      88.51392000000001,
      88.51392000000001,
      88.51392000000001,
      88.51392000000001,
      88.51392000000001,
      88.51392000000001,
      88.51392000000001,
      88.51392000000001,
      88.51392000000001,
      88.51392000000001,
      88.51392000000001,
      88.51392000000001,
      88.51392000000001,
      88.51392000000001,
      88.51392000000001,
      88.51392000000001,
      88.51392000000001,
      88.51392000000001,
      88.51392000000001,
      88.51392000000001,
      88.51392000000001,
      88.51392000000001,
      88.51392000000001,
      88.51392000000001,
      88.51392000000001,
      88.51392000000001,
      88.51392000000001,
      88.51392000000001,
      88.51392000000001,
      88.51392000000001,
      88.51392000000001,
      88.51392000000001,
      88.51392000000001,
      88.51392000000001,
      88.51392000000001,
      88.51392000000001,
      88.51392000000001,
      88.51392000000001,
      88.51392000000001,
      88.51392000000001,
      88.51392000000001,
      88.51392000000001,
      88.51392000000001,
      88.51392000000001,
      88.51392000000001,
      88.51392000000001,
      88.51392000000001,
      88.51392000000001,
      88.51392000000001,
      88.51392000000001,
      88.51392000000001,
      88.51392000000001,
      88.51392000000001,
      88.51392000000001,
      88.51392000000001,
      88.51392000000001,
      88.51392000000001,
      88.51392000000001,
      88.51392000000001,
      88.51392000000001,
      88.51392000000001,
      88.51392000000001,
      88.51392000000001,
      88.51392000000001,
      88.51392000000001,
      88.51392000000001,
      88.51392000000001,
      88.51392000000001,
      88.51392000000001,
      88.51392000000001,
      88.51392000000001,
      88.51392000000001,
      88.51392000000001,
      88.51392000000001,
      88.51392000000001,
      88.51392000000001,
      88.51392000000001,
      88.51392000000001,
      88.51392000000001,
      88.51392000000001,
      88.51392000000001,
      88.51392000000001,
      88.51392000000001,
      88.51392000000001,
      88.51392000000001,
      88.51392000000001,
      88.51392000000001,
      88.51392000000001,
      88.51392000000001,
      88.51392000000001,
      88.51392000000001,
      88.51392000000001,
      88.51392000000001,
      88.51392000000001,
      88.51392000000001,
      88.51392000000001,
      88.51392000000001,
      88.51392000000001,
      88.51392000000001,
      88.51392000000001,
      88.51392000000001,
      88.51392000000001,
      88.51392000000001,
      88.51392000000001,
      88.51392000000001,
      88.51392000000001,
      88.51392000000001,
      88.51392000000001,
      88.51392000000001,
      88.51392000000001,
      88.51392000000001,
      88.51392000000001,
      88.51392000000001,
      88.51392000000001,
      88.51392000000001,
      88.51392000000001,
      88.51392000000001,
      88.51392000000001,
      88.51392000000001,
      88.51392000000001,
      88.51392000000001,
      88.51392000000001,
      88.51392000000001,
      88.51392000000001,
      88.51392000000001,
      88.51392000000001,
      88.51392000000001,
      88.51392000000001,
      88.51392000000001,
      88.51392000000001,
      88.51392000000001,
      88.51392000000001,
      88.51392000000001,
      88.51392000000001,
      88.51392000000001,
      88.51392000000001,
      88.51392000000001,
      88.51392000000001,
      88.51392000000001,
      88.51392000000001,
      88.51392000000001,
      88.51392000000001,
      88.51392000000001,
      88.51392000000001,
      88.51392000000001,
      88.51392000000001,
      88.51392000000001,
      88.51392000000001,
      88.51392000000001,
      88.51392000000001,
      88.51392000000001,
      88.51392000000001,
      88.51392000000001,
      88.51392000000001,
      88.51392000000001,
      88.51392000000001,
      88.51392000000001,
      88.51392000000001,
      88.51392000000001,
      88.51392000000001,
      88.51392000000001,
      88.51392000000001,
      88.51392000000001,
      88.51392000000001,
      88.51392000000001,
      88.51392000000001,
      88.51392000000001,
      88.51392000000001,
      88.51392000000001,
      88.51392000000001,
      88.51392000000001,
      88.51392000000001,
      88.51392000000001,
      88.51392000000001,
      88.51392000000001,
      88.51392000000001,
      88.51392000000001,
      88.51392000000001,
      88.51392000000001,
      88.51392000000001,
      88.51392000000001,
      88.51392000000001,
      88.51392000000001,
      88.51392000000001,
      88.51392000000001,
      88.51392000000001,
      88.51392000000001,
      88.51392000000001,
      88.51392000000001,
      88.51392000000001,
      88.51392000000001,
      88.51392000000001,
      88.51392000000001,
      88.51392000000001,
      88.51392000000001,
      88.51392000000001,
      88.51392000000001,
      88.51392000000001,
      88.51392000000001,
      88.51392000000001,
      88.51392000000001,
      88.51392000000001,
      88.51392000000001,
      88.51392000000001,
      88.51392000000001,
      88.51392000000001,
      88.51392000000001,
      88.51392000000001,
      88.51392000000001,
      88.51392000000001,
      88.51392000000001,
      88.51392000000001,
      88.51392000000001,
      88.51392000000001,
      88.51392000000001,
      88.51392000000001,
      88.51392000000001,
      88.51392000000001,
      88.51392000000001,
      88.51392000000001,
      88.51392000000001,
      88.51392000000001
    ],
    "is_bridge": [
      false,
      false,
      false,
      false,
      false,
      false,
      false,
      false,
      false,
      false,
      false,
      false,
      false,
      false,
      false,
      false,
      false,
      false,
      false,
      false,
      false,
      false,
      false,
      false,
      false,
      false,
      false,
      false,
      false,
      false,
      false,
      false,
      false,
      false,
      false,
      false,
      false,
      true,
      true,
      false,
      false,
      false,
      false,
      false,
      false,
      false,
      false,
      false,
      false,
      false,
      false,
      false,
      false,
      false,
      false,
      false,
      false,
      false,
      false,
      false,
      false,
      false,
      false,
      false,
      false,
      false,
      false,
      false,
      false,
      false,
      false,
      false,
      false,
      false,
      false,
      false,
      false,
      false,
      false,
      false,
      false,
      false,
      false,
      false,
      false,
      false,
      false,
      false,
      false,
      false,
      false,
      false,
      false,
      false,
      false,
      false,
      false,
      false,
      false,
      false,
      false,
      false,
      false,
      false,
      false,
      false,
      false,
      false,
      false,
      false,
      false,
      false,
      false,
      false,
      false,
      false,
      false,
      false,
      false,
      false,
      false,
      false,
      false,
      false,
      false,
      false,
      false,
      false,
      false,
      false,
      false,
      false,
      false,
      false,
      false,
      false,
      false,
      false,
      false,
      false,
      false,
      false,
      false,
      false,
      false,
      false,
      false,
      false,
      false,
      false,
      false,
      false,
      false,
      false,
      false,
      false,
      false,
      false,
      false,
      false,
      false,
      false,
      false,
      false,
      false,
      false,
      false,
      false,
      false,
      false,
      false,
      false,
      false,
      false,
      false,
      false,
      false,
      false,
      false,
      false,
      false,
      false,
      false,
      false,
      false,
      false,
      false,
      false,
      false,
      false,
      false,
      false,
      false,
      false,
      false,
      false,
      false,
      false,
      false,
      false,
      false,
      false,
      false,
      false,
      false,
      false,
      false,
      false,
      false,
      false,
      false,
      false,
      false,
      false,
      false,
      false,
      false,
      false,
      false,
      false,
      false,
      false,
      false,
      false,
      false,
      false,
      false,
      false,
      false,
      false,
      false,
      false,
      false,
      false,
      false,
      false,
      false,
      false,
      false,
      false,
      false,
      false,
      false,
      false,
      false,
      false,
      false,
      false,
      false,
      false,
      false,
      false,
      false,
      false,
      false,
      false,
      false,
      false,
      false,
      false,
      false,
      false,
      false,
      false,
      false,
      false,
      false,
      false,
      false,
      false,
      false,
      false,
      false,
      false,
      false,
      false,
      false,
      false,
      false,
      false,
      false,
      false,
      false,
      false,
      false,
      false,
      false,
      false,
      false,
      false,
      false,
      false,
      false,
      false,
      false,
      false,
      false,
      false,
      false,
      false,
      false,
      false,
      false,
      false,
      false,
      false,
      false,
      false,
      false,
      false,
      false,
      false,
      false,
      false,
      false,
      false,
      false,
      false,
      false,
      false,
      false,
      false,
      false,
      false,
      false,
      false,
      false,
      false,
      false,
      false,
      false,
      false,
      false,
      false,
      false,
      false,
      false,
      false,
      false,
      false,
      false,
      false,
      false,
      false,
      false,
      false,
      false,
      false,
      false,
      false,
      false,
      false,
      false,
      false,
      false,
      false,
      false,
      false,
      false,
      false,
      false,
      false,
      false,
      false,
      false,
      false,
      false,
      false,
      false,
      false,
      false,
      false,
      false,
      false,
      false,
      false,
      false,
      false,
      false,
      false,
      false,
      false,
      false,
      false,
      false,
      false,
      false,
      false,
      false,
      false,
      false,
      false,
      false,
      false,
      false,
      false,
      false,
      false,
      false,
      false,
      false,
      false,
      false,
      false,
      false,
      false,
      false,
      false,
      false,
      false,
      false,
      false,
      false,
      false,
      false,
      false,
      false,
      false,
      false,
      false,
      false,
      false,
      false,
      false,
      false,
      false,
      false,
      false,
      false,
      false,
      false,
      false,
      false,
      false,
      false,
      false,
      false,
      false,
      false,
      false,
      false,
      false,
      false,
      false,
      false,
      false,
      false,
      false,
      false,
      false,
      false,
      false,
      false,
      false,
      false,
      false,
      false,
      false,
      false,
      false,
      false,
      false,
      false,
      false,
      false,
      false,
      false,
      false,
      false,
      false,
      false,
      false,
      false,
      false,
      false,
      false,
      false,
      false,
      false,
      false,
      false,
      false,
      false,
      false,
      false,
      false,
      false,
      false,
      false,
      false,
      true,
      true,
      true,
      true,
      true,
      true,
      true,
      true,
      true,
      true,
      true,
      false,
      false,
      false,
      false,
      false,
      false,
      false,
      false,
      false,
      false,
      false,
      false,
      false,
      false,
      false,
      false,
      false,
      false,
      false,
      false,
      false,
      false,
      false,
      false,
      false,
      false,
      false,
      false,
      false,
      false,
      false,
      false,
      false,
      false,
      false,
      false,
      false,
      false,
      false,
      false,
      false,
      false,
      false,
      false,
      false,
      false,
      false,
      false,
      false,
      false,
      false,
      false,
      false,
      false,
      false,
      false,
      false,
      false,
      false,
      false,
      false,
      false,
      false,
      false,
      false,
      false,
      false,
      false,
      false,
      false,
      false,
      false,
      false,
      false,
      false,
      false,
      false,
      false,
      false,
      false,
      false,
      false,
      false,
      false,
      false,
      false,
      false,
      false,
      false,
      false,
      false,
      false,
      false,
      false,
      false,
      false,
      false,
      false,
      false,
      false,
      false,
      false,
      false,
      false,
      false,
      false,
      false,
      false,
      false,
      false,
      false,
      false,
      false,
      false,
      false,
      false,
      false,
      false,
      false,
      false,
      false,
      false,
      false,
      false,
      false,
      false,
      false,
      false,
      false,
      false,
      false,
      false,
      false,
      false,
      false,
      false,
      false,
      false,
      false,
      false,
      false,
      false,
      false,
      false,
      false,
      false,
      false,
      false,
      false,
      false,
      false,
      false,
      false,
      false,
      false,
      false,
      false,
      false,
      false,
      false,
      false,
      false,
      false,
      false,
      false,
      false,
      false,
      false,
      false,
      false,
      false,
      false,
      false,
      false,
      false,
      false,
      false,
      false,
      false,
      false,
      false,
      false,
      false,
      false,
      false,
      false,
      false,
      false,
      false,
      false,
      false,
      false,
      false,
      false,
      false,
      false,
      false,
      false,
      false,
      false,
      false,
      false,
      false,
      false,
      false,
      false,
      false,
      false,
      false,
      false,
      false,
      false,
      false,
      false,
      false,
      false,
      false,
      false,
      false,
      false,
      false,
      false,
      false,
      false,
      false,
      false,
      false,
      false,
      false,
      false,
      false,
      false,
      false,
      false,
      false,
      false,
      false,
      false,
      false,
      false,
      false,
      false,
      false,
      false,
      false,
      false,
      false,
      false,
      false,
      false,
      false,
      false,
      false,
      false,
      false,
      false,
      false,
      false,
      false,
      false,
      false,
      false,
      false,
      false,
      false,
      false,
      false,
      false,
      false,
      false,
      false,
      false,
      false,
      false,
      false,
      false,
      false,
      false,
      false,
      true,
      true,
      true,
      true,
      true,
      true,
      true,
      true,
      true,
      true,
      true,
      true,
      true,
      true,
      true,
      true,
      true,
      true,
      true,
      true,
      true,
      true,
      true,
      true,
      true,
      true,
      true,
      true,
      true,
      true,
      true,
      true,
      true,
      true,
      true,
      true,
      true,
      true,
      true,
      true,
      true,
      true,
      true,
      true,
      true,
      true,
      true,
      true,
      true,
      true,
      true,
      true,
      true,
      true,
      true,
      true,
      true,
      true,
      true,
      true,
      true,
      true,
      true,
      true,
      true,
      true,
      true,
      true,
      false,
      false,
      false,
      false,
      false,
      false,
      false,
      false,
      false,
      false,
      false,
      false,
      false,
      false,
      false,
      false,
      false,
      false,
      false,
      false,
      false,
      false,
      false,
      false,
      false,
      false,
      false,
      false,
      false,
      false,
      false,
      false,
      false,
      false,
      false,
      false,
      false,
      false,
      false,
      false,
      false,
      false,
      false,
      false,
      false,
      false,
      false,
      false,
      false,
      false,
      false,
      false,
      false,
      false,
      false,
      false,
      false,
      false,
      false,
      false,
      false,
      false,
      false,
      false,
      false,
      false,
      false,
      false,
      false,
      false,
      false,
      false,
      false,
      false,
      false,
      false,
      false,
      false,
      false,
      false,
      false,
      false,
      false,
      false,
      false,
      false,
      false,
      false,
      false,
      false,
      false,
      false,
      false,
      false,
      false,
      false,
      false,
      false,
      false,
      false,
      false,
      false,
      false,
      false,
      false,
      false,
      false,
      false,
      false,
      false,
      false,
      false,
      false,
      false,
      false,
      false,
      false,
      false,
      false,
      false,
      false,
      false,
      false,
      false,
      false,
      false,
      false,
      false,
      false,
      false,
      false,
      false,
      false,
      false,
      false,
      false,
      false,
      false,
      false,
      false,
      false,
      false,
      false,
      false,
      false,
      false,
      false,
      false,
      false,
      false,
      false,
      false,
      false,
      false,
      false,
      false,
      false,
      false,
      false,
      false,
      false,
      false,
      false,
      false,
      false,
      false,
      false,
      false,
      false,
      false,
      false,
      false,
      false,
      false,
      false,
      false,
      false,
      false,
      false,
      false,
      false,
      false,
      false,
      false,
      false,
      false,
      false,
      false,
      false,
      false,
      false,
      false,
      false,
      false,
      false,
      false,
      false,
      false,
      false,
      false,
      false,
      false,
      false,
      false,
      false,
      false,
      false,
      false,
      false,
      false,
      false,
      false,
      false,
      false,
      false,
      false,
      false,
      false,
      false,
      false,
      false,
      false,
      false,
      false,
      false,
      false,
      false,
      false,
      false,
      false,
      false,
      false,
      false,
      false,
      false,
      false,
      false,
      false,
      false,
      false,
      false,
      false,
      false,
      false,
      false,
      false,
      false,
      false,
      false,
      false,
      false,
      false,
      false,
      false,
      false,
      false,
      false,
      false,
      false,
      false,
      false,
      false,
      false,
      false,
      false,
      false,
      false,
      false,
      false,
      false,
      false,
      false,
      false,
      false,
      false,
      false,
      false,
      false,
      false,
      false,
      false,
      false,
      false,
      false,
      false,
      false,
      false,
      false,
      false,
      false,
      false,
      false,
      false,
      false,
      false,
      false,
      false,
      false,
      false,
      false,
      false,
      false,
      false,
      false,
      false,
      false,
      false,
      false,
      false,
      false,
      false,
      false,
      false,
      false,
      false,
      false,
      false,
      false,
      false,
      false,
      false,
      false,
      false,
      false,
      false,
      false,
      false,
      false,
      false,
      false,
      false,
      false,
      false,
      false,
      false,
      false,
      false,
      false,
      false,
      false,
      false,
      false,
      false,
      false,
      false,
      false,
      false,
      false,
      false,
      false,
      false,
      false,
      false,
      false,
      false,
      false,
      false,
      false,
      false,
      false,
      false,
      false,
      false,
      false,
      false,
      false,
      false,
      false,
      false,
      false,
      false,
      false,
      false,
      false,
      false,
      false,
      false,
      false,
      false,
      false,
      false,
      false,
      false,
      false,
      false,
      false,
      false,
      false,
      false,
      false,
      false,
      false,
      false,
      false,
      false,
      false,
      false,
      false,
      false,
      false,
      false,
      false,
      false,
      false,
      false,
      false,
      false,
      false,
      false,
      false,
      false,
      false,
      false,
      false,
      false,
      false,
      false,
      false,
      false,
      false,
      false,
      false,
      false,
      false,
      false,
      false,
      false,
      false,
      false,
      false,
      false,
      false,
      false,
      false,
      false,
      false,
      false,
      false,
      false,
      false,
      false,
      false,
      false,
      false,
      false,
      false,
      false,
      false,
      false,
      false,
      false,
      false,
      false,
      false,
      false,
      false,
      false,
      false,
      false,
      false,
      false,
      false,
      false,
      false,
      false,
      false,
      false,
      false,
      false,
      false,
      false,
      false,
      false,
      false,
      false,
      false,
      false,
      false,
      false,
      false,
      false,
      false,
      false,
      false,
      false,
      false,
      false,
      false,
      false,
      false,
      false,
      false,
      false,
      false,
      false,
      false,
      false,
      false,
      false,
      false,
      false,
      false,
      false,
      false,
      false,
      false,
      false,
      false,
      false,
      false,
      false,
      false,
      false,
      false,
      false,
      false,
      false,
      false,
      false,
      false,
      false,
      false,
      false,
      false,
      false,
      false,
      false,
      false,
      false,
      false,
      false,
      false,
      false,
      false,
      false,
      false,
      false,
      false,
      false,
      false,
      false,
      false,
      false,
      false,
      false,
      false,
      false,
      false,
      false,
      false,
      false,
      false,
      false,
      false,
      false,
      false,
      false,
      false,
      false,
      false,
      false,
      false,
      false,
      false,
      false,
      false,
      false,
      false,
      false,
      false,
      false,
      false,
      false,
      false,
      false,
      false,
      false,
      false,
      false,
      false,
      false,
      false,
      false,
      false,
      false,
      false,
      false,
      false,
      false,
      false,
      false,
      false,
      false,
      false,
      false,
      false,
      false,
      false,
      false,
      false,
      false,
      false,
      false,
      false,
      false,
      false,
      false,
      false,
      false,
      false,
      false,
      false,
      false,
      false,
      false,
      false,
      false,
      false,
      false,
      false,
      false,
      false,
      false,
      false,
      false,
      false,
      false,
      false,
      false,
      false,
      false,
      false,
      false,
      false,
      false,
      false,
      false,
      false,
      false,
      false,
      false,
      false,
      false,
      false,
      false,
      false,
      false,
      false,
      false,
      false,
      false,
      false,
      false,
      false,
      false,
      false,
      false,
      false,
      false,
      false,
      false,
      false,
      false,
      false,
      false,
      false,
      false,
      false,
      false,
      false,
      false,
      false,
      false,
      false,
      false,
      false,
      false,
      false,
      false,
      false,
      false,
      false,
      false,
      false,
      false,
      false,
      false,
      false,
      false,
      false,
      false,
      false,
      false,
      false,
      false,
      false,
      false,
      false,
      false,
      false,
      false,
      false,
      false,
      false,
      false,
      false,
      false,
      false,
      false,
      false,
      false,
      false,
      false,
      false,
      false,
      false,
      false,
      false,
      false,
      false,
      false,
      false,
      false,
      false,
      false,
      false,
      false,
      false,
      false,
      false,
      false,
      false,
      false,
      true,
      true,
      true,
      true,
      true,
      true,
      true,
      true,
      true,
      true,
      true,
      true,
      true,
      true,
      false,
      false,
      false,
      false,
      false,
      false,
      false,
      false,
      false,
      false,
      false,
      false,
      false,
      false,
      false,
      false,
      false,
      false,
      false,
      false,
      false,
      false,
      false,
      false,
      false,
      false,
      false,
      false,
      false,
      false,
      false,
      false,
      false,
      false,
      false,
      false,
      false,
      false,
      false,
      false,
      false,
      false,
      false,
      false,
      false,
      false,
      false,
      false,
      false,
      false,
      false,
      false,
      false,
      false,
      false,
      false,
      false,
      false,
      false,
      false,
      false,
      false,
      false,
      false,
      false,
      false,
      false,
      false,
      false,
      false,
      false,
      false,
      false,
      false,
      false,
      false,
      false,
      false,
      false,
      false,
      false,
      false,
      false,
      false,
      false,
      false,
      false,
      false,
      false,
      false,
      false,
      false,
      false,
      false,
      false,
      false,
      false,
      false,
      false,
      false,
      false,
      false,
      false,
      false,
      false,
      false,
      false,
      false,
      false,
      false,
      false,
      false,
      false,
      false,
      false,
      false,
      false,
      false,
      false,
      false,
      false,
      false,
      false,
      false,
      false,
      false,
      false,
      false,
      false,
      false,
      false,
      false,
      false,
      false,
      true,
      true,
      true,
      true,
      true,
      true,
      false,
      false,
      false,
      false,
      false,
      false,
      false,
      false,
      false,
      false,
      false,
      false,
      false,
      false,
      false,
      false,
      false,
      false,
      false,
      false,
      false,
      false,
      false,
      false,
      false,
      false,
      false,
      false,
      false,
      false,
      false,
      false,
      false,
      false,
      false,
      false,
      false,
      false,
      false,
      false,
      false,
      false,
      false,
      false,
      false,
      false,
      false,
      false,
      false,
      false,
      false,
      false,
      false,
      false,
      false,
      false,
      false,
      false,
      false,
      false,
      false,
      false,
      false,
      false,
      false,
      false,
      false,
      false,
      false,
      false,
      false,
      false,
      false,
      false,
      false,
      false,
      false,
      false,
      false,
      false,
      false,
      false,
      false,
      false,
      false,
      false,
      false,
      false,
      false,
      false,
      false,
      false,
      false,
      false,
      false,
      false,
      false,
      false,
      false,
      false,
      false,
      false,
      false,
      false,
      false,
      false,
      false,
      false,
      false,
      false,
      false,
      false,
      false,
      false,
      false,
      false,
      false,
      false,
      false,
      false,
      false,
      false,
      false,
      false,
      false,
      false,
      false,
      false,
      false,
      false,
      false,
      false,
      false,
      false,
      false,
      false,
      false,
      false,
      false,
      false,
      false,
      false,
      false,
      false,
      false,
      false,
      false,
      false,
      false,
      false,
      false,
      false,
      false,
      false,
      false,
      false,
      false,
      false,
      false,
      false,
      false,
      false,
      false,
      false,
      false,
      false,
      false,
      false,
      false,
      false,
      false,
      false,
      false,
      false,
      false,
      false,
      false,
      false,
      false,
      false,
      false,
      false,
      false,
      false,
      false,
      false,
      false,
      false,
      false,
      false,
      false,
      false,
      false,
      false,
      false,
      false,
      false,
      false,
      false,
      false,
      false,
      false,
      false,
      false,
      false,
      false,
      false,
      false,
      false,
      false,
      false,
      false,
      false,
      false,
      false,
      false,
      false,
      false,
      false,
      false,
      true,
      true,
      true,
      true,
      true,
      true,
      true,
      true,
      true,
      true,
      false,
      false,
      false,
      false,
      false,
      false,
      false,
      false,
      false,
      false,
      false,
      false,
      false,
      false,
      false,
      false,
      false,
      false,
      false,
      false,
      false,
      false,
      false,
      false,
      false,
      false,
      false,
      false,
      false,
      false,
      false,
      false,
      false,
      false,
      false,
      false,
      false,
      false,
      false,
      false,
      false,
      false,
      false,
      false,
      false,
      false,
      false,
      false,
      false,
      false,
      false,
      false,
      false,
      false,
      false,
      false,
      false,
      false,
      false,
      false,
      false,
      false,
      false,
      false,
      false,
      false,
      false,
      false,
      false,
      false,
      false,
      false,
      false,
      false,
      false,
      false,
      false,
      false,
      false,
      false,
      false,
      false,
      false,
      false,
      false,
      false,
      false,
      false,
      false,
      false,
      false,
      false,
      false,
      false,
      false,
      false,
      false,
      false,
      false,
      false,
      false,
      false,
      false,
      false,
      false,
      false,
      false,
      false,
      false,
      false,
      false,
      false,
      false,
      false,
      false,
      false,
      false,
      false,
      false,
      false,
      false,
      false,
      false,
      false,
      false,
      false,
      false,
      false,
      false,
      false,
      false,
      false,
      false,
      false,
      false,
      false,
      false,
      false,
      false,
      false,
      false,
      false,
      false,
      false,
      false,
      false,
      false,
      false,
      false,
      false,
      false,
      false,
      false,
      false,
      false,
      false,
      false,
      false,
      false,
      false,
      false,
      false,
      false,
      false,
      false,
      false,
      false,
      false,
      false,
      false,
      false,
      false,
      false,
      false,
      false,
      false,
      false,
      false,
      false,
      false,
      false,
      false,
      false,
      false,
      false,
      false,
      false,
      false,
      false,
      false,
      false,
      false,
      false,
      false,
      false,
      false,
      false,
      false,
      false,
      false,
      false,
      false,
      false,
      false,
      false,
      false,
      false,
      false,
      false,
      false,
      false,
      false,
      false,
      false,
      false,
      false,
      false,
      false,
      false,
      false,
      false,
      false,
      false,
      false,
      false,
      false,
      false,
      false,
      false,
      false,
      false,
      false,
      false,
      false,
      false,
      false,
      false,
      false,
      false,
      false,
      false,
      false,
      false,
      false,
      false,
      false,
      false,
      false,
      false,
      false,
      false,
      false,
      false,
      false,
      false,
      false,
      false,
      false,
      false,
      false,
      false,
      false,
      false,
      false,
      false,
      false,
      false,
      false,
      false,
      false,
      false,
      false,
      false,
      false,
      false,
      false,
      false,
      false,
      false,
      false,
      false,
      false,
      false,
      false,
      false,
      false,
      false,
      false,
      false,
      false,
      false,
      false,
      false,
      false,
      false,
      false,
      false,
      false,
      false,
      false,
      false,
      false,
      false,
      false,
      false,
      false,
      false,
      false,
      false,
      false,
      false,
      false,
      false,
      false,
      false,
      false,
      false,
      false,
      false,
      false,
      false,
      false,
      false,
      false,
      false,
      false,
      false,
      false,
      false,
      false,
      false,
      false,
      false,
      false,
      false,
      false,
      false,
      false,
      false,
      false,
      false,
      false,
      false,
      false,
      false,
      false,
      false,
      false,
      false,
      false,
      false,
      false,
      false,
      false,
      false,
      false,
      false,
      false,
      false,
      false,
      false,
      false,
      false,
      false,
      false,
      false,
      false,
      false,
      false,
      false,
      false,
      false,
      false,
      false,
      false,
      false,
      false,
      false,
      false,
      false,
      false,
      false,
      false,
      false,
      false,
      false,
      false,
      false,
      false,
      false,
      false,
      false,
      false,
      false,
      false,
      false,
      false,
      false,
      false,
      false,
      false,
      false,
      false,
      false,
      false,
      false,
      false,
      false,
      false,
      false,
      false,
      false,
      false,
      false,
      false,
      false,
      false,
      false,
      false,
      false,
      false,
      false,
      false,
      false,
      false,
      false,
      false,
      false,
      false,
      false,
      false,
      false,
      false,
      false,
      false,
      false,
      false,
      false,
      false,
      false,
      false,
      false,
      false,
      false,
      false,
      false,
      false,
      false,
      false,
      false,
      false,
      false,
      false,
      false,
      false,
      false,
      false,
      false,
      false,
      false,
      false,
      false,
      false,
      false,
      false,
      false,
      false,
      false,
      false,
      false,
      false,
      false,
      false,
      false,
      false,
      false,
      false,
      false,
      false,
      false,
      false,
      false,
      false,
      false,
      false,
      false,
      false,
      false,
      false,
      false,
      false,
      false,
      false,
      false,
      false,
      false,
      false,
      false,
      false,
      false,
      false,
      false,
      false,
      false,
      false,
      false,
      false,
      false,
      false,
      false,
      false,
      false,
      false,
      false,
      false,
      false,
      false,
      false,
      false,
      false,
      false,
      false,
      false,
      false,
      false,
      false,
      false,
      false,
      false,
      false,
      false,
      false,
      false,
      false,
      false,
      false,
      false,
      false,
      false,
      false,
      false,
      false,
      false,
      false,
      false,
      false,
      false,
      false,
      false,
      false,
      false,
      false,
      false,
      false,
      false,
      false,
      false,
      false,
      false,
      false,
      false,
      false,
      false,
      false,
      false,
      false,
      false,
      false,
      false,
      false,
      false,
      false,
      false,
      false,
      false,
      false,
      false,
      false,
      false,
      false,
      false,
      false,
      false,
      false,
      false,
      false,
      false,
      false,
      false,
      false,
      false,
      false,
      false,
      false,
      false,
      false,
      false,
      false,
      false,
      false,
      false,
      false,
      false,
      false,
      false,
      false,
      false,
      false,
      false,
      false,
      false,
      false,
      false,
      false,
      false,
      false,
      false,
      false,
      false,
      false,
      false,
      false,
      false,
      false,
      false,
      false,
      false,
      false,
      false,
      false,
      false,
      false,
      false,
      false,
      false,
      false,
      false,
      false,
      false,
      false,
      false,
      false,
      false,
      false,
      false,
      false,
      false,
      false,
      false,
      false,
      false,
      false,
      false,
      false,
      false,
      false,
      false,
      false,
      false,
      false,
      false,
      false,
      false,
      false,
      false,
      false,
      false,
      false,
      false,
      false,
      false,
      false,
      false,
      false,
      false,
      false,
      false,
      false,
      false,
      false,
      false,
      false,
      false,
      false,
      false,
      false,
      false,
      false,
      false,
      false,
      false,
      false,
      false,
      false,
      false,
      false,
      false,
      false,
      false,
      false,
      false,
      false,
      false,
      false,
      false,
      false,
      false,
      false,
      false,
      false,
      false,
      false,
      false,
      false,
      false,
      false,
      false,
      false,
      false,
      false,
      false,
      false,
      false,
      false,
      false,
      false,
      false,
      false,
      false,
      false,
      false,
      false,
      false,
      false,
      false,
      false,
      false,
      false,
      false,
      false,
      false,
      false,
      false,
      false,
      false,
      false,
      false,
      false,
      false,
      false,
      false,
      false,
      false,
      false,
      false,
      false,
      false,
      false,
      false,
      false,
      false,
      false,
      false,
      false,
      false,
      false,
      false,
      false,
      false,
      false,
      false,
      false,
      false,
      false,
      false,
      false,
      false,
      false,
      false,
      false,
      false,
      false,
      false,
      false,
      false,
      false,
      false,
      false,
      false,
      false,
      false,
      false,
      false,
      false,
      false,
      false,
      false,
      false,
      false,
      false,
      false,
      false,
      false,
      false,
      false,
      false,
      false,
      false,
      false,
      false,
      false,
      false,
      false,
      false,
      false,
      false,
      false,
      false,
      false,
      false,
      false,
      false,
      false,
      false,
      false,
      false,
      false,
      false,
      false,
      false,
      false,
      false,
      false,
      false,
      false,
      false,
      false,
      false,
      false,
      false,
      false,
      false,
      false,
      false,
      false,
      false,
      false,
      false,
      false,
      false,
      false,
      false,
      false,
      false,
      false,
      false,
      false,
      false,
      false,
      false,
      false,
      false,
      false,
      false,
      false,
      false,
      false,
      false,
      false,
      false,
      false,
      false,
      false,
      false,
      false,
      false,
      false,
      false,
      false,
      false,
      false,
      false,
      false,
      false,
      false,
      false,
      false,
      false,
      false,
      false,
      false,
      false,
      false,
      false,
      false,
      false,
      false,
      false,
      false,
      false,
      false,
      false,
      false,
      false,
      false,
      false,
      false,
      false,
      false
    ],
    "is_tunnel": [
      false,
      false,
      false,
      false,
      false,
      false,
      false,
      false,
      false,
      false,
      false,
      false,
      false,
      false,
      false,
      false,
      false,
      false,
      false,
      false,
      false,
      false,
      false,
      false,
      false,
      false,
      false,
      false,
      false,
      false,
      false,
      false,
      false,
      false,
      false,
      false,
      false,
      false,
      false,
      false,
      false,
      false,
      false,
      false,
      false,
      false,
      false,
      false,
      false,
      false,
      false,
      false,
      false,
      false,
      false,
      false,
      false,
      false,
      false,
      false,
      false,
      false,
      false,
      false,
      false,
      false,
      false,
      false,
      false,
      false,
      false,
      false,
      false,
      false,
      false,
      false,
      false,
      false,
      false,
      false,
      false,
      false,
      false,
      false,
      false,
      false,
      false,
      false,
      false,
      false,
      false,
      false,
      false,
      false,
      false,
      false,
      false,
      false,
      false,
      false,
      false,
      false,
      false,
      false,
      false,
      false,
      false,
      false,
      false,
      false,
      false,
      false,
      false,
      false,
      false,
      false,
      false,
      false,
      false,
      false,
      false,
      false,
      false,
      false,
      false,
      false,
      false,
      false,
      false,
      false,
      false,
      false,
      false,
      false,
      false,
      false,
      false,
      false,
      false,
      false,
      false,
      false,
      false,
      false,
      false,
      false,
      false,
      false,
      false,
      false,
      false,
      false,
      false,
      false,
      false,
      false,
      false,
      false,
      false,
      false,
      false,
      false,
      false,
      false,
      false,
      false,
      false,
      false,
      false,
      false,
      false,
      false,
      false,
      false,
      false,
      false,
      false,
      false,
      false,
      false,
      false,
      false,
      false,
      false,
      false,
      false,
      false,
      false,
      false,
      false,
      false,
      false,
      false,
      false,
      false,
      false,
      false,
      false,
      false,
      false,
      false,
      false,
      false,
      false,
      false,
      false,
      false,
      false,
      false,
      false,
      false,
      false,
      false,
      false,
      false,
      false,
      false,
      false,
      false,
      false,
      false,
      false,
      false,
      false,
      false,
      false,
      false,
      false,
      false,
      false,
      false,
      false,
      false,
      false,
      false,
      false,
      false,
      false,
      false,
      false,
      false,
      false,
      false,
      false,
      false,
      false,
      false,
      false,
      false,
      false,
      false,
      false,
      false,
      false,
      false,
      false,
      false,
      false,
      false,
      false,
      false,
      false,
      false,
      false,
      false,
      false,
      false,
      false,
      false,
      false,
      false,
      false,
      false,
      false,
      false,
      false,
      false,
      false,
      false,
      false,
      false,
      false,
      false,
      false,
      false,
      false,
      false,
      false,
      false,
      false,
      false,
      false,
      false,
      false,
      false,
      false,
      false,
      false,
      false,
      false,
      false,
      false,
      false,
      false,
      false,
      false,
      false,
      false,
      false,
      false,
      false,
      false,
      false,
      false,
      false,
      false,
      false,
      false,
      false,
      false,
      false,
      false,
      false,
      false,
      false,
      false,
      false,
      false,
      false,
      false,
      false,
      false,
      false,
      false,
      false,
      false,
      false,
      false,
      false,
      false,
      false,
      false,
      false,
      false,
      false,
      false,
      false,
      false,
      false,
      false,
      false,
      false,
      false,
      false,
      false,
      false,
      false,
      false,
      false,
      false,
      false,
      false,
      false,
      false,
      false,
      false,
      false,
      false,
      false,
      false,
      false,
      false,
      false,
      false,
      false,
      false,
      false,
      false,
      false,
      false,
      false,
      false,
      false,
      false,
      false,
      false,
      false,
      false,
      false,
      false,
      false,
      false,
      false,
      false,
      false,
      false,
      false,
      false,
      false,
      false,
      false,
      false,
      false,
      false,
      false,
      false,
      false,
      false,
      false,
      false,
      false,
      false,
      false,
      false,
      false,
      false,
      false,
      false,
      false,
      false,
      false,
      false,
      false,
      false,
      false,
      false,
      false,
      false,
      false,
      false,
      false,
      false,
      false,
      false,
      false,
      false,
      false,
      false,
      false,
      false,
      false,
      false,
      false,
      false,
      false,
      false,
      false,
      false,
      false,
      false,
      false,
      false,
      false,
      false,
      false,
      false,
      false,
      false,
      false,
      false,
      false,
      false,
      false,
      false,
      false,
      false,
      false,
      false,
      false,
      false,
      false,
      false,
      false,
      false,
      false,
      false,
      false,
      false,
      false,
      false,
      false,
      false,
      false,
      false,
      false,
      false,
      false,
      false,
      false,
      false,
      false,
      false,
      false,
      false,
      false,
      false,
      false,
      false,
      false,
      false,
      false,
      false,
      false,
      false,
      false,
      false,
      false,
      false,
      false,
      false,
      false,
      false,
      false,
      false,
      false,
      false,
      false,
      false,
      false,
      false,
      false,
      false,
      false,
      false,
      false,
      false,
      false,
      false,
      false,
      false,
      false,
      false,
      false,
      false,
      false,
      false,
      false,
      false,
      false,
      false,
      false,
      false,
      false,
      false,
      false,
      false,
      false,
      false,
      false,
      false,
      false,
      false,
      false,
      false,
      false,
      false,
      false,
      false,
      false,
      false,
      false,
      false,
      false,
      false,
      false,
      false,
      false,
      false,
      false,
      false,
      false,
      false,
      false,
      false,
      false,
      false,
      false,
      false,
      false,
      false,
      false,
      false,
      false,
      false,
      false,
      false,
      false,
      false,
      false,
      false,
      false,
      false,
      false,
      false,
      false,
      false,
      false,
      false,
      false,
      false,
      false,
      false,
      false,
      false,
      false,
      false,
      false,
      false,
      false,
      false,
      false,
      false,
      false,
      false,
      false,
      false,
      false,
      false,
      false,
      false,
      false,
      false,
      false,
      false,
      false,
      false,
      false,
      false,
      false,
      false,
      false,
      false,
      false,
      false,
      false,
      false,
      false,
      false,
      false,
      false,
      false,
      false,
      false,
      false,
      false,
      false,
      false,
      false,
      false,
      false,
      false,
      false,
      false,
      false,
      false,
      false,
      false,
      false,
      false,
      false,
      false,
      false,
      false,
      false,
      false,
      false,
      false,
      false,
      false,
      false,
      false,
      false,
      false,
      false,
      false,
      false,
      false,
      false,
      false,
      false,
      false,
      false,
      false,
      false,
      false,
      false,
      false,
      false,
      false,
      false,
      false,
      false,
      false,
      false,
      false,
      false,
      false,
      false,
      false,
      false,
      false,
      false,
      false,
      false,
      false,
      false,
      false,
      false,
      false,
      false,
      false,
      false,
      false,
      false,
      false,
      false,
      false,
      false,
      false,
      false,
      false,
      false,
      false,
      false,
      false,
      false,
      false,
      false,
      false,
      false,
      false,
      false,
      false,
      false,
      false,
      false,
      false,
      false,
      false,
      false,
      false,
      false,
      false,
      false,
      false,
      false,
      false,
      false,
      false,
      false,
      false,
      false,
      false,
      false,
      false,
      false,
      false,
      false,
      false,
      false,
      false,
      false,
      false,
      false,
      false,
      false,
      false,
      false,
      false,
      false,
      false,
      false,
      false,
      false,
      false,
      false,
      false,
      false,
      false,
      false,
      false,
      false,
      false,
      false,
      false,
      false,
      false,
      false,
      false,
      false,
      false,
      false,
      false,
      false,
      false,
      false,
      false,
      false,
      false,
      false,
      false,
      false,
      false,
      false,
      false,
      false,
      false,
      false,
      false,
      false,
      false,
      false,
      false,
      false,
      false,
      false,
      false,
      false,
      false,
      false,
      false,
      false,
      false,
      false,
      false,
      false,
      false,
      false,
      false,
      false,
      false,
      false,
      false,
      false,
      false,
      false,
      false,
      false,
      false,
      false,
      false,
      false,
      false,
      false,
      false,
      false,
      false,
      false,
      false,
      false,
      false,
      false,
      false,
      false,
      false,
      false,
      false,
      false,
      false,
      false,
      false,
      false,
      false,
      false,
      false,
      false,
      false,
      false,
      false,
      false,
      false,
      false,
      false,
      false,
      false,
      false,
      false,
      false,
      false,
      false,
      false,
      false,
      false,
      false,
      false,
      false,
      false,
      false,
      false,
      false,
      false,
      false,
      false,
      false,
      false,
      false,
      false,
      false,
      false,
      false,
      false,
      false,
      false,
      false,
      false,
      false,
      false,
      false,
      false,
      false,
      false,
      false,
      false,
      false,
      false,
      false,
      false,
      false,
      false,
      false,
      false,
      false,
      false,
      false,
      false,
      false,
      false,
      false,
      false,
      false,
      false,
      false,
      false,
      false,
      false,
      false,
      false,
      false,
      false,
      false,
      false,
      false,
      false,
      false,
      false,
      false,
      false,
      false,
      false,
      false,
      false,
      false,
      false,
      false,
      false,
      false,
      false,
      false,
      false,
      false,
      false,
      false,
      false,
      false,
      false,
      false,
      false,
      false,
      false,
      false,
      false,
      false,
      false,
      false,
      false,
      false,
      false,
      false,
      false,
      false,
      false,
      false,
      false,
      false,
      false,
      false,
      false,
      false,
      false,
      false,
      false,
      false,
      false,
      false,
      false,
      false,
      false,
      false,
      false,
      false,
      false,
      false,
      false,
      false,
      false,
      false,
      false,
      false,
      false,
      false,
      false,
      false,
      false,
      false,
      false,
      false,
      false,
      false,
      false,
      false,
      false,
      false,
      false,
      false,
      false,
      false,
      false,
      false,
      false,
      false,
      false,
      false,
      false,
      false,
      false,
      false,
      false,
      false,
      false,
      false,
      false,
      false,
      false,
      false,
      false,
      false,
      false,
      false,
      false,
      false,
      false,
      false,
      false,
      false,
      false,
      false,
      false,
      false,
      false,
      false,
      false,
      false,
      false,
      false,
      false,
      false,
      false,
      false,
      false,
      false,
      false,
      false,
      false,
      false,
      false,
      false,
      false,
      false,
      false,
      false,
      false,
      false,
      false,
      false,
      false,
      false,
      false,
      false,
      false,
      false,
      false,
      false,
      false,
      false,
      false,
      false,
      false,
      false,
      false,
      false,
      false,
      false,
      false,
      false,
      false,
      false,
      false,
      false,
      false,
      false,
      false,
      false,
      false,
      false,
      false,
      false,
      false,
      false,
      false,
      false,
      false,
      false,
      false,
      false,
      false,
      false,
      false,
      false,
      false,
      false,
      false,
      false,
      false,
      false,
      false,
      false,
      false,
      false,
      false,
      false,
      false,
      false,
      false,
      false,
      false,
      false,
      false,
      false,
      false,
      false,
      false,
      false,
      false,
      false,
      false,
      false,
      false,
      false,
      false,
      false,
      false,
      false,
      false,
      false,
      false,
      false,
      false,
      false,
      false,
      false,
      false,
      false,
      false,
      false,
      false,
      false,
      false,
      false,
      false,
      false,
      false,
      false,
      false,
      false,
      false,
      false,
      false,
      false,
      false,
      false,
      false,
      false,
      false,
      false,
      false,
      false,
      false,
      false,
      false,
      false,
      false,
      false,
      false,
      false,
      false,
      false,
      false,
      false,
      false,
      false,
      false,
      false,
      false,
      false,
      false,
      false,
      false,
      false,
      false,
      false,
      false,
      false,
      false,
      false,
      false,
      false,
      false,
      false,
      false,
      false,
      false,
      false,
      false,
      false,
      false,
      false,
      false,
      false,
      false,
      false,
      false,
      false,
      false,
      false,
      false,
      false,
      false,
      false,
      false,
      false,
      false,
      false,
      false,
      false,
      false,
      false,
      false,
      false,
      false,
      false,
      false,
      false,
      false,
      false,
      false,
      false,
      false,
      false,
      false,
      false,
      false,
      false,
      false,
      false,
      false,
      false,
      false,
      false,
      false,
      false,
      false,
      false,
      false,
      false,
      false,
      false,
      false,
      false,
      false,
      false,
      false,
      false,
      false,
      false,
      false,
      false,
      false,
      false,
      false,
      false,
      false,
      false,
      false,
      false,
      false,
      false,
      false,
      false,
      false,
      false,
      false,
      false,
      false,
      false,
      false,
      false,
      false,
      false,
      false,
      false,
      false,
      false,
      false,
      false,
      false,
      false,
      false,
      false,
      false,
      false,
      false,
      false,
      false,
      false,
      false,
      false,
      false,
      false,
      false,
      false,
      false,
      false,
      false,
      false,
      false,
      false,
      false,
      false,
      false,
      false,
      false,
      false,
      false,
      false,
      false,
      false,
      false,
      false,
      false,
      false,
      false,
      false,
      false,
      false,
      false,
      false,
      false,
      false,
      false,
      false,
      false,
      false,
      false,
      false,
      false,
      false,
      false,
      false,
      false,
      false,
      false,
      false,
      false,
      false,
      false,
      false,
      false,
      false,
      false,
      false,
      false,
      false,
      false,
      false,
      false,
      false,
      false,
      false,
      false,
      false,
      false,
      false,
      false,
      false,
      false,
      false,
      false,
      false,
      false,
      false,
      false,
      false,
      false,
      false,
      false,
      false,
      false,
      false,
      false,
      false,
      false,
      false,
      false,
      false,
      false,
      false,
      false,
      false,
      false,
      false,
      false,
      false,
      false,
      false,
      false,
      false,
      false,
      false,
      false,
      false,
      false,
      false,
      false,
      false,
      false,
      false,
      false,
      false,
      false,
      false,
      false,
      false,
      false,
      false,
      false,
      false,
      false,
      false,
      false,
      false,
      false,
      false,
      false,
      false,
      false,
      false,
      false,
      false,
      false,
      false,
      false,
      false,
      false,
      false,
      false,
      false,
      false,
      false,
      false,
      false,
      false,
      false,
      false,
      false,
      false,
      false,
      false,
      false,
      false,
      false,
      false,
      false,
      false,
      false,
      false,
      false,
      false,
      false,
      false,
      false,
      false,
      false,
      false,
      false,
      false,
      false,
      false,
      false,
      false,
      false,
      false,
      false,
      false,
      false,
      false,
      false,
      false,
      false,
      false,
      false,
      false,
      false,
      false,
      false,
      false,
      false,
      false,
      false,
      false,
      false,
      false,
      false,
      false,
      false,
      false,
      false,
      false,
      false,
      false,
      false,
      false,
      false,
      false,
      false,
      false,
      false,
      false,
      false,
      false,
      false,
      false,
      false,
      false,
      false,
      false,
      false,
      false,
      false,
      false,
      false,
      false,
      false,
      false,
      false,
      false,
      false,
      false,
      false,
      false,
      false,
      false,
      false,
      false,
      false,
      false,
      false,
      false,
      false,
      false,
      false,
      false,
      false,
      false,
      false,
      false,
      false,
      false,
      false,
      false,
      false,
      false,
      false,
      false,
      false,
      false,
      false,
      false,
      false,
      false,
      false,
      false,
      false,
      false,
      false,
      false,
      false,
      false,
      false,
      false,
      false,
      false,
      false,
      false,
      false,
      false,
      false,
      false,
      false,
      false,
      false,
      false,
      false,
      false,
      false,
      false,
      false,
      false,
      false,
      false,
      false,
      false,
      false,
      false,
      false,
      false,
      false,
      false,
      false,
      false,
      false,
      false,
      false,
      false,
      false,
      false,
      false,
      false,
      false,
      false,
      false,
      false,
      false,
      false,
      false,
      false,
      false,
      false,
      false,
      false,
      false,
      false,
      false,
      false,
      false,
      false,
      false,
      false,
      false,
      false,
      false,
      false,
      false,
      false,
      false,
      false,
      false,
      false,
      false,
      false,
      false,
      false,
      false,
      false,
      false,
      false,
      false,
      false,
      false,
      false,
      false,
      false,
      false,
      false,
      false,
      false,
      false,
      false,
      false,
      false,
      false,
      false,
      false,
      false,
      false,
      false,
      false,
      false,
      false,
      false,
      false,
      false,
      false,
      false,
      false,
      false,
      false,
      false,
      false,
      false,
      false,
      false,
      false,
      false,
      false,
      false,
      false,
      false,
      false,
      false,
      false,
      false,
      false,
      false,
      false,
      false,
      false,
      false,
      false,
      false,
      false,
      false,
      false,
      false,
      false,
      false,
      false,
      false,
      false,
      false,
      false,
      false,
      false,
      false,
      false,
      false,
      false,
      false,
      false,
      false,
      false,
      false,
      false,
      false,
      false,
      false,
      false,
      false,
      false,
      false,
      false,
      false,
      false,
      false,
      false,
      false,
      false,
      false,
      false,
      false,
      false,
      false,
      false,
      false,
      false,
      false,
      false,
      false,
      false,
      false,
      false,
      false,
      false,
      false,
      false,
      false,
      false,
      false,
      false,
      false,
      false,
      false,
      false,
      false,
      false,
      false,
      false,
      false,
      false,
      false,
      false,
      false,
      false,
      false,
      false,
      false,
      false,
      false,
      false,
      false,
      false,
      false,
      false,
      false,
      false,
      false,
      false,
      false,
      false,
      false,
      false,
      false,
      false,
      false,
      false,
      false,
      false,
      false,
      false,
      false,
      false,
      false,
      false,
      false,
      false,
      false,
      false,
      false,
      false,
      false,
      false,
      false,
      false,
      false,
      false,
      false,
      false,
      false,
      false,
      false,
      false,
      false,
      false,
      false,
      false,
      false,
      false,
      false,
      false,
      false,
      false,
      false,
      false,
      false,
      false,
      false,
      false,
      false,
      false,
      false,
      false,
      false,
      false,
      false,
      false,
      false,
      false,
      false,
      false,
      false,
      false,
      false,
      false,
      false,
      false,
      false,
      false,
      false,
      false,
      false,
      false,
      false,
      false,
      false,
      false,
      false,
      false,
      false,
      false,
      false,
      false,
      false,
      false,
      false,
      false,
      false,
      false,
      false,
      false,
      false,
      false,
      false,
      false,
      false,
      false,
      false,
      false,
      false,
      false,
      false,
      false,
      false,
      false,
      false,
      false,
      false,
      false,
      false,
      false,
      false,
      false,
      false,
      false,
      false,
      false,
      false,
      false,
      false,
      false,
      false,
      false,
      false,
      false,
      false,
      false,
      false,
      false,
      false,
      false,
      false,
      false,
      false,
      false,
      false,
      false,
      false,
      false,
      false,
      false,
      false,
      false,
      false,
      false,
      false,
      false,
      false,
      false,
      false,
      false,
      false,
      false,
      false,
      false,
      false,
      false,
      false,
      false,
      false,
      false,
      false,
      false,
      false,
      false,
      false,
      false,
      false,
      false,
      false,
      false,
      false,
      false,
      false,
      false,
      false,
      false,
      false,
      false,
      false,
      false,
      false,
      false,
      false,
      false,
      false,
      false,
      false,
      false,
      false,
      false,
      false,
      false,
      false,
      false,
      false,
      false,
      false,
      false,
      false,
      false,
      false,
      false,
      false,
      false,
      false,
      false,
      false,
      false,
      false,
      false,
      false,
      false,
      false,
      false,
      false,
      false,
      false,
      false,
      false,
      false,
      false,
      false,
      false,
      false,
      false,
      false,
      false,
      false,
      false,
      false,
      false,
      false,
      false,
      false,
      false,
      false,
      false,
      false,
      false,
      false,
      false,
      false,
      false,
      false,
      false,
      false,
      false,
      false,
      false,
      false,
      false,
      false,
      false,
      false,
      false,
      false,
      false,
      false,
      false,
      false,
      false,
      false,
      false,
      false,
      false,
      false,
      false,
      false,
      false,
      false,
      false,
      false,
      false,
      false,
      false,
      false,
      false,
      false,
      false,
      false,
      false,
      false,
      false,
      false,
      false,
      false,
      false,
      false,
      false,
      false,
      false,
      false,
      false,
      false,
      false,
      false,
      false,
      false,
      false,
      false,
      false,
      false,
      false,
      false,
      false,
      false,
      false,
      false,
      false,
      false,
      false,
      false,
      false,
      false,
      false,
      false,
      false,
      false,
      false,
      false,
      false,
      false,
      false,
      false,
      false,
      false,
      false,
      false,
      false,
      false,
      false,
      false,
      false,
      false,
      false,
      false,
      false,
      false,
      false,
      false,
      false,
      false,
      false,
      false,
      false,
      false,
      false,
      false,
      false,
      false,
      false,
      false,
      false,
      false,
      false,
      false,
      false,
      false,
      false,
      false,
      false,
      false,
      false,
      false,
      false,
      false,
      false,
      false,
      false,
      false,
      false,
      false,
      false,
      false,
      false,
      false,
      false,
      false,
      false,
      false,
      false,
      false,
      false,
      false,
      false,
      false,
      false,
      false,
      false,
      false,
      false,
      false,
      false,
      false,
      false,
      false,
      false,
      false,
      false,
      false,
      false,
      false,
      false,
      false,
      false,
      false,
      false,
      false,
      false,
      false,
      false,
      false,
      false,
      false,
      false,
      false,
      false,
      false,
      false,
      false,
      false,
      false,
      false,
      false,
      false,
      false,
      false,
      false,
      false,
      false,
      false,
      false,
      false,
      false,
      false,
      false,
      false,
      false,
      false,
      false,
      false,
      false,
      false,
      false,
      false,
      false,
      false,
      false,
      false,
      false,
      false,
      false,
      false,
      false,
      false,
      false,
      false,
      false,
      false,
      false,
      false,
      false,
      false,
      false,
      false,
      false,
      false,
      false,
      false,
      false,
      false,
      false,
      false,
      false,
      false,
      false,
      false,
      false,
      false,
      false,
      false,
      false,
      false,
      false,
      false,
      false,
      false,
      false,
      false,
      false,
      false,
      false,
      false,
      false,
      false,
      false,
      false,
      false,
      false,
      false,
      false,
      false,
      false,
      false,
      false,
      false,
      false,
      false,
      false,
      false,
      false,
      false,
      false,
      false,
      false,
      false,
      false,
      false,
      false,
      false,
      false,
      false,
      false,
      false,
      false,
      false,
      false,
      false,
      false,
      false,
      false,
      false,
      false,
      false,
      false,
      false,
      false,
      false,
      false,
      false,
      false,
      false,
      false,
      false,
      false,
      false,
      false,
      false,
      false,
      false,
      false,
      false,
      false,
      false,
      false,
      false,
      false,
      false,
      false,
      false,
      false,
      false,
      false,
      false,
      false,
      false,
      false,
      false,
      false,
      false,
      false,
      false,
      false,
      false,
      false,
      false,
      false,
      false,
      false,
      false,
      false,
      false,
      false,
      false,
      false,
      false,
      false,
      false,
      false,
      false,
      false,
      false,
      false,
      false,
      false,
      false,
      false,
      false,
      false,
      false,
      false,
      false,
      false,
      false,
      false,
      false,
      false,
      false,
      false,
      false,
      false,
      false,
      false,
      false,
      false,
      false,
      false,
      false,
      false,
      false,
      false,
      false,
      false,
      false,
      false,
      false,
      false,
      false,
      false,
      false,
      false,
      false,
      false,
      false,
      false,
      false,
      false,
      false,
      false,
      false,
      false,
      false,
      false,
      false,
      false,
      false,
      false,
      false,
      false,
      false,
      false,
      false,
      false,
      false,
      false,
      false,
      false,
      false,
      false,
      false,
      false,
      false,
      false,
      false,
      false,
      false,
      false,
      false,
      false,
      false,
      false,
      false,
      false,
      false,
      false,
      false,
      false,
      false,
      false,
      false,
      false,
      false,
      false,
      false,
      false,
      false,
      false,
      false,
      false,
      false,
      false,
      false,
      false,
      false,
      false,
      false,
      false,
      false,
      false,
      false,
      false,
      false,
      false,
      false,
      false,
      false,
      false,
      false,
      false,
      false,
      false,
      false,
      false,
      false,
      false,
      false,
      false,
      false,
      false,
      false,
      false,
      false,
      false,
      false,
      false,
      false,
      false,
      false,
      false,
      false,
      false,
      false,
      false,
      false,
      false,
      false,
      false,
      false,
      false,
      false,
      false,
      false,
      false,
      false,
      false,
      false,
      false,
      false,
      false,
      false,
      false,
      false,
      false,
      false,
      false,
      false,
      false,
      false,
      false,
      false,
      false,
      false,
      false,
      false,
      false,
      false,
      false,
      false,
      false,
      false,
      false,
      false,
      false,
      false,
      false,
      false,
      false,
      false,
      false,
      false,
      false,
      false,
      false,
      false,
      false,
      false,
      false,
      false,
      false,
      false,
      false,
      false,
      false,
      false,
      false,
      false,
      false,
      false,
      false,
      false,
      false,
      false,
      false,
      false,
      false,
      false,
      false,
      false,
      false,
      false,
      false,
      false,
      false,
      false,
      false,
      false,
      false,
      false,
      false,
      false,
      false,
      false,
      false,
      false,
      false,
      false,
      false,
      false,
      false,
      false,
      false,
      false,
      false,
      false,
      false,
      false,
      false,
      false,
      false,
      false,
      false,
      false,
      false,
      false,
      false,
      false,
      false,
      false,
      false,
      false,
      false,
      false,
      false,
      false,
      false,
      false,
      false,
      false,
      false,
      false,
      false,
      false,
      false,
      false,
      false,
      false,
      false,
      false,
      false,
      false,
      false,
      false,
      false,
      false,
      false,
      false,
      false,
      false,
      false,
      false,
      false,
      false,
      false,
      false,
      false,
      false,
      false,
      false,
      false,
      false,
      false,
      false,
      false,
      false,
      false,
      false,
      false,
      false,
      false,
      false,
      false,
      false,
      false,
      false,
      false,
      false,
      false,
      false,
      false,
      false,
      false,
      false,
      false,
      false,
      false,
      false,
      false,
      false,
      false,
      false,
      false,
      false,
      false,
      false,
      false,
      false,
      false,
      false,
      false,
      false,
      false,
      false,
      false,
      false,
      false,
      false,
      false,
      false,
      false,
      false,
      false,
      false,
      false,
      false,
      false,
      false,
      false,
      false,
      false,
      false,
      false,
      false,
      false,
      false,
      false,
      false,
      false,
      false,
      false,
      false,
      false,
      false,
      false,
      false,
      false,
      false,
      false,
      false,
      false,
      false,
      false,
      false,
      false,
      false,
      false,
      false,
      false,
      false,
      false,
      false,
      false,
      false,
      false,
      false,
      false,
      false,
      false,
      false,
      false,
      false,
      false,
      false,
      false,
      false,
      false,
      false,
      false,
      false,
      false,
      false,
      false,
      false,
      false,
      false,
      false,
      false,
      false,
      false,
      false,
      false,
      false,
      false,
      false,
      false,
      false,
      false,
      false,
      false,
      false,
      false,
      false,
      false,
      false,
      false,
      false,
      false,
      false,
      false,
      false,
      false,
      false,
      false,
      false,
      false,
      false,
      false,
      false,
      false,
      false,
      false,
      false,
      false,
      false,
      false,
      false,
      false
    ],
    "is_cutting": [
      false,
      false,
      false,
      false,
      false,
      false,
      false,
      false,
      false,
      false,
      false,
      false,
      false,
      false,
      false,
      false,
      false,
      false,
      false,
      false,
      false,
      false,
      false,
      false,
      false,
      false,
      false,
      false,
      false,
      false,
      false,
      false,
      false,
      false,
      false,
      false,
      false,
      false,
      false,
      false,
      false,
      false,
      false,
      false,
      false,
      false,
      false,
      false,
      false,
      false,
      false,
      false,
      false,
      false,
      false,
      false,
      false,
      false,
      false,
      false,
      false,
      false,
      false,
      false,
      false,
      false,
      false,
      false,
      false,
      false,
      false,
      false,
      false,
      false,
      false,
      false,
      false,
      false,
      false,
      false,
      false,
      false,
      false,
      false,
      false,
      false,
      false,
      false,
      false,
      false,
      false,
      false,
      false,
      false,
      false,
      false,
      false,
      false,
      false,
      false,
      false,
      false,
      false,
      false,
      false,
      false,
      false,
      false,
      false,
      false,
      false,
      false,
      false,
      false,
      false,
      false,
      false,
      false,
      false,
      false,
      false,
      false,
      false,
      false,
      false,
      false,
      false,
      false,
      false,
      false,
      false,
      false,
      false,
      false,
      false,
      false,
      false,
      false,
      false,
      false,
      false,
      false,
      false,
      false,
      false,
      false,
      false,
      false,
      false,
      false,
      false,
      false,
      false,
      false,
      false,
      false,
      false,
      false,
      false,
      false,
      false,
      false,
      false,
      false,
      false,
      false,
      false,
      false,
      false,
      false,
      false,
      false,
      false,
      false,
      false,
      false,
      false,
      false,
      false,
      false,
      false,
      false,
      false,
      false,
      false,
      false,
      false,
      false,
      false,
      false,
      false,
      false,
      false,
      false,
      false,
      false,
      false,
      false,
      false,
      false,
      false,
      false,
      false,
      false,
      false,
      false,
      false,
      false,
      false,
      false,
      false,
      false,
      false,
      false,
      false,
      false,
      false,
      false,
      false,
      false,
      false,
      false,
      false,
      false,
      false,
      false,
      false,
      false,
      false,
      false,
      false,
      false,
      false,
      false,
      false,
      false,
      false,
      false,
      false,
      false,
      false,
      false,
      false,
      false,
      false,
      false,
      false,
      false,
      false,
      false,
      false,
      false,
      false,
      false,
      false,
      false,
      false,
      false,
      false,
      false,
      false,
      false,
      false,
      false,
      false,
      false,
      false,
      false,
      false,
      false,
      false,
      false,
      false,
      false,
      false,
      false,
      false,
      false,
      false,
      false,
      false,
      false,
      false,
      false,
      false,
      false,
      false,
      false,
      false,
      false,
      false,
      false,
      false,
      false,
      false,
      false,
      false,
      false,
      false,
      false,
      false,
      false,
      false,
      false,
      false,
      false,
      false,
      false,
      false,
      false,
      false,
      false,
      false,
      false,
      false,
      false,
      false,
      false,
      false,
      false,
      false,
      false,
      false,
      false,
      false,
      false,
      false,
      false,
      false,
      false,
      false,
      false,
      false,
      false,
      false,
      false,
      false,
      false,
      false,
      false,
      false,
      false,
      false,
      false,
      false,
      false,
      false,
      false,
      false,
      false,
      false,
      false,
      false,
      false,
      false,
      false,
      false,
      false,
      false,
      false,
      false,
      false,
      false,
      false,
      false,
      false,
      false,
      false,
      false,
      false,
      false,
      false,
      false,
      false,
      false,
      false,
      false,
      false,
      false,
      false,
      false,
      false,
      false,
      false,
      false,
      false,
      false,
      false,
      false,
      false,
      false,
      false,
      false,
      false,
      false,
      false,
      false,
      false,
      false,
      false,
      false,
      false,
      false,
      false,
      false,
      false,
      false,
      false,
      false,
      false,
      false,
      false,
      false,
      false,
      false,
      false,
      false,
      false,
      false,
      false,
      false,
      false,
      false,
      false,
      false,
      false,
      false,
      false,
      false,
      false,
      false,
      false,
      false,
      false,
      false,
      false,
      false,
      false,
      false,
      false,
      false,
      false,
      false,
      false,
      false,
      false,
      false,
      false,
      false,
      false,
      false,
      false,
      false,
      false,
      false,
      false,
      false,
      false,
      false,
      false,
      false,
      false,
      false,
      false,
      false,
      false,
      false,
      false,
      false,
      false,
      false,
      false,
      false,
      false,
      false,
      false,
      false,
      false,
      false,
      false,
      false,
      false,
      false,
      false,
      false,
      false,
      false,
      false,
      false,
      false,
      false,
      false,
      false,
      false,
      false,
      false,
      false,
      false,
      false,
      false,
      false,
      false,
      false,
      false,
      false,
      false,
      false,
      false,
      false,
      false,
      false,
      false,
      false,
      false,
      false,
      false,
      false,
      false,
      false,
      false,
      false,
      false,
      false,
      false,
      false,
      false,
      false,
      false,
      false,
      false,
      false,
      false,
      false,
      false,
      false,
      false,
      false,
      false,
      false,
      false,
      false,
      false,
      false,
      false,
      false,
      false,
      false,
      false,
      false,
      false,
      false,
      false,
      false,
      false,
      false,
      false,
      false,
      false,
      false,
      false,
      false,
      false,
      false,
      false,
      false,
      false,
      false,
      false,
      false,
      false,
      false,
      false,
      false,
      false,
      false,
      false,
      false,
      false,
      false,
      false,
      false,
      false,
      false,
      false,
      false,
      false,
      false,
      false,
      false,
      false,
      false,
      false,
      false,
      false,
      false,
      false,
      false,
      false,
      false,
      false,
      false,
      false,
      false,
      false,
      false,
      false,
      false,
      false,
      false,
      false,
      false,
      false,
      false,
      false,
      false,
      false,
      false,
      false,
      false,
      false,
      false,
      false,
      false,
      false,
      false,
      false,
      false,
      false,
      false,
      false,
      false,
      false,
      false,
      false,
      false,
      false,
      false,
      false,
      false,
      false,
      false,
      false,
      false,
      false,
      false,
      false,
      false,
      false,
      false,
      false,
      false,
      false,
      false,
      false,
      false,
      false,
      false,
      false,
      false,
      false,
      false,
      false,
      false,
      false,
      false,
      false,
      false,
      false,
      false,
      false,
      false,
      false,
      false,
      false,
      false,
      false,
      false,
      false,
      false,
      false,
      false,
      false,
      false,
      false,
      false,
      false,
      false,
      false,
      false,
      false,
      false,
      false,
      false,
      false,
      false,
      false,
      false,
      false,
      false,
      false,
      false,
      false,
      false,
      false,
      false,
      false,
      false,
      false,
      false,
      false,
      false,
      false,
      false,
      false,
      false,
      false,
      false,
      false,
      false,
      false,
      false,
      false,
      false,
      false,
      false,
      false,
      false,
      false,
      false,
      false,
      false,
      false,
      false,
      false,
      false,
      false,
      false,
      false,
      false,
      false,
      false,
      false,
      false,
      false,
      false,
      false,
      false,
      false,
      false,
      false,
      false,
      false,
      false,
      false,
      false,
      false,
      false,
      false,
      false,
      false,
      false,
      false,
      false,
      false,
      false,
      false,
      false,
      false,
      false,
      false,
      false,
      false,
      false,
      false,
      false,
      false,
      false,
      false,
      false,
      false,
      false,
      false,
      false,
      false,
      false,
      false,
      false,
      false,
      false,
      false,
      false,
      false,
      false,
      false,
      false,
      false,
      false,
      false,
      false,
      false,
      false,
      false,
      false,
      false,
      false,
      false,
      false,
      false,
      false,
      false,
      false,
      false,
      false,
      false,
      false,
      false,
      false,
      false,
      false,
      false,
      false,
      false,
      false,
      false,
      false,
      false,
      false,
      false,
      false,
      false,
      false,
      false,
      false,
      false,
      false,
      false,
      false,
      false,
      false,
      false,
      false,
      false,
      false,
      false,
      false,
      false,
      false,
      false,
      false,
      false,
      false,
      false,
      false,
      false,
      false,
      false,
      false,
      false,
      false,
      false,
      false,
      false,
      false,
      false,
      false,
      false,
      false,
      false,
      false,
      false,
      false,
      false,
      false,
      false,
      false,
      false,
      false,
      false,
      false,
      false,
      false,
      false,
      false,
      false,
      false,
      false,
      false,
      false,
      false,
      false,
      false,
      false,
      false,
      false,
      false,
      false,
      false,
      false,
      false,
      false,
      false,
      false,
      false,
      false,
      false,
      false,
      false,
      false,
      false,
      false,
      false,
      false,
      false,
      false,
      false,
      false,
      false,
      false,
      false,
      false,
      false,
      false,
      false,
      false,
      false,
      false,
      false,
      false,
      false,
      false,
      false,
      false,
      false,
      false,
      false,
      false,
      false,
      false,
      false,
      false,
      false,
      false,
      false,
      false,
      false,
      false,
      false,
      false,
      false,
      false,
      false,
      false,
      false,
      false,
      false,
      false,
      false,
      false,
      false,
      false,
      false,
      false,
      false,
      false,
      false,
      false,
      false,
      false,
      false,
      false,
      false,
      false,
      false,
      false,
      false,
      false,
      false,
      false,
      false,
      false,
      false,
      false,
      false,
      false,
      false,
      false,
      false,
      false,
      false,
      false,
      false,
      false,
      false,
      false,
      false,
      false,
      false,
      false,
      false,
      false,
      false,
      false,
      false,
      false,
      false,
      false,
      false,
      false,
      false,
      false,
      false,
      false,
      false,
      false,
      false,
      false,
      false,
      false,
      false,
      false,
      false,
      false,
      false,
      false,
      false,
      false,
      false,
      false,
      false,
      false,
      false,
      false,
      false,
      false,
      false,
      false,
      false,
      false,
      false,
      false,
      false,
      false,
      false,
      false,
      false,
      false,
      false,
      false,
      false,
      false,
      false,
      false,
      false,
      false,
      false,
      false,
      false,
      false,
      false,
      false,
      false,
      false,
      false,
      false,
      false,
      false,
      false,
      false,
      false,
      false,
      false,
      false,
      false,
      false,
      false,
      false,
      false,
      false,
      false,
      false,
      false,
      false,
      false,
      false,
      false,
      false,
      false,
      false,
      false,
      false,
      false,
      false,
      false,
      false,
      false,
      false,
      false,
      false,
      false,
      false,
      false,
      false,
      false,
      false,
      false,
      false,
      false,
      false,
      false,
      false,
      false,
      false,
      false,
      false,
      false,
      false,
      false,
      false,
      false,
      false,
      false,
      false,
      false,
      false,
      false,
      false,
      false,
      false,
      false,
      false,
      false,
      false,
      false,
      false,
      false,
      false,
      false,
      false,
      false,
      false,
      false,
      false,
      false,
      false,
      false,
      false,
      false,
      false,
      false,
      false,
      false,
      false,
      false,
      false,
      false,
      false,
      false,
      false,
      false,
      false,
      false,
      false,
      false,
      false,
      false,
      false,
      false,
      false,
      false,
      false,
      false,
      false,
      false,
      false,
      false,
      false,
      false,
      false,
      false,
      false,
      false,
      false,
      false,
      false,
      false,
      false,
      false,
      false,
      false,
      false,
      false,
      false,
      false,
      false,
      false,
      false,
      false,
      false,
      false,
      false,
      false,
      false,
      false,
      false,
      false,
      false,
      false,
      false,
      false,
      false,
      false,
      false,
      false,
      false,
      false,
      false,
      false,
      false,
      false,
      false,
      false,
      false,
      false,
      false,
      false,
      false,
      false,
      false,
      false,
      false,
      false,
      false,
      false,
      false,
      false,
      false,
      false,
      false,
      false,
      false,
      false,
      false,
      false,
      false,
      false,
      false,
      false,
      false,
      false,
      false,
      false,
      false,
      false,
      false,
      false,
      false,
      false,
      false,
      false,
      false,
      false,
      false,
      false,
      false,
      false,
      false,
      false,
      false,
      false,
      false,
      false,
      false,
      false,
      false,
      false,
      false,
      false,
      false,
      false,
      false,
      false,
      false,
      false,
      false,
      false,
      false,
      false,
      false,
      false,
      false,
      false,
      false,
      false,
      false,
      false,
      false,
      false,
      false,
      false,
      false,
      false,
      false,
      false,
      false,
      false,
      false,
      false,
      false,
      false,
      false,
      false,
      false,
      false,
      false,
      false,
      false,
      false,
      false,
      false,
      false,
      false,
      false,
      false,
      false,
      false,
      false,
      false,
      false,
      false,
      false,
      false,
      false,
      false,
      false,
      false,
      false,
      false,
      false,
      false,
      false,
      false,
      false,
      false,
      false,
      false,
      false,
      false,
      false,
      false,
      false,
      false,
      false,
      false,
      false,
      false,
      false,
      false,
      false,
      false,
      false,
      false,
      false,
      false,
      false,
      false,
      false,
      false,
      false,
      false,
      false,
      false,
      false,
      false,
      false,
      false,
      false,
      false,
      false,
      false,
      false,
      false,
      false,
      false,
      false,
      false,
      false,
      false,
      false,
      false,
      false,
      false,
      false,
      false,
      false,
      false,
      false,
      false,
      false,
      false,
      false,
      false,
      false,
      false,
      false,
      false,
      false,
      false,
      false,
      false,
      false,
      false,
      false,
      false,
      false,
      false,
      false,
      false,
      false,
      false,
      false,
      false,
      false,
      false,
      false,
      false,
      false,
      false,
      false,
      false,
      false,
      false,
      false,
      false,
      false,
      false,
      false,
      false,
      false,
      false,
      false,
      false,
      false,
      false,
      false,
      false,
      false,
      false,
      false,
      false,
      false,
      false,
      false,
      false,
      false,
      false,
      false,
      false,
      false,
      false,
      false,
      false,
      false,
      false,
      false,
      false,
      false,
      false,
      false,
      false,
      false,
      false,
      false,
      false,
      false,
      false,
      false,
      false,
      false,
      false,
      false,
      false,
      false,
      false,
      false,
      false,
      false,
      false,
      false,
      false,
      false,
      false,
      false,
      false,
      false,
      false,
      false,
      false,
      false,
      false,
      false,
      false,
      false,
      false,
      false,
      false,
      false,
      false,
      false,
      false,
      false,
      false,
      false,
      false,
      false,
      false,
      false,
      false,
      false,
      false,
      false,
      false,
      false,
      false,
      false,
      false,
      false,
      false,
      false,
      false,
      false,
      false,
      false,
      false,
      false,
      false,
      false,
      false,
      false,
      false,
      false,
      false,
      false,
      false,
      false,
      false,
      false,
      false,
      false,
      false,
      false,
      false,
      false,
      false,
      false,
      false,
      false,
      false,
      false,
      false,
      false,
      false,
      false,
      false,
      false,
      false,
      false,
      false,
      false,
      false,
      false,
      false,
      false,
      false,
      false,
      false,
      false,
      false,
      false,
      false,
      false,
      false,
      false,
      false,
      false,
      false,
      false,
      false,
      false,
      false,
      false,
      false,
      false,
      false,
      false,
      false,
      false,
      false,
      false,
      false,
      false,
      false,
      false,
      false,
      false,
      false,
      false,
      false,
      false,
      false,
      false,
      false,
      false,
      false,
      false,
      false,
      false,
      false,
      false,
      false,
      false,
      false,
      false,
      false,
      false,
      false,
      false,
      false,
      false,
      false,
      false,
      false,
      false,
      false,
      false,
      false,
      false,
      false,
      false,
      false,
      false,
      false,
      false,
      false,
      false,
      false,
      false,
      false,
      false,
      false,
      false,
      false,
      false,
      false,
      false,
      false,
      false,
      false,
      false,
      false,
      false,
      false,
      false,
      false,
      false,
      false,
      false,
      false,
      false,
      false,
      false,
      false,
      false,
      false,
      false,
      false,
      false,
      false,
      false,
      false,
      false,
      false,
      false,
      false,
      false,
      false,
      false,
      false,
      false,
      false,
      false,
      false,
      false,
      false,
      false,
      false,
      false,
      false,
      false,
      false,
      false,
      false,
      false,
      false,
      false,
      false,
      false,
      false,
      false,
      false,
      false,
      false,
      false,
      false,
      false,
      false,
      false,
      false,
      false,
      false,
      false,
      false,
      false,
      false,
      false,
      false,
      false,
      false,
      false,
      false,
      false,
      false,
      false,
      false,
      false,
      false,
      false,
      false,
      false,
      false,
      false,
      false,
      false,
      false,
      false,
      false,
      false,
      false,
      false,
      false,
      false,
      false,
      false,
      false,
      false,
      false,
      false,
      false,
      false,
      false,
      false,
      false,
      false,
      false,
      false,
      false,
      false,
      false,
      false,
      false,
      false,
      false,
      false,
      false,
      false,
      false,
      false,
      false,
      false,
      false,
      false,
      false,
      false,
      false,
      false,
      false,
      false,
      false,
      false,
      false,
      false,
      false,
      false,
      false,
      false,
      false,
      false,
      false,
      false,
      false,
      false,
      false,
      false,
      false,
      false,
      false,
      false,
      false,
      false,
      false,
      false,
      false,
      false,
      false,
      false,
      false,
      false,
      false,
      false,
      false,
      false,
      false,
      false,
      false,
      false,
      false,
      false,
      false,
      false,
      false,
      false,
      false,
      false,
      false,
      false,
      false,
      false,
      false,
      false,
      false,
      false,
      false,
      false,
      false,
      false,
      false,
      false,
      false,
      false,
      false,
      false,
      false,
      false,
      false,
      false,
      false,
      false,
      false,
      false,
      false,
      false,
      false,
      false,
      false,
      false,
      false,
      false,
      false,
      false,
      false,
      false,
      false,
      false,
      false,
      false,
      false,
      false,
      false,
      false,
      false,
      false,
      false,
      false,
      false,
      false,
      false,
      false,
      false,
      false,
      false,
      false,
      false,
      false,
      false,
      false,
      false,
      false,
      false,
      false,
      false,
      false,
      false,
      false,
      false,
      false,
      false,
      false,
      false,
      false,
      false,
      false,
      false,
      false,
      false,
      false,
      false,
      false,
      false,
      false,
      false,
      false,
      false,
      false,
      false,
      false,
      false,
      false,
      false,
      false,
      false,
      false,
      false,
      false,
      false,
      false,
      false,
      false,
      false,
      false,
      false,
      false,
      false,
      false,
      false,
      false,
      false,
      false,
      false,
      false,
      false,
      false,
      false,
      false,
      false,
      false,
      false,
      false,
      false,
      false,
      false,
      false,
      false,
      false,
      false,
      false,
      false,
      false,
      false,
      false,
      false,
      false,
      false,
      false,
      false,
      false,
      false,
      false,
      false,
      false,
      false,
      false,
      false,
      false,
      false,
      false,
      false,
      false,
      false,
      false,
      false,
      false,
      false,
      false,
      false,
      false,
      false,
      false,
      false,
      false,
      false,
      false,
      false,
      false,
      false,
      false,
      false,
      false,
      false,
      false,
      false,
      false,
      false,
      false,
      false,
      false,
      false,
      false,
      false,
      false,
      false,
      false,
      false,
      false,
      false,
      false,
      false,
      false,
      false,
      false,
      false,
      false,
      false,
      false,
      false,
      false,
      false,
      false,
      false,
      false,
      false,
      false,
      false,
      false,
      false,
      false,
      false,
      false,
      false,
      false,
      false,
      false,
      false,
      false,
      false,
      false,
      false,
      false,
      false,
      false,
      false,
      false,
      false,
      false,
      false,
      false,
      false,
      false,
      false,
      false,
      false,
      false,
      false,
      false,
      false,
      false,
      false,
      false,
      false,
      false,
      false,
      false,
      false,
      false,
      false,
      false,
      false,
      false,
      false,
      false,
      false,
      false,
      false,
      false,
      false,
      false,
      false,
      false,
      false,
      false,
      false,
      false,
      false,
      false,
      false,
      false,
      false,
      false,
      false,
      false,
      false,
      false,
      false,
      false,
      false,
      false,
      false,
      false,
      false,
      false,
      false,
      false,
      false,
      false,
      false,
      false,
      false,
      false,
      false,
      false,
      false,
      false,
      false,
      false,
      false,
      false,
      false,
      false,
      false,
      false,
      false,
      false,
      false,
      false,
      false,
      false,
      false,
      false,
      false,
      false,
      false,
      false,
      false,
      false,
      false,
      false,
      false,
      false,
      false,
      false,
      false,
      false,
      false,
      false,
      false,
      false,
      false,
      false,
      false,
      false,
      false,
      false,
      false,
      false,
      false,
      false,
      false,
      false,
      false,
      false,
      false,
      false,
      false,
      false,
      false,
      false,
      false,
      false,
      false,
      false,
      false,
      false,
      false,
      false,
      false,
      false,
      false,
      false,
      false,
      false,
      false,
      false,
      false,
      false,
      false,
      false,
      false,
      false,
      false,
      false,
      false,
      false,
      false,
      false,
      false,
      false,
      false,
      false,
      false,
      false,
      false,
      false,
      false,
      false,
      false,
      false,
      false,
      false,
      false,
      false,
      false,
      false,
      false,
      false,
      false,
      false,
      false,
      false,
      false,
      false,
      false,
      false,
      false,
      false,
      false,
      false,
      false,
      false,
      false,
      false,
      false,
      false,
      false,
      false,
      false,
      false,
      false,
      false,
      false,
      false,
      false,
      false,
      false,
      false,
      false,
      false,
      false,
      false,
      false,
      false,
      false,
      false,
      false,
      false,
      false,
      false,
      false,
      false,
      false,
      false,
      false,
      false,
      false,
      false,
      false,
      false,
      false,
      false,
      false,
      false,
      false,
      false,
      false,
      false,
      false,
      false,
      false,
      false,
      false,
      false,
      false,
      false,
      false,
      false,
      false,
      false,
      false,
      false,
      false,
      false,
      false,
      false,
      false,
      false,
      false,
      false,
      false,
      false,
      false,
      false,
      false,
      false,
      false,
      false,
      false,
      false,
      false,
      false,
      false,
      false,
      false,
      false,
      false,
      false,
      false,
      false,
      false,
      false,
      false,
      false,
      false,
      false,
      false,
      false,
      false,
      false,
      false,
      false,
      false,
      false,
      false,
      false,
      false,
      false,
      false,
      false,
      false,
      false,
      false,
      false,
      false,
      false,
      false,
      false,
      false,
      false,
      false,
      false,
      false,
      false,
      false,
      false,
      false,
      false,
      false,
      false,
      false,
      false,
      false,
      false,
      false,
      false,
      false,
      false,
      false,
      false,
      false,
      false,
      false,
      false,
      false,
      false,
      false,
      false,
      false,
      false,
      false,
      false,
      false,
      false,
      false,
      false,
      false,
      false,
      false,
      false,
      false,
      false,
      false,
      false,
      false,
      false,
      false,
      false,
      false,
      false,
      false,
      false,
      false,
      false,
      false,
      false,
      false,
      false,
      false,
      false,
      false,
      false,
      false,
      false,
      false,
      false,
      false,
      false,
      false,
      false,
      false,
      false,
      false,
      false,
      false,
      false,
      false,
      false,
      false,
      false,
      false,
      false,
      false,
      false,
      false,
      false,
      false,
      false,
      false,
      false,
      false,
      false,
      false,
      false,
      false,
      false,
      false,
      false,
      false,
      false,
      false,
      false,
      false,
      false,
      false,
      false,
      false,
      false,
      false,
      false,
      false,
      false,
      false,
      false,
      false,
      false,
      false,
      false,
      false,
      false,
      false,
      false,
      false,
      false,
      false,
      false,
      false,
      false,
      false,
      false,
      false,
      false,
      false,
      false,
      false,
      false,
      false,
      false,
      false,
      false,
      false,
      false,
      false,
      false,
      false,
      false,
      false,
      false,
      false,
      false,
      false,
      false,
      false,
      false,
      false,
      false,
      false,
      false,
      false,
      false,
      false,
      false,
      false,
      false,
      false,
      false,
      false,
      false,
      false,
      false,
      false,
      false,
      false,
      false,
      false,
      false,
      false,
      false,
      false,
      false,
      false,
      false,
      false,
      false,
      false,
      false,
      false,
      false,
      false,
      false,
      false,
      false,
      false,
      false,
      false,
      false,
      false,
      false,
      false,
      false,
      false,
      false,
      false,
      false,
      false,
      false,
      false,
      false,
      false,
      false,
      false,
      false,
      false,
      false,
      false,
      false,
      false,
      false,
      false,
      false,
      false,
      false,
      false,
      false,
      false,
      false,
      false,
      false,
      false,
      false,
      false,
      false,
      false,
      false,
      false,
      false,
      false,
      false,
      false,
      false,
      false,
      false,
      false,
      false,
      false,
      false,
      false,
      false,
      false,
      false,
      false,
      false,
      false,
      false,
      false,
      false,
      false,
      false,
      false,
      false,
      false,
      false,
      false,
      false,
      false,
      false,
      false,
      false,
      false,
      false,
      false,
      false,
      false,
      false,
      false,
      false,
      false,
      false,
      false,
      false,
      false,
      false,
      false,
      false,
      false,
      false,
      false,
      false,
      false,
      false,
      false,
      false,
      false,
      false,
      false,
      false,
      false,
      false,
      false,
      false,
      false,
      false,
      false,
      false,
      false,
      false,
      false,
      false,
      false,
      false,
      false,
      false,
      false,
      false,
      false,
      false,
      false,
      false,
      false,
      false,
      false,
      false,
      false,
      false,
      false,
      false,
      false,
      false,
      false,
      false,
      false,
      false,
      false,
      false,
      false,
      false,
      false,
      false,
      false,
      false,
      false,
      false,
      false,
      false,
      false,
      false,
      false,
      false,
      false,
      false,
      false,
      false,
      false,
      false,
      false,
      false,
      false,
      false,
      false,
      false,
      false,
      false,
      false,
      false,
      false,
      false,
      false,
      false,
      false,
      false,
      false,
      false,
      false,
      false,
      false,
      false,
      false,
      false,
      false,
      false,
      false,
      false,
      false,
      false,
      false,
      false,
      false,
      false,
      false,
      false,
      false,
      false,
      false,
      false,
      false,
      false,
      false,
      false,
      false,
      false,
      false,
      false,
      false,
      false,
      false,
      false,
      false,
      false,
      false,
      false,
      false,
      false,
      false,
      false,
      false,
      false,
      false,
      false,
      false,
      false,
      false,
      false,
      false,
      false,
      false,
      false,
      false,
      false,
      false,
      false,
      false,
      false,
      false,
      false,
      false,
      false,
      false,
      false,
      false,
      false,
      false,
      false,
      false,
      false,
      false,
      false,
      false,
      false,
      false,
      false,
      false,
      false,
      false,
      false,
      false,
      false,
      false,
      false,
      false,
      false,
      false,
      false,
      false,
      false,
      false,
      false,
      false,
      false,
      false,
      false,
      false,
      false,
      false,
      false,
      false,
      false,
      false,
      false,
      false,
      false,
      false,
      false,
      false,
      false,
      false,
      false,
      false,
      false,
      false,
      false,
      false,
      false,
      false,
      false,
      false,
      false,
      false,
      false,
      false,
      false,
      false,
      false,
      false,
      false,
      false,
      false,
      false,
      false,
      false,
      false
    ],
    "is_embankment": [
      false,
      false,
      false,
      false,
      false,
      false,
      false,
      false,
      false,
      false,
      false,
      false,
      false,
      false,
      false,
      false,
      false,
      false,
      false,
      false,
      false,
      false,
      false,
      false,
      false,
      false,
      false,
      false,
      false,
      false,
      false,
      false,
      false,
      false,
      false,
      false,
      false,
      false,
      false,
      false,
      false,
      false,
      false,
      false,
      false,
      false,
      false,
      false,
      false,
      false,
      false,
      false,
      false,
      false,
      false,
      false,
      false,
      false,
      false,
      false,
      false,
      false,
      false,
      false,
      false,
      false,
      false,
      false,
      false,
      false,
      false,
      false,
      false,
      false,
      false,
      false,
      false,
      false,
      false,
      false,
      false,
      false,
      false,
      false,
      false,
      false,
      false,
      false,
      false,
      false,
      false,
      false,
      false,
      false,
      false,
      false,
      false,
      false,
      false,
      false,
      false,
      false,
      false,
      false,
      false,
      false,
      false,
      false,
      false,
      false,
      false,
      false,
      false,
      false,
      false,
      false,
      false,
      false,
      false,
      false,
      false,
      false,
      false,
      false,
      false,
      false,
      false,
      false,
      false,
      false,
      false,
      false,
      false,
      false,
      false,
      false,
      false,
      false,
      false,
      false,
      false,
      false,
      false,
      false,
      false,
      false,
      false,
      false,
      false,
      false,
      false,
      false,
      false,
      false,
      false,
      false,
      false,
      false,
      false,
      false,
      false,
      false,
      false,
      false,
      false,
      false,
      false,
      false,
      false,
      false,
      false,
      false,
      false,
      false,
      false,
      false,
      false,
      false,
      false,
      false,
      false,
      false,
      false,
      false,
      false,
      false,
      false,
      false,
      false,
      false,
      false,
      false,
      false,
      false,
      false,
      false,
      false,
      false,
      false,
      false,
      false,
      false,
      false,
      false,
      false,
      false,
      false,
      false,
      false,
      false,
      false,
      false,
      false,
      false,
      false,
      false,
      false,
      false,
      false,
      false,
      false,
      false,
      false,
      false,
      false,
      false,
      false,
      false,
      false,
      false,
      false,
      false,
      false,
      false,
      false,
      false,
      false,
      false,
      false,
      false,
      false,
      false,
      false,
      false,
      false,
      false,
      false,
      false,
      false,
      false,
      false,
      false,
      false,
      false,
      false,
      false,
      false,
      false,
      false,
      false,
      false,
      false,
      false,
      false,
      false,
      false,
      false,
      false,
      false,
      false,
      false,
      false,
      false,
      false,
      false,
      false,
      false,
      false,
      false,
      false,
      false,
      false,
      false,
      false,
      false,
      false,
      false,
      false,
      false,
      false,
      false,
      false,
      false,
      false,
      false,
      false,
      false,
      false,
      false,
      false,
      false,
      false,
      false,
      false,
      false,
      false,
      false,
      false,
      false,
      false,
      false,
      false,
      false,
      false,
      false,
      false,
      false,
      false,
      false,
      false,
      false,
      false,
      false,
      false,
      false,
      false,
      false,
      false,
      false,
      false,
      false,
      false,
      false,
      false,
      false,
      false,
      false,
      false,
      false,
      false,
      false,
      false,
      false,
      false,
      false,
      false,
      false,
      false,
      false,
      false,
      false,
      false,
      false,
      false,
      false,
      false,
      false,
      false,
      false,
      false,
      false,
      false,
      false,
      false,
      false,
      false,
      false,
      false,
      false,
      false,
      false,
      false,
      false,
      false,
      false,
      false,
      false,
      false,
      false,
      false,
      false,
      false,
      false,
      false,
      false,
      false,
      false,
      false,
      false,
      false,
      false,
      false,
      false,
      false,
      false,
      false,
      false,
      false,
      false,
      false,
      false,
      false,
      false,
      false,
      false,
      false,
      false,
      false,
      false,
      false,
      false,
      false,
      false,
      false,
      false,
      false,
      false,
      false,
      false,
      false,
      false,
      false,
      false,
      false,
      false,
      false,
      false,
      false,
      false,
      false,
      false,
      false,
      false,
      false,
      false,
      false,
      false,
      false,
      false,
      false,
      false,
      false,
      false,
      false,
      false,
      false,
      false,
      false,
      false,
      false,
      false,
      false,
      false,
      false,
      false,
      false,
      false,
      false,
      false,
      false,
      false,
      false,
      false,
      false,
      false,
      false,
      false,
      false,
      false,
      false,
      false,
      false,
      false,
      false,
      false,
      false,
      false,
      false,
      false,
      false,
      false,
      false,
      false,
      false,
      false,
      false,
      false,
      false,
      false,
      false,
      false,
      false,
      false,
      false,
      false,
      false,
      false,
      false,
      false,
      false,
      false,
      false,
      false,
      false,
      false,
      false,
      false,
      false,
      false,
      false,
      false,
      false,
      false,
      false,
      false,
      false,
      false,
      false,
      false,
      false,
      false,
      false,
      false,
      false,
      false,
      false,
      false,
      false,
      false,
      false,
      false,
      false,
      false,
      false,
      false,
      false,
      false,
      false,
      false,
      false,
      false,
      false,
      false,
      false,
      false,
      false,
      false,
      false,
      false,
      false,
      false,
      false,
      false,
      false,
      false,
      false,
      false,
      false,
      false,
      false,
      false,
      false,
      false,
      false,
      false,
      false,
      false,
      false,
      false,
      false,
      false,
      false,
      false,
      false,
      false,
      false,
      false,
      false,
      false,
      false,
      false,
      false,
      false,
      false,
      false,
      false,
      false,
      false,
      false,
      false,
      false,
      false,
      false,
      false,
      false,
      false,
      false,
      false,
      false,
      false,
      false,
      false,
      false,
      false,
      false,
      false,
      false,
      false,
      false,
      false,
      false,
      false,
      false,
      false,
      false,
      false,
      false,
      false,
      false,
      false,
      false,
      false,
      false,
      false,
      false,
      false,
      false,
      false,
      false,
      false,
      false,
      false,
      false,
      false,
      false,
      false,
      false,
      false,
      false,
      false,
      false,
      false,
      false,
      false,
      false,
      false,
      false,
      false,
      false,
      false,
      false,
      false,
      false,
      false,
      false,
      false,
      false,
      false,
      false,
      false,
      false,
      false,
      false,
      false,
      false,
      false,
      false,
      false,
      false,
      false,
      false,
      false,
      false,
      false,
      false,
      false,
      false,
      false,
      false,
      false,
      false,
      false,
      false,
      false,
      false,
      false,
      false,
      false,
      false,
      false,
      false,
      false,
      false,
      false,
      false,
      false,
      false,
      false,
      false,
      false,
      false,
      false,
      false,
      false,
      false,
      false,
      false,
      false,
      false,
      false,
      false,
      false,
      false,
      false,
      false,
      false,
      false,
      false,
      false,
      false,
      false,
      false,
      false,
      false,
      false,
      false,
      false,
      false,
      false,
      false,
      false,
      false,
      false,
      false,
      false,
      false,
      false,
      false,
      false,
      false,
      false,
      false,
      false,
      false,
      false,
      false,
      false,
      false,
      false,
      false,
      false,
      false,
      false,
      false,
      false,
      false,
      false,
      false,
      false,
      false,
      false,
      false,
      false,
      false,
      false,
      false,
      false,
      false,
      false,
      false,
      false,
      false,
      false,
      false,
      false,
      false,
      false,
      false,
      false,
      false,
      false,
      false,
      false,
      false,
      false,
      false,
      false,
      false,
      false,
      false,
      false,
      false,
      false,
      false,
      false,
      false,
      false,
      false,
      false,
      false,
      false,
      false,
      false,
      false,
      false,
      false,
      false,
      false,
      false,
      false,
      false,
      false,
      false,
      false,
      false,
      false,
      false,
      false,
      false,
      false,
      false,
      false,
      false,
      false,
      false,
      false,
      false,
      false,
      false,
      false,
      false,
      false,
      false,
      false,
      false,
      false,
      false,
      false,
      false,
      false,
      false,
      false,
      false,
      false,
      false,
      false,
      false,
      false,
      false,
      false,
      false,
      false,
      false,
      false,
      false,
      false,
      false,
      false,
      false,
      false,
      false,
      false,
      false,
      false,
      false,
      false,
      false,
      false,
      false,
      false,
      false,
      false,
      false,
      false,
      false,
      false,
      false,
      false,
      false,
      false,
      false,
      false,
      false,
      false,
      false,
      false,
      false,
      false,
      false,
      false,
      false,
      false,
      false,
      false,
      false,
      false,
      false,
      false,
      false,
      false,
      false,
      false,
      false,
      false,
      false,
      false,
      false,
      false,
      false,
      false,
      false,
      false,
      false,
      false,
      false,
      false,
      false,
      false,
      false,
      false,
      false,
      false,
      false,
      false,
      false,
      false,
      false,
      false,
      false,
      false,
      false,
      false,
      false,
      false,
      false,
      false,
      false,
      false,
      false,
      false,
      false,
      false,
      false,
      false,
      false,
      false,
      false,
      false,
      false,
      false,
      false,
      false,
      false,
      false,
      false,
      false,
      false,
      false,
      false,
      false,
      false,
      false,
      false,
      false,
      false,
      false,
      false,
      false,
      false,
      false,
      false,
      false,
      false,
      false,
      false,
      false,
      false,
      false,
      false,
      false,
      false,
      false,
      false,
      false,
      false,
      false,
      false,
      false,
      false,
      false,
      false,
      false,
      false,
      false,
      false,
      false,
      false,
      false,
      false,
      false,
      false,
      false,
      false,
      false,
      false,
      false,
      false,
      false,
      false,
      false,
      false,
      false,
      false,
      false,
      false,
      false,
      false,
      false,
      false,
      false,
      false,
      false,
      false,
      false,
      false,
      false,
      false,
      false,
      false,
      false,
      false,
      false,
      false,
      false,
      false,
      false,
      false,
      false,
      false,
      false,
      false,
      false,
      false,
      false,
      false,
      false,
      false,
      false,
      false,
      false,
      false,
      false,
      false,
      false,
      false,
      false,
      false,
      false,
      false,
      false,
      false,
      false,
      false,
      false,
      false,
      false,
      false,
      false,
      false,
      false,
      false,
      false,
      false,
      false,
      false,
      false,
      false,
      false,
      false,
      false,
      false,
      false,
      false,
      false,
      false,
      false,
      false,
      false,
      false,
      false,
      false,
      false,
      false,
      false,
      false,
      false,
      false,
      false,
      false,
      false,
      false,
      false,
      false,
      false,
      false,
      false,
      false,
      false,
      false,
      false,
      false,
      false,
      false,
      false,
      false,
      false,
      false,
      false,
      false,
      false,
      false,
      false,
      false,
      false,
      false,
      false,
      false,
      false,
      false,
      false,
      false,
      false,
      false,
      false,
      false,
      false,
      false,
      false,
      false,
      false,
      false,
      false,
      false,
      false,
      false,
      false,
      false,
      false,
      false,
      false,
      false,
      false,
      false,
      false,
      false,
      false,
      false,
      false,
      false,
      false,
      false,
      false,
      false,
      false,
      false,
      false,
      false,
      false,
      false,
      false,
      false,
      false,
      false,
      false,
      false,
      false,
      false,
      false,
      false,
      false,
      false,
      false,
      false,
      false,
      false,
      false,
      false,
      false,
      false,
      false,
      false,
      false,
      false,
      false,
      false,
      false,
      false,
      false,
      false,
      false,
      false,
      false,
      false,
      false,
      false,
      false,
      false,
      false,
      false,
      false,
      false,
      false,
      false,
      false,
      false,
      false,
      false,
      false,
      false,
      false,
      false,
      false,
      false,
      false,
      false,
      false,
      false,
      false,
      false,
      false,
      false,
      false,
      false,
      false,
      false,
      false,
      false,
      false,
      false,
      false,
      false,
      false,
      false,
      false,
      false,
      false,
      false,
      false,
      false,
      false,
      false,
      false,
      false,
      false,
      false,
      false,
      false,
      false,
      false,
      false,
      false,
      false,
      false,
      false,
      false,
      false,
      false,
      false,
      false,
      false,
      false,
      false,
      false,
      false,
      false,
      false,
      false,
      false,
      false,
      false,
      false,
      false,
      false,
      false,
      false,
      false,
      false,
      false,
      false,
      false,
      false,
      false,
      false,
      false,
      false,
      false,
      false,
      false,
      false,
      false,
      false,
      false,
      false,
      false,
      false,
      false,
      false,
      false,
      false,
      false,
      false,
      false,
      false,
      false,
      false,
      false,
      false,
      false,
      false,
      false,
      false,
      false,
      false,
      false,
      false,
      false,
      false,
      false,
      false,
      false,
      false,
      false,
      false,
      false,
      false,
      false,
      false,
      false,
      false,
      false,
      false,
      false,
      false,
      false,
      false,
      false,
      false,
      false,
      false,
      false,
      false,
      false,
      false,
      false,
      false,
      false,
      false,
      false,
      false,
      false,
      false,
      false,
      false,
      false,
      false,
      false,
      false,
      false,
      false,
      false,
      false,
      false,
      false,
      false,
      false,
      false,
      false,
      false,
      false,
      false,
      false,
      false,
      false,
      false,
      false,
      false,
      false,
      false,
      false,
      false,
      false,
      false,
      false,
      false,
      false,
      false,
      false,
      false,
      false,
      false,
      false,
      false,
      false,
      false,
      false,
      false,
      false,
      false,
      false,
      false,
      false,
      false,
      false,
      false,
      false,
      false,
      false,
      false,
      false,
      false,
      false,
      false,
      false,
      false,
      false,
      false,
      false,
      false,
      false,
      false,
      false,
      false,
      false,
      false,
      false,
      false,
      false,
      false,
      false,
      false,
      false,
      false,
      false,
      false,
      false,
      false,
      false,
      false,
      false,
      false,
      false,
      false,
      false,
      false,
      false,
      false,
      false,
      false,
      false,
      false,
      false,
      false,
      false,
      false,
      false,
      false,
      false,
      false,
      false,
      false,
      false,
      false,
      false,
      false,
      false,
      false,
      false,
      false,
      false,
      false,
      false,
      false,
      false,
      false,
      false,
      false,
      false,
      false,
      false,
      false,
      false,
      false,
      false,
      false,
      false,
      false,
      false,
      false,
      false,
      false,
      false,
      false,
      false,
      false,
      false,
      false,
      false,
      false,
      false,
      false,
      false,
      false,
      false,
      false,
      false,
      false,
      false,
      false,
      false,
      false,
      false,
      false,
      false,
      false,
      false,
      false,
      false,
      false,
      false,
      false,
      false,
      false,
      false,
      false,
      false,
      false,
      false,
      false,
      false,
      false,
      false,
      false,
      false,
      false,
      false,
      false,
      false,
      false,
      false,
      false,
      false,
      false,
      false,
      false,
      false,
      false,
      false,
      false,
      false,
      false,
      false,
      false,
      false,
      false,
      false,
      false,
      false,
      false,
      false,
      false,
      false,
      false,
      false,
      false,
      false,
      false,
      false,
      false,
      false,
      false,
      false,
      false,
      false,
      false,
      false,
      false,
      false,
      false,
      false,
      false,
      false,
      false,
      false,
      false,
      false,
      false,
      false,
      false,
      false,
      false,
      false,
      false,
      false,
      false,
      false,
      false,
      false,
      false,
      false,
      false,
      false,
      false,
      false,
      false,
      false,
      false,
      false,
      false,
      false,
      false,
      false,
      false,
      false,
      false,
      false,
      false,
      false,
      false,
      false,
      false,
      false,
      false,
      false,
      false,
      false,
      false,
      false,
      false,
      false,
      false,
      false,
      false,
      false,
      false,
      false,
      false,
      false,
      false,
      false,
      false,
      false,
      false,
      false,
      false,
      false,
      false,
      false,
      false,
      false,
      false,
      false,
      false,
      false,
      false,
      false,
      false,
      false,
      false,
      false,
      false,
      false,
      false,
      false,
      false,
      false,
      false,
      false,
      false,
      false,
      false,
      false,
      false,
      false,
      false,
      false,
      false,
      false,
      false,
      false,
      false,
      false,
      false,
      false,
      false,
      false,
      false,
      false,
      false,
      false,
      false,
      false,
      false,
      false,
      false,
      false,
      false,
      false,
      false,
      false,
      false,
      false,
      false,
      false,
      false,
      false,
      false,
      false,
      false,
      false,
      false,
      false,
      false,
      false,
      false,
      false,
      false,
      false,
      false,
      false,
      false,
      false,
      false,
      false,
      false,
      false,
      false,
      false,
      false,
      false,
      false,
      false,
      false,
      false,
      false,
      false,
      false,
      false,
      false,
      false,
      false,
      false,
      false,
      false,
      false,
      false,
      false,
      false,
      false,
      false,
      false,
      false,
      false,
      false,
      false,
      false,
      false,
      false,
      false,
      false,
      false,
      false,
      false,
      false,
      false,
      false,
      false,
      false,
      false,
      false,
      false,
      false,
      false,
      false,
      false,
      false,
      false,
      false,
      false,
      false,
      false,
      false,
      false,
      false,
      false,
      false,
      false,
      false,
      false,
      false,
      false,
      false,
      false,
      false,
      false,
      false,
      false,
      false,
      false,
      false,
      false,
      false,
      false,
      false,
      false,
      false,
      false,
      false,
      false,
      false,
      false,
      false,
      false,
      false,
      false,
      false,
      false,
      false,
      false,
      false,
      false,
      false,
      false,
      false,
      false,
      false,
      false,
      false,
      false,
      false,
      false,
      false,
      false,
      false,
      false,
      false,
      false,
      false,
      false,
      false,
      false,
      false,
      false,
      false,
      false,
      false,
      false,
      false,
      false,
      false,
      false,
      false,
      false,
      false,
      false,
      false,
      false,
      false,
      false,
      false,
      false,
      false,
      false,
      false,
      false,
      false,
      false,
      false,
      false,
      false,
      false,
      false,
      false,
      false,
      false,
      false,
      false,
      false,
      false,
      false,
      false,
      false,
      false,
      false,
      false,
      false,
      false,
      false,
      false,
      false,
      false,
      false,
      false,
      false,
      false,
      false,
      false,
      false,
      false,
      false,
      false,
      false,
      false,
      false,
      false,
      false,
      false,
      false,
      false,
      false,
      false,
      false,
      false,
      false,
      false,
      false,
      false,
      false,
      false,
      false,
      false,
      false,
      false,
      false,
      false,
      false,
      false,
      false,
      false,
      false,
      false,
      false,
      false,
      false,
      false,
      false,
      false,
      false,
      false,
      false,
      false,
      false,
      false,
      false,
      false,
      false,
      false,
      false,
      false,
      false,
      false,
      false,
      false,
      false,
      false,
      false,
      false,
      false,
      false,
      false,
      false,
      false,
      false,
      false,
      false,
      false,
      false,
      false,
      false,
      false,
      false,
      false,
      false,
      false,
      false,
      false,
      false,
      false,
      false,
      false,
      false,
      false,
      false,
      false,
      false,
      false,
      false,
      false,
      false,
      false,
      false,
      false,
      false,
      false,
      false,
      false,
      false,
      false,
      false,
      false,
      false,
      false,
      false,
      false,
      false,
      false,
      false,
      false,
      false,
      false,
      false,
      false,
      false,
      false,
      false,
      false,
      false,
      false,
      false,
      false,
      false,
      false,
      false,
      false,
      false,
      false,
      false,
      false,
      false,
      false,
      false,
      false,
      false,
      false,
      false,
      false,
      false,
      false,
      false,
      false,
      false,
      false,
      false,
      false,
      false,
      false,
      false,
      false,
      false,
      false,
      false,
      false,
      false,
      false,
      false,
      false,
      false,
      false,
      false,
      false,
      false,
      false,
      false,
      false,
      false,
      false,
      false,
      false,
      false,
      false,
      false,
      false,
      false,
      false,
      false,
      false,
      false,
      false,
      false,
      false,
      false,
      false,
      false,
      false,
      false,
      false,
      false,
      false,
      false,
      false,
      false,
      false,
      false,
      false,
      false,
      false,
      false,
      false,
      false,
      false,
      false,
      false,
      false,
      false,
      false,
      false,
      false,
      false,
      false,
      false,
      false,
      false,
      false,
      false,
      false,
      false,
      false,
      false,
      false,
      false,
      false,
      false,
      false,
      false,
      false,
      false,
      false,
      false,
      false,
      false,
      false,
      false,
      false,
      false,
      false,
      false,
      false,
      false,
      false,
      false,
      false,
      false,
      false,
      false,
      false,
      false,
      false,
      false,
      false,
      false,
      false,
      false,
      false,
      false,
      false,
      false,
      false,
      false,
      false,
      false,
      false,
      false,
      false,
      false,
      false,
      false,
      false,
      false,
      false,
      false,
      false,
      false,
      false,
      false,
      false,
      false,
      false,
      false,
      false,
      false,
      false,
      false,
      false,
      false,
      false,
      false,
      false,
      false,
      false,
      false,
      false,
      false,
      false,
      false,
      false,
      false,
      false,
      false,
      false,
      false,
      false,
      false,
      false,
      false,
      false,
      false,
      false,
      false,
      false,
      false,
      false,
      false,
      false,
      false,
      false,
      false,
      false,
      false,
      false,
      false,
      false,
      false,
      false,
      false,
      false,
      false,
      false,
      false,
      false,
      false,
      false,
      false,
      false,
      false,
      false,
      false,
      false,
      false,
      false,
      false,
      false,
      false,
      false,
      false,
      false,
      false,
      false,
      false,
      false,
      false,
      false,
      false,
      false,
      false,
      false,
      false,
      false,
      false,
      false,
      false,
      false,
      false,
      false,
      false,
      false,
      false,
      false,
      false,
      false,
      false,
      false,
      false,
      false,
      false,
      false,
      false,
      false,
      false,
      false,
      false,
      false,
      false,
      false,
      false,
      false,
      false,
      false,
      false,
      false,
      false,
      false,
      false,
      false,
      false,
      false,
      false,
      false,
      false,
      false,
      false,
      false,
      false,
      false,
      false,
      false,
      false,
      false,
      false,
      false,
      false,
      false,
      false,
      false,
      false,
      false,
      false,
      false,
      false,
      false,
      false,
      false,
      false,
      false,
      false,
      false,
      false,
      false,
      false,
      false,
      false,
      false,
      false,
      false,
      false,
      false,
      false,
      false,
      false,
      false,
      false,
      false,
      false,
      false,
      false,
      false,
      false,
      false,
      false,
      false,
      false,
      false,
      false,
      false,
      false,
      false,
      false,
      false,
      false,
      false,
      false,
      false,
      false,
      false,
      false,
      false,
      false,
      false,
      false,
      false,
      false,
      false,
      false,
      false,
      false,
      false,
      false,
      false,
      false,
      false,
      false,
      false,
      false,
      false,
      false,
      false,
      false,
      false,
      false,
      false,
      false,
      false,
      false,
      false,
      false,
      false,
      false,
      false,
      false,
      false,
      false,
      false,
      false,
      false,
      false,
      false,
      false,
      false,
      false,
      false,
      false,
      false,
      false,
      false,
      false,
      false,
      false,
      false,
      false,
      false,
      false,
      false,
      false,
      false,
      false,
      false,
      false,
      false,
      false,
      false,
      false,
      false,
      false,
      false,
      false,
      false,
      false,
      false,
      false,
      false,
      false,
      false,
      false,
      false,
      false,
      false,
      false,
      false,
      false,
      false,
      false,
      false,
      false,
      false,
      false,
      false,
      false,
      false,
      false,
      false,
      false,
      false,
      false,
      false,
      false,
      false,
      false,
      false,
      false,
      false,
      false,
      false,
      false,
      false,
      false,
      false,
      false,
      false,
      false,
      false,
      false,
      false,
      false,
      false,
      false,
      false,
      false,
      false,
      false,
      false,
      false,
      false,
      false,
      false,
      false,
      false,
      false,
      false,
      false,
      false,
      false,
      false,
      false,
      false,
      false,
      false,
      false,
      false,
      false,
      false,
      false,
      false,
      false,
      false,
      false,
      false,
      false,
      false,
      false,
      false,
      false,
      false,
      false,
      false,
      false,
      false,
      false,
      false,
      false,
      false,
      false,
      false,
      false,
      false,
      false,
      false,
      false,
      false,
      false,
      false,
      false,
      false,
      false,
      false,
      false,
      false,
      false,
      false,
      false,
      false,
      false,
      false,
      false,
      false,
      false,
      false,
      false,
      false,
      false,
      false,
      false,
      false,
      false,
      false,
      false,
      false,
      false,
      false,
      false,
      false,
      false,
      false,
      false,
      false,
      false,
      false,
      false,
      false,
      false,
      false,
      false,
      false,
      false,
      false,
      false,
      false,
      false,
      false,
      false,
      false,
      false,
      false,
      false,
      false,
      false,
      false,
      false,
      false,
      false,
      false,
      false,
      false,
      false,
      false,
      false,
      false,
      false,
      false,
      false,
      false,
      false,
      false,
      false,
      false,
      false,
      false,
      false,
      false,
      false,
      false,
      false,
      false,
      false,
      false,
      false,
      false,
      false,
      false,
      false,
      false,
      false,
      false,
      false,
      false,
      false,
      false,
      false,
      false,
      false,
      false,
      false,
      false,
      false,
      false,
      false,
      false,
      false,
      false,
      false,
      false,
      false,
      false,
      false,
      false,
      false,
      false,
      false,
      false,
      false,
      false,
      false,
      false,
      false,
      false,
      false,
      false,
      false,
      false,
      false,
      false,
      false,
      false,
      false,
      false,
      false,
      false,
      false,
      false,
      false,
      false,
      false,
      false,
      false,
      false,
      false,
      false,
      false,
      false,
      false,
      false,
      false,
      false,
      false,
      false,
      false,
      false,
      false,
      false,
      false,
      false,
      false,
      false,
      false,
      false,
      false,
      false,
      false,
      false,
      false,
      false,
      false,
      false,
      false,
      false,
      false,
      false,
      false,
      false,
      false,
      false,
      false,
      false,
      false,
      false,
      false,
      false,
      false,
      false,
      false,
      false,
      false,
      false,
      false,
      false,
      false,
      false,
      false,
      false,
      false,
      false,
      false,
      false,
      false,
      false,
      false,
      false,
      false,
      false,
      false,
      false,
      false,
      false,
      false,
      false,
      false,
      false,
      false,
      false,
      false,
      false,
      false,
      false,
      false,
      false,
      false,
      false,
      false,
      false,
      false,
      false,
      false,
      false,
      false,
      false,
      false,
      false,
      false,
      false,
      false,
      false,
      false,
      false,
      false,
      false,
      false,
      false,
      false,
      false,
      false,
      false,
      false,
      false,
      false,
      false,
      false,
      false,
      false,
      false,
      false,
      false,
      false,
      false,
      false,
      false,
      false,
      false,
      false,
      false,
      false,
      false,
      false,
      false,
      false,
      false,
      false,
      false,
      false,
      false,
      false,
      false,
      false,
      false,
      false,
      false,
      false,
      false,
      false,
      false,
      false,
      false,
      false,
      false,
      false,
      false,
      false,
      false,
      false,
      false,
      false,
      false,
      false,
      false,
      false,
      false,
      false,
      false,
      false,
      false,
      false,
      false,
      false,
      false,
      false,
      false,
      false,
      false,
      false,
      false,
      false,
      false,
      false,
      false,
      false,
      false,
      false,
      false
    ],
    "name": "route_line3_29km",
    "seg_len_m": [
      68.52677321119823,
      68.52677321119823,
      68.52677321119823,
      68.52677321119823,
      68.52677321119823,
      68.52677321119823,
      68.52677321119823,
      23.018664691329292,
      23.018664691329292,
      23.018664691329292,
      58.3687750516561,
      58.3687750516561,
      58.3687750516561,
      58.3687750516561,
      58.3687750516561,
      150.89747762075504,
      150.89747762075504,
      150.89747762075504,
      150.89747762075504,
      150.89747762075504,
      150.89747762075504,
      150.89747762075504,
      150.89747762075504,
      150.89747762075504,
      150.89747762075504,
      150.89747762075504,
      150.89747762075504,
      150.89747762075504,
      150.89747762075504,
      150.89747762075504,
      150.89747762075504,
      53.116992906461064,
      53.116992906461064,
      53.116992906461064,
      53.116992906461064,
      53.116992906461064,
      53.116992906461064,
      7.364628759123548,
      7.364628759123548,
      67.28410644970609,
      67.28410644970609,
      67.28410644970609,
      67.28410644970609,
      67.28410644970609,
      67.28410644970609,
      507.6483867646981,
      507.6483867646981,
      507.6483867646981,
      507.6483867646981,
      507.6483867646981,
      507.6483867646981,
      507.6483867646981,
      507.6483867646981,
      507.6483867646981,
      507.6483867646981,
      507.6483867646981,
      507.6483867646981,
      507.6483867646981,
      507.6483867646981,
      507.6483867646981,
      507.6483867646981,
      507.6483867646981,
      507.6483867646981,
      507.6483867646981,
      507.6483867646981,
      507.6483867646981,
      507.6483867646981,
      507.6483867646981,
      507.6483867646981,
      507.6483867646981,
      507.6483867646981,
      507.6483867646981,
      507.6483867646981,
      507.6483867646981,
      507.6483867646981,
      507.6483867646981,
      507.6483867646981,
      507.6483867646981,
      507.6483867646981,
      507.6483867646981,
      507.6483867646981,
      507.6483867646981,
      507.6483867646981,
      507.6483867646981,
      507.6483867646981,
      507.6483867646981,
      507.6483867646981,
      507.6483867646981,
      507.6483867646981,
      507.6483867646981,
      507.6483867646981,
      507.6483867646981,
      507.6483867646981,
      507.6483867646981,
      507.6483867646981,
      507.6483867646981,
      25.701257125211782,
      25.701257125211782,
      25.701257125211782,
      14.441044019001538,
      11.85232363957266,
      11.85232363957266,
      11.876253914332892,
      11.197838623423877,
      14.314434244634413,
      13.942512777266074,
      13.942512777266074,
      11.845185546497532,
      12.685632747465434,
      8.8775965265188,
      11.532101584779184,
      13.206098174954604,
      13.206098174954604,
      18.591182627919125,
      16.28525336498842,
      16.28525336498842,
      15.803646871404453,
      15.803646871404453,
      11.044053842731955,
      14.15039300096555,
      15.085605690039756,
      15.085605690039756,
      14.079518629903305,
      13.466304488885044,
      18.71967235201555,
      18.71967235201555,
      16.645248542946774,
      16.645248542946774,
      151.47294826936218,
      151.47294826936218,
      151.47294826936218,
      151.47294826936218,
      151.47294826936218,
      151.47294826936218,
      151.47294826936218,
      151.47294826936218,
      151.47294826936218,
      151.47294826936218,
      151.47294826936218,
      151.47294826936218,
      151.47294826936218,
      151.47294826936218,
      151.47294826936218,
      19.128096530843777,
      19.128096530843777,
      10.595990435165504,
      10.962843567011078,
      16.261207623616883,
      16.261207623616883,
      15.970487678285735,
      15.428266011822416,
      15.428266011822416,
      29.63727232514475,
      29.63727232514475,
      29.63727232514475,
      29.641366529088145,
      29.641366529088145,
      29.641366529088145,
      42.24727485675248,
      42.24727485675248,
      42.24727485675248,
      42.24727485675248,
      24.323322489652128,
      24.323322489652128,
      24.323322489652128,
      23.730108222879608,
      23.730108222879608,
      35.96010633402125,
      35.96010633402125,
      35.96010633402125,
      35.96010633402125,
      25.53040436809738,
      25.53040436809738,
      22.995430853231028,
      22.995430853231028,
      20.396284887209504,
      20.396284887209504,
      17.24605979104922,
      17.24605979104922,
      20.38791803178924,
      20.38791803178924,
      29.64058237026984,
      29.64058237026984,
      29.64058237026984,
      15.818456248253142,
      15.818456248253142,
      30.017083047777078,
      30.017083047777078,
      30.017083047777078,
      10.686730672879548,
      18.42843986965977,
      18.42843986965977,
      10.212522726848874,
      16.965228469500744,
      16.965228469500744,
      24.187345774249025,
      24.187345774249025,
      24.187345774249025,
      18.113908402565357,
      18.113908402565357,
      17.980310796952153,
      17.980310796952153,
      36.97720318302004,
      36.97720318302004,
      36.97720318302004,
      216.0666929954425,
      216.0666929954425,
      216.0666929954425,
      216.0666929954425,
      216.0666929954425,
      216.0666929954425,
      216.0666929954425,
      216.0666929954425,
      216.0666929954425,
      216.0666929954425,
      216.0666929954425,
      216.0666929954425,
      216.0666929954425,
      216.0666929954425,
      216.0666929954425,
      216.0666929954425,
      216.0666929954425,
      216.0666929954425,
      216.0666929954425,
      216.0666929954425,
      216.0666929954425,
      216.0666929954425,
      26.93391120570459,
      26.93391120570459,
      26.93391120570459,
      19.099469796182348,
      19.099469796182348,
      20.680789020753764,
      20.680789020753764,
      24.931671681832086,
      24.931671681832086,
      62.312260520009204,
      62.312260520009204,
      62.312260520009204,
      62.312260520009204,
      62.312260520009204,
      62.312260520009204,
      30.099679889116032,
      30.099679889116032,
      30.099679889116032,
      96.41980468454085,
      96.41980468454085,
      96.41980468454085,
      96.41980468454085,
      96.41980468454085,
      96.41980468454085,
      96.41980468454085,
      96.41980468454085,
      96.41980468454085,
      96.41980468454085,
      23.071511149416438,
      23.071511149416438,
      21.56831418468164,
      21.56831418468164,
      24.93305820689693,
      24.93305820689693,
      24.93305820689693,
      341.6228543060979,
      341.6228543060979,
      341.6228543060979,
      341.6228543060979,
      341.6228543060979,
      341.6228543060979,
      341.6228543060979,
      341.6228543060979,
      341.6228543060979,
      341.6228543060979,
      341.6228543060979,
      341.6228543060979,
      341.6228543060979,
      341.6228543060979,
      341.6228543060979,
      341.6228543060979,
      341.6228543060979,
      341.6228543060979,
      341.6228543060979,
      341.6228543060979,
      341.6228543060979,
      341.6228543060979,
      341.6228543060979,
      341.6228543060979,
      341.6228543060979,
      341.6228543060979,
      341.6228543060979,
      341.6228543060979,
      341.6228543060979,
      341.6228543060979,
      341.6228543060979,
      341.6228543060979,
      341.6228543060979,
      341.6228543060979,
      32.70298396056842,
      32.70298396056842,
      32.70298396056842,
      20.77122428471239,
      20.77122428471239,
      21.551199072167947,
      21.551199072167947,
      21.551199072167947,
      25.18859483785627,
      25.18859483785627,
      20.777559907396153,
      20.777559907396153,
      43.962022607835024,
      43.962022607835024,
      43.962022607835024,
      43.962022607835024,
      43.962022607835024,
      24.161779465962354,
      24.161779465962354,
      30.03632425090518,
      30.03632425090518,
      30.03632425090518,
      33.07601918897399,
      33.07601918897399,
      33.07601918897399,
      39.62179580760903,
      39.62179580760903,
      39.62179580760903,
      39.62179580760903,
      43.289322500664184,
      43.289322500664184,
      43.289322500664184,
      43.289322500664184,
      43.289322500664184,
      120.88588018665268,
      120.88588018665268,
      120.88588018665268,
      120.88588018665268,
      120.88588018665268,
      120.88588018665268,
      120.88588018665268,
      120.88588018665268,
      120.88588018665268,
      120.88588018665268,
      120.88588018665268,
      120.88588018665268,
      50.435147540340495,
      50.435147540340495,
      50.435147540340495,
      50.435147540340495,
      50.435147540340495,
      69.60332194476405,
      69.60332194476405,
      69.60332194476405,
      69.60332194476405,
      69.60332194476405,
      69.60332194476405,
      69.60332194476405,
      175.00227655335448,
      175.00227655335448,
      175.00227655335448,
      175.00227655335448,
      175.00227655335448,
      175.00227655335448,
      175.00227655335448,
      175.00227655335448,
      175.00227655335448,
      175.00227655335448,
      175.00227655335448,
      175.00227655335448,
      175.00227655335448,
      175.00227655335448,
      175.00227655335448,
      175.00227655335448,
      175.00227655335448,
      175.00227655335448,
      239.06294004498886,
      239.06294004498886,
      239.06294004498886,
      239.06294004498886,
      239.06294004498886,
      239.06294004498886,
      239.06294004498886,
      239.06294004498886,
      239.06294004498886,
      239.06294004498886,
      239.06294004498886,
      239.06294004498886,
      239.06294004498886,
      239.06294004498886,
      239.06294004498886,
      239.06294004498886,
      239.06294004498886,
      239.06294004498886,
      239.06294004498886,
      239.06294004498886,
      239.06294004498886,
      239.06294004498886,
      239.06294004498886,
      239.06294004498886,
      291.54058905669854,
      291.54058905669854,
      291.54058905669854,
      291.54058905669854,
      291.54058905669854,
      291.54058905669854,
      291.54058905669854,
      291.54058905669854,
      291.54058905669854,
      291.54058905669854,
      291.54058905669854,
      291.54058905669854,
      291.54058905669854,
      291.54058905669854,
      291.54058905669854,
      291.54058905669854,
      291.54058905669854,
      291.54058905669854,
      291.54058905669854,
      291.54058905669854,
      291.54058905669854,
      291.54058905669854,
      291.54058905669854,
      291.54058905669854,
      291.54058905669854,
      291.54058905669854,
      291.54058905669854,
      291.54058905669854,
      291.54058905669854,
      49.14633180144392,
      49.14633180144392,
      49.14633180144392,
      49.14633180144392,
      49.14633180144392,
      381.7189338575972,
      381.7189338575972,
      381.7189338575972,
      381.7189338575972,
      381.7189338575972,
      381.7189338575972,
      381.7189338575972,
      381.7189338575972,
      381.7189338575972,
      381.7189338575972,
      381.7189338575972,
      381.7189338575972,
      381.7189338575972,
      381.7189338575972,
      381.7189338575972,
      381.7189338575972,
      381.7189338575972,
      381.7189338575972,
      381.7189338575972,
      381.7189338575972,
      381.7189338575972,
      381.7189338575972,
      381.7189338575972,
      381.7189338575972,
      381.7189338575972,
      381.7189338575972,
      381.7189338575972,
      381.7189338575972,
      381.7189338575972,
      381.7189338575972,
      381.7189338575972,
      381.7189338575972,
      381.7189338575972,
      381.7189338575972,
      381.7189338575972,
      381.7189338575972,
      381.7189338575972,
      381.7189338575972,
      192.77557172094566,
      192.77557172094566,
      192.77557172094566,
      192.77557172094566,
      192.77557172094566,
      192.77557172094566,
      192.77557172094566,
      192.77557172094566,
      192.77557172094566,
      192.77557172094566,
      192.77557172094566,
      192.77557172094566,
      192.77557172094566,
      192.77557172094566,
      192.77557172094566,
      192.77557172094566,
      192.77557172094566,
      192.77557172094566,
      192.77557172094566,
      192.77557172094566,
      10.830976575374734,
      10.830976575374734,
      101.75778409968188,
      101.75778409968188,
      101.75778409968188,
      101.75778409968188,
      101.75778409968188,
      101.75778409968188,
      101.75778409968188,
      101.75778409968188,
      101.75778409968188,
      101.75778409968188,
      101.75778409968188,
      80.09909415825132,
      80.09909415825132,
      80.09909415825132,
      80.09909415825132,
      80.09909415825132,
      80.09909415825132,
      80.09909415825132,
      80.09909415825132,
      8.998890992741508,
      486.43586337186207,
      486.43586337186207,
      486.43586337186207,
      486.43586337186207,
      486.43586337186207,
      486.43586337186207,
      486.43586337186207,
      486.43586337186207,
      486.43586337186207,
      486.43586337186207,
      486.43586337186207,
      486.43586337186207,
      486.43586337186207,
      486.43586337186207,
      486.43586337186207,
      486.43586337186207,
      486.43586337186207,
      486.43586337186207,
      486.43586337186207,
      486.43586337186207,
      486.43586337186207,
      486.43586337186207,
      486.43586337186207,
      486.43586337186207,
      486.43586337186207,
      486.43586337186207,
      486.43586337186207,
      486.43586337186207,
      486.43586337186207,
      486.43586337186207,
      486.43586337186207,
      486.43586337186207,
      486.43586337186207,
      486.43586337186207,
      486.43586337186207,
      486.43586337186207,
      486.43586337186207,
      486.43586337186207,
      486.43586337186207,
      486.43586337186207,
      486.43586337186207,
      486.43586337186207,
      486.43586337186207,
      486.43586337186207,
      486.43586337186207,
      486.43586337186207,
      486.43586337186207,
      486.43586337186207,
      23.046461943481518,
      23.046461943481518,
      23.046461943481518,
      486.47915037106213,
      486.47915037106213,
      486.47915037106213,
      486.47915037106213,
      486.47915037106213,
      486.47915037106213,
      486.47915037106213,
      486.47915037106213,
      486.47915037106213,
      486.47915037106213,
      486.47915037106213,
      486.47915037106213,
      486.47915037106213,
      486.47915037106213,
      486.47915037106213,
      486.47915037106213,
      486.47915037106213,
      486.47915037106213,
      486.47915037106213,
      486.47915037106213,
      486.47915037106213,
      486.47915037106213,
      486.47915037106213,
      486.47915037106213,
      486.47915037106213,
      486.47915037106213,
      486.47915037106213,
      486.47915037106213,
      486.47915037106213,
      486.47915037106213,
      486.47915037106213,
      486.47915037106213,
      486.47915037106213,
      486.47915037106213,
      486.47915037106213,
      486.47915037106213,
      486.47915037106213,
      486.47915037106213,
      486.47915037106213,
      486.47915037106213,
      486.47915037106213,
      486.47915037106213,
      486.47915037106213,
      486.47915037106213,
      486.47915037106213,
      486.47915037106213,
      486.47915037106213,
      486.47915037106213,
      117.21351529016101,
      117.21351529016101,
      117.21351529016101,
      117.21351529016101,
      117.21351529016101,
      117.21351529016101,
      117.21351529016101,
      117.21351529016101,
      117.21351529016101,
      117.21351529016101,
      117.21351529016101,
      117.21351529016101,
      103.47739531548177,
      103.47739531548177,
      103.47739531548177,
      103.47739531548177,
      103.47739531548177,
      103.47739531548177,
      103.47739531548177,
      103.47739531548177,
      103.47739531548177,
      103.47739531548177,
      103.47739531548177,
      94.94531997687864,
      94.94531997687864,
      94.94531997687864,
      94.94531997687864,
      94.94531997687864,
      94.94531997687864,
      94.94531997687864,
      94.94531997687864,
      94.94531997687864,
      93.57426173283511,
      93.57426173283511,
      93.57426173283511,
      93.57426173283511,
      93.57426173283511,
      93.57426173283511,
      93.57426173283511,
      93.57426173283511,
      93.57426173283511,
      44.942745441429,
      44.942745441429,
      44.942745441429,
      44.942745441429,
      44.942745441429,
      62.21099878133464,
      62.21099878133464,
      62.21099878133464,
      62.21099878133464,
      62.21099878133464,
      62.21099878133464,
      61.95742360800068,
      61.95742360800068,
      61.95742360800068,
      61.95742360800068,
      61.95742360800068,
      61.95742360800068,
      62.41824327316954,
      62.41824327316954,
      62.41824327316954,
      62.41824327316954,
      62.41824327316954,
      62.41824327316954,
      62.41824327316954,
      66.83553102876158,
      66.83553102876158,
      66.83553102876158,
      66.83553102876158,
      66.83553102876158,
      66.83553102876158,
      67.05653860741131,
      67.05653860741131,
      67.05653860741131,
      67.05653860741131,
      67.05653860741131,
      67.05653860741131,
      67.05653860741131,
      64.90834210814683,
      64.90834210814683,
      64.90834210814683,
      64.90834210814683,
      64.90834210814683,
      64.90834210814683,
      66.37725310115911,
      66.37725310115911,
      66.37725310115911,
      66.37725310115911,
      66.37725310115911,
      66.37725310115911,
      66.37725310115911,
      62.9109351703637,
      62.9109351703637,
      62.9109351703637,
      62.9109351703637,
      62.9109351703637,
      62.9109351703637,
      62.61553101142454,
      62.61553101142454,
      62.61553101142454,
      62.61553101142454,
      62.61553101142454,
      62.61553101142454,
      62.61553101142454,
      60.50020663151099,
      60.50020663151099,
      60.50020663151099,
      60.50020663151099,
      60.50020663151099,
      60.50020663151099,
      61.26505185180031,
      61.26505185180031,
      61.26505185180031,
      61.26505185180031,
      61.26505185180031,
      61.26505185180031,
      60.462804379229055,
      60.462804379229055,
      60.462804379229055,
      60.462804379229055,
      60.462804379229055,
      60.462804379229055,
      61.1471511065929,
      61.1471511065929,
      61.1471511065929,
      61.1471511065929,
      61.1471511065929,
      61.1471511065929,
      356.191512782435,
      356.191512782435,
      356.191512782435,
      356.191512782435,
      356.191512782435,
      356.191512782435,
      356.191512782435,
      356.191512782435,
      356.191512782435,
      356.191512782435,
      356.191512782435,
      356.191512782435,
      356.191512782435,
      356.191512782435,
      356.191512782435,
      356.191512782435,
      356.191512782435,
      356.191512782435,
      356.191512782435,
      356.191512782435,
      356.191512782435,
      356.191512782435,
      356.191512782435,
      356.191512782435,
      356.191512782435,
      356.191512782435,
      356.191512782435,
      356.191512782435,
      356.191512782435,
      356.191512782435,
      356.191512782435,
      356.191512782435,
      356.191512782435,
      356.191512782435,
      356.191512782435,
      356.191512782435,
      60.90927069265581,
      60.90927069265581,
      60.90927069265581,
      60.90927069265581,
      60.90927069265581,
      60.90927069265581,
      60.90927069265581,
      688.294481438581,
      688.294481438581,
      688.294481438581,
      688.294481438581,
      688.294481438581,
      688.294481438581,
      688.294481438581,
      688.294481438581,
      688.294481438581,
      688.294481438581,
      688.294481438581,
      688.294481438581,
      688.294481438581,
      688.294481438581,
      688.294481438581,
      688.294481438581,
      688.294481438581,
      688.294481438581,
      688.294481438581,
      688.294481438581,
      688.294481438581,
      688.294481438581,
      688.294481438581,
      688.294481438581,
      688.294481438581,
      688.294481438581,
      688.294481438581,
      688.294481438581,
      688.294481438581,
      688.294481438581,
      688.294481438581,
      688.294481438581,
      688.294481438581,
      688.294481438581,
      688.294481438581,
      688.294481438581,
      688.294481438581,
      688.294481438581,
      688.294481438581,
      688.294481438581,
      688.294481438581,
      688.294481438581,
      688.294481438581,
      688.294481438581,
      688.294481438581,
      688.294481438581,
      688.294481438581,
      688.294481438581,
      688.294481438581,
      688.294481438581,
      688.294481438581,
      688.294481438581,
      688.294481438581,
      688.294481438581,
      688.294481438581,
      688.294481438581,
      688.294481438581,
      688.294481438581,
      688.294481438581,
      688.294481438581,
      688.294481438581,
      688.294481438581,
      688.294481438581,
      688.294481438581,
      688.294481438581,
      688.294481438581,
      688.294481438581,
      688.294481438581,
      179.51177598610957,
      179.51177598610957,
      179.51177598610957,
      179.51177598610957,
      179.51177598610957,
      179.51177598610957,
      179.51177598610957,
      179.51177598610957,
      179.51177598610957,
      179.51177598610957,
      179.51177598610957,
      179.51177598610957,
      179.51177598610957,
      179.51177598610957,
      179.51177598610957,
      179.51177598610957,
      179.51177598610957,
      179.51177598610957,
      179.51177598610957,
      53.66179499509417,
      53.66179499509417,
      53.66179499509417,
      53.66179499509417,
      53.66179499509417,
      53.66179499509417,
      55.83156789075838,
      55.83156789075838,
      55.83156789075838,
      55.83156789075838,
      55.83156789075838,
      52.998802740346946,
      52.998802740346946,
      52.998802740346946,
      52.998802740346946,
      52.998802740346946,
      52.998802740346946,
      55.00089180746727,
      55.00089180746727,
      55.00089180746727,
      55.00089180746727,
      55.00089180746727,
      58.46575181665321,
      58.46575181665321,
      58.46575181665321,
      58.46575181665321,
      58.46575181665321,
      58.46575181665321,
      59.77831782517751,
      59.77831782517751,
      59.77831782517751,
      59.77831782517751,
      59.77831782517751,
      59.77831782517751,
      55.23096859858015,
      55.23096859858015,
      55.23096859858015,
      55.23096859858015,
      55.23096859858015,
      55.23096859858015,
      22.90972904955197,
      22.90972904955197,
      56.86638081288402,
      56.86638081288402,
      56.86638081288402,
      56.86638081288402,
      56.86638081288402,
      78.85049566471025,
      78.85049566471025,
      78.85049566471025,
      78.85049566471025,
      78.85049566471025,
      78.85049566471025,
      78.85049566471025,
      78.85049566471025,
      86.29471926761835,
      86.29471926761835,
      86.29471926761835,
      86.29471926761835,
      86.29471926761835,
      86.29471926761835,
      86.29471926761835,
      86.29471926761835,
      86.29471926761835,
      83.49680746765807,
      83.49680746765807,
      83.49680746765807,
      83.49680746765807,
      83.49680746765807,
      83.49680746765807,
      83.49680746765807,
      83.49680746765807,
      86.42617280871673,
      86.42617280871673,
      86.42617280871673,
      86.42617280871673,
      86.42617280871673,
      86.42617280871673,
      86.42617280871673,
      86.42617280871673,
      86.42617280871673,
      84.060076260801,
      84.060076260801,
      84.060076260801,
      84.060076260801,
      84.060076260801,
      84.060076260801,
      84.060076260801,
      84.060076260801,
      97.73282620171449,
      97.73282620171449,
      97.73282620171449,
      97.73282620171449,
      97.73282620171449,
      97.73282620171449,
      97.73282620171449,
      97.73282620171449,
      97.73282620171449,
      97.73282620171449,
      114.059489258545,
      114.059489258545,
      114.059489258545,
      114.059489258545,
      114.059489258545,
      114.059489258545,
      114.059489258545,
      114.059489258545,
      114.059489258545,
      114.059489258545,
      114.059489258545,
      114.059489258545,
      56.709472868773446,
      56.709472868773446,
      56.709472868773446,
      56.709472868773446,
      56.709472868773446,
      56.872447813622784,
      56.872447813622784,
      56.872447813622784,
      56.872447813622784,
      56.872447813622784,
      56.872447813622784,
      44.9017041653442,
      44.9017041653442,
      44.9017041653442,
      44.9017041653442,
      46.53718091845076,
      46.53718091845076,
      46.53718091845076,
      46.53718091845076,
      46.53718091845076,
      31.05593493600827,
      31.05593493600827,
      31.05593493600827,
      32.61777437753517,
      32.61777437753517,
      32.61777437753517,
      53.6935197650655,
      53.6935197650655,
      53.6935197650655,
      53.6935197650655,
      53.6935197650655,
      53.6935197650655,
      53.85402800079464,
      53.85402800079464,
      53.85402800079464,
      53.85402800079464,
      53.85402800079464,
      72.12442265889513,
      72.12442265889513,
      72.12442265889513,
      72.12442265889513,
      72.12442265889513,
      72.12442265889513,
      72.12442265889513,
      59.29227996822192,
      59.29227996822192,
      59.29227996822192,
      59.29227996822192,
      59.29227996822192,
      59.29227996822192,
      62.802117362856734,
      62.802117362856734,
      62.802117362856734,
      62.802117362856734,
      62.802117362856734,
      62.802117362856734,
      62.802117362856734,
      45.2220318054824,
      45.2220318054824,
      45.2220318054824,
      45.2220318054824,
      51.26974743403116,
      51.26974743403116,
      51.26974743403116,
      51.26974743403116,
      51.26974743403116,
      25.000611665713222,
      25.000611665713222,
      25.000611665713222,
      33.039798967558454,
      33.039798967558454,
      33.039798967558454,
      64.53424383234778,
      64.53424383234778,
      64.53424383234778,
      64.53424383234778,
      64.53424383234778,
      64.53424383234778,
      64.53424383234778,
      39.37778545921901,
      39.37778545921901,
      39.37778545921901,
      39.25847307559525,
      39.25847307559525,
      39.25847307559525,
      39.25847307559525,
      53.69163855428087,
      53.69163855428087,
      53.69163855428087,
      53.69163855428087,
      53.69163855428087,
      53.69163855428087,
      27.00096979711998,
      27.00096979711998,
      94.93875350329836,
      94.93875350329836,
      94.93875350329836,
      94.93875350329836,
      94.93875350329836,
      94.93875350329836,
      94.93875350329836,
      94.93875350329836,
      94.93875350329836,
      94.93875350329836,
      93.7384567400477,
      93.7384567400477,
      93.7384567400477,
      93.7384567400477,
      93.7384567400477,
      93.7384567400477,
      93.7384567400477,
      93.7384567400477,
      93.7384567400477,
      90.43872568317056,
      90.43872568317056,
      90.43872568317056,
      90.43872568317056,
      90.43872568317056,
      90.43872568317056,
      90.43872568317056,
      90.43872568317056,
      90.43872568317056,
      134.60965613779808,
      134.60965613779808,
      134.60965613779808,
      134.60965613779808,
      134.60965613779808,
      134.60965613779808,
      134.60965613779808,
      134.60965613779808,
      134.60965613779808,
      134.60965613779808,
      134.60965613779808,
      134.60965613779808,
      134.60965613779808,
      134.60965613779808,
      241.28384000129336,
      241.28384000129336,
      241.28384000129336,
      241.28384000129336,
      241.28384000129336,
      241.28384000129336,
      241.28384000129336,
      241.28384000129336,
      241.28384000129336,
      241.28384000129336,
      241.28384000129336,
      241.28384000129336,
      241.28384000129336,
      241.28384000129336,
      241.28384000129336,
      241.28384000129336,
      241.28384000129336,
      241.28384000129336,
      241.28384000129336,
      241.28384000129336,
      241.28384000129336,
      241.28384000129336,
      241.28384000129336,
      241.28384000129336,
      169.96959982784392,
      169.96959982784392,
      169.96959982784392,
      169.96959982784392,
      169.96959982784392,
      169.96959982784392,
      169.96959982784392,
      169.96959982784392,
      169.96959982784392,
      169.96959982784392,
      169.96959982784392,
      169.96959982784392,
      169.96959982784392,
      169.96959982784392,
      169.96959982784392,
      169.96959982784392,
      169.96959982784392,
      52.75547967404964,
      52.75547967404964,
      52.75547967404964,
      52.75547967404964,
      52.75547967404964,
      51.38222600150584,
      51.38222600150584,
      51.38222600150584,
      51.38222600150584,
      51.38222600150584,
      69.43737810799394,
      69.43737810799394,
      69.43737810799394,
      69.43737810799394,
      69.43737810799394,
      69.43737810799394,
      69.43737810799394,
      68.61301855651254,
      68.61301855651254,
      68.61301855651254,
      68.61301855651254,
      68.61301855651254,
      68.61301855651254,
      68.61301855651254,
      74.45448215140459,
      74.45448215140459,
      74.45448215140459,
      74.45448215140459,
      74.45448215140459,
      74.45448215140459,
      74.45448215140459,
      74.45448215140459,
      50.52434298105254,
      50.52434298105254,
      50.52434298105254,
      50.52434298105254,
      50.52434298105254,
      93.96833883524778,
      93.96833883524778,
      93.96833883524778,
      93.96833883524778,
      93.96833883524778,
      93.96833883524778,
      93.96833883524778,
      93.96833883524778,
      93.96833883524778,
      144.48080636620398,
      144.48080636620398,
      144.48080636620398,
      144.48080636620398,
      144.48080636620398,
      144.48080636620398,
      144.48080636620398,
      144.48080636620398,
      144.48080636620398,
      144.48080636620398,
      144.48080636620398,
      144.48080636620398,
      144.48080636620398,
      144.48080636620398,
      144.48080636620398,
      220.66913982786173,
      220.66913982786173,
      220.66913982786173,
      220.66913982786173,
      220.66913982786173,
      220.66913982786173,
      220.66913982786173,
      220.66913982786173,
      220.66913982786173,
      220.66913982786173,
      220.66913982786173,
      220.66913982786173,
      220.66913982786173,
      220.66913982786173,
      220.66913982786173,
      220.66913982786173,
      220.66913982786173,
      220.66913982786173,
      220.66913982786173,
      220.66913982786173,
      220.66913982786173,
      220.66913982786173,
      397.76884434210297,
      397.76884434210297,
      397.76884434210297,
      397.76884434210297,
      397.76884434210297,
      397.76884434210297,
      397.76884434210297,
      397.76884434210297,
      397.76884434210297,
      397.76884434210297,
      397.76884434210297,
      397.76884434210297,
      397.76884434210297,
      397.76884434210297,
      397.76884434210297,
      397.76884434210297,
      397.76884434210297,
      397.76884434210297,
      397.76884434210297,
      397.76884434210297,
      397.76884434210297,
      397.76884434210297,
      397.76884434210297,
      397.76884434210297,
      397.76884434210297,
      397.76884434210297,
      397.76884434210297,
      397.76884434210297,
      397.76884434210297,
      397.76884434210297,
      397.76884434210297,
      397.76884434210297,
      397.76884434210297,
      397.76884434210297,
      397.76884434210297,
      397.76884434210297,
      397.76884434210297,
      397.76884434210297,
      397.76884434210297,
      876.0820305560228,
      876.0820305560228,
      876.0820305560228,
      876.0820305560228,
      876.0820305560228,
      876.0820305560228,
      876.0820305560228,
      876.0820305560228,
      876.0820305560228,
      876.0820305560228,
      876.0820305560228,
      876.0820305560228,
      876.0820305560228,
      876.0820305560228,
      876.0820305560228,
      876.0820305560228,
      876.0820305560228,
      876.0820305560228,
      876.0820305560228,
      876.0820305560228,
      876.0820305560228,
      876.0820305560228,
      876.0820305560228,
      876.0820305560228,
      876.0820305560228,
      876.0820305560228,
      876.0820305560228,
      876.0820305560228,
      876.0820305560228,
      876.0820305560228,
      876.0820305560228,
      876.0820305560228,
      876.0820305560228,
      876.0820305560228,
      876.0820305560228,
      876.0820305560228,
      876.0820305560228,
      876.0820305560228,
      876.0820305560228,
      876.0820305560228,
      876.0820305560228,
      876.0820305560228,
      876.0820305560228,
      876.0820305560228,
      876.0820305560228,
      876.0820305560228,
      876.0820305560228,
      876.0820305560228,
      876.0820305560228,
      876.0820305560228,
      876.0820305560228,
      876.0820305560228,
      876.0820305560228,
      876.0820305560228,
      876.0820305560228,
      876.0820305560228,
      876.0820305560228,
      876.0820305560228,
      876.0820305560228,
      876.0820305560228,
      876.0820305560228,
      876.0820305560228,
      876.0820305560228,
      876.0820305560228,
      876.0820305560228,
      876.0820305560228,
      876.0820305560228,
      876.0820305560228,
      876.0820305560228,
      876.0820305560228,
      876.0820305560228,
      876.0820305560228,
      876.0820305560228,
      876.0820305560228,
      876.0820305560228,
      876.0820305560228,
      876.0820305560228,
      876.0820305560228,
      876.0820305560228,
      876.0820305560228,
      876.0820305560228,
      876.0820305560228,
      876.0820305560228,
      876.0820305560228,
      876.0820305560228,
      876.0820305560228,
      876.0820305560228,
      876.0820305560228,
      89.50110621590647,
      89.50110621590647,
      89.50110621590647,
      89.50110621590647,
      89.50110621590647,
      89.50110621590647,
      89.50110621590647,
      89.50110621590647,
      89.50110621590647,
      75.36466141756318,
      75.36466141756318,
      75.36466141756318,
      75.36466141756318,
      75.36466141756318,
      75.36466141756318,
      75.36466141756318,
      41.08074165677135,
      41.08074165677135,
      41.08074165677135,
      41.08074165677135,
      41.08074165677135,
      44.991896931827796,
      44.991896931827796,
      44.991896931827796,
      44.991896931827796,
      45.95729733083135,
      45.95729733083135,
      45.95729733083135,
      45.95729733083135,
      45.95729733083135,
      35.17315605288786,
      35.17315605288786,
      35.17315605288786,
      47.48563168246619,
      47.48563168246619,
      47.48563168246619,
      47.48563168246619,
      47.48563168246619,
      48.01253420237845,
      48.01253420237845,
      48.01253420237845,
      48.01253420237845,
      48.01253420237845,
      60.610025778580166,
      60.610025778580166,
      60.610025778580166,
      60.610025778580166,
      60.610025778580166,
      60.610025778580166,
      63.42991163314764,
      63.42991163314764,
      63.42991163314764,
      63.42991163314764,
      63.42991163314764,
      63.42991163314764,
      496.0450898748295,
      496.0450898748295,
      496.0450898748295,
      496.0450898748295,
      496.0450898748295,
      496.0450898748295,
      496.0450898748295,
      496.0450898748295,
      496.0450898748295,
      496.0450898748295,
      496.0450898748295,
      496.0450898748295,
      496.0450898748295,
      496.0450898748295,
      496.0450898748295,
      496.0450898748295,
      496.0450898748295,
      496.0450898748295,
      496.0450898748295,
      496.0450898748295,
      496.0450898748295,
      496.0450898748295,
      496.0450898748295,
      496.0450898748295,
      496.0450898748295,
      496.0450898748295,
      496.0450898748295,
      496.0450898748295,
      496.0450898748295,
      496.0450898748295,
      496.0450898748295,
      496.0450898748295,
      496.0450898748295,
      496.0450898748295,
      496.0450898748295,
      496.0450898748295,
      496.0450898748295,
      496.0450898748295,
      496.0450898748295,
      496.0450898748295,
      496.0450898748295,
      496.0450898748295,
      496.0450898748295,
      496.0450898748295,
      496.0450898748295,
      496.0450898748295,
      496.0450898748295,
      496.0450898748295,
      496.0450898748295,
      496.0450898748295,
      56.15079623301244,
      56.15079623301244,
      56.15079623301244,
      56.15079623301244,
      56.15079623301244,
      28.250843401667225,
      28.250843401667225,
      28.250843401667225,
      27.114364414484953,
      27.114364414484953,
      27.114364414484953,
      32.665041881537036,
      32.665041881537036,
      32.665041881537036,
      31.977718930376795,
      31.977718930376795,
      31.977718930376795,
      30.140466473425477,
      30.140466473425477,
      30.140466473425477,
      29.804840103652168,
      29.804840103652168,
      29.804840103652168,
      48.413294717689496,
      48.413294717689496,
      48.413294717689496,
      48.413294717689496,
      48.413294717689496,
      47.66253587527535,
      47.66253587527535,
      47.66253587527535,
      47.66253587527535,
      47.66253587527535,
      50.49351839829251,
      50.49351839829251,
      50.49351839829251,
      50.49351839829251,
      50.49351839829251,
      47.202710979003314,
      47.202710979003314,
      47.202710979003314,
      47.202710979003314,
      47.202710979003314,
      27.421355935148313,
      27.421355935148313,
      28.214959975683087,
      28.214959975683087,
      28.214959975683087,
      29.31942632772916,
      29.31942632772916,
      29.31942632772916,
      30.025937358968804,
      30.025937358968804,
      30.025937358968804,
      31.76009292467461,
      31.76009292467461,
      31.76009292467461,
      32.98318989855761,
      32.98318989855761,
      32.98318989855761,
      32.98318989855761,
      66.73837689372886,
      66.73837689372886,
      66.73837689372886,
      66.73837689372886,
      66.73837689372886,
      66.73837689372886,
      30.494025572361352,
      30.494025572361352,
      30.494025572361352,
      31.45875404227627,
      31.45875404227627,
      31.45875404227627,
      31.45875404227627,
      34.980486827886125,
      34.980486827886125,
      34.980486827886125,
      35.063087095948504,
      35.063087095948504,
      35.063087095948504,
      35.063087095948504,
      37.336529802423684,
      37.336529802423684,
      37.336529802423684,
      37.954707261595104,
      37.954707261595104,
      37.954707261595104,
      37.954707261595104,
      195.39492479994988,
      195.39492479994988,
      195.39492479994988,
      195.39492479994988,
      195.39492479994988,
      195.39492479994988,
      195.39492479994988,
      195.39492479994988,
      195.39492479994988,
      195.39492479994988,
      195.39492479994988,
      195.39492479994988,
      195.39492479994988,
      195.39492479994988,
      195.39492479994988,
      195.39492479994988,
      195.39492479994988,
      195.39492479994988,
      195.39492479994988,
      195.39492479994988,
      19.711835535443242,
      19.711835535443242,
      19.711835535443242,
      138.78637734569747,
      138.78637734569747,
      138.78637734569747,
      138.78637734569747,
      138.78637734569747,
      138.78637734569747,
      138.78637734569747,
      138.78637734569747,
      138.78637734569747,
      138.78637734569747,
      138.78637734569747,
      138.78637734569747,
      138.78637734569747,
      138.78637734569747,
      293.156969551128,
      293.156969551128,
      293.156969551128,
      293.156969551128,
      293.156969551128,
      293.156969551128,
      293.156969551128,
      293.156969551128,
      293.156969551128,
      293.156969551128,
      293.156969551128,
      293.156969551128,
      293.156969551128,
      293.156969551128,
      293.156969551128,
      293.156969551128,
      293.156969551128,
      293.156969551128,
      293.156969551128,
      293.156969551128,
      293.156969551128,
      293.156969551128,
      293.156969551128,
      293.156969551128,
      293.156969551128,
      293.156969551128,
      293.156969551128,
      293.156969551128,
      293.156969551128,
      293.156969551128,
      60.96846722540795,
      60.96846722540795,
      60.96846722540795,
      60.96846722540795,
      60.96846722540795,
      60.96846722540795,
      44.64502631531104,
      44.64502631531104,
      44.64502631531104,
      44.64502631531104,
      45.639877071760566,
      45.639877071760566,
      45.639877071760566,
      45.639877071760566,
      45.639877071760566,
      31.472576195452348,
      31.472576195452348,
      31.472576195452348,
      31.80157211461301,
      31.80157211461301,
      31.80157211461301,
      25.260046795860035,
      25.260046795860035,
      25.260046795860035,
      39.5353799403274,
      39.5353799403274,
      39.5353799403274,
      39.5353799403274,
      51.61032507618074,
      51.61032507618074,
      51.61032507618074,
      51.61032507618074,
      51.61032507618074,
      32.831468407192006,
      32.831468407192006,
      32.831468407192006,
      33.649348854462005,
      33.649348854462005,
      33.649348854462005,
      33.649348854462005,
      26.70380463670881,
      26.70380463670881,
      26.901328240481234,
      26.901328240481234,
      26.901328240481234,
      67.14912682242357,
      67.14912682242357,
      67.14912682242357,
      67.14912682242357,
      67.14912682242357,
      67.14912682242357,
      67.14912682242357,
      67.78913254788131,
      67.78913254788131,
      67.78913254788131,
      67.78913254788131,
      67.78913254788131,
      67.78913254788131,
      381.6902961557025,
      381.6902961557025,
      381.6902961557025,
      381.6902961557025,
      381.6902961557025,
      381.6902961557025,
      381.6902961557025,
      381.6902961557025,
      381.6902961557025,
      381.6902961557025,
      381.6902961557025,
      381.6902961557025,
      381.6902961557025,
      381.6902961557025,
      381.6902961557025,
      381.6902961557025,
      381.6902961557025,
      381.6902961557025,
      381.6902961557025,
      381.6902961557025,
      381.6902961557025,
      381.6902961557025,
      381.6902961557025,
      381.6902961557025,
      381.6902961557025,
      381.6902961557025,
      381.6902961557025,
      381.6902961557025,
      381.6902961557025,
      381.6902961557025,
      381.6902961557025,
      381.6902961557025,
      381.6902961557025,
      381.6902961557025,
      381.6902961557025,
      381.6902961557025,
      381.6902961557025,
      381.6902961557025,
      381.6902961557025,
      60.30479657583419,
      60.30479657583419,
      60.30479657583419,
      60.30479657583419,
      60.30479657583419,
      60.30479657583419,
      60.30479657583419,
      49.67574506373421,
      49.67574506373421,
      49.67574506373421,
      49.67574506373421,
      49.67574506373421,
      49.67574506373421,
      22.801967308685562,
      22.801967308685562,
      250.1228058422348,
      250.1228058422348,
      250.1228058422348,
      250.1228058422348,
      250.1228058422348,
      250.1228058422348,
      250.1228058422348,
      250.1228058422348,
      250.1228058422348,
      250.1228058422348,
      250.1228058422348,
      250.1228058422348,
      250.1228058422348,
      250.1228058422348,
      250.1228058422348,
      250.1228058422348,
      250.1228058422348,
      250.1228058422348,
      250.1228058422348,
      250.1228058422348,
      250.1228058422348,
      250.1228058422348,
      250.1228058422348,
      250.1228058422348,
      250.1228058422348,
      413.7262638055763,
      413.7262638055763,
      413.7262638055763,
      413.7262638055763,
      413.7262638055763,
      413.7262638055763,
      413.7262638055763,
      413.7262638055763,
      413.7262638055763,
      413.7262638055763,
      413.7262638055763,
      413.7262638055763,
      413.7262638055763,
      413.7262638055763,
      413.7262638055763,
      413.7262638055763,
      413.7262638055763,
      413.7262638055763,
      413.7262638055763,
      413.7262638055763,
      413.7262638055763,
      413.7262638055763,
      413.7262638055763,
      413.7262638055763,
      413.7262638055763,
      413.7262638055763,
      413.7262638055763,
      413.7262638055763,
      413.7262638055763,
      413.7262638055763,
      413.7262638055763,
      413.7262638055763,
      413.7262638055763,
      413.7262638055763,
      413.7262638055763,
      413.7262638055763,
      413.7262638055763,
      413.7262638055763,
      413.7262638055763,
      413.7262638055763,
      413.7262638055763,
      90.41224227095518,
      90.41224227095518,
      90.41224227095518,
      90.41224227095518,
      90.41224227095518,
      90.41224227095518,
      90.41224227095518,
      90.41224227095518,
      90.41224227095518,
      51.02950373798376,
      51.02950373798376,
      51.02950373798376,
      51.02950373798376,
      51.02950373798376,
      50.92208797618878,
      50.92208797618878,
      50.92208797618878,
      50.92208797618878,
      50.92208797618878,
      50.86123786301323,
      50.86123786301323,
      50.86123786301323,
      50.86123786301323,
      50.86123786301323,
      50.86123786301323,
      51.00915443769554,
      51.00915443769554,
      51.00915443769554,
      51.00915443769554,
      51.00915443769554,
      60.164713972557365,
      60.164713972557365,
      60.164713972557365,
      60.164713972557365,
      60.164713972557365,
      60.164713972557365,
      29.460385031245096,
      29.460385031245096,
      29.460385031245096,
      29.36493824558056,
      29.36493824558056,
      29.36493824558056,
      27.62112250039354,
      27.62112250039354,
      27.703572267077107,
      27.703572267077107,
      27.703572267077107,
      41.76419999282734,
      41.76419999282734,
      41.76419999282734,
      41.76419999282734,
      38.74190226018982,
      38.74190226018982,
      38.74190226018982,
      38.74190226018982,
      64.0577121900642,
      64.0577121900642,
      64.0577121900642,
      64.0577121900642,
      64.0577121900642,
      64.0577121900642,
      64.0577121900642,
      41.59909032938231,
      41.59909032938231,
      41.59909032938231,
      41.59909032938231,
      227.58250591189426,
      227.58250591189426,
      227.58250591189426,
      227.58250591189426,
      227.58250591189426,
      227.58250591189426,
      227.58250591189426,
      227.58250591189426,
      227.58250591189426,
      227.58250591189426,
      227.58250591189426,
      227.58250591189426,
      227.58250591189426,
      227.58250591189426,
      227.58250591189426,
      227.58250591189426,
      227.58250591189426,
      227.58250591189426,
      227.58250591189426,
      227.58250591189426,
      227.58250591189426,
      227.58250591189426,
      56.21611101655435,
      56.21611101655435,
      56.21611101655435,
      56.21611101655435,
      56.21611101655435,
      56.21611101655435,
      133.60119966618367,
      133.60119966618367,
      133.60119966618367,
      133.60119966618367,
      133.60119966618367,
      133.60119966618367,
      133.60119966618367,
      133.60119966618367,
      133.60119966618367,
      133.60119966618367,
      133.60119966618367,
      133.60119966618367,
      133.60119966618367,
      128.8879448609987,
      128.8879448609987,
      128.8879448609987,
      128.8879448609987,
      128.8879448609987,
      128.8879448609987,
      128.8879448609987,
      128.8879448609987,
      128.8879448609987,
      128.8879448609987,
      128.8879448609987,
      128.8879448609987,
      128.8879448609987,
      82.54507387689955,
      82.54507387689955,
      82.54507387689955,
      82.54507387689955,
      82.54507387689955,
      82.54507387689955,
      82.54507387689955,
      82.54507387689955,
      82.54507387689955,
      57.02348543471817,
      57.02348543471817,
      57.02348543471817,
      57.02348543471817,
      57.02348543471817,
      12.706902809426538,
      12.706902809426538,
      12.706902809426538,
      102.78960424898833,
      102.78960424898833,
      102.78960424898833,
      102.78960424898833,
      102.78960424898833,
      102.78960424898833,
      102.78960424898833,
      102.78960424898833,
      102.78960424898833,
      102.78960424898833,
      47.21575163147281,
      47.21575163147281,
      47.21575163147281,
      47.21575163147281,
      47.21575163147281,
      80.74099387870228,
      80.74099387870228,
      80.74099387870228,
      80.74099387870228,
      80.74099387870228,
      80.74099387870228,
      80.74099387870228,
      80.74099387870228,
      80.74099387870228,
      80.74099387870228,
      397.3048794851238,
      397.3048794851238,
      397.3048794851238,
      397.3048794851238,
      397.3048794851238,
      397.3048794851238,
      397.3048794851238,
      397.3048794851238,
      397.3048794851238,
      397.3048794851238,
      397.3048794851238,
      397.3048794851238,
      397.3048794851238,
      397.3048794851238,
      397.3048794851238,
      397.3048794851238,
      397.3048794851238,
      397.3048794851238,
      397.3048794851238,
      397.3048794851238,
      397.3048794851238,
      397.3048794851238,
      397.3048794851238,
      397.3048794851238,
      397.3048794851238,
      397.3048794851238,
      397.3048794851238,
      397.3048794851238,
      397.3048794851238,
      397.3048794851238,
      397.3048794851238,
      397.3048794851238,
      397.3048794851238,
      397.3048794851238,
      397.3048794851238,
      397.3048794851238,
      397.3048794851238,
      397.3048794851238,
      397.3048794851238,
      45.49344101670431,
      45.49344101670431,
      45.49344101670431,
      45.49344101670431,
      45.49344101670431,
      100.22065116442536,
      100.22065116442536,
      100.22065116442536,
      100.22065116442536,
      100.22065116442536,
      100.22065116442536,
      100.22065116442536,
      100.22065116442536,
      100.22065116442536,
      100.22065116442536,
      64.71778830762196,
      64.71778830762196,
      64.71778830762196,
      64.71778830762196,
      64.71778830762196,
      64.71778830762196,
      489.3131559801659,
      489.3131559801659,
      489.3131559801659,
      489.3131559801659,
      489.3131559801659,
      489.3131559801659,
      489.3131559801659,
      489.3131559801659,
      489.3131559801659,
      489.3131559801659,
      489.3131559801659,
      489.3131559801659,
      489.3131559801659,
      489.3131559801659,
      489.3131559801659,
      489.3131559801659,
      489.3131559801659,
      489.3131559801659,
      489.3131559801659,
      489.3131559801659,
      489.3131559801659,
      489.3131559801659,
      489.3131559801659,
      489.3131559801659,
      489.3131559801659,
      489.3131559801659,
      489.3131559801659,
      489.3131559801659,
      489.3131559801659,
      489.3131559801659,
      489.3131559801659,
      489.3131559801659,
      489.3131559801659,
      489.3131559801659,
      489.3131559801659,
      489.3131559801659,
      489.3131559801659,
      489.3131559801659,
      489.3131559801659,
      489.3131559801659,
      489.3131559801659,
      489.3131559801659,
      489.3131559801659,
      489.3131559801659,
      489.3131559801659,
      489.3131559801659,
      489.3131559801659,
      489.3131559801659,
      489.3131559801659,
      204.23319939093926,
      204.23319939093926,
      204.23319939093926,
      204.23319939093926,
      204.23319939093926,
      204.23319939093926,
      204.23319939093926,
      204.23319939093926,
      204.23319939093926,
      204.23319939093926,
      204.23319939093926,
      204.23319939093926,
      204.23319939093926,
      204.23319939093926,
      204.23319939093926,
      204.23319939093926,
      204.23319939093926,
      204.23319939093926,
      204.23319939093926,
      204.23319939093926,
      204.23319939093926,
      355.37457284883567,
      355.37457284883567,
      355.37457284883567,
      355.37457284883567,
      355.37457284883567,
      355.37457284883567,
      355.37457284883567,
      355.37457284883567,
      355.37457284883567,
      355.37457284883567,
      355.37457284883567,
      355.37457284883567,
      355.37457284883567,
      355.37457284883567,
      355.37457284883567,
      355.37457284883567,
      355.37457284883567,
      355.37457284883567,
      355.37457284883567,
      355.37457284883567,
      355.37457284883567,
      355.37457284883567,
      355.37457284883567,
      355.37457284883567,
      355.37457284883567,
      355.37457284883567,
      355.37457284883567,
      355.37457284883567,
      355.37457284883567,
      355.37457284883567,
      355.37457284883567,
      355.37457284883567,
      355.37457284883567,
      355.37457284883567,
      355.37457284883567,
      355.5649944085526,
      355.5649944085526,
      355.5649944085526,
      355.5649944085526,
      355.5649944085526,
      355.5649944085526,
      355.5649944085526,
      355.5649944085526,
      355.5649944085526,
      355.5649944085526,
      355.5649944085526,
      355.5649944085526,
      355.5649944085526,
      355.5649944085526,
      355.5649944085526,
      355.5649944085526,
      355.5649944085526,
      355.5649944085526,
      355.5649944085526,
      355.5649944085526,
      355.5649944085526,
      355.5649944085526,
      355.5649944085526,
      355.5649944085526,
      355.5649944085526,
      355.5649944085526,
      355.5649944085526,
      355.5649944085526,
      355.5649944085526,
      355.5649944085526,
      355.5649944085526,
      355.5649944085526,
      355.5649944085526,
      355.5649944085526,
      355.5649944085526,
      355.5649944085526,
      59.57341555656603,
      59.57341555656603,
      59.57341555656603,
      59.57341555656603,
      59.57341555656603,
      59.57341555656603,
      60.14531393994912,
      60.14531393994912,
      60.14531393994912,
      60.14531393994912,
      60.14531393994912,
      60.14531393994912,
      124.25220399322643,
      124.25220399322643,
      124.25220399322643,
      124.25220399322643,
      124.25220399322643,
      124.25220399322643,
      124.25220399322643,
      124.25220399322643,
      124.25220399322643,
      124.25220399322643,
      124.25220399322643,
      124.25220399322643,
      522.1263132234526,
      522.1263132234526,
      522.1263132234526,
      522.1263132234526,
      522.1263132234526,
      522.1263132234526,
      522.1263132234526,
      522.1263132234526,
      522.1263132234526,
      522.1263132234526,
      522.1263132234526,
      522.1263132234526,
      522.1263132234526,
      522.1263132234526,
      522.1263132234526,
      522.1263132234526,
      522.1263132234526,
      522.1263132234526,
      522.1263132234526,
      522.1263132234526,
      522.1263132234526,
      522.1263132234526,
      522.1263132234526,
      522.1263132234526,
      522.1263132234526,
      522.1263132234526,
      522.1263132234526,
      522.1263132234526,
      522.1263132234526,
      522.1263132234526,
      522.1263132234526,
      522.1263132234526,
      522.1263132234526,
      522.1263132234526,
      522.1263132234526,
      522.1263132234526,
      522.1263132234526,
      522.1263132234526,
      522.1263132234526,
      522.1263132234526,
      522.1263132234526,
      522.1263132234526,
      522.1263132234526,
      522.1263132234526,
      522.1263132234526,
      522.1263132234526,
      522.1263132234526,
      522.1263132234526,
      522.1263132234526,
      522.1263132234526,
      522.1263132234526,
      522.1263132234526,
      202.0539589590262,
      202.0539589590262,
      202.0539589590262,
      202.0539589590262,
      202.0539589590262,
      202.0539589590262,
      202.0539589590262,
      202.0539589590262,
      202.0539589590262,
      202.0539589590262,
      202.0539589590262,
      202.0539589590262,
      202.0539589590262,
      202.0539589590262,
      202.0539589590262,
      202.0539589590262,
      202.0539589590262,
      202.0539589590262,
      202.0539589590262,
      202.0539589590262,
      202.0539589590262,
      847.5936290735262,
      847.5936290735262,
      847.5936290735262,
      847.5936290735262,
      847.5936290735262,
      847.5936290735262,
      847.5936290735262,
      847.5936290735262,
      847.5936290735262,
      847.5936290735262,
      847.5936290735262,
      847.5936290735262,
      847.5936290735262,
      847.5936290735262,
      847.5936290735262,
      847.5936290735262,
      847.5936290735262,
      847.5936290735262,
      847.5936290735262,
      847.5936290735262,
      847.5936290735262,
      847.5936290735262,
      847.5936290735262,
      847.5936290735262,
      847.5936290735262,
      847.5936290735262,
      847.5936290735262,
      847.5936290735262,
      847.5936290735262,
      847.5936290735262,
      847.5936290735262,
      847.5936290735262,
      847.5936290735262,
      847.5936290735262,
      847.5936290735262,
      847.5936290735262,
      847.5936290735262,
      847.5936290735262,
      847.5936290735262,
      847.5936290735262,
      847.5936290735262,
      847.5936290735262,
      847.5936290735262,
      847.5936290735262,
      847.5936290735262,
      847.5936290735262,
      847.5936290735262,
      847.5936290735262,
      847.5936290735262,
      847.5936290735262,
      847.5936290735262,
      847.5936290735262,
      847.5936290735262,
      847.5936290735262,
      847.5936290735262,
      847.5936290735262,
      847.5936290735262,
      847.5936290735262,
      847.5936290735262,
      847.5936290735262,
      847.5936290735262,
      847.5936290735262,
      847.5936290735262,
      847.5936290735262,
      847.5936290735262,
      847.5936290735262,
      847.5936290735262,
      847.5936290735262,
      847.5936290735262,
      847.5936290735262,
      847.5936290735262,
      847.5936290735262,
      847.5936290735262,
      847.5936290735262,
      847.5936290735262,
      847.5936290735262,
      847.5936290735262,
      847.5936290735262,
      847.5936290735262,
      847.5936290735262,
      847.5936290735262,
      847.5936290735262,
      847.5936290735262,
      847.5936290735262,
      361.7228163716318,
      361.7228163716318,
      361.7228163716318,
      361.7228163716318,
      361.7228163716318,
      361.7228163716318,
      361.7228163716318,
      361.7228163716318,
      361.7228163716318,
      361.7228163716318,
      361.7228163716318,
      361.7228163716318,
      361.7228163716318,
      361.7228163716318,
      361.7228163716318,
      361.7228163716318,
      361.7228163716318,
      361.7228163716318,
      361.7228163716318,
      361.7228163716318,
      361.7228163716318,
      361.7228163716318,
      361.7228163716318,
      361.7228163716318,
      361.7228163716318,
      361.7228163716318,
      361.7228163716318,
      361.7228163716318,
      361.7228163716318,
      361.7228163716318,
      361.7228163716318,
      361.7228163716318,
      361.7228163716318,
      361.7228163716318,
      361.7228163716318,
      361.7228163716318,
      361.7228163716318,
      138.2613962059877,
      138.2613962059877,
      138.2613962059877,
      138.2613962059877,
      138.2613962059877,
      138.2613962059877,
      138.2613962059877,
      138.2613962059877,
      138.2613962059877,
      138.2613962059877,
      138.2613962059877,
      138.2613962059877,
      138.2613962059877,
      68.56990807419425,
      68.56990807419425,
      68.56990807419425,
      68.56990807419425,
      68.56990807419425,
      68.56990807419425,
      68.56990807419425,
      61.85082610443351,
      61.85082610443351,
      61.85082610443351,
      61.85082610443351,
      61.85082610443351,
      61.85082610443351,
      61.72057169846812,
      61.72057169846812,
      61.72057169846812,
      61.72057169846812,
      61.72057169846812,
      61.72057169846812,
      61.72057169846812,
      1101.5423032680483,
      1101.5423032680483,
      1101.5423032680483,
      1101.5423032680483,
      1101.5423032680483,
      1101.5423032680483,
      1101.5423032680483,
      1101.5423032680483,
      1101.5423032680483,
      1101.5423032680483,
      1101.5423032680483,
      1101.5423032680483,
      1101.5423032680483,
      1101.5423032680483,
      1101.5423032680483,
      1101.5423032680483,
      1101.5423032680483,
      1101.5423032680483,
      1101.5423032680483,
      1101.5423032680483,
      1101.5423032680483,
      1101.5423032680483,
      1101.5423032680483,
      1101.5423032680483,
      1101.5423032680483,
      1101.5423032680483,
      1101.5423032680483,
      1101.5423032680483,
      1101.5423032680483,
      1101.5423032680483,
      1101.5423032680483,
      1101.5423032680483,
      1101.5423032680483,
      1101.5423032680483,
      1101.5423032680483,
      1101.5423032680483,
      1101.5423032680483,
      1101.5423032680483,
      1101.5423032680483,
      1101.5423032680483,
      1101.5423032680483,
      1101.5423032680483,
      1101.5423032680483,
      1101.5423032680483,
      1101.5423032680483,
      1101.5423032680483,
      1101.5423032680483,
      1101.5423032680483,
      1101.5423032680483,
      1101.5423032680483,
      1101.5423032680483,
      1101.5423032680483,
      1101.5423032680483,
      1101.5423032680483,
      1101.5423032680483,
      1101.5423032680483,
      1101.5423032680483,
      1101.5423032680483,
      1101.5423032680483,
      1101.5423032680483,
      1101.5423032680483,
      1101.5423032680483,
      1101.5423032680483,
      1101.5423032680483,
      1101.5423032680483,
      1101.5423032680483,
      1101.5423032680483,
      1101.5423032680483,
      1101.5423032680483,
      1101.5423032680483,
      1101.5423032680483,
      1101.5423032680483,
      1101.5423032680483,
      1101.5423032680483,
      1101.5423032680483,
      1101.5423032680483,
      1101.5423032680483,
      1101.5423032680483,
      1101.5423032680483,
      1101.5423032680483,
      1101.5423032680483,
      1101.5423032680483,
      1101.5423032680483,
      1101.5423032680483,
      1101.5423032680483,
      1101.5423032680483,
      1101.5423032680483,
      1101.5423032680483,
      1101.5423032680483,
      1101.5423032680483,
      1101.5423032680483,
      1101.5423032680483,
      1101.5423032680483,
      1101.5423032680483,
      1101.5423032680483,
      1101.5423032680483,
      1101.5423032680483,
      1101.5423032680483,
      1101.5423032680483,
      1101.5423032680483,
      1101.5423032680483,
      1101.5423032680483,
      1101.5423032680483,
      1101.5423032680483,
      1101.5423032680483,
      1101.5423032680483,
      1101.5423032680483,
      1101.5423032680483,
      1101.5423032680483,
      1101.5423032680483,
      116.2870915709027,
      116.2870915709027,
      116.2870915709027,
      116.2870915709027,
      116.2870915709027,
      116.2870915709027,
      116.2870915709027,
      116.2870915709027,
      116.2870915709027,
      116.2870915709027,
      116.2870915709027,
      54.96470590332319,
      54.96470590332319,
      54.96470590332319,
      54.96470590332319,
      54.96470590332319,
      54.96470590332319,
      55.80817835558628,
      55.80817835558628,
      55.80817835558628,
      55.80817835558628,
      55.80817835558628,
      55.80817835558628,
      289.89729118657124,
      289.89729118657124,
      289.89729118657124,
      289.89729118657124,
      289.89729118657124,
      289.89729118657124,
      289.89729118657124,
      289.89729118657124,
      289.89729118657124,
      289.89729118657124,
      289.89729118657124,
      289.89729118657124,
      289.89729118657124,
      289.89729118657124,
      289.89729118657124,
      289.89729118657124,
      289.89729118657124,
      289.89729118657124,
      289.89729118657124,
      289.89729118657124,
      289.89729118657124,
      289.89729118657124,
      289.89729118657124,
      289.89729118657124,
      289.89729118657124,
      289.89729118657124,
      289.89729118657124,
      289.89729118657124,
      289.89729118657124,
      86.24861637516733,
      86.24861637516733,
      86.24861637516733,
      86.24861637516733,
      86.24861637516733,
      86.24861637516733,
      86.24861637516733,
      86.24861637516733,
      227.68032940202465,
      227.68032940202465,
      227.68032940202465,
      227.68032940202465,
      227.68032940202465,
      227.68032940202465,
      227.68032940202465,
      227.68032940202465,
      227.68032940202465,
      227.68032940202465,
      227.68032940202465,
      227.68032940202465,
      227.68032940202465,
      227.68032940202465,
      227.68032940202465,
      227.68032940202465,
      227.68032940202465,
      227.68032940202465,
      227.68032940202465,
      227.68032940202465,
      227.68032940202465,
      227.68032940202465,
      227.68032940202465,
      290.69215992542377,
      290.69215992542377,
      290.69215992542377,
      290.69215992542377,
      290.69215992542377,
      290.69215992542377,
      290.69215992542377,
      290.69215992542377,
      290.69215992542377,
      290.69215992542377,
      290.69215992542377,
      290.69215992542377,
      290.69215992542377,
      290.69215992542377,
      290.69215992542377,
      290.69215992542377,
      290.69215992542377,
      290.69215992542377,
      290.69215992542377,
      290.69215992542377,
      290.69215992542377,
      290.69215992542377,
      290.69215992542377,
      290.69215992542377,
      290.69215992542377,
      290.69215992542377,
      290.69215992542377,
      290.69215992542377,
      290.69215992542377,
      205.27970556650325,
      205.27970556650325,
      205.27970556650325,
      205.27970556650325,
      205.27970556650325,
      205.27970556650325,
      205.27970556650325,
      205.27970556650325,
      205.27970556650325,
      205.27970556650325,
      205.27970556650325,
      205.27970556650325,
      205.27970556650325,
      205.27970556650325,
      205.27970556650325,
      205.27970556650325,
      205.27970556650325,
      205.27970556650325,
      205.27970556650325,
      205.27970556650325,
      56.03431506935158,
      56.03431506935158,
      56.03431506935158,
      56.03431506935158,
      56.03431506935158,
      56.03431506935158,
      55.553129527834244,
      55.553129527834244,
      55.553129527834244,
      55.553129527834244,
      55.553129527834244,
      55.553129527834244,
      155.6412153850215,
      155.6412153850215,
      155.6412153850215,
      155.6412153850215,
      155.6412153850215,
      155.6412153850215,
      155.6412153850215,
      155.6412153850215,
      155.6412153850215,
      155.6412153850215,
      155.6412153850215,
      155.6412153850215,
      155.6412153850215,
      155.6412153850215,
      155.6412153850215,
      211.65102003960783,
      211.65102003960783,
      211.65102003960783,
      211.65102003960783,
      211.65102003960783,
      211.65102003960783,
      211.65102003960783,
      211.65102003960783,
      211.65102003960783,
      211.65102003960783,
      211.65102003960783,
      211.65102003960783,
      211.65102003960783,
      211.65102003960783,
      211.65102003960783,
      211.65102003960783,
      211.65102003960783,
      211.65102003960783,
      211.65102003960783,
      211.65102003960783,
      211.65102003960783,
      341.52488153251034,
      341.52488153251034,
      341.52488153251034,
      341.52488153251034,
      341.52488153251034,
      341.52488153251034,
      341.52488153251034,
      341.52488153251034,
      341.52488153251034,
      341.52488153251034,
      341.52488153251034,
      341.52488153251034,
      341.52488153251034,
      341.52488153251034,
      341.52488153251034,
      341.52488153251034,
      341.52488153251034,
      341.52488153251034,
      341.52488153251034,
      341.52488153251034,
      341.52488153251034,
      341.52488153251034,
      341.52488153251034,
      341.52488153251034,
      341.52488153251034,
      341.52488153251034,
      341.52488153251034,
      341.52488153251034,
      341.52488153251034,
      341.52488153251034,
      341.52488153251034,
      341.52488153251034,
      341.52488153251034,
      341.52488153251034,
      341.52488153251034,
      137.5582862521769,
      137.5582862521769,
      137.5582862521769,
      137.5582862521769,
      137.5582862521769,
      137.5582862521769,
      137.5582862521769,
      137.5582862521769,
      137.5582862521769,
      137.5582862521769,
      137.5582862521769,
      137.5582862521769,
      137.5582862521769,
      129.85205633189616,
      129.85205633189616,
      129.85205633189616,
      129.85205633189616,
      129.85205633189616,
      129.85205633189616,
      129.85205633189616,
      129.85205633189616,
      129.85205633189616,
      129.85205633189616,
      129.85205633189616,
      129.85205633189616,
      129.85205633189616,
      194.5784356015065,
      194.5784356015065,
      194.5784356015065,
      194.5784356015065,
      194.5784356015065,
      194.5784356015065,
      194.5784356015065,
      194.5784356015065,
      194.5784356015065,
      194.5784356015065,
      194.5784356015065,
      194.5784356015065,
      194.5784356015065,
      194.5784356015065,
      194.5784356015065,
      194.5784356015065,
      194.5784356015065,
      194.5784356015065,
      194.5784356015065,
      194.5784356015065,
      642.2536081823564,
      642.2536081823564,
      642.2536081823564,
      642.2536081823564,
      642.2536081823564,
      642.2536081823564,
      642.2536081823564,
      642.2536081823564,
      642.2536081823564,
      642.2536081823564,
      642.2536081823564,
      642.2536081823564,
      642.2536081823564,
      642.2536081823564,
      642.2536081823564,
      642.2536081823564,
      642.2536081823564,
      642.2536081823564,
      642.2536081823564,
      642.2536081823564,
      642.2536081823564,
      642.2536081823564,
      642.2536081823564,
      642.2536081823564,
      642.2536081823564,
      642.2536081823564,
      642.2536081823564,
      642.2536081823564,
      642.2536081823564,
      642.2536081823564,
      642.2536081823564,
      642.2536081823564,
      642.2536081823564,
      642.2536081823564,
      642.2536081823564,
      642.2536081823564,
      642.2536081823564,
      642.2536081823564,
      642.2536081823564,
      642.2536081823564,
      642.2536081823564,
      642.2536081823564,
      642.2536081823564,
      642.2536081823564,
      642.2536081823564,
      642.2536081823564,
      642.2536081823564,
      642.2536081823564,
      642.2536081823564,
      642.2536081823564,
      642.2536081823564,
      642.2536081823564,
      642.2536081823564,
      642.2536081823564,
      642.2536081823564,
      642.2536081823564,
      642.2536081823564,
      642.2536081823564,
      642.2536081823564,
      642.2536081823564,
      642.2536081823564,
      642.2536081823564,
      642.2536081823564,
      642.2536081823564,
      219.74263311680625,
      219.74263311680625,
      219.74263311680625,
      219.74263311680625,
      219.74263311680625,
      219.74263311680625,
      219.74263311680625,
      219.74263311680625,
      219.74263311680625,
      219.74263311680625,
      219.74263311680625,
      219.74263311680625,
      219.74263311680625,
      219.74263311680625,
      219.74263311680625,
      219.74263311680625,
      219.74263311680625,
      219.74263311680625,
      219.74263311680625,
      219.74263311680625,
      219.74263311680625,
      219.74263311680625
    ],
    "is_long_segment": [
      false,
      false,
      false,
      false,
      false,
      false,
      false,
      false,
      false,
      false,
      false,
      false,
      false,
      false,
      false,
      false,
      false,
      false,
      false,
      false,
      false,
      false,
      false,
      false,
      false,
      false,
      false,
      false,
      false,
      false,
      false,
      false,
      false,
      false,
      false,
      false,
      false,
      false,
      false,
      false,
      false,
      false,
      false,
      false,
      false,
      true,
      true,
      true,
      true,
      true,
      true,
      true,
      true,
      true,
      true,
      true,
      true,
      true,
      true,
      true,
      true,
      true,
      true,
      true,
      true,
      true,
      true,
      true,
      true,
      true,
      true,
      true,
      true,
      true,
      true,
      true,
      true,
      true,
      true,
      true,
      true,
      true,
      true,
      true,
      true,
      true,
      true,
      true,
      true,
      true,
      true,
      true,
      true,
      true,
      true,
      true,
      false,
      false,
      false,
      false,
      false,
      false,
      false,
      false,
      false,
      false,
      false,
      false,
      false,
      false,
      false,
      false,
      false,
      false,
      false,
      false,
      false,
      false,
      false,
      false,
      false,
      false,
      false,
      false,
      false,
      false,
      false,
      false,
      false,
      false,
      false,
      false,
      false,
      false,
      false,
      false,
      false,
      false,
      false,
      false,
      false,
      false,
      false,
      false,
      false,
      false,
      false,
      false,
      false,
      false,
      false,
      false,
      false,
      false,
      false,
      false,
      false,
      false,
      false,
      false,
      false,
      false,
      false,
      false,
      false,
      false,
      false,
      false,
      false,
      false,
      false,
      false,
      false,
      false,
      false,
      false,
      false,
      false,
      false,
      false,
      false,
      false,
      false,
      false,
      false,
      false,
      false,
      false,
      false,
      false,
      false,
      false,
      false,
      false,
      false,
      false,
      false,
      false,
      false,
      false,
      false,
      false,
      false,
      false,
      false,
      false,
      false,
      false,
      false,
      false,
      false,
      false,
      false,
      false,
      false,
      false,
      false,
      false,
      false,
      false,
      false,
      false,
      false,
      false,
      false,
      false,
      false,
      false,
      false,
      false,
      false,
      false,
      false,
      false,
      false,
      false,
      false,
      false,
      false,
      false,
      false,
      false,
      false,
      false,
      false,
      false,
      false,
      false,
      false,
      false,
      false,
      false,
      false,
      false,
      false,
      false,
      false,
      false,
      false,
      false,
      false,
      false,
      true,
      true,
      true,
      true,
      true,
      true,
      true,
      true,
      true,
      true,
      true,
      true,
      true,
      true,
      true,
      true,
      true,
      true,
      true,
      true,
      true,
      true,
      true,
      true,
      true,
      true,
      true,
      true,
      true,
      true,
      true,
      true,
      true,
      true,
      false,
      false,
      false,
      false,
      false,
      false,
      false,
      false,
      false,
      false,
      false,
      false,
      false,
      false,
      false,
      false,
      false,
      false,
      false,
      false,
      false,
      false,
      false,
      false,
      false,
      false,
      false,
      false,
      false,
      false,
      false,
      false,
      false,
      false,
      false,
      false,
      false,
      false,
      false,
      false,
      false,
      false,
      false,
      false,
      false,
      false,
      false,
      false,
      false,
      false,
      false,
      false,
      false,
      false,
      false,
      false,
      false,
      false,
      false,
      false,
      false,
      false,
      false,
      false,
      false,
      false,
      false,
      false,
      false,
      false,
      false,
      false,
      false,
      false,
      false,
      false,
      false,
      false,
      false,
      false,
      false,
      false,
      false,
      false,
      false,
      false,
      false,
      false,
      false,
      false,
      false,
      false,
      false,
      false,
      false,
      false,
      false,
      false,
      false,
      false,
      false,
      false,
      false,
      false,
      false,
      false,
      false,
      false,
      false,
      false,
      false,
      false,
      false,
      false,
      false,
      false,
      false,
      false,
      false,
      false,
      false,
      false,
      false,
      false,
      false,
      false,
      false,
      false,
      false,
      false,
      false,
      false,
      false,
      false,
      true,
      true,
      true,
      true,
      true,
      true,
      true,
      true,
      true,
      true,
      true,
      true,
      true,
      true,
      true,
      true,
      true,
      true,
      true,
      true,
      true,
      true,
      true,
      true,
      true,
      true,
      true,
      true,
      true,
      true,
      true,
      true,
      true,
      true,
      true,
      true,
      true,
      true,
      false,
      false,
      false,
      false,
      false,
      false,
      false,
      false,
      false,
      false,
      false,
      false,
      false,
      false,
      false,
      false,
      false,
      false,
      false,
      false,
      false,
      false,
      false,
      false,
      false,
      false,
      false,
      false,
      false,
      false,
      false,
      false,
      false,
      false,
      false,
      false,
      false,
      false,
      false,
      false,
      false,
      false,
      true,
      true,
      true,
      true,
      true,
      true,
      true,
      true,
      true,
      true,
      true,
      true,
      true,
      true,
      true,
      true,
      true,
      true,
      true,
      true,
      true,
      true,
      true,
      true,
      true,
      true,
      true,
      true,
      true,
      true,
      true,
      true,
      true,
      true,
      true,
      true,
      true,
      true,
      true,
      true,
      true,
      true,
      true,
      true,
      true,
      true,
      true,
      true,
      false,
      false,
      false,
      true,
      true,
      true,
      true,
      true,
      true,
      true,
      true,
      true,
      true,
      true,
      true,
      true,
      true,
      true,
      true,
      true,
      true,
      true,
      true,
      true,
      true,
      true,
      true,
      true,
      true,
      true,
      true,
      true,
      true,
      true,
      true,
      true,
      true,
      true,
      true,
      true,
      true,
      true,
      true,
      true,
      true,
      true,
      true,
      true,
      true,
      true,
      true,
      false,
      false,
      false,
      false,
      false,
      false,
      false,
      false,
      false,
      false,
      false,
      false,
      false,
      false,
      false,
      false,
      false,
      false,
      false,
      false,
      false,
      false,
      false,
      false,
      false,
      false,
      false,
      false,
      false,
      false,
      false,
      false,
      false,
      false,
      false,
      false,
      false,
      false,
      false,
      false,
      false,
      false,
      false,
      false,
      false,
      false,
      false,
      false,
      false,
      false,
      false,
      false,
      false,
      false,
      false,
      false,
      false,
      false,
      false,
      false,
      false,
      false,
      false,
      false,
      false,
      false,
      false,
      false,
      false,
      false,
      false,
      false,
      false,
      false,
      false,
      false,
      false,
      false,
      false,
      false,
      false,
      false,
      false,
      false,
      false,
      false,
      false,
      false,
      false,
      false,
      false,
      false,
      false,
      false,
      false,
      false,
      false,
      false,
      false,
      false,
      false,
      false,
      false,
      false,
      false,
      false,
      false,
      false,
      false,
      false,
      false,
      false,
      false,
      false,
      false,
      false,
      false,
      false,
      false,
      false,
      false,
      false,
      false,
      false,
      false,
      false,
      false,
      false,
      true,
      true,
      true,
      true,
      true,
      true,
      true,
      true,
      true,
      true,
      true,
      true,
      true,
      true,
      true,
      true,
      true,
      true,
      true,
      true,
      true,
      true,
      true,
      true,
      true,
      true,
      true,
      true,
      true,
      true,
      true,
      true,
      true,
      true,
      true,
      true,
      false,
      false,
      false,
      false,
      false,
      false,
      false,
      true,
      true,
      true,
      true,
      true,
      true,
      true,
      true,
      true,
      true,
      true,
      true,
      true,
      true,
      true,
      true,
      true,
      true,
      true,
      true,
      true,
      true,
      true,
      true,
      true,
      true,
      true,
      true,
      true,
      true,
      true,
      true,
      true,
      true,
      true,
      true,
      true,
      true,
      true,
      true,
      true,
      true,
      true,
      true,
      true,
      true,
      true,
      true,
      true,
      true,
      true,
      true,
      true,
      true,
      true,
      true,
      true,
      true,
      true,
      true,
      true,
      true,
      true,
      true,
      true,
      true,
      true,
      true,
      false,
      false,
      false,
      false,
      false,
      false,
      false,
      false,
      false,
      false,
      false,
      false,
      false,
      false,
      false,
      false,
      false,
      false,
      false,
      false,
      false,
      false,
      false,
      false,
      false,
      false,
      false,
      false,
      false,
      false,
      false,
      false,
      false,
      false,
      false,
      false,
      false,
      false,
      false,
      false,
      false,
      false,
      false,
      false,
      false,
      false,
      false,
      false,
      false,
      false,
      false,
      false,
      false,
      false,
      false,
      false,
      false,
      false,
      false,
      false,
      false,
      false,
      false,
      false,
      false,
      false,
      false,
      false,
      false,
      false,
      false,
      false,
      false,
      false,
      false,
      false,
      false,
      false,
      false,
      false,
      false,
      false,
      false,
      false,
      false,
      false,
      false,
      false,
      false,
      false,
      false,
      false,
      false,
      false,
      false,
      false,
      false,
      false,
      false,
      false,
      false,
      false,
      false,
      false,
      false,
      false,
      false,
      false,
      false,
      false,
      false,
      false,
      false,
      false,
      false,
      false,
      false,
      false,
      false,
      false,
      false,
      false,
      false,
      false,
      false,
      false,
      false,
      false,
      false,
      false,
      false,
      false,
      false,
      false,
      false,
      false,
      false,
      false,
      false,
      false,
      false,
      false,
      false,
      false,
      false,
      false,
      false,
      false,
      false,
      false,
      false,
      false,
      false,
      false,
      false,
      false,
      false,
      false,
      false,
      false,
      false,
      false,
      false,
      false,
      false,
      false,
      false,
      false,
      false,
      false,
      false,
      false,
      false,
      false,
      false,
      false,
      false,
      false,
      false,
      false,
      false,
      false,
      false,
      false,
      false,
      false,
      false,
      false,
      false,
      false,
      false,
      false,
      false,
      false,
      false,
      false,
      false,
      false,
      false,
      false,
      false,
      false,
      false,
      false,
      false,
      false,
      false,
      false,
      false,
      false,
      false,
      false,
      false,
      false,
      false,
      false,
      false,
      false,
      false,
      false,
      false,
      false,
      false,
      false,
      false,
      false,
      false,
      false,
      false,
      false,
      false,
      false,
      false,
      false,
      false,
      false,
      false,
      false,
      false,
      false,
      false,
      false,
      false,
      false,
      false,
      false,
      false,
      false,
      false,
      false,
      false,
      false,
      false,
      false,
      false,
      false,
      false,
      false,
      false,
      false,
      false,
      false,
      false,
      false,
      false,
      false,
      false,
      false,
      false,
      false,
      false,
      false,
      false,
      false,
      false,
      false,
      false,
      false,
      false,
      false,
      false,
      false,
      false,
      false,
      false,
      false,
      false,
      false,
      false,
      false,
      false,
      false,
      false,
      false,
      false,
      false,
      false,
      false,
      false,
      false,
      false,
      false,
      false,
      false,
      false,
      false,
      false,
      false,
      false,
      false,
      false,
      false,
      false,
      false,
      false,
      false,
      false,
      false,
      false,
      false,
      false,
      false,
      false,
      false,
      false,
      false,
      false,
      false,
      false,
      false,
      false,
      false,
      false,
      false,
      false,
      false,
      false,
      false,
      false,
      false,
      false,
      false,
      false,
      false,
      false,
      false,
      false,
      false,
      false,
      false,
      false,
      false,
      false,
      false,
      false,
      false,
      false,
      false,
      false,
      false,
      false,
      false,
      false,
      false,
      false,
      false,
      false,
      false,
      false,
      false,
      false,
      false,
      false,
      false,
      false,
      false,
      false,
      false,
      false,
      false,
      false,
      false,
      false,
      false,
      false,
      false,
      false,
      false,
      false,
      false,
      true,
      true,
      true,
      true,
      true,
      true,
      true,
      true,
      true,
      true,
      true,
      true,
      true,
      true,
      true,
      true,
      true,
      true,
      true,
      true,
      true,
      true,
      true,
      true,
      true,
      true,
      true,
      true,
      true,
      true,
      true,
      true,
      true,
      true,
      true,
      true,
      true,
      true,
      true,
      true,
      true,
      true,
      true,
      true,
      true,
      true,
      true,
      true,
      true,
      true,
      true,
      true,
      true,
      true,
      true,
      true,
      true,
      true,
      true,
      true,
      true,
      true,
      true,
      true,
      true,
      true,
      true,
      true,
      true,
      true,
      true,
      true,
      true,
      true,
      true,
      true,
      true,
      true,
      true,
      true,
      true,
      true,
      true,
      true,
      true,
      true,
      true,
      true,
      true,
      true,
      true,
      true,
      true,
      true,
      true,
      true,
      true,
      true,
      true,
      true,
      true,
      true,
      true,
      true,
      true,
      true,
      true,
      true,
      true,
      true,
      true,
      true,
      true,
      true,
      true,
      true,
      true,
      true,
      true,
      true,
      true,
      true,
      true,
      true,
      true,
      true,
      true,
      false,
      false,
      false,
      false,
      false,
      false,
      false,
      false,
      false,
      false,
      false,
      false,
      false,
      false,
      false,
      false,
      false,
      false,
      false,
      false,
      false,
      false,
      false,
      false,
      false,
      false,
      false,
      false,
      false,
      false,
      false,
      false,
      false,
      false,
      false,
      false,
      false,
      false,
      false,
      false,
      false,
      false,
      false,
      false,
      false,
      false,
      false,
      false,
      false,
      false,
      false,
      false,
      false,
      false,
      false,
      true,
      true,
      true,
      true,
      true,
      true,
      true,
      true,
      true,
      true,
      true,
      true,
      true,
      true,
      true,
      true,
      true,
      true,
      true,
      true,
      true,
      true,
      true,
      true,
      true,
      true,
      true,
      true,
      true,
      true,
      true,
      true,
      true,
      true,
      true,
      true,
      true,
      true,
      true,
      true,
      true,
      true,
      true,
      true,
      true,
      true,
      true,
      true,
      true,
      true,
      false,
      false,
      false,
      false,
      false,
      false,
      false,
      false,
      false,
      false,
      false,
      false,
      false,
      false,
      false,
      false,
      false,
      false,
      false,
      false,
      false,
      false,
      false,
      false,
      false,
      false,
      false,
      false,
      false,
      false,
      false,
      false,
      false,
      false,
      false,
      false,
      false,
      false,
      false,
      false,
      false,
      false,
      false,
      false,
      false,
      false,
      false,
      false,
      false,
      false,
      false,
      false,
      false,
      false,
      false,
      false,
      false,
      false,
      false,
      false,
      false,
      false,
      false,
      false,
      false,
      false,
      false,
      false,
      false,
      false,
      false,
      false,
      false,
      false,
      false,
      false,
      false,
      false,
      false,
      false,
      false,
      false,
      false,
      false,
      false,
      false,
      false,
      false,
      false,
      false,
      false,
      false,
      false,
      false,
      false,
      false,
      false,
      false,
      false,
      false,
      false,
      false,
      false,
      false,
      false,
      false,
      false,
      false,
      false,
      false,
      false,
      false,
      false,
      false,
      false,
      false,
      false,
      false,
      false,
      false,
      false,
      false,
      false,
      false,
      false,
      false,
      false,
      false,
      false,
      false,
      false,
      false,
      false,
      false,
      false,
      false,
      false,
      false,
      false,
      false,
      false,
      false,
      false,
      false,
      false,
      false,
      false,
      false,
      false,
      false,
      false,
      false,
      false,
      false,
      false,
      false,
      false,
      false,
      false,
      false,
      false,
      false,
      false,
      false,
      false,
      false,
      false,
      false,
      false,
      false,
      false,
      false,
      false,
      false,
      false,
      false,
      false,
      false,
      false,
      false,
      false,
      false,
      false,
      false,
      false,
      false,
      false,
      false,
      false,
      false,
      false,
      false,
      false,
      false,
      false,
      false,
      false,
      false,
      false,
      false,
      false,
      false,
      false,
      false,
      false,
      false,
      false,
      false,
      false,
      false,
      false,
      false,
      false,
      true,
      true,
      true,
      true,
      true,
      true,
      true,
      true,
      true,
      true,
      true,
      true,
      true,
      true,
      true,
      true,
      true,
      true,
      true,
      true,
      true,
      true,
      true,
      true,
      true,
      true,
      true,
      true,
      true,
      true,
      true,
      true,
      true,
      true,
      true,
      true,
      true,
      true,
      true,
      false,
      false,
      false,
      false,
      false,
      false,
      false,
      false,
      false,
      false,
      false,
      false,
      false,
      false,
      false,
      false,
      false,
      false,
      false,
      false,
      false,
      false,
      false,
      false,
      false,
      false,
      false,
      false,
      false,
      false,
      false,
      false,
      false,
      false,
      false,
      false,
      false,
      false,
      false,
      false,
      true,
      true,
      true,
      true,
      true,
      true,
      true,
      true,
      true,
      true,
      true,
      true,
      true,
      true,
      true,
      true,
      true,
      true,
      true,
      true,
      true,
      true,
      true,
      true,
      true,
      true,
      true,
      true,
      true,
      true,
      true,
      true,
      true,
      true,
      true,
      true,
      true,
      true,
      true,
      true,
      true,
      false,
      false,
      false,
      false,
      false,
      false,
      false,
      false,
      false,
      false,
      false,
      false,
      false,
      false,
      false,
      false,
      false,
      false,
      false,
      false,
      false,
      false,
      false,
      false,
      false,
      false,
      false,
      false,
      false,
      false,
      false,
      false,
      false,
      false,
      false,
      false,
      false,
      false,
      false,
      false,
      false,
      false,
      false,
      false,
      false,
      false,
      false,
      false,
      false,
      false,
      false,
      false,
      false,
      false,
      false,
      false,
      false,
      false,
      false,
      false,
      false,
      false,
      false,
      false,
      false,
      false,
      false,
      false,
      false,
      false,
      false,
      false,
      false,
      false,
      false,
      false,
      false,
      false,
      false,
      false,
      false,
      false,
      false,
      false,
      false,
      false,
      false,
      false,
      false,
      false,
      false,
      false,
      false,
      false,
      false,
      false,
      false,
      false,
      false,
      false,
      false,
      false,
      false,
      false,
      false,
      false,
      false,
      false,
      false,
      false,
      false,
      false,
      false,
      false,
      false,
      false,
      false,
      false,
      false,
      false,
      false,
      false,
      false,
      false,
      false,
      false,
      false,
      false,
      false,
      false,
      false,
      false,
      false,
      false,
      false,
      false,
      false,
      false,
      false,
      false,
      false,
      false,
      false,
      false,
      false,
      false,
      false,
      false,
      false,
      false,
      false,
      false,
      false,
      false,
      false,
      false,
      false,
      false,
      false,
      false,
      false,
      false,
      true,
      true,
      true,
      true,
      true,
      true,
      true,
      true,
      true,
      true,
      true,
      true,
      true,
      true,
      true,
      true,
      true,
      true,
      true,
      true,
      true,
      true,
      true,
      true,
      true,
      true,
      true,
      true,
      true,
      true,
      true,
      true,
      true,
      true,
      true,
      true,
      true,
      true,
      true,
      false,
      false,
      false,
      false,
      false,
      false,
      false,
      false,
      false,
      false,
      false,
      false,
      false,
      false,
      false,
      false,
      false,
      false,
      false,
      false,
      false,
      true,
      true,
      true,
      true,
      true,
      true,
      true,
      true,
      true,
      true,
      true,
      true,
      true,
      true,
      true,
      true,
      true,
      true,
      true,
      true,
      true,
      true,
      true,
      true,
      true,
      true,
      true,
      true,
      true,
      true,
      true,
      true,
      true,
      true,
      true,
      true,
      true,
      true,
      true,
      true,
      true,
      true,
      true,
      true,
      true,
      true,
      true,
      true,
      true,
      false,
      false,
      false,
      false,
      false,
      false,
      false,
      false,
      false,
      false,
      false,
      false,
      false,
      false,
      false,
      false,
      false,
      false,
      false,
      false,
      false,
      true,
      true,
      true,
      true,
      true,
      true,
      true,
      true,
      true,
      true,
      true,
      true,
      true,
      true,
      true,
      true,
      true,
      true,
      true,
      true,
      true,
      true,
      true,
      true,
      true,
      true,
      true,
      true,
      true,
      true,
      true,
      true,
      true,
      true,
      true,
      true,
      true,
      true,
      true,
      true,
      true,
      true,
      true,
      true,
      true,
      true,
      true,
      true,
      true,
      true,
      true,
      true,
      true,
      true,
      true,
      true,
      true,
      true,
      true,
      true,
      true,
      true,
      true,
      true,
      true,
      true,
      true,
      true,
      true,
      true,
      true,
      false,
      false,
      false,
      false,
      false,
      false,
      false,
      false,
      false,
      false,
      false,
      false,
      false,
      false,
      false,
      false,
      false,
      false,
      false,
      false,
      false,
      false,
      false,
      false,
      true,
      true,
      true,
      true,
      true,
      true,
      true,
      true,
      true,
      true,
      true,
      true,
      true,
      true,
      true,
      true,
      true,
      true,
      true,
      true,
      true,
      true,
      true,
      true,
      true,
      true,
      true,
      true,
      true,
      true,
      true,
      true,
      true,
      true,
      true,
      true,
      true,
      true,
      true,
      true,
      true,
      true,
      true,
      true,
      true,
      true,
      true,
      true,
      true,
      true,
      true,
      true,
      false,
      false,
      false,
      false,
      false,
      false,
      false,
      false,
      false,
      false,
      false,
      false,
      false,
      false,
      false,
      false,
      false,
      false,
      false,
      false,
      false,
      true,
      true,
      true,
      true,
      true,
      true,
      true,
      true,
      true,
      true,
      true,
      true,
      true,
      true,
      true,
      true,
      true,
      true,
      true,
      true,
      true,
      true,
      true,
      true,
      true,
      true,
      true,
      true,
      true,
      true,
      true,
      true,
      true,
      true,
      true,
      true,
      true,
      true,
      true,
      true,
      true,
      true,
      true,
      true,
      true,
      true,
      true,
      true,
      true,
      true,
      true,
      true,
      true,
      true,
      true,
      true,
      true,
      true,
      true,
      true,
      true,
      true,
      true,
      true,
      true,
      true,
      true,
      true,
      true,
      true,
      true,
      true,
      true,
      true,
      true,
      true,
      true,
      true,
      true,
      true,
      true,
      true,
      true,
      true,
      true,
      true,
      true,
      true,
      true,
      true,
      true,
      true,
      true,
      true,
      true,
      true,
      true,
      true,
      true,
      true,
      true,
      true,
      true,
      true,
      true,
      true,
      true,
      true,
      true,
      true,
      true,
      true,
      true,
      true,
      true,
      true,
      true,
      true,
      true,
      true,
      true,
      false,
      false,
      false,
      false,
      false,
      false,
      false,
      false,
      false,
      false,
      false,
      false,
      false,
      false,
      false,
      false,
      false,
      false,
      false,
      false,
      false,
      false,
      false,
      false,
      false,
      false,
      false,
      false,
      false,
      false,
      false,
      false,
      false,
      true,
      true,
      true,
      true,
      true,
      true,
      true,
      true,
      true,
      true,
      true,
      true,
      true,
      true,
      true,
      true,
      true,
      true,
      true,
      true,
      true,
      true,
      true,
      true,
      true,
      true,
      true,
      true,
      true,
      true,
      true,
      true,
      true,
      true,
      true,
      true,
      true,
      true,
      true,
      true,
      true,
      true,
      true,
      true,
      true,
      true,
      true,
      true,
      true,
      true,
      true,
      true,
      true,
      true,
      true,
      true,
      true,
      true,
      true,
      true,
      true,
      true,
      true,
      true,
      true,
      true,
      true,
      true,
      true,
      true,
      true,
      true,
      true,
      true,
      true,
      true,
      true,
      true,
      true,
      true,
      true,
      true,
      true,
      true,
      true,
      true,
      true,
      true,
      true,
      true,
      true,
      true,
      true,
      true,
      true,
      true,
      true,
      true,
      true,
      true,
      true,
      true,
      true,
      true,
      true,
      true,
      true,
      true,
      true,
      true,
      false,
      false,
      false,
      false,
      false,
      false,
      false,
      false,
      false,
      false,
      false,
      false,
      false,
      false,
      false,
      false,
      false,
      false,
      false,
      false,
      false,
      false,
      false,
      false,
      false,
      false,
      false,
      false,
      false,
      false,
      false,
      false,
      false,
      false,
      false,
      false,
      false,
      false,
      false,
      false,
      false,
      false,
      false,
      false,
      false,
      false,
      false,
      false,
      false,
      false,
      false,
      false,
      false,
      false,
      false,
      false,
      false,
      false,
      false,
      false,
      false,
      false,
      false,
      false,
      false,
      false,
      false,
      false,
      false,
      false,
      false,
      false,
      false,
      false,
      false,
      false,
      false,
      false,
      false,
      false,
      false,
      false,
      false,
      false,
      false,
      false,
      false,
      false,
      false,
      false,
      false,
      false,
      false,
      false,
      false,
      false,
      false,
      false,
      false,
      false,
      false,
      false,
      false,
      false,
      false,
      false,
      false,
      false,
      false,
      false,
      false,
      false,
      false,
      false,
      false,
      false,
      false,
      false,
      false,
      false,
      false,
      false,
      false,
      false,
      false,
      false,
      false,
      false,
      false,
      false,
      false,
      false,
      false,
      false,
      false,
      false,
      false,
      false,
      false,
      false,
      false,
      false,
      false,
      false,
      false,
      false,
      false,
      false,
      false,
      false,
      false,
      false,
      false,
      false,
      false,
      false,
      false,
      false,
      false,
      false,
      false,
      false,
      false,
      false,
      false,
      false,
      false,
      false,
      false,
      false,
      false,
      false,
      false,
      false,
      false,
      false,
      false,
      false,
      false,
      false,
      true,
      true,
      true,
      true,
      true,
      true,
      true,
      true,
      true,
      true,
      true,
      true,
      true,
      true,
      true,
      true,
      true,
      true,
      true,
      true,
      true,
      true,
      true,
      true,
      true,
      true,
      true,
      true,
      true,
      true,
      true,
      true,
      true,
      true,
      true,
      false,
      false,
      false,
      false,
      false,
      false,
      false,
      false,
      false,
      false,
      false,
      false,
      false,
      false,
      false,
      false,
      false,
      false,
      false,
      false,
      false,
      false,
      false,
      false,
      false,
      false,
      false,
      false,
      false,
      false,
      false,
      false,
      false,
      false,
      false,
      false,
      false,
      false,
      false,
      false,
      false,
      false,
      false,
      false,
      false,
      false,
      true,
      true,
      true,
      true,
      true,
      true,
      true,
      true,
      true,
      true,
      true,
      true,
      true,
      true,
      true,
      true,
      true,
      true,
      true,
      true,
      true,
      true,
      true,
      true,
      true,
      true,
      true,
      true,
      true,
      true,
      true,
      true,
      true,
      true,
      true,
      true,
      true,
      true,
      true,
      true,
      true,
      true,
      true,
      true,
      true,
      true,
      true,
      true,
      true,
      true,
      true,
      true,
      true,
      true,
      true,
      true,
      true,
      true,
      true,
      true,
      true,
      true,
      true,
      true,
      false,
      false,
      false,
      false,
      false,
      false,
      false,
      false,
      false,
      false,
      false,
      false,
      false,
      false,
      false,
      false,
      false,
      false,
      false,
      false,
      false,
      false
    ],
    "resample_meta": {
      "ds_m": 10.0,
      "snap_transitions": true,
      "long_segment_m": 300.0,
      "n_in": 297,
      "n_unique_in": 297,
      "n_out": 2874,
      "n_snapped": 14,
      "n_long_segment": 1121
    },
    "elevation_m": [
      1421.580078125,
      1421.34765625,
      1421.365234375,
      1421.297851562,
      1421.281616211,
      1421.250366211,
      1421.272827148,
      1421.250366211,
      1421.2578125,
      1421.240722656,
      1421.235717773,
      1421.229492188,
      1421.237548828,
      1421.238525391,
      1421.234863281,
      1420.956665039,
      1420.584472656,
      1420.278198242,
      1419.966918945,
      1419.910766602,
      1419.853149414,
      1419.965698242,
      1420.071899414,
      1420.239257812,
      1420.29296875,
      1420.35546875,
      1420.364257812,
      1420.364257812,
      1420.35925293,
      1420.31628418,
      1420.301879883,
      1420.281860352,
      1420.251831055,
      1420.216796875,
      1420.196899414,
      1420.151855469,
      1420.137084961,
      1420.127441406,
      1420.127441406,
      1420.107666016,
      1420.075195312,
      1420.051391602,
      1420.005249023,
      1419.982788086,
      1419.973999023,
      1419.945556641,
      1419.925537109,
      1419.899291992,
      1419.871704102,
      1419.85925293,
      1419.836791992,
      1419.832275391,
      1419.802246094,
      1419.782226562,
      1419.778564453,
      1419.747314453,
      1419.722290039,
      1419.722290039,
      1419.705566406,
      1419.711791992,
      1419.675537109,
      1419.659301758,
      1419.67175293,
      1419.646850586,
      1419.650512695,
      1419.629394531,
      1419.603515625,
      1419.615966797,
      1419.589599609,
      1419.604492188,
      1419.576904297,
      1419.562011719,
      1419.564575195,
      1419.535400391,
      1419.535400391,
      1419.506591797,
      1419.479125977,
      1419.490356445,
      1419.450439453,
      1419.414672852,
      1419.419799805,
      1419.384765625,
      1419.396118164,
      1419.356079102,
      1419.316162109,
      1419.319946289,
      1419.285644531,
      1419.29675293,
      1419.26184082,
      1419.216796875,
      1419.216796875,
      1419.188110352,
      1419.197753906,
      1419.160644531,
      1419.116455078,
      1419.135131836,
      1419.096801758,
      1419.068115234,
      1419.090698242,
      1419.046020508,
      1419.084838867,
      1419.038574219,
      1419.068481445,
      1419.08972168,
      1419.123535156,
      1419.079833984,
      1419.105224609,
      1419.130737305,
      1419.230712891,
      1419.249511719,
      1419.239501953,
      1419.217041016,
      1419.344360352,
      1419.321411133,
      1419.453979492,
      1419.610229492,
      1419.543945312,
      1419.672851562,
      1419.810791016,
      1419.946533203,
      1420.088256836,
      1420.209472656,
      1420.226928711,
      1420.305664062,
      1420.249511719,
      1420.347045898,
      1420.313232422,
      1420.274780273,
      1420.3984375,
      1420.469726562,
      1420.536010742,
      1420.861816406,
      1421.112548828,
      1421.237548828,
      1421.27746582,
      1421.302490234,
      1421.311523438,
      1421.323486328,
      1421.322265625,
      1421.313476562,
      1421.313476562,
      1421.303466797,
      1421.312744141,
      1421.290161133,
      1421.279541016,
      1421.276855469,
      1421.279174805,
      1421.284057617,
      1421.270385742,
      1421.284057617,
      1421.279052734,
      1421.284057617,
      1421.281494141,
      1421.278442383,
      1421.274780273,
      1421.276733398,
      1421.285888672,
      1421.287963867,
      1421.289550781,
      1421.294555664,
      1421.284545898,
      1421.294555664,
      1421.303344727,
      1421.30090332,
      1421.301269531,
      1421.315063477,
      1421.337402344,
      1421.342407227,
      1421.344970703,
      1421.352416992,
      1421.361206055,
      1421.370361328,
      1421.378540039,
      1421.399658203,
      1421.396484375,
      1421.391479492,
      1421.41027832,
      1421.416503906,
      1421.421508789,
      1421.44140625,
      1421.450927734,
      1421.469360352,
      1421.489379883,
      1421.509399414,
      1421.529418945,
      1421.549438477,
      1421.569458008,
      1421.588134766,
      1421.603515625,
      1421.611694336,
      1421.642089844,
      1421.660888672,
      1421.684692383,
      1421.705932617,
      1421.740844727,
      1421.760864258,
      1421.785888672,
      1421.803710938,
      1421.796142578,
      1421.83190918,
      1421.848144531,
      1421.873046875,
      1421.866821289,
      1421.912109375,
      1421.929077148,
      1421.952880859,
      1421.959106445,
      1421.997924805,
      1422.016357422,
      1422.057617188,
      1422.10144043,
      1422.126342773,
      1422.167602539,
      1422.185180664,
      1422.23034668,
      1422.248413086,
      1422.288330078,
      1422.308349609,
      1422.346435547,
      1422.370361328,
      1422.390258789,
      1422.415283203,
      1422.425292969,
      1422.444091797,
      1422.444091797,
      1422.453369141,
      1422.461547852,
      1422.466552734,
      1422.477783203,
      1422.474365234,
      1422.478271484,
      1422.478271484,
      1422.479492188,
      1422.482055664,
      1422.499511719,
      1422.501831055,
      1422.503051758,
      1422.491821289,
      1422.498046875,
      1422.504272461,
      1422.50769043,
      1422.516967773,
      1422.526611328,
      1422.534790039,
      1422.548950195,
      1422.567749023,
      1422.587768555,
      1422.595214844,
      1422.622802734,
      1422.627807617,
      1422.647827148,
      1422.666015625,
      1422.712402344,
      1422.731811523,
      1422.750488281,
      1422.769897461,
      1422.786132812,
      1422.826049805,
      1422.834838867,
      1422.846069336,
      1422.840454102,
      1422.830688477,
      1422.80065918,
      1422.775634766,
      1422.760620117,
      1422.735595703,
      1422.710571289,
      1422.673217773,
      1422.649047852,
      1422.629760742,
      1422.618530273,
      1422.622314453,
      1422.628540039,
      1422.647216797,
      1422.672241211,
      1422.699829102,
      1422.748901367,
      1422.78894043,
      1422.820068359,
      1422.850097656,
      1422.888916016,
      1422.928833008,
      1422.978759766,
      1423.029907227,
      1423.068725586,
      1423.118652344,
      1423.198730469,
      1423.248779297,
      1423.30871582,
      1423.342529297,
      1423.388671875,
      1423.456176758,
      1423.521606445,
      1423.595336914,
      1423.691650391,
      1423.804077148,
      1423.941650391,
      1424.104370117,
      1424.22253418,
      1424.294799805,
      1424.342163086,
      1424.349609375,
      1424.365844727,
      1424.372070312,
      1424.389648438,
      1424.387084961,
      1424.360961914,
      1424.399291992,
      1424.471801758,
      1424.517822266,
      1424.647583008,
      1424.798706055,
      1424.873657227,
      1425.013671875,
      1425.164916992,
      1425.238769531,
      1425.396118164,
      1425.499389648,
      1425.637695312,
      1425.786499023,
      1425.892578125,
      1426.111816406,
      1426.296875,
      1426.420654297,
      1426.635620117,
      1426.861816406,
      1426.971801758,
      1427.148071289,
      1427.270629883,
      1427.354248047,
      1427.364868164,
      1427.373046875,
      1427.377685547,
      1427.375244141,
      1427.394042969,
      1427.404052734,
      1427.404052734,
      1427.412719727,
      1427.422729492,
      1427.429931641,
      1427.436035156,
      1427.453491211,
      1427.494750977,
      1427.549804688,
      1427.599731445,
      1427.639770508,
      1427.688598633,
      1427.696044922,
      1427.700195312,
      1427.700317383,
      1427.725341797,
      1427.737792969,
      1427.731567383,
      1427.679077148,
      1427.679077148,
      1427.666625977,
      1427.650268555,
      1427.718994141,
      1427.923583984,
      1428.024658203,
      1428.19909668,
      1428.405395508,
      1428.644897461,
      1428.814819336,
      1429.083618164,
      1429.397338867,
      1429.762329102,
      1429.97277832,
      1430.236694336,
      1430.361694336,
      1430.371704102,
      1430.376708984,
      1430.371704102,
      1430.361816406,
      1430.370483398,
      1430.376953125,
      1430.369384766,
      1430.369628906,
      1430.369628906,
      1430.369628906,
      1430.368408203,
      1430.384643555,
      1430.389770508,
      1430.385986328,
      1430.374633789,
      1430.381103516,
      1430.385253906,
      1430.389160156,
      1430.38671875,
      1430.374145508,
      1430.384155273,
      1430.381591797,
      1430.458984375,
      1430.428955078,
      1430.489013672,
      1430.523071289,
      1430.591918945,
      1430.958251953,
      1431.79699707,
      1432.924560547,
      1433.248291016,
      1433.280761719,
      1433.330810547,
      1433.411987305,
      1433.386962891,
      1433.400878906,
      1433.423095703,
      1433.406860352,
      1433.404418945,
      1433.403198242,
      1433.423217773,
      1433.406860352,
      1433.404418945,
      1433.398803711,
      1433.411499023,
      1433.437744141,
      1433.430297852,
      1433.430297852,
      1433.421508789,
      1433.423950195,
      1433.421264648,
      1433.423706055,
      1433.416381836,
      1433.420410156,
      1433.430419922,
      1433.455444336,
      1433.676635742,
      1434.055419922,
      1434.394165039,
      1434.562866211,
      1434.925415039,
      1434.99621582,
      1434.940917969,
      1435.070922852,
      1435.691162109,
      1436.249389648,
      1436.482177734,
      1436.485961914,
      1436.478515625,
      1436.487182617,
      1436.486083984,
      1436.477539062,
      1436.47644043,
      1436.475219727,
      1436.484008789,
      1436.487670898,
      1436.473999023,
      1436.47265625,
      1436.478027344,
      1436.488769531,
      1436.479003906,
      1436.494873047,
      1436.561035156,
      1436.593505859,
      1436.646118164,
      1436.699829102,
      1436.747314453,
      1436.77734375,
      1436.799926758,
      1437.035644531,
      1437.008789062,
      1437.623779297,
      1438.698852539,
      1439.486938477,
      1439.553222656,
      1439.558837891,
      1439.565063477,
      1439.56628418,
      1439.562744141,
      1439.574707031,
      1439.5546875,
      1439.609741211,
      1439.565917969,
      1439.584716797,
      1439.565917969,
      1439.575927734,
      1439.614624023,
      1439.693115234,
      1439.719116211,
      1439.780151367,
      1439.813232422,
      1439.834472656,
      1439.870727539,
      1439.980712891,
      1440.006958008,
      1439.834472656,
      1438.959472656,
      1438.278076172,
      1438.73815918,
      1439.375610352,
      1440.504394531,
      1442.210571289,
      1442.716796875,
      1442.893066406,
      1442.935791016,
      1442.899169922,
      1442.883666992,
      1442.912719727,
      1442.875854492,
      1442.817138672,
      1442.962036133,
      1442.888305664,
      1442.794555664,
      1442.717163086,
      1442.604614258,
      1442.654663086,
      1442.694580078,
      1442.638793945,
      1442.653930664,
      1442.770263672,
      1443.332885742,
      1443.895507812,
      1444.129272461,
      1444.095458984,
      1444.307983398,
      1444.366699219,
      1444.516357422,
      1444.373168945,
      1444.419433594,
      1444.424438477,
      1444.641967773,
      1444.861938477,
      1445.419433594,
      1445.776977539,
      1445.729248047,
      1445.821411133,
      1445.782714844,
      1445.737792969,
      1445.867797852,
      1445.862670898,
      1445.832763672,
      1445.741455078,
      1445.702758789,
      1445.703979492,
      1445.692260742,
      1445.648193359,
      1445.646972656,
      1445.646972656,
      1445.651977539,
      1445.673339844,
      1445.803466797,
      1445.908447266,
      1446.020874023,
      1446.016845703,
      1445.998779297,
      1445.998413086,
      1445.934692383,
      1446.002197266,
      1446.013427734,
      1446.182128906,
      1446.395874023,
      1447.057128906,
      1447.817138672,
      1448.588256836,
      1448.848876953,
      1448.768310547,
      1448.830810547,
      1448.76965332,
      1448.798339844,
      1448.747070312,
      1448.685913086,
      1448.739624023,
      1448.685180664,
      1448.678344727,
      1448.678344727,
      1448.677124023,
      1448.67578125,
      1448.684570312,
      1448.700927734,
      1448.776123047,
      1448.994995117,
      1449.308837891,
      1449.26184082,
      1449.363037109,
      1449.450561523,
      1449.513061523,
      1449.45300293,
      1449.546875,
      1449.650634766,
      1449.759277344,
      1449.705566406,
      1450.001831055,
      1450.765625,
      1451.224243164,
      1451.726318359,
      1451.731201172,
      1451.743774414,
      1451.733764648,
      1451.733764648,
      1451.726806641,
      1451.708374023,
      1451.728393555,
      1451.70715332,
      1451.719726562,
      1451.697143555,
      1451.717163086,
      1451.730957031,
      1451.720336914,
      1451.718994141,
      1451.722900391,
      1451.726806641,
      1451.713134766,
      1451.714355469,
      1451.718017578,
      1451.744384766,
      1451.851806641,
      1452.160644531,
      1452.379272461,
      1452.563232422,
      1452.566650391,
      1452.659179688,
      1452.677978516,
      1453.026123047,
      1453.594848633,
      1454.29309082,
      1454.683105469,
      1454.798095703,
      1454.768066406,
      1454.779296875,
      1454.783081055,
      1454.774414062,
      1454.764404297,
      1454.760620117,
      1454.76184082,
      1454.773071289,
      1454.774291992,
      1454.76550293,
      1454.766357422,
      1454.808837891,
      1455.080078125,
      1455.381347656,
      1455.477661133,
      1455.713867188,
      1455.877685547,
      1456.090087891,
      1456.162109375,
      1456.32824707,
      1456.465698242,
      1456.543212891,
      1456.533203125,
      1456.611938477,
      1456.756958008,
      1457.098999023,
      1457.567993164,
      1457.798095703,
      1457.803100586,
      1457.823120117,
      1457.820678711,
      1457.878173828,
      1458.341918945,
      1458.620727539,
      1459.065673828,
      1459.491943359,
      1459.987060547,
      1460.437255859,
      1460.395996094,
      1460.692260742,
      1460.855224609,
      1460.87512207,
      1460.960693359,
      1460.714477539,
      1460.716918945,
      1460.908081055,
      1461.956665039,
      1461.829223633,
      1461.911621094,
      1461.310424805,
      1460.720458984,
      1460.816650391,
      1460.367919922,
      1460.927978516,
      1462.419677734,
      1462.223999023,
      1461.387695312,
      1461.232666016,
      1460.841430664,
      1460.890136719,
      1460.88269043,
      1460.943969727,
      1460.915405273,
      1460.920776367,
      1460.893188477,
      1460.934448242,
      1460.906860352,
      1460.883178711,
      1460.843139648,
      1460.750732422,
      1460.778198242,
      1460.962402344,
      1461.343383789,
      1462.073364258,
      1462.034667969,
      1462.125976562,
      1462.178466797,
      1462.30090332,
      1462.142089844,
      1462.328979492,
      1462.575561523,
      1462.936767578,
      1463.415527344,
      1463.033081055,
      1463.173095703,
      1463.290527344,
      1463.499267578,
      1464.067749023,
      1464.986694336,
      1465.434204102,
      1465.473022461,
      1465.606689453,
      1465.731689453,
      1465.947875977,
      1466.014160156,
      1466.01171875,
      1466.007446289,
      1465.969482422,
      1465.893188477,
      1465.793212891,
      1465.703125,
      1465.663208008,
      1466.713256836,
      1466.610717773,
      1466.090576172,
      1465.439331055,
      1465.231933594,
      1464.671875,
      1464.503051758,
      1464.474365234,
      1464.454345703,
      1464.843139648,
      1466.223510742,
      1467.17980957,
      1467.229858398,
      1467.264770508,
      1467.116088867,
      1465.412353516,
      1463.682373047,
      1463.24206543,
      1463.432006836,
      1464.414794922,
      1466.219604492,
      1466.803833008,
      1466.93762207,
      1467.036376953,
      1467.011352539,
      1467.027587891,
      1466.990112305,
      1467.069946289,
      1467.283569336,
      1467.543579102,
      1468.598510742,
      1468.751098633,
      1469.197265625,
      1468.918579102,
      1468.639770508,
      1469.005126953,
      1468.651123047,
      1468.983642578,
      1468.37487793,
      1468.286132812,
      1468.071166992,
      1468.173706055,
      1467.96496582,
      1468.173706055,
      1467.966796875,
      1467.659423828,
      1467.70690918,
      1467.408203125,
      1467.404418945,
      1467.290649414,
      1467.459472656,
      1467.515625,
      1467.721191406,
      1467.50402832,
      1467.223876953,
      1466.830078125,
      1466.580078125,
      1467.276245117,
      1468.771240234,
      1469.912475586,
      1469.912475586,
      1470.084472656,
      1470.020263672,
      1470.025268555,
      1470.021484375,
      1470.040283203,
      1470.017700195,
      1470.018920898,
      1470.021484375,
      1470.031494141,
      1470.109741211,
      1470.216186523,
      1470.222412109,
      1470.294921875,
      1470.287353516,
      1470.356201172,
      1470.338745117,
      1470.375,
      1470.636962891,
      1470.79284668,
      1471.051635742,
      1471.172973633,
      1471.490478516,
      1471.722900391,
      1472.152954102,
      1472.385498047,
      1472.749145508,
      1473.043334961,
      1473.083862305,
      1473.083618164,
      1473.088623047,
      1473.064575195,
      1473.070800781,
      1473.068115234,
      1473.079345703,
      1473.084350586,
      1473.12487793,
      1473.24609375,
      1473.344848633,
      1473.357299805,
      1473.448486328,
      1473.459838867,
      1473.654785156,
      1473.802978516,
      1474.1171875,
      1474.395874023,
      1474.899658203,
      1475.309692383,
      1475.489624023,
      1475.852172852,
      1476.062133789,
      1476.100952148,
      1476.19909668,
      1476.286743164,
      1476.391723633,
      1476.517944336,
      1476.666748047,
      1476.95300293,
      1477.470458984,
      1477.705566406,
      1478.147949219,
      1478.614990234,
      1478.822509766,
      1479.047485352,
      1479.107543945,
      1479.118774414,
      1479.137451172,
      1479.122558594,
      1479.145874023,
      1479.142578125,
      1479.139648438,
      1479.17956543,
      1479.164672852,
      1479.138427734,
      1479.157104492,
      1479.147094727,
      1479.194580078,
      1479.209594727,
      1479.345825195,
      1479.502441406,
      1479.702514648,
      1479.841186523,
      1479.913696289,
      1479.885009766,
      1479.807495117,
      1479.776245117,
      1479.669799805,
      1479.665283203,
      1479.6015625,
      1479.631469727,
      1479.568969727,
      1479.471557617,
      1479.274047852,
      1479.208984375,
      1479.135253906,
      1479.170898438,
      1479.273925781,
      1479.348999023,
      1478.590209961,
      1476.813964844,
      1476.775146484,
      1478.723876953,
      1479.137695312,
      1479.15612793,
      1479.163574219,
      1479.174804688,
      1479.193603516,
      1479.236083984,
      1479.279785156,
      1479.419799805,
      1479.592285156,
      1479.718383789,
      1479.811279297,
      1479.887573242,
      1479.962524414,
      1480.022583008,
      1480.082519531,
      1480.151367188,
      1480.25378418,
      1480.397949219,
      1480.580322266,
      1480.915283203,
      1481.415283203,
      1481.906494141,
      1482.176513672,
      1482.201538086,
      1482.206542969,
      1482.205200195,
      1482.21875,
      1482.222045898,
      1482.204589844,
      1482.205810547,
      1482.20703125,
      1482.244628906,
      1482.288330078,
      1482.358276367,
      1482.328369141,
      1482.373779297,
      1482.357421875,
      1482.417480469,
      1482.413818359,
      1482.448730469,
      1482.616210938,
      1482.736206055,
      1482.889404297,
      1483.003051758,
      1483.221191406,
      1483.540405273,
      1483.905151367,
      1484.282592773,
      1484.713012695,
      1484.888061523,
      1485.186889648,
      1485.266479492,
      1485.2578125,
      1485.254150391,
      1485.241577148,
      1485.246582031,
      1485.26159668,
      1485.267822266,
      1485.266479492,
      1485.279052734,
      1485.378662109,
      1485.49621582,
      1485.613891602,
      1485.67175293,
      1485.771850586,
      1485.901855469,
      1486.016845703,
      1486.07434082,
      1486.185546875,
      1486.293701172,
      1486.360107422,
      1486.580810547,
      1486.897094727,
      1487.327148438,
      1487.645874023,
      1488.14453125,
      1488.268310547,
      1488.270874023,
      1488.305908203,
      1487.832763672,
      1486.556396484,
      1486.16015625,
      1487.076416016,
      1488.313842773,
      1488.383911133,
      1488.358886719,
      1488.317626953,
      1488.305175781,
      1488.307983398,
      1488.302734375,
      1488.290649414,
      1488.293945312,
      1488.301879883,
      1488.340698242,
      1488.39440918,
      1488.500732422,
      1488.810668945,
      1489.318725586,
      1489.891479492,
      1490.197753906,
      1490.614013672,
      1490.779052734,
      1490.802734375,
      1491.006591797,
      1491.179077148,
      1490.874389648,
      1490.475463867,
      1490.18737793,
      1489.999633789,
      1489.833496094,
      1489.913452148,
      1489.729736328,
      1489.529785156,
      1489.364746094,
      1489.184692383,
      1489.037109375,
      1488.954101562,
      1489.059082031,
      1490.044067383,
      1491.294067383,
      1491.467773438,
      1491.430297852,
      1491.366577148,
      1491.375610352,
      1491.397216797,
      1491.366943359,
      1491.364746094,
      1491.389770508,
      1491.43737793,
      1491.602294922,
      1491.703613281,
      1491.799804688,
      1491.748535156,
      1491.865600586,
      1491.995361328,
      1492.249145508,
      1492.550415039,
      1493.009155273,
      1493.391601562,
      1493.840454102,
      1494.244140625,
      1494.390380859,
      1494.403686523,
      1494.421142578,
      1494.439941406,
      1494.536254883,
      1494.724975586,
      1494.959960938,
      1495.255004883,
      1495.426757812,
      1495.667480469,
      1495.892456055,
      1496.087402344,
      1496.211181641,
      1496.442504883,
      1496.671264648,
      1496.868652344,
      1496.948730469,
      1497.052612305,
      1497.111450195,
      1497.229003906,
      1497.302612305,
      1497.346435547,
      1497.392700195,
      1497.403930664,
      1497.407714844,
      1497.392089844,
      1497.389770508,
      1497.389770508,
      1497.389770508,
      1497.389770508,
      1497.401000977,
      1497.404785156,
      1497.393554688,
      1497.387939453,
      1497.447631836,
      1497.62512207,
      1497.97253418,
      1498.271240234,
      1498.515136719,
      1498.641357422,
      1498.755126953,
      1498.856079102,
      1499.059204102,
      1499.146728516,
      1499.221801758,
      1499.391723633,
      1499.446655273,
      1499.571777344,
      1499.596801758,
      1499.746704102,
      1499.791748047,
      1499.831665039,
      1499.97668457,
      1500.001708984,
      1500.142944336,
      1500.290405273,
      1500.536621094,
      1500.579101562,
      1500.693359375,
      1500.643432617,
      1500.739624023,
      1500.683349609,
      1500.633422852,
      1500.758422852,
      1500.723388672,
      1500.851928711,
      1500.829101562,
      1500.947143555,
      1500.923339844,
      1501.062255859,
      1501.034790039,
      1501.157348633,
      1501.12109375,
      1501.097290039,
      1501.227294922,
      1501.209594727,
      1501.311645508,
      1501.251708984,
      1501.340332031,
      1501.297973633,
      1501.436645508,
      1501.405395508,
      1501.356689453,
      1501.607910156,
      1501.6328125,
      1502.050292969,
      1502.094116211,
      1502.419067383,
      1502.346557617,
      1502.607910156,
      1502.531616211,
      1502.406738281,
      1502.643188477,
      1502.597167969,
      1502.785888672,
      1502.73840332,
      1502.903442383,
      1502.917236328,
      1503.270874023,
      1503.688354492,
      1504.119873047,
      1504.168334961,
      1504.168334961,
      1504.4375,
      1504.449951172,
      1504.73828125,
      1504.810791016,
      1505.179443359,
      1505.274780273,
      1505.629394531,
      1505.568115234,
      1505.724365234,
      1505.584350586,
      1505.593139648,
      1505.433105469,
      1505.101806641,
      1505.026855469,
      1504.80065918,
      1504.718994141,
      1504.519042969,
      1504.546630859,
      1504.437866211,
      1504.547851562,
      1504.565307617,
      1504.669067383,
      1504.829589844,
      1505.008911133,
      1505.421264648,
      1505.815063477,
      1506.263793945,
      1506.448852539,
      1506.548828125,
      1506.525024414,
      1506.555175781,
      1506.53894043,
      1506.523925781,
      1506.583007812,
      1506.652954102,
      1506.783325195,
      1506.824707031,
      1506.931152344,
      1506.969848633,
      1507.060668945,
      1507.09765625,
      1507.208862305,
      1507.237670898,
      1507.298950195,
      1507.372680664,
      1507.396484375,
      1507.482666016,
      1507.530517578,
      1507.672607422,
      1507.886352539,
      1508.148925781,
      1508.358886719,
      1508.862670898,
      1509.28515625,
      1509.56262207,
      1509.631469727,
      1509.642822266,
      1509.644165039,
      1509.641723633,
      1509.640625,
      1509.642333984,
      1509.633544922,
      1509.637451172,
      1509.637573242,
      1509.640380859,
      1509.638671875,
      1509.640380859,
      1509.641601562,
      1509.641601562,
      1509.652832031,
      1509.657836914,
      1509.705322266,
      1509.787841797,
      1509.934936523,
      1510.068847656,
      1510.31628418,
      1510.578857422,
      1511.428833008,
      1512.141113281,
      1512.569458008,
      1512.686889648,
      1512.685546875,
      1512.681640625,
      1512.682373047,
      1512.696166992,
      1512.706054688,
      1512.706054688,
      1512.728637695,
      1512.763549805,
      1512.794921875,
      1512.811157227,
      1512.857910156,
      1512.887207031,
      1513.024780273,
      1513.1796875,
      1513.338500977,
      1513.496459961,
      1513.595214844,
      1513.823364258,
      1514.100830078,
      1514.388305664,
      1514.745361328,
      1515.150390625,
      1515.339111328,
      1515.506591797,
      1515.611572266,
      1515.637939453,
      1515.637817383,
      1515.610351562,
      1515.634399414,
      1515.665771484,
      1515.696899414,
      1515.704467773,
      1515.691894531,
      1515.71081543,
      1515.676025391,
      1515.738525391,
      1516.557006836,
      1517.934814453,
      1518.381103516,
      1518.578491211,
      1518.642333984,
      1518.642333984,
      1518.662353516,
      1518.606079102,
      1518.643554688,
      1518.686157227,
      1518.737915039,
      1518.759155273,
      1518.7578125,
      1518.764160156,
      1518.759033203,
      1518.747802734,
      1518.993530273,
      1518.742553711,
      1518.854125977,
      1518.485717773,
      1518.318237305,
      1518.444458008,
      1518.268310547,
      1518.815795898,
      1518.595703125,
      1518.48449707,
      1518.411987305,
      1518.587890625,
      1518.342407227,
      1518.484863281,
      1518.297363281,
      1518.519897461,
      1518.666137695,
      1518.59362793,
      1518.441162109,
      1518.306152344,
      1518.310058594,
      1518.218017578,
      1518.26171875,
      1518.791748047,
      1518.718017578,
      1518.509155273,
      1518.383056641,
      1518.539306641,
      1519.482666016,
      1519.961669922,
      1519.791748047,
      1520.246704102,
      1520.214233398,
      1520.13671875,
      1520.112915039,
      1520.050415039,
      1519.831298828,
      1519.830444336,
      1520.271240234,
      1520.292358398,
      1520.261108398,
      1519.987304688,
      1519.972412109,
      1519.958618164,
      1519.922363281,
      1519.96484375,
      1520.432373047,
      1520.095703125,
      1520.130615234,
      1520.051879883,
      1520.044433594,
      1520.026855469,
      1519.804321289,
      1519.718139648,
      1520.209350586,
      1520.183227539,
      1520.182495117,
      1520.305664062,
      1520.298095703,
      1520.681884766,
      1520.904418945,
      1520.823120117,
      1520.404418945,
      1519.39440918,
      1518.765869141,
      1518.611694336,
      1518.64050293,
      1518.51171875,
      1518.655517578,
      1518.28918457,
      1518.762939453,
      1518.941772461,
      1518.790405273,
      1518.86328125,
      1518.504882812,
      1518.494384766,
      1518.485717773,
      1518.574462891,
      1519.239379883,
      1518.780639648,
      1518.910644531,
      1518.772094727,
      1518.880249023,
      1518.797729492,
      1518.866455078,
      1518.56640625,
      1519.185180664,
      1519.252685547,
      1519.170166016,
      1519.145141602,
      1518.704101562,
      1518.755126953,
      1518.680175781,
      1518.722045898,
      1519.405761719,
      1519.233276367,
      1518.927001953,
      1518.82824707,
      1518.829467773,
      1518.746948242,
      1518.781494141,
      1518.492675781,
      1519.008911133,
      1519.063964844,
      1518.933959961,
      1519.022705078,
      1518.876464844,
      1518.640258789,
      1518.587646484,
      1518.58215332,
      1519.198486328,
      1519.125854492,
      1518.80456543,
      1518.732055664,
      1518.809570312,
      1518.750854492,
      1518.800170898,
      1519.340454102,
      1518.970458984,
      1518.860473633,
      1518.789306641,
      1518.79675293,
      1518.646728516,
      1518.400512695,
      1518.210449219,
      1518.088989258,
      1517.220825195,
      1516.487060547,
      1516.055786133,
      1515.815795898,
      1515.803955078,
      1515.764038086,
      1515.75390625,
      1515.765869141,
      1515.741210938,
      1515.763793945,
      1515.748779297,
      1515.767578125,
      1515.757568359,
      1515.776367188,
      1515.758789062,
      1515.78137207,
      1515.776489258,
      1515.830566406,
      1515.831787109,
      1515.869262695,
      1515.859375,
      1515.891845703,
      1515.904296875,
      1515.914306641,
      1515.998413086,
      1515.71081543,
      1514.286987305,
      1513.103271484,
      1512.868286133,
      1512.733276367,
      1512.725708008,
      1512.729492188,
      1512.73449707,
      1512.75378418,
      1512.748901367,
      1512.742675781,
      1512.745117188,
      1512.735107422,
      1512.78137207,
      1512.793945312,
      1512.800170898,
      1512.803466797,
      1512.821655273,
      1512.825439453,
      1512.825439453,
      1512.814208984,
      1512.827636719,
      1512.848876953,
      1512.855102539,
      1512.856323242,
      1512.87109375,
      1512.900024414,
      1512.938842773,
      1512.957519531,
      1512.967529297,
      1512.950073242,
      1512.995117188,
      1513.027832031,
      1513.048095703,
      1512.958251953,
      1513.049438477,
      1513.159423828,
      1513.259521484,
      1513.365722656,
      1513.341918945,
      1513.45690918,
      1513.489013672,
      1513.485107422,
      1513.107666016,
      1513.203857422,
      1513.295043945,
      1513.362548828,
      1513.055053711,
      1513.131347656,
      1513.286499023,
      1513.440551758,
      1513.580566406,
      1513.164306641,
      1513.280517578,
      1513.363037109,
      1513.424316406,
      1512.939331055,
      1513.100708008,
      1513.248779297,
      1513.392578125,
      1512.667602539,
      1512.940063477,
      1512.986328125,
      1511.548706055,
      1509.736328125,
      1508.87878418,
      1510.477661133,
      1512.128051758,
      1512.018066406,
      1512.421875,
      1512.360595703,
      1511.475585938,
      1512.140625,
      1512.165649414,
      1512.629394531,
      1512.378662109,
      1512.481079102,
      1512.408569336,
      1512.56237793,
      1512.562866211,
      1512.520141602,
      1512.647705078,
      1512.712158203,
      1512.735351562,
      1512.815307617,
      1512.969116211,
      1513.135375977,
      1513.349121094,
      1513.510375977,
      1513.621582031,
      1513.646606445,
      1513.786499023,
      1513.976196289,
      1514.207519531,
      1514.466186523,
      1514.636230469,
      1515.036254883,
      1515.278320312,
      1515.259887695,
      1515.280639648,
      1515.334838867,
      1515.43359375,
      1515.453613281,
      1515.373657227,
      1514.887329102,
      1514.84362793,
      1514.743652344,
      1514.901123047,
      1514.961181641,
      1515.144897461,
      1515.227905273,
      1515.131958008,
      1515.088623047,
      1514.99609375,
      1513.974975586,
      1513.442382812,
      1512.84362793,
      1512.862426758,
      1512.879882812,
      1513.409912109,
      1512.682617188,
      1512.801513672,
      1512.729736328,
      1512.708374023,
      1512.579589844,
      1512.445922852,
      1512.213378906,
      1511.970947266,
      1511.568359375,
      1511.229614258,
      1510.912841797,
      1510.600219727,
      1510.312011719,
      1510.130493164,
      1509.951049805,
      1509.888549805,
      1509.824829102,
      1509.769775391,
      1509.753417969,
      1509.731445312,
      1509.727783203,
      1509.751464844,
      1509.823974609,
      1509.992797852,
      1510.303955078,
      1510.600219727,
      1510.802734375,
      1510.865600586,
      1510.922729492,
      1510.811523438,
      1510.815307617,
      1510.797729492,
      1510.869018555,
      1510.729003906,
      1509.718505859,
      1508.976074219,
      1508.699829102,
      1508.74230957,
      1508.874755859,
      1508.738525391,
      1508.874755859,
      1508.716308594,
      1508.86706543,
      1508.678955078,
      1508.748046875,
      1508.553100586,
      1508.657958984,
      1505.744262695,
      1497.087280273,
      1497.913696289,
      1505.106201172,
      1505.106201172,
      1508.779907227,
      1508.732421875,
      1508.582397461,
      1508.699951172,
      1508.579956055,
      1508.662597656,
      1508.681396484,
      1508.692626953,
      1508.710693359,
      1508.745605469,
      1508.752319336,
      1508.673583984,
      1508.660522461,
      1508.671264648,
      1508.671264648,
      1508.698852539,
      1508.725097656,
      1508.724975586,
      1508.821289062,
      1508.767578125,
      1508.640014648,
      1508.672119141,
      1508.656982422,
      1508.724487305,
      1508.731933594,
      1508.709838867,
      1508.691772461,
      1508.594726562,
      1508.567626953,
      1508.581298828,
      1508.40625,
      1507.997436523,
      1507.331176758,
      1507.010009766,
      1506.647460938,
      1506.657470703,
      1506.584838867,
      1506.526000977,
      1506.462280273,
      1506.421020508,
      1506.362304688,
      1506.280883789,
      1506.229370117,
      1506.184326172,
      1506.158325195,
      1506.177001953,
      1506.227050781,
      1506.325805664,
      1506.448242188,
      1506.623291016,
      1506.710693359,
      1506.77331543,
      1506.907592773,
      1506.94140625,
      1506.931396484,
      1507.107666016,
      1507.573486328,
      1508.125366211,
      1508.598754883,
      1508.905029297,
      1509.28125,
      1509.348632812,
      1509.418701172,
      1509.451171875,
      1509.548706055,
      1509.529907227,
      1509.543701172,
      1509.573730469,
      1509.525634766,
      1509.552001953,
      1509.562255859,
      1509.493530273,
      1509.513427734,
      1509.505981445,
      1509.500976562,
      1509.505981445,
      1509.505981445,
      1509.412719727,
      1509.531494141,
      1509.42199707,
      1509.520263672,
      1509.417602539,
      1509.523803711,
      1509.620117188,
      1509.585083008,
      1509.653808594,
      1509.636352539,
      1509.685058594,
      1509.696289062,
      1509.688598633,
      1509.692993164,
      1509.709472656,
      1509.730712891,
      1509.785644531,
      1509.825683594,
      1509.896850586,
      1509.999389648,
      1509.991943359,
      1509.966918945,
      1510.000732422,
      1509.96081543,
      1509.937988281,
      1509.976196289,
      1510.025878906,
      1509.910766602,
      1509.955810547,
      1510.020874023,
      1510.010864258,
      1510.005859375,
      1510.107910156,
      1510.105102539,
      1510.210205078,
      1510.180175781,
      1510.150146484,
      1510.234619141,
      1510.323486328,
      1510.267944336,
      1510.232910156,
      1510.295898438,
      1510.368530273,
      1510.180908203,
      1510.229736328,
      1510.274780273,
      1510.0546875,
      1510.095947266,
      1510.134765625,
      1510.074829102,
      1509.94543457,
      1509.984985352,
      1509.91418457,
      1509.954223633,
      1509.805419922,
      1509.725463867,
      1509.767944336,
      1509.805419922,
      1509.455444336,
      1509.515380859,
      1509.455200195,
      1508.937133789,
      1507.172119141,
      1506.591064453,
      1506.46484375,
      1506.49987793,
      1506.493652344,
      1506.462402344,
      1506.432373047,
      1506.469970703,
      1506.552368164,
      1506.629394531,
      1507.008056641,
      1508.191772461,
      1509.403076172,
      1509.714233398,
      1509.714233398,
      1509.766357422,
      1509.739135742,
      1509.752319336,
      1509.786132812,
      1509.786132812,
      1509.771362305,
      1509.760131836,
      1509.761352539,
      1509.802612305,
      1509.845092773,
      1510.203857422,
      1511.322631836,
      1511.702636719,
      1511.26965332,
      1510.125854492,
      1509.833618164,
      1509.832397461,
      1509.81237793,
      1509.753662109,
      1509.721191406,
      1509.717407227,
      1509.717407227,
      1509.716186523,
      1509.706176758,
      1509.703613281,
      1509.705688477,
      1509.691162109,
      1509.691772461,
      1509.687988281,
      1509.691772461,
      1509.687988281,
      1509.687988281,
      1509.687988281,
      1509.687866211,
      1509.68737793,
      1509.68737793,
      1509.676147461,
      1509.686157227,
      1509.686523438,
      1509.685913086,
      1509.680053711,
      1509.683837891,
      1509.698852539,
      1509.696411133,
      1509.716796875,
      1509.785522461,
      1509.829223633,
      1509.929199219,
      1510.032958984,
      1510.181762695,
      1510.172973633,
      1510.172241211,
      1510.099975586,
      1510.065673828,
      1510.083496094,
      1510.129760742,
      1510.043579102,
      1510.107299805,
      1510.172241211,
      1510.163574219,
      1510.138549805,
      1510.228515625,
      1510.226928711,
      1510.32824707,
      1510.321289062,
      1510.307739258,
      1510.386474609,
      1510.463989258,
      1510.403930664,
      1510.366455078,
      1510.419067383,
      1510.449462891,
      1510.28527832,
      1510.313232422,
      1510.180664062,
      1510.068237305,
      1509.910888672,
      1509.877441406,
      1509.776245117,
      1509.732421875,
      1509.728759766,
      1509.740356445,
      1509.794189453,
      1509.925415039,
      1510.041625977,
      1510.052856445,
      1510.071655273,
      1510.076660156,
      1509.992919922,
      1509.936645508,
      1509.899169922,
      1509.835571289,
      1509.779907227,
      1509.861450195,
      1509.901367188,
      1509.998901367,
      1510.877563477,
      1511.638916016,
      1511.770141602,
      1511.948120117,
      1511.87109375,
      1511.887329102,
      1511.907348633,
      1511.809936523,
      1511.609863281,
      1511.904907227,
      1511.597290039,
      1511.108642578,
      1510.152832031,
      1509.901000977,
      1509.901000977,
      1509.893310547,
      1509.888183594,
      1509.842041016,
      1509.92578125,
      1510.021972656,
      1510.093261719,
      1510.209228516,
      1510.26953125,
      1510.290771484,
      1510.440795898,
      1510.541992188,
      1510.57824707,
      1510.844482422,
      1510.828369141,
      1510.93371582,
      1510.806152344,
      1510.966186523,
      1510.83984375,
      1510.751098633,
      1510.93359375,
      1510.826171875,
      1510.963623047,
      1510.888671875,
      1510.989013672,
      1511.024047852,
      1510.926147461,
      1510.961181641,
      1510.885986328,
      1510.880981445,
      1510.862182617,
      1510.745849609,
      1510.680175781,
      1510.487792969,
      1510.367797852,
      1510.180419922,
      1510.147949219,
      1510.116577148,
      1510.024047852,
      1510.047851562,
      1509.994140625,
      1510.029418945,
      1510.004394531,
      1509.955688477,
      1509.845581055,
      1509.829345703,
      1509.749389648,
      1509.745605469,
      1509.73059082,
      1509.71081543,
      1509.716674805,
      1509.701660156,
      1509.706665039,
      1509.706665039,
      1509.706665039,
      1509.727905273,
      1509.731689453,
      1509.74609375,
      1509.749633789,
      1509.750854492,
      1509.777099609,
      1509.760864258,
      1509.684082031,
      1509.362915039,
      1508.964111328,
      1508.443969727,
      1508.134155273,
      1507.820068359,
      1507.701293945,
      1507.575073242,
      1507.53137207,
      1507.490112305,
      1507.351318359,
      1507.315063477,
      1507.181030273,
      1507.161010742,
      1507.141113281,
      1507.031005859,
      1507.019775391,
      1506.926025391,
      1506.918457031,
      1506.812255859,
      1506.765625,
      1506.705566406,
      1506.66796875,
      1506.660522461,
      1506.604248047,
      1506.635498047,
      1506.655517578,
      1506.652954102,
      1506.664794922,
      1506.631469727,
      1506.638916016,
      1506.646484375,
      1506.619018555,
      1506.655273438,
      1506.66027832,
      1506.630249023,
      1506.66027832,
      1506.631469727,
      1506.677246094,
      1506.752441406,
      1506.781738281,
      1507.000488281,
      1505.723999023,
      1504.165161133,
      1503.585693359,
      1503.518188477,
      1503.675415039,
      1505.880493164,
      1508.833007812,
      1510.398071289,
      1510.351806641,
      1510.360595703,
      1510.079345703,
      1509.928100586,
      1509.835571289,
      1509.750854492,
      1509.756591797,
      1509.756591797,
      1509.780395508,
      1509.837890625,
      1509.872924805,
      1509.962890625,
      1510.10546875,
      1510.102905273,
      1510.347900391,
      1510.735229492,
      1511.369628906,
      1511.844726562,
      1512.279663086,
      1512.619628906,
      1512.873413086,
      1513.079711914,
      1513.178466797,
      1513.422851562,
      1513.768554688,
      1514.123535156,
      1514.184814453,
      1514.36730957,
      1514.279785156,
      1514.40222168,
      1514.208618164,
      1513.878417969,
      1513.466552734,
      1513.060302734,
      1513.087890625,
      1512.946655273,
      1512.995361328,
      1513.062866211,
      1512.951538086,
      1513.020385742,
      1512.924560547,
      1512.975097656,
      1512.866333008,
      1512.913818359,
      1512.970092773,
      1512.882568359,
      1512.921386719,
      1512.870117188,
      1512.982177734,
      1513.177001953,
      1513.298339844,
      1513.48449707,
      1513.674560547,
      1513.983276367,
      1514.399536133,
      1514.86328125,
      1515.285888672,
      1515.520874023,
      1515.752075195,
      1515.770874023,
      1515.775878906,
      1515.780883789,
      1515.772094727,
      1515.783325195,
      1515.775878906,
      1515.77734375,
      1515.77746582,
      1515.778686523,
      1515.793701172,
      1515.795776367,
      1515.845825195,
      1515.904785156,
      1516.036132812,
      1516.170776367,
      1516.273925781,
      1516.451416016,
      1516.649047852,
      1516.883911133,
      1517.167724609,
      1517.47265625,
      1517.827758789,
      1517.917724609,
      1518.158447266,
      1518.384033203,
      1518.645385742,
      1518.825317383,
      1518.832763672,
      1518.830322266,
      1518.82409668,
      1518.837768555,
      1518.835327148,
      1518.872436523,
      1518.967407227,
      1518.922363281,
      1518.974975586,
      1519.013671875,
      1518.939941406,
      1518.987426758,
      1518.932861328,
      1518.971557617,
      1518.925415039,
      1518.967895508,
      1519.015380859,
      1518.950317383,
      1518.970336914,
      1518.921630859,
      1518.946655273,
      1518.927490234,
      1518.881347656,
      1518.84765625,
      1518.819458008,
      1518.829467773,
      1518.823486328,
      1518.829833984,
      1518.831054688,
      1518.812988281,
      1518.810302734,
      1518.814086914,
      1518.825317383,
      1518.825317383,
      1518.814086914,
      1518.810302734,
      1518.814086914,
      1518.825683594,
      1518.827758789,
      1518.831542969,
      1518.831542969,
      1518.826538086,
      1518.826538086,
      1518.816650391,
      1518.827758789,
      1518.831542969,
      1518.819946289,
      1518.815551758,
      1518.719360352,
      1518.581787109,
      1518.413085938,
      1518.285522461,
      1518.210571289,
      1518.133056641,
      1518.112915039,
      1518.08996582,
      1518.042480469,
      1518.038696289,
      1517.998779297,
      1517.994995117,
      1517.93762207,
      1517.932617188,
      1517.930175781,
      1517.880737305,
      1517.891967773,
      1517.8203125,
      1517.827758789,
      1517.842773438,
      1517.777832031,
      1517.781494141,
      1517.711547852,
      1517.703369141,
      1517.645629883,
      1517.665649414,
      1517.689453125,
      1517.635620117,
      1517.659423828,
      1517.610717773,
      1517.639404297,
      1517.698730469,
      1517.724121094,
      1517.805419922,
      1517.866577148,
      1518.001586914,
      1518.247924805,
      1518.51171875,
      1518.749145508,
      1518.833374023,
      1518.833618164,
      1518.828613281,
      1518.818603516,
      1518.814819336,
      1518.826049805,
      1518.829833984,
      1518.818603516,
      1518.814819336,
      1518.813598633,
      1518.823120117,
      1518.823120117,
      1518.82409668,
      1518.816650391,
      1518.822387695,
      1518.814941406,
      1518.826171875,
      1518.824829102,
      1518.818115234,
      1518.818115234,
      1518.816894531,
      1518.814331055,
      1518.814331055,
      1518.818115234,
      1518.818115234,
      1518.818115234,
      1518.818237305,
      1518.818237305,
      1518.818237305,
      1518.818237305,
      1518.818237305,
      1518.818237305,
      1518.818237305,
      1518.818237305,
      1518.813110352,
      1518.871337891,
      1519.002685547,
      1519.122680664,
      1519.185180664,
      1519.178955078,
      1519.266357422,
      1519.195068359,
      1519.244995117,
      1519.280761719,
      1519.162109375,
      1519.209594727,
      1519.260742188,
      1519.159545898,
      1519.21081543,
      1519.258300781,
      1519.325317383,
      1519.194458008,
      1519.287719727,
      1519.494018555,
      1519.876586914,
      1520.336547852,
      1520.614501953,
      1520.908203125,
      1521.105712891,
      1521.21484375,
      1521.28503418,
      1521.353759766,
      1521.349975586,
      1521.408691406,
      1521.457519531,
      1521.510009766,
      1521.579956055,
      1521.616821289,
      1521.688598633,
      1521.752319336,
      1521.723999023,
      1521.735351562,
      1521.817871094,
      1522.064086914,
      1522.287719727,
      1522.378540039,
      1522.435791016,
      1522.478271484,
      1522.330688477,
      1522.386962891,
      1522.432006836,
      1522.481933594,
      1522.543212891,
      1522.596313477,
      1522.627441406,
      1522.44921875,
      1522.51184082,
      1522.580566406,
      1522.650512695,
      1522.731811523,
      1522.809326172,
      1522.888061523,
      1522.973632812,
      1522.709350586,
      1522.797973633,
      1522.903076172,
      1523.013061523,
      1523.134277344,
      1523.274291992,
      1523.419311523,
      1523.493774414,
      1523.186035156,
      1523.30480957,
      1523.444824219,
      1523.574829102,
      1523.727294922,
      1523.909790039,
      1524.094726562,
      1523.630859375,
      1523.715698242,
      1523.785644531,
      1523.851928711,
      1523.906982422,
      1523.966918945,
      1524.04699707,
      1524.136962891,
      1523.709472656,
      1523.751831055,
      1523.821777344,
      1523.912963867,
      1524.054321289,
      1524.291870117,
      1524.504272461,
      1524.402954102,
      1524.568115234,
      1524.644897461,
      1524.696899414,
      1524.751831055,
      1524.784301758,
      1524.786865234,
      1524.804321289,
      1524.725585938,
      1524.729370117,
      1524.733764648,
      1524.747070312,
      1524.763305664,
      1524.781982422,
      1524.79699707,
      1524.733276367,
      1524.749511719,
      1524.754516602,
      1524.760864258,
      1524.774780273,
      1524.794799805,
      1524.801025391,
      1524.814819336,
      1524.738525391,
      1524.747314453,
      1524.769775391,
      1524.769287109,
      1524.790649414,
      1524.778808594,
      1524.730102539,
      1524.778808594,
      1525.235107422,
      1525.730102539,
      1525.962524414,
      1526.065063477,
      1526.141601562,
      1526.219970703,
      1526.329956055,
      1526.126220703,
      1526.303710938,
      1526.574951172,
      1526.841308594,
      1527.017578125,
      1527.121337891,
      1527.158569336,
      1527.05859375,
      1527.124755859,
      1527.191040039,
      1527.222290039,
      1527.301025391,
      1527.328491211,
      1527.356201172,
      1527.421875,
      1527.410400391,
      1527.419067383,
      1527.462890625,
      1527.530395508,
      1527.576660156,
      1527.586669922,
      1527.613037109,
      1527.573608398,
      1527.623535156,
      1527.656005859,
      1527.677246094,
      1527.693603516,
      1527.734741211,
      1527.826049805,
      1527.912353516,
      1527.954711914,
      1527.959472656,
      1527.959472656,
      1527.959472656,
      1527.959472656,
      1527.955688477,
      1527.954467773,
      1527.954467773,
      1527.964233398,
      1527.967529297,
      1527.967529297,
      1527.967529297,
      1527.971313477,
      1527.993774414,
      1528.056274414,
      1528.192504883,
      1528.274536133,
      1528.30065918,
      1528.319458008,
      1528.337036133,
      1528.360717773,
      1528.384521484,
      1528.315795898,
      1528.380737305,
      1528.459594727,
      1528.497436523,
      1528.565063477,
      1528.618774414,
      1528.710083008,
      1528.841308594,
      1528.905029297,
      1529.324951172,
      1530.023803711,
      1530.618530273,
      1530.917602539,
      1531.010131836,
      1531.011352539,
      1531.027587891,
      1531.016357422,
      1531.012573242,
      1531.012573242,
      1531.00378418,
      1531.000854492,
      1531.002075195,
      1531.012084961,
      1531.11706543,
      1531.200805664,
      1531.373413086,
      1531.874511719,
      1532.463867188,
      1532.836914062,
      1533.098144531,
      1533.20690918,
      1533.145629883,
      1533.216918945,
      1533.286865234,
      1533.336914062,
      1533.381469727,
      1533.487548828,
      1533.590087891,
      1533.824951172,
      1534.058837891,
      1534.176269531,
      1534.233764648,
      1534.257446289,
      1534.291259766,
      1534.35144043,
      1534.432006836,
      1534.483154297,
      1534.563232422,
      1534.616943359,
      1534.665649414,
      1534.708251953,
      1534.736938477,
      1534.76574707,
      1534.784423828,
      1534.790649414,
      1534.813110352,
      1534.818115234,
      1534.834350586,
      1534.851928711,
      1534.893188477,
      1534.894042969,
      1534.901367188,
      1534.916381836,
      1534.911376953,
      1534.900146484,
      1534.917602539,
      1534.932617188,
      1534.923950195,
      1534.931152344,
      1534.930541992,
      1534.930541992,
      1534.996826172,
      1534.989257812,
      1534.981811523,
      1534.969360352,
      1534.961914062,
      1534.960693359,
      1534.988769531,
      1534.977661133,
      1534.961425781,
      1534.94519043,
      1534.926391602,
      1534.926513672,
      1534.860229492,
      1534.792724609,
      1534.693847656,
      1534.637573242,
      1534.575073242,
      1534.480102539,
      1534.421386719,
      1534.382568359,
      1534.351318359,
      1534.396362305,
      1534.381591797,
      1534.377075195,
      1534.357055664,
      1534.337036133,
      1534.376953125,
      1534.361938477,
      1534.351928711,
      1534.322021484,
      1534.316040039,
      1534.354125977,
      1534.333129883,
      1534.309326172,
      1534.276855469,
      1534.264282227,
      1534.278076172,
      1534.26184082,
      1534.243041992,
      1534.228515625,
      1534.225341797,
      1534.244018555,
      1534.300292969,
      1534.332763672,
      1534.359008789,
      1534.369018555,
      1534.385375977,
      1534.450805664,
      1534.450805664,
      1534.447021484,
      1534.448242188,
      1534.470825195,
      1534.620849609,
      1534.724609375,
      1534.904541016,
      1535.150146484,
      1535.406738281,
      1535.711669922,
      1535.924072266,
      1536.091674805,
      1536.234130859,
      1536.356689453,
      1536.459716797,
      1536.517211914,
      1536.552734375,
      1536.575439453,
      1536.591674805,
      1536.630371094,
      1536.672973633,
      1536.704223633,
      1536.729125977,
      1536.776611328,
      1536.836914062,
      1536.896606445,
      1536.977783203,
      1537.077880859,
      1537.096557617,
      1537.097900391,
      1537.099121094,
      1537.099121094,
      1537.102905273,
      1537.114013672,
      1537.10534668,
      1537.10534668,
      1537.097900391,
      1537.10534668,
      1537.094116211,
      1537.094116211,
      1537.093383789,
      1537.091186523,
      1537.091186523,
      1537.09362793,
      1537.082397461,
      1537.114990234,
      1537.172485352,
      1537.369873047,
      1537.549926758,
      1537.695800781,
      1537.83984375,
      1537.993652344,
      1538.148681641,
      1538.273681641,
      1538.447387695,
      1538.52746582,
      1538.618652344,
      1538.713867188,
      1538.823974609,
      1539.009033203,
      1539.090332031,
      1539.149047852,
      1539.173950195,
      1539.221557617,
      1539.34777832,
      1539.420654297,
      1539.474365234,
      1539.529418945,
      1539.624389648,
      1539.64050293,
      1539.644287109,
      1539.688110352,
      1539.663085938,
      1539.6328125,
      1539.614379883,
      1539.586914062,
      1539.54309082,
      1539.523925781,
      1539.498901367,
      1539.500366211,
      1539.48034668,
      1539.49609375,
      1539.499511719,
      1539.535644531,
      1539.57434082,
      1539.640625,
      1539.690673828,
      1539.795654297,
      1539.926879883,
      1540.055664062,
      1540.131103516,
      1540.146240234,
      1540.148681641,
      1540.137573242,
      1540.147460938,
      1540.15246582,
      1540.15246582,
      1540.15246582,
      1540.148681641,
      1540.158447266,
      1540.149169922,
      1540.155395508,
      1540.166625977,
      1540.209106445,
      1540.241577148,
      1540.247924805,
      1540.335571289,
      1540.383300781,
      1540.496826172,
      1540.556762695,
      1540.653930664,
      1540.71887207,
      1540.838867188,
      1540.963989258,
      1541.013916016,
      1541.153808594,
      1541.257568359,
      1541.405029297,
      1541.523803711,
      1541.673828125,
      1541.808837891,
      1541.978759766,
      1542.163818359,
      1542.245117188,
      1542.427734375,
      1542.61340332,
      1542.828491211,
      1543.000976562,
      1543.161010742,
      1543.17590332,
      1543.190917969,
      1543.194702148,
      1543.193603516,
      1543.201416016,
      1543.189086914,
      1543.186157227,
      1543.186157227,
      1543.19934082,
      1543.206787109,
      1543.208984375,
      1543.208984375,
      1543.202636719,
      1543.200561523,
      1543.200561523,
      1543.200561523,
      1543.200561523,
      1543.200561523,
      1543.200561523,
      1543.200561523,
      1543.201049805,
      1543.206298828,
      1543.206298828,
      1543.21875,
      1543.217529297,
      1543.217529297,
      1543.21875,
      1543.21875,
      1543.217529297,
      1543.219116211,
      1543.223022461,
      1543.216796875,
      1543.218017578,
      1543.221801758,
      1543.215942383,
      1543.219726562,
      1543.228149414,
      1543.278442383,
      1543.329223633,
      1543.492919922,
      1543.517944336,
      1543.530395508,
      1543.585449219,
      1543.610351562,
      1543.593017578,
      1543.607910156,
      1543.589599609,
      1543.643432617,
      1543.653442383,
      1543.694702148,
      1543.734619141,
      1543.718505859,
      1543.765991211,
      1543.753417969,
      1543.794067383,
      1543.772338867,
      1543.823608398,
      1543.914916992,
      1543.952270508,
      1544.064819336,
      1544.09362793,
      1544.40612793,
      1544.667358398,
      1544.926391602,
      1545.266601562,
      1545.462768555,
      1545.672485352,
      1545.760009766,
      1545.867431641,
      1546.040039062,
      1546.209960938,
      1546.256347656,
      1546.240112305,
      1546.236450195,
      1546.245117188,
      1546.251342773,
      1546.243896484,
      1546.25012207,
      1546.255126953,
      1546.251342773,
      1546.247192383,
      1546.251220703,
      1546.251220703,
      1546.251220703,
      1546.251220703,
      1546.251220703,
      1546.250366211,
      1546.248535156,
      1546.247924805,
      1546.244506836,
      1546.243408203,
      1546.247192383,
      1546.263427734,
      1546.263427734,
      1546.27722168,
      1546.319580078,
      1546.347167969,
      1546.484619141,
      1546.609863281,
      1546.733520508,
      1546.873535156,
      1546.987304688,
      1547.111083984,
      1547.206054688,
      1547.379882812,
      1547.629882812,
      1547.98840332,
      1548.388671875,
      1548.786987305,
      1549.114990234,
      1549.201293945,
      1549.315795898,
      1549.323364258,
      1549.325927734,
      1549.295776367,
      1549.314575195,
      1549.320800781,
      1549.320800781,
      1549.303222656,
      1549.327026367,
      1549.309570312,
      1549.307128906,
      1549.297119141,
      1549.31262207,
      1549.316894531,
      1549.315673828,
      1549.344360352,
      1549.385620117,
      1549.404418945,
      1549.44909668,
      1549.451660156,
      1549.56237793,
      1549.676391602,
      1549.776977539,
      1549.781982422,
      1549.878173828,
      1549.976928711,
      1550.080688477,
      1550.140625,
      1550.281982422,
      1550.40625,
      1550.535522461,
      1550.599365234,
      1550.719360352,
      1550.809326172,
      1550.960571289,
      1551.044311523,
      1551.195556641,
      1551.349365234,
      1551.529174805,
      1551.705322266,
      1551.862060547,
      1552.149291992,
      1552.305541992,
      1552.352294922,
      1552.360961914,
      1552.382202148,
      1552.363891602,
      1552.419311523,
      1552.444702148,
      1552.387207031,
      1552.39831543,
      1552.410888672,
      1552.42590332,
      1552.378417969,
      1552.427246094,
      1552.458129883,
      1552.515991211,
      1552.549682617,
      1552.697143555,
      1552.815917969,
      1552.932128906,
      1552.944702148,
      1553.018920898,
      1553.073608398,
      1553.12878418,
      1553.112426758,
      1553.15625,
      1553.168701172,
      1553.186157227,
      1553.147460938,
      1553.176147461,
      1553.181152344,
      1553.193359375,
      1553.134765625,
      1553.154785156,
      1553.162353516,
      1553.181030273,
      1553.140991211,
      1553.159790039,
      1553.196044922,
      1553.247314453,
      1553.244262695,
      1553.288696289,
      1553.338989258,
      1553.404418945,
      1553.450683594,
      1553.553466797,
      1553.6796875,
      1553.765991211,
      1553.934570312,
      1554.181762695,
      1554.479492188,
      1554.905761719,
      1555.195678711,
      1555.347045898,
      1555.395751953,
      1555.408203125,
      1555.416992188,
      1555.413085938,
      1555.414916992,
      1555.411132812,
      1555.403686523,
      1555.398681641,
      1555.394897461,
      1555.40234375,
      1555.399658203,
      1555.394287109,
      1555.399902344,
      1555.396484375,
      1555.384033203,
      1555.389038086,
      1555.392822266,
      1555.397705078,
      1555.406494141,
      1555.419067383,
      1555.416503906,
      1555.450317383,
      1555.521118164,
      1555.563598633,
      1555.548583984,
      1555.574829102,
      1555.597290039,
      1555.638549805,
      1555.603515625,
      1555.650634766,
      1555.716430664,
      1555.8046875,
      1555.833496094,
      1555.948608398,
      1556.038208008,
      1556.16809082,
      1556.240600586,
      1556.389404297,
      1556.553222656,
      1556.7265625,
      1556.869018555,
      1557.027709961,
      1557.304077148,
      1557.563964844,
      1557.921508789,
      1558.187744141,
      1558.391967773,
      1558.408691406,
      1558.432373047,
      1558.4375,
      1558.443725586,
      1558.443725586,
      1558.46496582,
      1558.472045898,
      1558.466186523,
      1558.468261719,
      1558.473632812,
      1558.459838867,
      1558.454956055,
      1558.438598633,
      1558.429931641,
      1558.442382812,
      1558.438598633,
      1558.429931641,
      1558.443115234,
      1558.439575195,
      1558.432128906,
      1558.428466797,
      1558.437133789,
      1558.439575195,
      1558.42590332,
      1558.440917969,
      1558.436279297,
      1558.446044922,
      1558.43359375,
      1558.458740234,
      1558.488891602
    ],
    "elevation_meta": {
      "source": "USGS 3DEP (getSamples + EPQS)",
      "vertical_units": "m",
      "datum": "NAVD88 (3DEP native)",
      "n": 2874,
      "n_filled": 2874,
      "n_missing": 0,
      "n_batch": 2874,
      "n_epqs_fallback": 0,
      "method": "batch"
    }
  }
}